ts,machine_id,type,air_temp_k,process_temp_k,rot_speed_rpm,torque_nm,tool_wear_min,vibration_mms,current_a,humidity_pct,machine_failure,collected_at
2026-09-02 07:28:00,CNC-01,L,301.16958267767745,308.7305339415065,1838.949310968587,34.33163319337284,113.6489777454066,2.643707795527781,11.870496128815237,47.9657015194052,0,2026-09-03 06:16:31
2026-09-02 15:09:00,CNC-03,H,,313.85446435910546,1530.424029145977,47.759702779304334,142.4570000155842,2.413632065497578,13.736298583937778,54.86654299037426,0,2026-09-03 06:16:31
2026-09-02 13:02:15,CNC-03,H,297.5965510044497,312.03630885281507,1459.3124225164047,49.79622648212976,176.0263873141774,2.448609186442051,13.75764003707121,55.501699107794295,0,2026-09-03 06:16:31
2026-09-02 19:24:40,CNC-03,H,27.663426431007736,40.52653154310025,2383.550636822831,24.57477429870489,15.98651812319009,3.0100238293753216,11.01090389984086,50.726077934351416,0,2026-09-03 06:16:31
2026-09-02 19:26:43,CNC-03,H,27.649594391423364,40.27898610586277,2373.9703491236087,23.342940518512613,20.93369674978705,2.9049111638075864,10.247646505732654,53.09236557144451,0,2026-09-03 06:16:31
2026-09-02 18:46:12,CNC-03,H,300.46768065555483,315.3645303548839,2142.555265410708,33.86712906920561,227.7861904035561,3.477691898135625,13.73102049185018,55.403385965624935,0,2026-09-03 06:16:31
2026-09-02 06:19:00,CNC-03,H,296.0789658728989,309.9646350254028,1965.535056765883,36.184846507417845,31.51065565515813,2.5850327841335474,13.386377701597308,58.34063558835436,0,2026-09-03 06:16:31
2026-09-02 20:51:34,CNC-02,M,299.4017115077183,312.2761935928772,2427.544548814101,20.549042298062325,130.95486344036303,3.2078785161123387,9.16071921275248,50.92623184992468,0,2026-09-03 06:16:31
2026-09-02 13:55:51,CNC-02,M,298.0449431368773,311.8320310765763,1469.3210115910374,44.583448499217226,18.76691667036665,2.1330728223827364,12.246209707101702,56.11661900471321,0,2026-09-03 06:16:31
2026-09-02 16:51:00,CNC-03,H,299.6552006424634,313.4832974947912,1885.8866248918268,35.59014678745452,74.77584726693972,2.494200394897544,12.68625407289944,55.060544629721406,0,2026-09-03 06:16:31
2026-09-02 11:26:18,CNC-01,L,296.3757953742022,309.6657639855577,1268.9246254616614,49.806224078888384,28.715168439339244,2.0050281529979297,11.760863204185156,56.428658193064464,0,2026-09-03 06:16:31
2026-09-02 13:48:07,CNC-01,L,297.8263871327113,310.9876471564343,1331.8506900714672,47.561932751202434,20.47042002384743,1.9391858146881813,11.83568219637323,55.76037514881423,0,2026-09-03 06:16:31
2026-09-03 01:39:48,CNC-01,L,297.6468375481157,309.0023786560014,2751.261605267745,11.802636118848698,55.8495727500482,3.363461073346348,6.244054453090162,58.763109801646166,1,2026-09-03 06:16:31
2026-09-02 11:26:36,CNC-03,H,297.1248202851278,311.1331011795345,1435.5992868000912,48.37005830923672,23.840506090003068,2.108872296367541,13.156161092500344,58.8012267986006,0,2026-09-03 06:16:31
2026-09-03 00:36:39,CNC-01,L,298.33016564330643,311.2979043817968,2719.4429012392684,18.03228475079748,210.2417380113372,4.117806759589338,9.155858340620911,52.13418118848548,0,2026-09-03 06:16:31
2026-09-02 20:53:58,CNC-02,M,,312.2478058068256,2464.8757821594795,20.34420530848336,135.5846306270602,3.2051783457331844,9.42704206904015,55.47742205407172,0,2026-09-03 06:16:31
2026-09-02 16:53:00,CNC-02,M,299.1833623734039,313.0814183108011,1716.2266512974695,38.969891803749086,46.93720224044837,2.3064267400529603,12.37358376738653,53.75700675339855,0,2026-09-03 06:16:31
2026-09-02 13:40:50,CNC-01,L,297.71759273640976,311.3239410969682,1322.9622725322984,53.40198900288343,6.259200942258671,2.045721919336023,13.342994395308567,54.35898436763949,0,2026-09-03 06:16:31
2026-09-02 11:24:00,CNC-01,L,296.48101735269944,310.4770535473669,1472.8265115636789,47.57293074907726,25.53677694185356,2.115568522268248,13.115779252019506,58.77964937773413,0,2026-09-03 06:16:31
2026-09-02 20:35:37,CNC-02,M,299.7649843629864,313.4381804509658,2371.7568862477224,24.978629239750845,114.76434924482416,2.9674594739023665,10.927379901556453,51.03755276818399,0,2026-09-03 06:16:31
2026-09-02 20:22:50,CNC-01,L,299.26586821965566,313.2517370192292,2474.140236899422,25.981597472735704,170.08148265846998,3.4733522018131944,11.822996031837231,52.21071668690792,0,2026-09-03 06:16:31
2026-09-02 06:16:34,CNC-03,H,296.2891587577917,309.8046104937422,1990.8639072499573,31.619393500268988,30.15909178322517,2.732459900935586,11.614721444494064,59.07260772686666,0,2026-09-03 06:16:31
2026-09-02 12:49:11,CNC-03,H,297.8523506655414,312.19947517551253,1357.3995132000257,51.59718855061164,153.7101349283822,2.220578910539737,12.876339506736814,53.80372274516479,0,2026-09-03 06:16:31
2026-09-02 15:10:00,CNC-01,L,298.4737586623014,313.10957384822376,1425.1375573725943,53.83436330260933,145.0894489250015,2.435399829160983,14.361322769861603,55.240572855426485,0,2026-09-03 06:16:31
2026-09-02 07:30:00,CNC-02,M,296.23630095610093,310.98689510025656,1945.911299736645,39.93504677637815,108.22336903631476,2.670485419624616,14.415018709398428,62.79429900621973,0,2026-09-03 06:16:31
2026-09-03 01:20:09,CNC-01,L,297.8941900068228,309.8413575309129,2646.7204240684805,17.514752037971178,33.326443781100586,3.10755738665074,8.701850990632474,57.55818957999024,0,2026-09-03 06:16:31
2026-09-02 08:17:41,CNC-01,L,301.69502354427607,310.4902841015756,1684.3326608195512,45.111902232358446,185.1983212824171,2.863210384683654,14.134586836154902,49.53080469015816,0,2026-09-03 06:16:31
2026-09-03 03:28:03,CNC-02,M,296.67935114050425,309.22195715615806,2527.330640331653,18.691746797047724,98.38623584286906,3.047631415757032,8.728128811149052,57.05168822359104,0,2026-09-03 06:16:31
2026-09-03 01:38:27,CNC-01,L,297.5118666836046,309.61559940035187,2688.876551213738,17.825372688815392,53.731530466124,3.174920579510381,8.928623023682524,51.32258345332978,0,2026-09-03 06:16:31
2026-09-02 11:23:00,CNC-01,L,296.4262778142772,309.78689966421666,1353.6021413222595,45.478990395067385,23.945899910342806,2.121626284720002,11.572663274655229,63.70388613217224,0,2026-09-03 06:16:31
2026-09-03 04:56:51,CNC-03,H,23.970716325973854,37.35049990285779,2304.541650112365,25.80719933583759,147.97182129780708,3.0782309727998616,11.040823390636511,53.526792551868425,0,2026-09-03 06:16:31
2026-09-02 20:56:14,CNC-02,M,299.6722928719751,313.7295012808045,2662.0137003251293,23.246835992663296,136.68669743580836,3.431609194063689,11.57274684698523,52.25870225235396,0,2026-09-03 06:16:31
2026-09-02 09:35:18,CNC-03,H,296.35769801247267,310.4124041183935,1590.973178612215,43.69672800265374,80.96820465225473,2.1835302345579617,12.826193890334212,54.96567798132547,0,2026-09-03 06:16:31
2026-09-03 04:32:48,CNC-02,M,295.891644114516,309.79202211406886,2415.8417638048927,23.64438692865094,176.22729558778562,3.2522712669760048,10.776526349698267,55.65768257522306,0,2026-09-03 06:16:31
2026-09-02 13:59:13,CNC-03,H,298.0597260877935,311.9402018605667,1374.6234784887108,50.69116166235007,34.64457358367185,2.053446476149766,13.108978084537862,58.4472047455495,0,2026-09-03 06:16:31
2026-09-02 19:06:00,CNC-03,H,27.43443506851713,42.08583353694485,2265.07832742117,30.60136083577305,254.069334948926,3.907640703259013,12.84321995378341,48.15888749448993,0,2026-09-03 06:16:31
2026-09-02 19:02:00,CNC-02,M,26.55157731920724,39.60390410190445,2137.1461092867344,27.582412718991524,0.0,2.6950080045694262,11.049912848612127,49.4543613854039,0,2026-09-03 06:16:31
2026-09-02 23:53:40,CNC-02,M,298.13377494905734,310.5589047091242,2783.1227049486247,16.4821893569737,102.5820743943034,3.468496784817113,8.444676176710404,57.689398648363806,0,2026-09-03 06:16:31
2026-09-03 04:51:00,CNC-03,H,23.97726970751802,37.87868400898032,2212.006396295993,29.08227745314465,140.47481265865102,2.931310486082689,11.952789324314558,56.45459197047348,0,2026-09-03 06:16:31
2026-09-02 13:18:06,CNC-01,L,297.3620006595326,312.4035508633877,1369.4464147619924,55.68363530021641,208.0269137895056,2.829888422209628,14.28120486303906,53.39438577091809,1,2026-09-03 06:16:31
2026-09-02 07:56:42,CNC-03,H,296.4262777349824,311.2116806118709,1953.972535367702,38.5465695337664,169.87609051608544,2.910474968579436,13.952554596454291,63.05342570862912,0,2026-09-03 06:16:31
2026-09-02 21:04:14,CNC-02,M,299.4981678283349,312.1292267241008,2502.216664687802,18.290634180172155,146.00415288996209,3.340811556684888,8.698224449531518,53.0250743817512,0,2026-09-03 06:16:31
2026-09-02 17:38:35,CNC-01,L,299.56681031690016,313.54049913415776,1934.2195922205733,33.93462960030742,167.81109881096418,2.9112182778600166,12.309472317352451,54.64340651088272,0,2026-09-03 06:16:31
2026-09-02 21:49:08,CNC-01,L,298.99373752954824,310.51764515861885,2691.858914887782,14.38530613878559,31.060559746440724,3.259742948351851,7.359628657709493,54.52114355754846,0,2026-09-03 06:16:31
2026-09-02 19:06:00,CNC-02,M,26.2962873825399,39.54109176244464,2222.9308902707407,27.09731005472834,4.96304305238735,2.705718536985801,11.18604128167629,55.82883910700956,0,2026-09-03 06:16:31
2026-09-03 02:42:55,CNC-03,H,298.4710664642264,312.7357927154076,2518.55710831392,25.601966512086587,237.4421988980969,3.948587561054811,11.757003615347967,57.20127062693716,0,2026-09-03 06:16:31
2026-09-02 16:59:00,CNC-02,M,298.91497666436334,313.1329320533348,1856.984007866703,37.75767912490514,55.3800148156863,2.450201934570403,12.955504744261184,55.74098309095154,0,2026-09-03 06:16:31
2026-09-02 18:03:08,CNC-03,H,300.2453691516754,314.9035418048801,2099.037449324909,34.18369377475911,174.5608801138974,3.0497634849053563,13.357834917632694,51.502297530770775,0,2026-09-03 06:16:31
2026-09-03 04:21:14,CNC-02,M,296.2041483753559,310.2310106629984,2350.501312888039,,161.55108764537806,3.1925314171776766,11.308590367154745,59.10670639184355,0,2026-09-03 06:16:31
2026-09-02 12:47:30,CNC-02,M,297.46845931832206,312.0755236482078,1294.7341467107285,57.86857253027426,136.61965117013648,21.160308341923923,,57.53623711319281,0,2026-09-03 06:16:31
2026-09-03 03:41:34,CNC-02,M,296.3830669275485,310.3453389370877,2444.3013478703347,24.88525408144622,114.66549529691576,31.002580334764144,11.441922221087864,60.23677736794933,0,2026-09-03 06:16:31
2026-09-02 13:50:34,CNC-02,M,298.06918777530126,312.3046528615312,1489.442870154553,49.4744921631433,10.929429539783596,2.1353605587569584,13.686389170772484,55.06243488717104,0,2026-09-03 06:16:31
2026-09-03 05:39:29,CNC-02,M,22.39910185431137,36.63345110305198,2080.6909461528217,33.901687388567886,17.03575980818055,25.21682454961238,13.210620298218204,56.50806903217722,0,2026-09-03 06:16:31
2026-09-02 12:05:46,CNC-03,H,297.4471996307708,311.3203093789662,1307.359851684239,51.20716857529985,84.13218098118381,2.137020063800918,12.294964690131293,56.64261007181044,0,2026-09-03 06:16:31
2026-09-02 23:02:06,CNC-01,L,299.3525966178953,311.58006992870685,2706.3055749177506,16.008216641011142,109.03039762143791,3.383047734734347,8.071762733262668,49.87499294867004,0,2026-09-03 06:16:31
2026-09-02 15:10:00,CNC-02,M,298.5442711214595,312.7343196404412,1365.7948049472116,52.21646969928041,133.1951820227446,2.188787444435449,13.424672218012242,56.93617940219806,0,2026-09-03 06:16:31
2026-09-02 11:21:00,CNC-03,H,297.13076478119,310.79763541802924,1487.4714134937667,46.18788852560406,14.322755935607477,2.2105893835432595,12.9930339076375,54.020678086851184,0,2026-09-03 06:16:31
2026-09-02 15:44:11,CNC-01,L,299.0636402061242,312.4238640677912,1574.6656054015066,40.85870305400031,5.9222042770772525,2.1396731066292194,12.127328406005452,51.00297400604075,0,2026-09-03 06:16:31
2026-09-03 04:19:07,CNC-01,L,296.1238098336747,309.6625035454772,2319.986473762105,27.9523051831028,19.34179158034488,29.00174463353178,11.967607776434509,54.948026389515306,0,2026-09-03 06:16:31
2026-09-02 15:08:00,CNC-03,H,299.0870369848247,313.3177566874379,1633.1419231391787,40.878049789606045,140.97228526545416,2.356445450284056,12.63500959054671,53.86634679574766,0,2026-09-03 06:16:31
2026-09-02 09:30:31,CNC-02,M,296.23298384283544,311.12198704956387,1660.7214192585911,46.8733098485352,68.82707442066258,2.400842314056625,14.650382962166589,58.11889838089255,0,2026-09-03 06:16:31
2026-09-02 11:27:14,CNC-02,M,297.1272897602052,0.0,1440.5457809456996,47.19772963590035,7.981113389257345,2.178931280089376,12.789875870324272,53.33635093558013,0,2026-09-03 06:16:31
2026-09-03 00:26:05,CNC-03,H,299.3342571013515,311.4573429836491,2654.7642504426176,16.5552373525377,90.74939932840758,3.2908296314672656,8.50939567864516,51.27055637093007,0,2026-09-03 06:16:31
2026-09-02 16:12:00,CNC-02,M,298.8934964520664,314.1585539897137,1745.1597358977756,44.84819620302287,224.43160238045536,3.2996936133457866,14.617939463536528,49.781494946662015,0,2026-09-03 06:16:31
2026-09-03 04:46:42,CNC-03,H,296.99191917808025,0.0,2143.441894734141,28.710759557634088,136.6333927107028,2.904248757526259,11.443753464827337,53.87610793400514,0,2026-09-03 06:16:31
2026-09-02 14:14:39,CNC-03,H,298.3954045895688,312.41179254021256,1575.9544632943148,44.056860617298426,58.18194795348046,2.1193187543974847,13.232072098873672,54.85865472810417,0,2026-09-03 06:16:31
2026-09-02 12:32:42,CNC-01,L,297.1678721001622,311.6691347013905,1364.1004224760889,54.38800890403349,135.1757365248467,2.237297606219561,14.152208816982402,57.27817385975663,0,2026-09-03 06:16:31
2026-09-03 01:12:24,CNC-03,H,305.1440820783065,312.5125704795939,2833.800907061769,20.387716404087147,138.79942344495626,3.5116198448615474,10.831676778625084,42.2621358745908,0,2026-09-03 06:16:31
2026-09-02 16:53:00,CNC-01,L,299.3744333289543,313.4317238146794,1813.818622175257,38.069918865871095,104.2554474691965,2.487413647826217,13.119037894303196,50.74766144159985,0,2026-09-03 06:16:31
2026-09-02 14:01:01,CNC-02,M,298.2463503313228,311.87622145013887,1420.5885955319463,47.20724496694304,28.159613427805816,2.0818560836705187,12.64747129691877,51.63604780413631,0,2026-09-03 06:16:31
2026-09-02 21:29:06,CNC-01,L,299.556089233667,311.58266967762825,2473.1837045292214,19.492288240467133,7.771929115326053,2.98773205911508,9.103885261682636,51.60149722285768,0,2026-09-03 06:16:31
2026-09-03 06:01:15,CNC-02,M,295.2664016147845,309.3915733221348,1985.0909555222413,35.137375846453125,44.53951477538568,2.619798914211032,12.891677198322812,61.21968943752862,0,2026-09-03 06:16:31
2026-09-02 15:09:00,CNC-02,M,298.75669498333,313.8344807618794,1510.9661444612675,51.59988031822541,131.6040105831868,2.3845503475749004,14.932148050438904,54.02558452842138,0,2026-09-03 06:16:31
2026-09-03 04:24:28,CNC-03,H,297.46771888309627,311.1171157770288,2163.9991825788,28.85045957421888,106.01890935576274,2.8031623264056744,11.77033242787739,54.72483003940594,0,2026-09-03 06:16:31
2026-09-02 18:43:05,CNC-03,H,300.64423878254576,315.7960584229974,2157.4688170288937,36.46698231069726,225.19835972530944,3.374988446780636,14.976394423060071,50.30513101662083,0,2026-09-03 06:16:31
2026-09-03 03:12:30,CNC-02,M,296.71261884086823,310.22253073657936,2500.526055847424,23.36773395278043,79.874604347298,3.1173733869012,10.873780657428416,56.684774906605234,0,2026-09-03 06:16:31
2026-09-02 23:33:45,CNC-01,L,299.0175456220928,310.85546454885935,2660.763098275368,15.070142798049632,145.3818985415644,3.514428442169573,7.528649464207779,49.204388291263975,0,2026-09-03 06:16:31
2026-09-02 12:31:25,CNC-02,M,297.33809385423024,312.0385270196253,1378.4893842877602,57.70625769884349,106.51613571164752,2.091881746092789,14.927340411881346,59.66721754444932,0,2026-09-03 06:16:31
2026-09-02 06:16:00,CNC-02,M,296.30831348013885,309.12048724094905,2015.8462460955568,30.2314092623306,5.210039753970074,2.6175699368104377,11.254182673457477,54.75553076027008,0,2026-09-03 06:16:31
2026-09-03 04:53:00,CNC-03,H,24.11227984377137,38.82159718072728,2229.5093729497016,34.341391483507834,143.00954637915513,3.0893339493298937,14.218469986657878,53.51990010821332,0,2026-09-03 06:16:31
2026-09-03 05:03:19,CNC-02,M,22.64782859141553,37.21567991633015,2271.1292769195534,28.686679368951083,214.9566897214175,3.638958562242892,12.250376803936655,59.67387829522343,0,2026-09-03 06:16:31
2026-09-02 16:03:03,CNC-02,M,298.85919436481385,314.0499183468229,1887.4262542778088,39.24371904026325,,3.292291503168268,13.792589079171345,54.29004079163947,0,2026-09-03 06:16:31
2026-09-02 06:48:09,CNC-02,M,296.42783161251054,310.3549459207334,1950.011410192137,35.03996809519592,47.58663116231284,2.5187108668305376,12.903037016483676,62.82795105737801,0,2026-09-03 06:16:31
2026-09-02 07:50:57,CNC-03,H,296.1609027386177,311.0241638171795,1734.802372519153,43.36099629278389,159.67577340072484,2.560253521135009,14.269846206791248,63.12634638878612,0,2026-09-03 06:16:31
2026-09-02 11:59:35,CNC-03,H,297.04968319174577,310.9364818652947,1389.5574628597608,49.186830780374585,76.25941415925419,2.092423799199414,12.788820288312229,55.59110039256394,0,2026-09-03 06:16:31
2026-09-02 15:41:17,CNC-03,H,299.5697945162239,314.2652409450614,1565.2957797941506,46.33418004432615,190.4755877567784,2.693484069418169,13.445176097628345,53.71757224667154,0,2026-09-03 06:16:31
2026-09-02 22:35:41,CNC-02,M,298.6504137944541,310.60654021296625,2809.4969072767376,15.055450624092083,18.04568925854512,3.3913906363993567,7.683834017326848,51.77077896391603,0,2026-09-03 06:16:31
2026-09-02 11:22:00,CNC-03,H,297.1891645638222,310.86536777334123,1380.8361627900383,50.98848970568151,15.91504748708571,2.0444840385155425,13.01163902831468,56.11145524019889,0,2026-09-03 06:16:31
2026-09-02 11:23:00,CNC-03,H,297.0735614014536,310.3714831853449,1364.7434509861162,45.36426440689313,17.51504748708571,1.9421939030520523,11.406174599847889,60.09237825933332,0,2026-09-03 06:16:31
2026-09-03 05:42:18,CNC-01,L,22.611594638914426,37.14516747788844,2157.0135974891336,33.49030784706346,123.91737677609662,2.854642289684614,13.525052030601952,58.29293520100944,0,2026-09-03 06:16:31
2026-09-02 23:53:25,CNC-02,M,298.4952224711961,311.1702090959494,2688.044285442361,17.42924783135447,101.52572149469664,3.3586056436697445,8.661833989121025,52.4491732607774,0,2026-09-03 06:16:31
2026-09-02 14:51:00,CNC-01,L,298.6685373130145,313.07522127953706,1633.3090453988602,44.84457744801237,116.30570999035342,2.3979393756623257,13.703490454864989,47.25924264916976,0,2026-09-03 06:16:31
2026-09-02 19:05:00,CNC-03,H,27.327788561106388,41.99152456936298,2416.498793828459,28.656039097030582,252.8333379272661,3.9634368102065394,,49.302076746694986,0,2026-09-03 06:16:31
2026-09-02 15:58:03,CNC-03,H,299.5969441045407,314.9411151049008,1861.7456180539964,42.5726299664168,214.0992827821271,3.1149715106510723,14.792001905344682,49.02690795563791,0,2026-09-03 06:16:31
2026-09-02 22:52:32,CNC-03,H,299.9106022225346,313.2500535886359,2777.039668522373,18.03853523586436,255.0655459341264,4.395830281985666,9.47536492500004,55.60011167212407,0,2026-09-03 06:16:31
2026-09-02 11:24:00,CNC-02,M,296.7575507225629,310.2110833378237,1374.9641677871584,46.9412594471392,1.5934404915671725,2.04704331660567,11.918739136555237,56.54170242572112,0,2026-09-03 06:16:31
2026-09-02 10:37:07,CNC-03,H,296.79606532606465,311.6991001812544,1418.7298181874016,53.264385344368335,177.78698669023316,2.4432757296537937,14.16493632648427,58.14551694097226,0,2026-09-03 06:16:31
2026-09-02 16:17:12,CNC-01,L,,313.21597688919763,1597.060367598741,46.23153465126948,51.440927705364,2.175367806026002,13.82817027927666,51.56723473392709,0,2026-09-03 06:16:31
2026-09-02 16:55:00,CNC-02,M,298.8507147159537,312.80670095252924,1839.011242590744,36.74703110572269,49.7586706614587,2.4491654717290845,12.54117313227502,53.93285975453113,0,2026-09-03 06:16:31
2026-09-03 03:46:19,CNC-02,M,296.4483986918357,309.8336644786949,2489.284843546421,21.330791643852187,120.4893059223726,3.2008418076040024,10.053317528637972,58.41963188174629,0,2026-09-03 06:16:31
2026-09-02 16:08:28,CNC-02,M,298.7719208968906,314.4216614704845,1776.0909286909186,45.44340469452158,217.10858216317928,3.2330675868365018,15.24433340908445,52.67114442007613,0,2026-09-03 06:16:31
2026-09-02 16:51:00,CNC-02,M,298.94282657333054,312.5833031087615,1825.6308561613027,33.76198527975314,44.115547715486166,2.5223688485925817,11.643667119879156,57.872012029080494,0,2026-09-03 06:16:31
2026-09-02 17:09:41,CNC-03,H,299.9256788506852,314.25628886900114,1885.7898075815297,37.58163715477894,102.68917335696884,2.606849970639229,13.070461028708952,49.41180857251166,0,2026-09-03 06:16:31
2026-09-02 18:19:15,CNC-02,M,299.2455998706339,314.4638654021534,2027.8753054467536,37.993378211097536,163.86024265498745,3.038965472399904,14.457387252248822,53.35933888776038,0,2026-09-03 06:16:31
2026-09-02 12:29:43,CNC-02,M,297.4156024258628,311.4935850000785,1312.2927482053474,51.330155586341874,108.1033421248094,2.207531379758102,12.494434181840658,56.709928469730905,0,2026-09-03 06:16:31
2026-09-02 15:17:07,CNC-02,M,298.4463953573614,313.5955530129441,1723.3650771839568,44.96972925076008,143.61921578311416,2.6840130614627395,14.616854712517384,52.27118545150575,0,2026-09-03 06:16:31
2026-09-02 19:09:13,CNC-03,H,27.68406927178268,41.90070537857071,2295.342373850434,28.32844139375456,257.7713371743768,4.072468254327851,12.108929811286515,51.90672373133315,0,2026-09-03 06:16:31
2026-09-03 04:59:22,CNC-01,L,22.676375318610724,35.837935116061885,2251.2123709733664,26.98449531796836,66.36570360955474,2.890026374523507,11.531347975307105,58.98949361162362,0,2026-09-03 06:16:31
2026-09-02 14:14:46,CNC-03,H,298.22163430749856,312.26916444893885,1558.6180522632462,47.130487411337725,0.0,2.250221251664577,13.489389966699791,58.05215875608335,0,2026-09-03 06:16:31
2026-09-03 06:05:04,CNC-02,M,295.2919525381032,309.1797198351701,1882.6915560781413,35.39091606091272,51.29222102590529,2.455735066552049,12.161384944062144,59.06856222506403,0,2026-09-03 06:16:31
2026-09-02 06:18:00,CNC-01,L,296.49285986487314,309.8563657017342,1919.638189927129,34.303841158477674,16.12814796988068,2.626460319970726,12.26633795027623,56.028509605799584,0,2026-09-03 06:16:31
2026-09-02 22:20:41,CNC-03,H,300.4315352316748,314.0360381850944,2439.722222483016,23.306416733281765,220.3329123312296,3.636133026442528,10.517506397270962,51.66826355212696,0,2026-09-03 06:16:31
2026-09-03 02:28:27,CNC-03,H,304.04481186532496,312.2957690511373,2550.0490967566425,26.751169730038963,220.7743290155459,3.811456844639731,12.85828262686194,43.6219775807818,0,2026-09-03 06:16:31
2026-09-02 17:07:26,CNC-02,M,298.8777920284076,313.10557250493065,1827.8571771109184,38.626228746718986,66.48678827925649,2.526051411460726,13.333813662951576,52.59597034163309,0,2026-09-03 06:16:31
2026-09-02 08:26:55,CNC-03,H,296.5049041374818,311.5055189706196,1602.4680987521908,47.59336749282168,215.97665028915875,2.8537367099915523,14.360609927710872,54.086105215358415,0,2026-09-03 06:16:31
2026-09-02 21:41:33,CNC-03,H,300.658611325777,314.28108271344377,2686.986548998041,21.84238777993557,176.66639246168174,3.5433211996756224,10.784986565094943,45.16206533463577,0,2026-09-03 06:16:31
2026-09-02 22:46:14,CNC-02,M,299.15486640727266,311.53090737113723,2579.126103421472,17.72353865736894,30.90731292659241,3.085874590744768,8.756112199646974,56.39063758424931,0,2026-09-03 06:16:31
2026-09-02 09:04:24,CNC-02,M,296.0221318484668,310.2589493847934,1635.5433547086402,44.03907822840241,28.93756973001972,2.2965609918758574,13.377370871756517,60.18573322870661,0,2026-09-03 06:16:31
2026-09-02 21:22:11,CNC-02,M,299.2943111071861,313.33684694742993,2617.8247797374675,23.7809220779752,165.0885836463279,3.464632377846544,11.436758700745242,53.06345957358494,0,2026-09-03 06:16:31
2026-09-02 19:59:16,CNC-02,M,299.82301680807865,312.8701645848893,2449.239573087898,21.69208210066942,70.18583349647675,3.140173025387683,9.992923274519972,49.35758606218363,0,2026-09-03 06:16:31
2026-09-02 07:26:00,CNC-02,M,295.88092749609973,310.75494700695407,1904.635268297968,41.38317618612455,102.544369159187,,14.848223050598016,59.30724172905117,0,2026-09-03 06:16:31
2026-09-02 23:22:37,CNC-02,M,298.17348340022943,310.6227746512482,2704.441032430303,16.143117478953346,70.70126109553888,3.3254230993116254,8.13451795799487,58.88245189956298,0,2026-09-03 06:16:31
2026-09-02 11:22:00,CNC-02,M,296.96323349022634,312.0333575951009,1330.5684140386315,55.532934138588686,244.9380230840895,3.1656098274161693,13.841502882513224,55.3658685152414,1,2026-09-03 06:16:31
2026-09-02 23:06:18,CNC-02,M,298.8392436336528,311.25108215968606,2720.4343325507352,16.41907752201639,50.30312269418118,3.2605795073922232,8.259257521985406,52.28012063228823,0,2026-09-03 06:16:31
2026-09-02 19:02:00,CNC-03,H,27.34872561729418,41.411605194890285,2175.0653031458805,27.43893391453588,249.102590442236,35.85074537386613,11.147472013501986,50.69497409495985,0,2026-09-03 06:16:31
2026-09-02 10:15:45,CNC-03,H,296.25920748218675,310.84090952900806,1416.5594009747722,51.73540966211258,147.9854174952269,2.3417529123536363,13.53216049660533,58.20975621457984,0,2026-09-03 06:16:31
2026-09-02 07:26:00,CNC-03,H,295.9071244607401,310.52245125350754,1771.638579098623,43.1390854249367,124.85697989848592,2.501700469268349,14.351229575434834,58.95700986689819,0,2026-09-03 06:16:31
2026-09-03 04:43:59,CNC-03,H,297.38736561168923,311.5556240374503,2366.914316360438,28.798244224669816,131.73093497496382,3.042205737782445,12.589702901282784,54.8798047697794,0,2026-09-03 06:16:31
2026-09-02 19:03:00,CNC-01,L,26.520495677800625,40.052437870856295,2142.853599891248,30.31649859028932,72.97272926913388,2.831837982268852,12.022664627546344,48.531152998358735,0,2026-09-03 06:16:31
2026-09-02 19:50:19,CNC-01,L,26.215820922486216,40.07775405458796,2307.2162304675862,28.20868645018746,129.5915651543239,3.0017813863627283,12.14593838341409,48.71737029066252,0,2026-09-03 06:16:31
2026-09-02 13:08:41,CNC-01,L,297.58187961734296,312.6608427331329,1355.042360730229,57.45005018915255,190.6883663999386,2.610886321316544,14.758335702418831,56.11521036653132,0,2026-09-03 06:16:31
2026-09-03 01:48:10,CNC-01,L,297.7060295064409,309.55883091770147,2731.475649874861,16.5790511862654,63.41705106208373,3.3069391865537936,8.462594520961117,54.76541327305548,0,2026-09-03 06:16:31
2026-09-02 11:21:00,CNC-02,M,296.7914934116286,311.758414060687,1398.1835727811315,53.17047506269318,243.34125745451087,3.199481564260298,13.87414711119681,59.184041909243,1,2026-09-03 06:16:31
2026-09-03 04:05:56,CNC-01,L,296.26968534903403,308.5422484350416,2402.4598224371,20.11023032047007,2.391999496224684,3.0040390752359936,8.818942294806263,57.02224811244693,0,2026-09-03 06:16:31
2026-09-02 22:19:16,CNC-02,M,298.8584482813465,311.30910367953544,2655.009902115368,18.0421642561442,2.1770676458157574,3.311975757256254,8.992750516135883,56.10918096545893,0,2026-09-03 06:16:31
2026-09-02 21:05:57,CNC-02,M,299.5012042014386,312.98283356911014,2615.965637053764,21.33139141739027,148.2880764994552,,10.49518342140117,49.5516724315046,0,2026-09-03 06:16:31
2026-09-02 15:15:14,CNC-03,H,299.4103243165233,313.3843818517905,1533.008309664997,44.56991058374594,151.4523384453388,2.429720148402044,12.761216142377982,56.84637528213939,0,2026-09-03 06:16:31
2026-09-02 14:50:00,CNC-01,L,298.44194232699425,312.9451586058661,1544.746120862681,48.79641497814677,114.79183423228264,2.337221343729498,14.076369700736834,53.33310568353603,0,2026-09-03 06:16:31
2026-09-03 04:49:41,CNC-01,L,22.66825587113175,36.311827277358645,2209.30109207194,29.99278296981404,56.37809224701052,2.8237913702913096,12.272570801717732,60.96017082801799,0,2026-09-03 06:16:31
2026-09-03 02:30:25,CNC-03,H,298.17079305551874,311.3471318523444,2499.3802814977307,20.525590491531062,224.02585879276745,3.875128698749579,9.563343228229051,52.498464970171874,0,2026-09-03 06:16:31
2026-09-02 21:45:42,CNC-03,H,300.82504369280315,314.2286429604548,2669.0152051862005,21.118802501498084,181.0413853730736,3.730332337126352,10.765630146788313,50.456004679484266,0,2026-09-03 06:16:31
2026-09-03 05:54:33,CNC-02,M,22.41152406914012,35.356474547498635,2065.0906423509177,25.28236794284581,35.28376528943991,2.7148442337068888,9.882231479130445,59.21970319777099,0,2026-09-03 06:16:31
2026-09-02 11:58:00,CNC-03,H,297.5110600816546,311.24629831723234,1372.3818701248708,49.425595243254456,73.0594141592542,2.007848689492358,12.7622744752205,57.39016410287232,0,2026-09-03 06:16:31
2026-09-02 16:05:16,CNC-02,M,298.6894850840648,314.1108988522988,1750.780454794989,44.20230169860396,214.12753258744155,3.027990886158628,14.643321443196283,56.157110283492905,0,2026-09-03 06:16:31
2026-09-02 16:54:00,CNC-01,L,299.1303007241274,313.6027985630971,1857.0398691700395,40.62478698767713,105.66751758766232,2.5872180580810737,13.978216301315824,50.47151517535201,0,2026-09-03 06:16:31
2026-09-03 01:07:01,CNC-01,L,298.19289658226074,309.88858421563623,2615.126632952225,,19.276079817221653,3.1176792719270856,7.96495789976899,60.94744909762203,0,2026-09-03 06:16:31
2026-09-02 21:00:39,CNC-02,M,299.68523215660616,313.2537218474239,2500.477008090472,22.3428620449004,141.30343759467965,3.285963905108398,10.443184707450454,51.934780594454985,0,2026-09-03 06:16:31
2026-09-02 17:21:50,CNC-02,M,298.87964406539544,313.5062124791693,1763.10631345445,41.02633685367751,85.8488724385362,2.4233315939400635,13.657989276161704,55.29640476434702,0,2026-09-03 06:16:31
2026-09-02 12:48:46,CNC-03,H,297.83483362194147,312.489644038298,1463.1272281644694,48.61634357688603,152.11646469140817,2.3419793569289817,13.089978826662568,57.23938439785319,0,2026-09-03 06:16:31
2026-09-02 19:03:00,CNC-03,H,27.32980930237829,42.46892214107004,2078.857431826624,37.37193542557078,250.39395340559307,3.734154880195774,14.155157184689786,52.29352949132215,0,2026-09-03 06:16:31
2026-09-03 00:49:42,CNC-03,H,304.8748793878172,312.0394492343299,2599.859849944539,21.12257059505877,116.39979075624414,3.2639589797283746,10.376718913580827,47.48773192388878,0,2026-09-03 06:16:31
2026-09-02 13:44:36,CNC-01,L,297.8340098089318,311.3225063819842,1361.9776053110368,48.18351091311933,12.597391859021078,2.023570626352598,12.184170790486837,58.09987733678245,0,2026-09-03 06:16:31
2026-09-02 19:25:10,CNC-02,M,26.210369229891853,38.75135182372992,2364.989594540877,21.459527056145674,28.791818436490303,3.0285289549228387,9.368598287852022,47.45901948819829,0,2026-09-03 06:16:31
2026-09-02 14:50:00,CNC-03,H,298.4329519962091,312.6863683809105,1537.535827773666,46.04587818458874,113.6875439862818,2.321836476930588,13.46140204392411,48.82278897494011,0,2026-09-03 06:16:31
2026-09-03 00:12:25,CNC-02,M,298.094841408414,309.5369316275716,2763.6179990713813,11.476574426770808,120.7533888445192,3.3862276765339643,5.956559026624331,53.12163387952332,1,2026-09-03 06:16:31
2026-09-02 16:53:24,CNC-02,M,299.2295847319708,312.9285197851234,1831.5510460185333,36.48637161616267,45.52535749282664,2.5800215831403963,12.61092028594198,50.87660065817224,0,2026-09-03 06:16:31
2026-09-02 23:20:48,CNC-03,H,300.1943116027144,312.06057738774217,2782.596441093204,15.112791764501646,19.222312234910813,3.2977472507746155,7.73601626268176,49.15814591378748,0,2026-09-03 06:16:31
2026-09-02 11:25:22,CNC-03,H,297.12158911341743,310.7421702746927,1459.9293339299804,46.32180389154832,20.65723379769484,20.72414832346355,12.59040548976759,58.64466731130825,0,2026-09-03 06:16:31
2026-09-02 15:08:00,CNC-02,M,298.7075122599982,313.5834336169074,1600.5615577668525,46.22262586680106,130.04720503195435,23.35250761930222,117.49832536236086,53.87263249990464,0,2026-09-03 06:16:31
2026-09-02 15:09:00,CNC-01,L,298.6411977427993,312.99329514366866,1579.9886272245694,44.911220348019775,143.54314146420458,2.50490091067643,12.91250013005437,56.27121904777688,0,2026-09-03 06:16:31
2026-09-02 16:54:00,CNC-03,H,299.8287468508952,314.4420207601186,1820.4241017357256,41.26515071309539,79.02126122558062,2.4285866305459702,13.818435592314094,49.687259874374085,0,2026-09-03 06:16:31
2026-09-03 05:59:00,CNC-02,M,295.75042339963176,309.62280957108266,2051.100636260559,32.11674407827726,41.91135327119252,2.717806934260316,12.219846998384536,56.44792906501139,0,2026-09-03 06:16:31
2026-09-02 08:04:19,CNC-02,M,295.86200639228264,310.1853129161105,1561.1015599093228,43.93436479115888,156.48855347524545,2.4644260009871606,12.767430470797464,59.276826197720126,0,2026-09-03 06:16:31
2026-09-02 22:26:01,CNC-03,H,300.8422788819124,314.6772242659187,,23.60532573376724,223.6211468728065,3.871986209449816,11.501436541418832,48.76436905443677,0,2026-09-03 06:16:31
2026-09-02 06:52:52,CNC-03,H,296.31683777528855,310.30627095515496,1814.55642615877,37.707248206047744,76.84888791806587,2.462823059014117,12.730375939943128,62.19918281667819,0,2026-09-03 06:16:31
2026-09-02 06:19:00,CNC-02,M,296.4355256526748,310.1571253027014,1975.0061850622048,35.08791415294301,9.26092650868314,2.529610357725354,12.93542206683308,60.86440893751908,0,2026-09-03 06:16:31
2026-09-02 13:25:01,CNC-01,L,297.67821442088086,312.48519152696684,1378.5853605900277,54.82175416744394,215.91269881320483,3.077232727789508,13.787363719050024,60.52058425078593,1,2026-09-03 06:16:31
2026-09-02 23:41:20,CNC-01,L,299.14295236197194,312.22067460633525,2536.348929718934,20.783872118204947,152.91962334395328,3.5091470801820708,9.868874756394808,53.39633775974988,0,2026-09-03 06:16:31
2026-09-02 22:14:44,CNC-02,M,299.0833100981827,312.86563690317587,2651.302969569904,19.46960201658447,225.85747882599912,4.044266638339567,9.9332240355442,54.70837739814753,0,2026-09-03 06:16:31
2026-09-03 00:27:23,CNC-02,M,303.47220287558,309.04962725980783,2719.861710206412,12.391080061086305,136.7424698891619,3.478918462223718,6.205860477748266,47.14617283297939,0,2026-09-03 06:16:31
2026-09-03 04:21:25,CNC-03,H,297.6003263053484,310.8794805396725,2314.431179033545,26.058045220815337,103.56440655157628,2.9223182549031783,11.268001644575223,52.985473595927886,0,2026-09-03 06:16:31
2026-09-02 11:21:00,CNC-01,L,296.5258887994395,309.8510624365261,1320.723768170906,50.19499097699023,20.77546721344402,2.045163820268049,12.553219484705972,55.2889217662381,0,2026-09-03 06:16:31
2026-09-02 21:10:23,CNC-02,M,299.2340405623024,313.1343185018163,2559.8308111889323,23.88696727967544,151.72564154162794,3.458637583203863,11.634902100643052,52.30051193843848,0,2026-09-03 06:16:31
2026-09-02 17:23:09,CNC-03,H,300.20519411358873,314.8189998029212,1859.187993112545,39.58978910381658,120.70483003298038,2.621679793110975,13.78103343052632,52.616058065034345,0,2026-09-03 06:16:31
2026-09-02 14:06:00,CNC-03,H,298.15301001247536,311.9355136928306,1281.582442224972,53.33403462114589,45.6779162563111,,,54.21057361549651,0,2026-09-03 06:16:31
2026-09-02 16:55:00,CNC-01,L,299.2659417117157,313.2823767311587,1961.8125050441647,34.19989761660074,107.03638474658348,2.6526029567664544,12.619086367309444,53.18723159912265,0,2026-09-03 06:16:31
2026-09-02 19:03:00,CNC-02,M,26.5541911634046,39.280999570685935,2121.5233592206373,25.8453041192023,1.2855945139488538,2.7908540330754694,10.272030708692988,54.48225444654115,0,2026-09-03 06:16:31
2026-09-02 22:08:15,CNC-01,L,299.43289680810824,311.4421506560479,2777.5129460830617,14.078203109873042,51.83907667221203,32.625320815740864,7.346817828641252,54.32860507093329,0,2026-09-03 06:16:31
2026-09-02 14:25:12,CNC-01,L,298.37020846750033,312.4912149159358,1531.7379011358696,45.9471469320964,75.04736317921171,2.0540592493145624,12.811739121195556,57.31868634571672,0,2026-09-03 06:16:31
2026-09-03 01:59:14,CNC-03,H,304.58825234839577,311.8393925314518,2657.43161593532,19.099278203086925,190.72762488319825,3.6390724294029977,9.439538798606067,45.47474601816689,0,2026-09-03 06:16:31
2026-09-02 11:25:00,CNC-01,L,296.2243913615852,310.2333649880265,1377.8581631047932,51.95321771792519,27.115168439339243,2.106627080796057,13.258721748254686,58.78469777788278,0,2026-09-03 06:16:31
2026-09-02 07:29:00,CNC-03,H,296.26136829745013,310.8644748429277,1806.189814465668,40.89037452579983,129.1445002619701,2.5513209066407057,13.9075658054289,56.56651810416525,0,2026-09-03 06:16:31
2026-09-02 07:26:00,CNC-01,L,301.556209200336,309.7297438144109,1972.8459728434773,35.83325103625484,110.81548987957147,66.10845917254143,13.288449400836177,50.46920793477008,0,2026-09-03 06:16:31
2026-09-02 07:48:13,CNC-02,M,295.6151808964518,310.3214945885355,1793.715054954586,41.05559457526704,135.8598676542613,2.5737311113100856,13.702043286703994,57.51488430312148,0,2026-09-03 06:16:31
2026-09-02 14:00:01,CNC-02,M,298.1262754852052,311.89365107014305,1323.8558925330713,49.903814247899234,26.60031308670609,1.934850877224668,12.15221165090412,53.08759835991077,0,2026-09-03 06:16:31
2026-09-02 22:56:41,CNC-01,L,299.4968229293096,311.5636014117608,2629.1615124649907,16.423237801450483,105.81782481062348,3.228332046965793,69.67025389864219,52.80467880204123,0,2026-09-03 06:16:31
2026-09-02 08:21:08,CNC-03,H,296.44211128065655,311.85128691755006,1567.2163627699504,50.66609326295368,205.48218228152083,2.706031862015186,14.820928070823888,58.17932079935338,0,2026-09-03 06:16:31
2026-09-02 20:03:29,CNC-01,L,299.24533022339136,312.40572200738626,2353.2163755519814,23.813337291263363,146.43637667304228,3.210601184774802,10.221203662466564,56.25049214803187,0,2026-09-03 06:16:31
2026-09-03 01:23:38,CNC-02,M,297.4892100669768,310.9181206222647,2670.0456376928505,19.22111056955555,197.5566086952548,38.0823981537634,9.515126163671612,56.303485394438745,0,2026-09-03 06:16:31
2026-09-02 20:34:48,CNC-03,H,300.98685253951817,313.08602140025727,2499.876488662575,17.211751289562976,101.87304247011828,3.125372954372554,7.882394522163517,52.55388484089157,0,2026-09-03 06:16:31
2026-09-03 03:07:01,CNC-02,M,296.4402249711276,309.30226971830973,2563.401340061019,20.86990876398845,74.17119034471578,3.1633260818370506,10.17381628107566,57.60821703305569,0,2026-09-03 06:16:31
2026-09-02 18:03:26,CNC-01,L,299.4490471545816,314.0883018320848,1865.8308736848448,38.6576003819816,198.71086723660585,3.190471337669439,13.304321052658617,54.192928347825,0,2026-09-03 06:16:31
2026-09-02 14:21:00,CNC-03,H,298.2381017768216,312.03419351332326,1459.943031233696,45.18758527002746,69.0706400319103,20.34343511744548,12.229878874815642,54.35311515467585,0,2026-09-03 06:16:31
2026-09-02 06:16:00,CNC-01,L,296.2409920802698,309.3417967926502,2010.1060069392984,30.29071042683369,13.423071738092466,2.527238528182798,11.444562904661602,54.79922519778876,0,2026-09-03 06:16:31
2026-09-02 15:07:00,CNC-02,M,298.40122249114887,312.6944769727032,1432.9967922109563,47.97862884352934,128.55355749663426,2.225897060413031,,55.71746075565336,0,2026-09-03 06:16:31
2026-09-02 19:31:18,CNC-02,M,26.217303130369487,39.52775324411988,2261.898251208812,25.55511517240916,34.97233603180783,2.721059426487688,10.892039377683847,51.46838324032186,0,2026-09-03 06:16:31
2026-09-02 06:57:26,CNC-01,L,295.9723286580974,310.63771066783204,1857.389513981215,41.6331203576784,69.83017966316271,2.5048944752195115,14.479265761709064,57.86946766088524,0,2026-09-03 06:16:31
2026-09-02 07:27:00,CNC-02,M,296.0061303061576,310.2883160975854,1833.463494691591,37.77199768274826,103.9699514956544,2.5178686766684457,12.679979380929272,58.19604479779562,0,2026-09-03 06:16:31
2026-09-02 09:51:22,CNC-03,H,296.51067094766216,310.5090803541977,1392.8077696388802,48.56298152280594,109.02018884171612,2.1730602749858408,12.799834801008238,58.59252190370498,0,2026-09-03 06:16:31
2026-09-02 07:30:00,CNC-03,H,296.522295297709,310.56037870053945,1725.8299273274918,39.80992383339435,130.6021969718787,2.3957526100445943,12.664767018679369,52.32469075336996,0,2026-09-03 06:16:31
2026-09-02 10:42:10,CNC-03,H,296.55933000107774,310.9699618713832,1383.355895979536,49.49738238116847,188.68342493864867,2.46677433417049,12.875706448690323,57.062477189617695,0,2026-09-03 06:16:31
2026-09-02 14:50:00,CNC-02,M,298.2833249387579,312.85758733360564,1480.1434647615931,49.490511145624296,102.97843483726436,2.187071076104643,13.405248648945191,56.17219020621782,0,2026-09-03 06:16:31
2026-09-03 01:57:34,CNC-01,L,297.26460438632444,308.9798358939403,2554.8538461471485,14.083630448828815,74.3435113990815,3.1972350683978106,6.784615075578207,54.77635684233997,0,2026-09-03 06:16:31
2026-09-03 05:06:08,CNC-02,M,22.59921407492567,37.42050740622898,2094.4423753492592,35.0467344498763,218.7461052245661,3.453162666644042,13.8127211287731,59.97170382534049,0,2026-09-03 06:16:31
2026-09-02 15:07:00,CNC-03,H,299.03713340000394,313.16794591396047,1611.6811897836908,44.95952203107125,139.49794596984003,2.495586763189044,13.531153544958418,48.44836214656195,0,2026-09-03 06:16:31
2026-09-02 15:50:18,CNC-03,H,299.44353246521126,315.2571875177036,1725.4641597081484,49.53252006259408,202.3436356801375,2.9210908275662963,16.00457606474051,53.54200844491039,0,2026-09-03 06:16:31
2026-09-02 16:55:00,CNC-03,H,300.0356374053944,313.8774959114947,1850.5787206173843,37.747318234586025,80.42599920358042,2.441394601718457,13.139068479755828,57.256927254746174,0,2026-09-03 06:16:31
2026-09-03 03:30:36,CNC-01,L,296.33385475963945,310.2203439474129,2444.5022350331465,25.74093552346124,179.58233958719322,34.4034773170746,11.936479907249971,58.57727612299519,0,2026-09-03 06:16:31
2026-09-02 20:10:51,CNC-02,M,299.86184194875773,312.56893943806944,2396.166581587572,19.243257037970025,84.4144535379422,3.079062464109444,8.755735702716844,48.62629434910828,0,2026-09-03 06:16:31
2026-09-02 06:17:00,CNC-02,M,296.2124674897933,310.0203199525186,1988.965983393832,36.636540703109205,6.5779280011139,2.527688024225893,13.683381911595925,58.582811612709015,0,2026-09-03 06:16:31
2026-09-02 23:23:55,CNC-01,L,299.53182957292154,312.7461584511579,2516.49224351493,22.53494261845477,133.744293893077,3.357752812585149,10.837147318570578,45.887156423673616,0,2026-09-03 06:16:31
2026-09-02 14:02:09,CNC-03,H,298.6147754317625,312.34886182033,1441.19430224215,46.99605150823528,37.77046611170359,2.1345421043816626,12.883878241798516,54.73814992041233,0,2026-09-03 06:16:31
2026-09-02 07:59:34,CNC-01,L,301.28552791486806,309.869174064843,1698.6356990519753,43.45036284412415,158.7054533092165,2.732678576938977,13.955481987906944,49.59526693526497,0,2026-09-03 06:16:31
2026-09-02 22:31:05,CNC-02,M,298.7514815668644,310.77127613633934,2688.4733504716087,14.943890442181845,13.746774865048463,3.241871705132946,7.778078840175672,52.21331517243303,0,2026-09-03 06:16:31
2026-09-03 06:09:41,CNC-03,H,296.6234774133623,311.99062942736265,1953.6610297314987,40.89122906027613,244.89967814115784,3.404315544757933,14.85547422390667,60.659526520989154,0,2026-09-03 06:16:31
2026-09-02 08:12:56,CNC-01,L,301.2916995260805,310.0967010414558,1731.5681587420972,43.65241575894992,179.3306978798084,2.8443028369269374,13.916908437814811,50.14865712320984,0,2026-09-03 06:16:31
2026-09-02 06:19:00,CNC-01,L,296.26124814560205,310.2012802969573,1926.1809756555667,37.48893732533418,17.50008129503929,2.479731754893211,13.540207810873085,59.98696230958799,0,2026-09-03 06:16:31
2026-09-03 03:03:51,CNC-02,M,296.7716575855435,310.67498203373805,2400.091314985893,26.12780282345037,69.6389238570925,2.863654752534167,11.76701591124978,55.24597398527009,0,2026-09-03 06:16:31
2026-09-03 02:30:24,CNC-02,M,296.93410652393567,309.36881354470376,2441.908422127591,19.019765621856305,32.28528508472399,3.0357871732026656,8.796028792023295,53.44037501959406,0,2026-09-03 06:16:31
2026-09-02 17:54:53,CNC-02,M,299.41179319693185,313.4276224902852,2134.8826876053195,29.340014095413068,133.36916142638222,2.9828466956387927,11.905488938430926,48.36498217360193,0,2026-09-03 06:16:31
2026-09-02 13:56:00,CNC-01,L,297.6852035852465,,1601.1023612303934,42.77017972476643,31.376360044723963,2.088821521073468,13.008620788618687,53.92403372033726,0,2026-09-03 06:16:31
2026-09-02 14:31:00,CNC-01,L,298.59061212462456,312.89882040502187,1484.523848528274,49.172037939945234,85.7545756633314,2.1618434102725668,13.722427317423625,57.270026426438605,0,2026-09-03 06:16:31
2026-09-02 11:22:00,CNC-01,L,296.56858905466765,310.6001427040777,1440.5220073931982,50.77561222909947,22.35315603670825,2.1303240042385743,13.76482796010723,53.40444459623619,0,2026-09-03 06:16:31
2026-09-03 00:31:12,CNC-03,H,299.7971611257311,311.9692984642581,2733.0593690263486,15.847883161503804,93.95558196525155,3.3481704357321376,8.11139059232726,55.300617657509726,0,2026-09-03 06:16:31
2026-09-02 15:11:00,CNC-01,L,298.877094332991,313.58762742607746,0.0,46.76370399752712,146.60699143483808,2.483940772861419,14.349232423610498,51.42403545815228,0,2026-09-03 06:16:31
2026-09-02 19:02:30,CNC-01,L,26.77303666643604,40.72354624967426,2006.5752076763813,34.14312127348622,74.28464119752374,2.672458610682402,13.110872866558855,51.445990852043415,0,2026-09-03 06:16:31
2026-09-02 17:26:22,CNC-02,M,299.3754693846728,314.3205717708248,1873.4948092641944,42.47487213071359,92.75528241569168,2.498314827324033,14.632294255231514,47.500919804324326,0,2026-09-03 06:16:31
2026-09-02 21:07:02,CNC-02,M,299.5801519696816,313.18306097975614,2507.403118555976,22.797743981942286,149.44233392815926,,10.60514215856325,51.57214830235511,0,2026-09-03 06:16:31
2026-09-02 06:20:00,CNC-03,H,296.1246465296742,310.4882707502303,2054.5317469156785,35.75952118348138,32.85488444679501,2.5673055263273805,13.97016862818204,57.41889052702562,0,2026-09-03 06:16:31
2026-09-02 17:22:24,CNC-01,L,299.4691734686695,314.2702364243226,1970.957887395565,38.94108678325188,144.6391393816809,2.8532822090199863,14.362552522661616,51.72754547185546,0,2026-09-03 06:16:31
2026-09-02 07:29:00,CNC-02,M,296.3480714805477,310.72830211837004,1750.0900146798451,41.70308427711525,106.82670975759316,2.355414748657906,13.829726530341311,57.3250859422245,0,2026-09-03 06:16:31
2026-09-02 15:06:00,CNC-02,M,298.4890017450059,312.92712391623576,1664.5469393533226,42.587706849951154,126.98558832321262,24.09397264995524,13.03655991830049,54.277428685768726,0,2026-09-03 06:16:31
2026-09-02 15:10:00,CNC-03,H,299.3769227124422,313.776955384799,1520.2001872251956,46.465039057430566,143.9729138767334,2.406741563566282,13.32661018199688,55.6186082893332,0,2026-09-03 06:16:31
2026-09-02 07:27:00,CNC-01,L,301.5358385956098,0.0,1769.9933569387983,43.99425600100804,112.25244295087754,2.532346721850302,14.259434605560347,48.52303100746572,0,2026-09-03 06:16:31
2026-09-02 06:56:24,CNC-01,L,296.0992380809855,309.9695880796969,1863.564254884084,36.353652475708905,67.02208905155771,2.475701204980349,12.570760361736268,61.10710505874661,0,2026-09-03 06:16:31
2026-09-02 14:49:00,CNC-03,H,298.6209442298326,313.09342723360163,1568.120152568196,46.88887938351586,112.15206368887569,2.373613497845431,13.76940110656628,53.12172730287372,0,2026-09-03 06:16:31
2026-09-02 06:17:00,CNC-03,H,295.8851970105905,308.8704947784576,2101.439328192098,28.72851514248704,28.82109317793302,2.72419719031088,11.293667478967189,53.40176765582762,0,2026-09-03 06:16:31
2026-09-03 00:31:00,CNC-02,M,303.5337885681408,311.6804734723415,2631.628943987735,24.347840734929207,141.98930470432134,3.43070302065938,11.897365880828389,48.73725365671488,0,2026-09-03 06:16:31
2026-09-03 01:46:00,CNC-01,L,297.7093541941665,309.64961651239526,2739.766257320108,15.701901104560076,61.26733934140371,3.2668515628821067,8.110470495001307,49.43325434755767,0,2026-09-03 06:16:31
2026-09-03 03:33:00,CNC-02,M,296.2023737115499,310.12934830977935,2392.730882776368,26.45160963161773,104.19653836670756,3.067189393310519,11.777085991627146,57.14782488025822,0,2026-09-03 06:16:31
2026-09-02 18:04:48,CNC-02,M,299.24574929939973,314.09081203294863,1962.367404713758,37.15708126908489,145.38002582332928,2.73138572622828,13.687651579145845,52.61904136740916,0,2026-09-03 06:16:31
2026-09-02 13:20:59,CNC-01,L,297.50694310659617,312.5395367690107,1459.2543422081735,52.91878761499884,209.6031310388917,2.962213262707125,14.295558594272846,59.51058304972915,1,2026-09-03 06:16:31
2026-09-02 18:35:26,CNC-01,L,299.8375811717851,313.1598033355131,2169.6953567143464,28.529245992964057,39.0599950377346,26.77773937606689,11.887450549316156,51.45437657256675,0,2026-09-03 06:16:31
2026-09-02 17:29:47,CNC-03,H,300.0530672394013,314.76829489768414,1908.6924986029576,38.77813892589924,128.96687532710473,2.600366055447504,13.749198311480868,47.17388054857632,0,2026-09-03 06:16:31
2026-09-02 22:37:52,CNC-03,H,300.2122333624103,312.68420472617544,2772.539892687631,14.791620177883392,236.57532224302105,4.087228931777233,7.459569739009691,51.17076261254788,0,2026-09-03 06:16:31
2026-09-02 10:30:27,CNC-02,M,296.4553237654229,311.059029077608,1320.7495220476696,54.48973225163039,160.9060852239537,2.3186065283970967,13.594532129421584,53.07344055121572,0,2026-09-03 06:16:31
2026-09-03 03:34:03,CNC-02,M,296.6146024965455,310.05750646132446,2454.1803069867087,22.40228527164883,106.52678829701748,3.020191863953921,10.451224667822116,58.51042140838292,0,2026-09-03 06:16:31
2026-09-02 07:29:00,CNC-01,L,301.357228207434,309.5882554331294,1798.1893398983843,39.29483004039807,115.09010817522837,2.59181628729619,13.41128549872886,48.92200582995931,0,2026-09-03 06:16:31
2026-09-03 00:53:52,CNC-03,H,305.0282698942761,311.2590956780955,2735.889763181556,15.5911797260293,,3.4442110006113937,8.267734821265874,43.2007196145535,0,2026-09-03 06:16:31
2026-09-02 19:52:38,CNC-03,H,27.5871426727328,40.10031387356304,2477.6101716224493,19.73518482283836,52.50173242441837,3.0639271424951064,9.064386735147698,49.077795424611885,0,2026-09-03 06:16:31
2026-09-02 17:56:34,CNC-01,L,299.35372109564435,314.4178807826686,1794.5043600184335,42.56350712573154,190.64598036870564,3.137534306957794,14.413749616578638,54.434198866601015,0,2026-09-03 06:16:31
2026-09-02 21:58:50,CNC-02,M,299.2093547869443,313.2122056264705,2538.0848155503304,23.7528449656013,208.3387932697124,3.772788186450066,11.465042835629252,53.27707931058018,0,2026-09-03 06:16:31
2026-09-02 11:50:20,CNC-03,H,297.364971782246,311.6438747823652,1448.1710612254474,51.38321782452625,62.01118607448184,2.176543065514372,14.122818740804693,54.495633360169535,0,2026-09-03 06:16:31
2026-09-03 05:09:16,CNC-01,L,22.8324237557199,36.42797711516607,2196.337616456692,29.773735336867823,79.03921500126371,2.7735065532728123,12.379418612874582,57.90492839400299,0,2026-09-03 06:16:31
2026-09-03 05:53:19,CNC-02,M,22.714140003290023,37.24170398345569,1869.737450567448,39.191850683002734,32.652538821882246,2.531551323319416,13.945551217937403,58.18647478577937,0,2026-09-03 06:16:31
2026-09-02 07:28:00,CNC-03,H,296.2451181328209,310.53060338546067,1726.270872636009,40.48623995011936,127.7107202698586,2.4744750794720773,13.032997749588487,51.157007564769,0,2026-09-03 06:16:31
2026-09-02 19:40:45,CNC-02,M,26.683162640268904,39.781203587246296,2343.113676904344,24.555291739745343,48.42255711693244,2.986913615953138,10.865045206868489,51.10717621782972,0,2026-09-03 06:16:31
2026-09-02 07:56:43,CNC-01,L,301.21187233456294,309.70071232205663,1606.016200910714,44.06153505596701,5550.314090839024,2.545605318635362,13.323516536626268,52.37812035051631,0,2026-09-03 06:16:31
2026-09-03 00:43:24,CNC-01,L,298.6684568646284,312.455569148115,2562.27531191502,23.17880376362518,217.7882549116841,4.113070581582351,11.052891679778892,50.461187206835056,0,2026-09-03 06:16:31
2026-09-02 06:29:02,CNC-01,L,296.0959030523698,309.6721539966229,1971.50766301992,34.76049008278851,31.095301439983604,2.637499033016576,12.82727991486698,57.91864057781102,0,2026-09-03 06:16:31
2026-09-02 19:05:00,CNC-01,L,26.27058959009753,39.87884811984242,2288.7890343547133,28.69919932563605,75.53022060602648,2.937724897998084,12.370985492062202,52.52444829273787,0,2026-09-03 06:16:31
2026-09-02 07:47:29,CNC-03,H,296.1447300419746,310.5967537189902,1586.6524583231078,44.92646617001013,155.25241895294997,2.326931842887487,13.004259956399023,64.70180553022617,0,2026-09-03 06:16:31
2026-09-02 07:28:34,CNC-02,M,295.7920528654387,309.7087648806659,1857.5620685283527,36.77596112516131,105.3739088223928,2.5031117389253588,13.077625276511396,59.26528931180879,0,2026-09-03 06:16:31
2026-09-02 07:27:00,CNC-03,H,,310.63531174574933,1859.6510128072148,39.39454841613736,126.26057376171018,2.570738150971494,13.86733137851641,,0,2026-09-03 06:16:31
2026-09-03 04:53:16,CNC-01,L,22.96925750440795,36.78828439196173,2243.7293541950617,29.3347592359495,61.40372658485489,2.727340567085113,12.34144595236156,57.01197317469231,0,2026-09-03 06:16:31
2026-09-03 02:30:17,CNC-01,L,296.93940777588614,309.79984036639576,2637.01126481352,19.601749420335416,109.75932850708402,3.268510393687128,9.791434015344132,53.7316190867618,0,2026-09-03 06:16:31
2026-09-03 05:28:43,CNC-01,L,22.60102519961993,36.61462662142338,2161.3958938443707,30.452892069920672,107.2931780957062,2.882524383499537,12.10578850245917,61.28678510252187,0,2026-09-03 06:16:31
2026-09-02 20:07:23,CNC-01,L,299.43040112030684,312.786714056678,2319.9575624379536,25.16595671128764,152.483165559898,3.237100520699012,11.353448583706886,48.46654399565693,0,2026-09-03 06:16:31
2026-09-02 08:40:46,CNC-02,M,295.79114263749494,310.82516666810807,1442.5245187637468,50.74308729203524,213.33408519680307,,13.684511071364902,57.42546555977986,0,2026-09-03 06:16:31
2026-09-03 01:21:14,CNC-02,M,297.2309129289078,311.2013605274762,2632.339717448698,,195.435440821037,3.7731982242782864,10.976305467468483,58.215921653974064,0,2026-09-03 06:16:31
2026-09-02 10:14:57,CNC-01,L,296.35580709737894,310.97195787439983,1415.862400438022,51.8865551663191,131.1051296742751,2.3516398233960407,13.758060254947598,58.35338119515514,0,2026-09-03 06:16:31
2026-09-02 11:25:00,CNC-02,M,296.8237955476839,310.7014923887835,1373.8596845127834,50.381898999239326,3.1934404915671726,2.100551744067849,12.90448366873623,54.294611541925086,0,2026-09-03 06:16:31
2026-09-02 06:29:24,CNC-02,M,296.3355132581396,309.99386872014287,2085.57033979611,32.951947331572335,22.769893644789825,2.711455359379168,12.757425619127728,61.74959311909296,0,2026-09-03 06:16:31
2026-09-02 22:54:48,CNC-02,M,298.86666673447513,310.9646644946417,2613.57303426764,17.820507359069516,38.51535945098279,3.088907685857748,8.772001288648891,56.19707067963385,0,2026-09-03 06:16:31
2026-09-02 07:30:00,CNC-01,L,301.4246038318747,309.8285619813782,1943.324846761604,37.42679784399748,116.47646009574038,2.7437427682736177,13.4107435201917,47.76439851508108,0,2026-09-03 06:16:31
2026-09-02 14:51:00,CNC-02,M,298.6315042840078,6861.695562847889,1682.1654388813618,46.59372540020762,104.4602010364414,2.370654096279208,14.703798131468655,54.681727050844586,0,2026-09-03 06:16:31
2026-09-02 18:24:52,CNC-02,M,299.71152952780363,314.779559171627,2200.127968786772,33.93330548776571,172.92181666258568,3.149823506770265,14.16519491470156,56.70440003329038,0,2026-09-03 06:16:31
2026-09-03 03:24:37,CNC-01,L,296.58029836467483,309.6607382418834,2483.508319437628,21.206443415810057,173.78595352088686,3.553934301876675,9.972387895009277,56.93139014470977,0,2026-09-03 06:16:31
2026-09-03 02:26:39,CNC-02,M,297.03317647043514,309.6525519812112,2534.2181476063065,18.88398692321369,28.8957209824018,3.084876487053834,9.031525604418787,58.30893289837712,0,2026-09-03 06:16:31
2026-09-03 01:11:46,CNC-02,M,303.16866828467454,310.8690894387403,2616.9172904597685,21.51613847307598,186.83871756105972,3.6611785827334753,10.327926600479325,42.676262441231366,0,2026-09-03 06:16:31
2026-09-02 12:42:35,CNC-01,L,,311.5895634471625,1449.542469177552,48.94387002719316,152.68070005343986,2.492922170469579,13.209376080904438,59.39871472863936,0,2026-09-03 06:16:31
2026-09-02 19:08:04,CNC-01,L,26.584202869754563,39.14120174476278,2205.183728201016,23.8184659243149,80.46289793623559,2.812937486173142,9.911683899354296,52.57773728869535,0,2026-09-03 06:16:31
2026-09-02 17:10:10,CNC-01,L,299.2739402062528,314.08002738499977,1760.0418877141612,43.60820547948619,129.40887303834052,2.5167129670364665,14.533191142025697,50.96576420618698,0,2026-09-03 06:16:31
2026-09-02 14:26:12,CNC-01,L,298.3967819881666,312.36346714743115,1550.4158610460292,44.25842001881144,78.0969542053734,2.321593060121549,12.678747766595237,57.38117991429929,0,2026-09-03 06:16:31
2026-09-02 14:12:20,CNC-01,L,298.40102823852646,312.4540379316137,1434.2135845231342,48.34135573132603,58.04209170165555,2.1650046104110645,13.081948187841808,50.9619496532649,0,2026-09-03 06:16:31
2026-09-02 20:03:12,CNC-03,H,300.642179031976,313.88507175714074,2244.987992011856,26.71866369295461,64.4358852145322,27.19798329102458,11.081940104167275,52.71991003704146,0,2026-09-03 06:16:31
2026-09-03 00:58:41,CNC-03,H,304.7283384508198,311.64141852392714,2802.86714056226,19.15596238189447,124.87813815171116,3.4021710201966244,10.126897278238902,42.03018703973391,0,2026-09-03 06:16:31
2026-09-02 06:20:23,CNC-01,L,296.3543586475938,309.6013472666661,2044.81572522146,30.44147564092952,20.146838652232685,2.585905647853483,11.55746682960999,54.27405185505129,0,2026-09-03 06:16:31
2026-09-02 18:44:14,CNC-01,L,299.69923547840966,313.2770245190995,2427.883484270457,25.507645404702544,47.92414762325347,2.894754849892394,11.756816848263332,50.49507257040483,0,2026-09-03 06:16:31
2026-09-03 03:14:07,CNC-01,L,296.6249326084718,309.48381361861743,2584.9087088112906,20.06502809323848,158.60364876127483,3.457257003637606,9.637466519149076,54.47099667399656,0,2026-09-03 06:16:31
2026-09-02 06:17:00,CNC-01,L,296.4528616928916,309.799131883698,1974.858085425136,32.50862108888525,14.754975398678596,2.609264236099831,12.039655588292822,61.24053492961126,0,2026-09-03 06:16:31
2026-09-02 11:32:00,CNC-03,H,297.0393969274091,310.79952564148806,1403.7603462555626,50.18605807513309,31.819651636426244,2.1200477986984727,13.214227175932194,56.24815218331758,0,2026-09-03 06:16:31
2026-09-02 15:07:00,CNC-01,L,298.64537062319,313.1227453935552,1649.499185593506,44.13742064951942,140.56661110937333,2.5920108177947414,13.659610521148505,52.62966515208164,0,2026-09-03 06:16:31
2026-09-02 15:58:31,CNC-03,H,299.5180983069077,313.4870933464001,1820.5554546947533,41.39401694986819,0.0,2.426865224945614,14.01145122308977,1779.834092347704,0,2026-09-03 06:16:31
2026-09-02 16:57:00,CNC-02,M,298.8371317622423,312.9797011297907,1822.373080252871,38.48681582006135,52.58156301446405,2.361865236665812,13.234009393729648,53.52352013517324,0,2026-09-03 06:16:31
2026-09-02 11:39:59,CNC-02,M,296.77272299442205,310.8500697686171,1333.913196834202,,27.10785149479182,1.9163163088638693,13.034379357922802,54.757789457020735,0,2026-09-03 06:16:31
2026-09-02 13:51:01,CNC-01,L,297.8280787835248,312.0080327179168,1409.8060291014826,51.53175743427185,23.615759760643687,2.086756761867236,13.557739726874434,56.70965940994983,0,2026-09-03 06:16:31
2026-09-02 06:16:00,CNC-03,H,296.2390196066927,309.93525776367994,2065.1222883190817,33.5472599207394,27.53032785749779,2.665099294088974,12.900154423016485,59.89534675904539,0,2026-09-03 06:16:31
2026-09-03 00:35:59,CNC-02,M,303.5264446731083,309.255497667947,2797.3055723719854,11.273992335636272,147.2913816080301,3.468944607060869,6.008643635546398,48.72980309192811,1,2026-09-03 06:16:31
2026-09-02 16:04:00,CNC-03,H,299.6036786769286,313.5694794448918,1751.8950051025342,40.01848170334734,7.338642165569305,2.326475992297083,13.0985033725474,51.22275600008207,0,2026-09-03 06:16:31
2026-09-02 15:08:00,CNC-01,L,298.65965681530145,313.2294550165593,1632.4667720734535,46.37696579875856,142.0448005955732,25.57253968220813,14.186993511017684,53.84007721021226,0,2026-09-03 06:16:31
2026-09-03 05:09:17,CNC-03,H,23.81800795490728,37.80987091309487,2155.112474142821,31.114963375906186,161.9130970373626,2.886272080684967,12.615266368617103,55.44934562187054,0,2026-09-03 06:16:31
2026-09-02 23:08:19,CNC-01,L,299.1124653806798,310.96007516443234,2624.7344713636458,16.141772698474618,117.64351721022648,3.384065461257862,7.997258636090639,50.49962528646142,0,2026-09-03 06:16:31
2026-09-02 19:02:00,CNC-01,L,26.319836081963047,39.62801044454858,2287.922896591473,25.55802889943791,71.6970768320875,2.937145494137789,10.921432272594917,51.603627519941696,0,2026-09-03 06:16:31
2026-09-02 21:18:57,CNC-02,M,299.0515389651988,311.7354189376847,2607.861796648126,18.407501675979173,163.98057924304248,3.5161570632925367,9.010431860671352,54.315310961666974,0,2026-09-03 06:16:31
2026-09-02 14:52:00,CNC-01,L,298.66156202867506,313.221569124582,1456.626455369465,52.00089337439056,117.88685353646189,2.281476584824083,14.126895347937714,48.56721934706686,0,2026-09-03 06:16:31
2026-09-02 19:04:00,CNC-02,M,26.290938935635097,38.94172901572102,2314.643374857022,23.52113590307622,2.50336379971566,,9.963974408879128,51.40156419634428,0,2026-09-03 06:16:31
2026-09-02 16:52:00,CNC-03,H,299.9735261820645,313.9604348236928,1787.2423642796243,37.486920393388,76.18107217940072,2.367823331761729,12.79113230426294,52.95410633881758,0,2026-09-03 06:16:31
2026-09-02 10:11:20,CNC-02,M,296.2077974811425,310.62257139961935,1276.8763712274374,56.2006033644821,134.16911570870343,2.13644951666747,13.47018851838055,61.54958145079876,0,2026-09-03 06:16:31
2026-09-02 21:11:00,CNC-02,M,299.1862026935378,312.587666153324,2585.773557605796,21.83199505684326,153.98051963779974,3.4860638829914654,10.38962127834493,52.409443980639885,0,2026-09-03 06:16:31
2026-09-03 04:28:35,CNC-03,H,297.4829493624812,311.49649054882053,2347.343494075601,27.896691346104703,112.07825651097724,2.897569422064888,12.28547778966746,59.36382640209338,0,2026-09-03 06:16:31
2026-09-02 16:56:00,CNC-01,L,299.13650726697585,313.5809588981403,1775.0844266508086,40.81284655441196,108.43929552441588,2.5181235200169354,13.38042694543137,51.348704785116574,0,2026-09-03 06:16:31
2026-09-02 12:55:52,CNC-03,H,297.7907549628728,312.12154913539746,1260.6664813683149,53.71618592607573,163.28514017743717,2.220689727826675,12.599487587507376,53.525116401423965,0,2026-09-03 06:16:31
2026-09-02 14:51:00,CNC-03,H,298.88820751765087,313.53229288314617,1710.1224482362145,43.2180567898051,115.16564290440016,2.489945085205808,13.556581554610748,56.233347170548285,0,2026-09-03 06:16:31
2026-09-02 11:47:21,CNC-03,H,297.3148206143951,311.0316643536198,1367.9970736517148,50.69938334003172,55.66817097112332,2.041999322509193,12.874358905475924,52.66121002659534,0,2026-09-03 06:16:31
2026-09-03 00:23:42,CNC-02,M,303.60319068314175,310.5983298150237,2796.148308855838,17.03539126120928,134.6327399255417,3.6135555807356847,9.035469107327794,46.94867463160183,0,2026-09-03 06:16:31
2026-09-02 11:53:31,CNC-03,H,296.9821663078042,311.33514402849835,1521.43538518986,49.12935690487744,65.1287678663611,2.1013553024679625,13.891961519099404,57.04028437098922,0,2026-09-03 06:16:31
2026-09-02 23:44:36,CNC-03,H,299.981138021006,311.80883324658885,2640.244294740255,,45.93200084837731,3.19076819300619,7.747066059750495,46.75774227651812,0,2026-09-03 06:16:31
2026-09-02 21:24:28,CNC-01,L,299.20586731054243,310.96652230595873,2616.735553736807,16.70751866090069,4.461973034651646,3.08255383182188,8.34177124286491,55.8729445450336,0,2026-09-03 06:16:31
2026-09-02 11:40:24,CNC-02,M,296.4676609265389,310.21964645818326,1412.3054791317586,49.3542094984854,28.707397958035404,2.12474719497111,13.259583016463452,59.53278775091328,0,2026-09-03 06:16:31
2026-09-02 21:34:17,CNC-01,L,299.4202132541581,310.8765831567254,2524.780077219204,16.034440394108948,15.591691301736551,3.097601952115776,7.686956019510694,53.84142312806731,0,2026-09-03 06:16:31
2026-09-02 06:18:00,CNC-02,M,295.95835605493573,309.5295441664944,2056.429314454104,31.295917464290937,7.90661297376637,2.738769518087844,12.276042591996772,60.26993888357974,0,2026-09-03 06:16:31
2026-09-02 06:20:34,CNC-03,H,296.0032931222211,309.95211518761204,1963.0725569163128,35.56083856699171,35.571709443427984,2.520284819246068,13.18297381071814,57.6741975295473,0,2026-09-03 06:16:31
2026-09-02 17:02:50,CNC-02,M,299.0193838775482,312.8420509860256,1888.9279892921336,35.048116764688984,62.34409970462888,2.477448103833693,12.450243533386011,60.01805033012637,0,2026-09-03 06:16:31
2026-09-02 16:53:00,CNC-03,H,299.8637176519892,313.7853549178654,1805.384479531064,37.46061782395687,77.58939705907142,2.4651331705781723,12.799727184774182,53.4108261996906,0,2026-09-03 06:16:31
2026-09-03 04:25:12,CNC-01,L,295.7910913507174,308.24973707858607,2158.8185758967816,25.47465162163581,25.39212671400407,2.710105361555066,10.03433697104881,64.27372036510499,0,2026-09-03 06:16:31
2026-09-02 11:23:37,CNC-02,M,296.62701314323215,310.09237547937846,1321.8087067965191,49.70178267137664,0.0,2.0256743627228104,12.300078538253349,60.84701950085535,0,2026-09-03 06:16:31
2026-09-02 15:06:00,CNC-03,H,298.95658819322665,313.5022034582683,1490.25372558272,48.07041372291553,137.99238462657283,2.326055836708216,13.3176944738673,51.059074359646125,0,2026-09-03 06:16:31
2026-09-02 07:41:08,CNC-02,M,295.7675084328618,310.3886297708039,1692.1107165738545,45.0550177701244,125.63573925552876,2.554628826030224,14.309367361066634,58.82185271831964,0,2026-09-03 06:16:31
2026-09-02 19:05:00,CNC-02,M,568.3326339545785,39.11222625344965,2302.200241030006,23.466135752654687,3.73141476966542,2.783272560109753,10.21128471851521,55.98390878431094,0,2026-09-03 06:16:31
2026-09-02 23:39:47,CNC-01,L,298.8839125144746,311.9802451392068,2668.1645040672265,18.972946390617626,151.80183398396957,3.52774415106621,9.404037049988192,54.22273252162398,0,2026-09-03 06:16:31
2026-09-02 06:20:00,CNC-02,M,296.1061431090809,309.3632575620695,1926.58787395326,33.36649704131946,10.618534914513464,2.6092266950089424,12.005634241964875,61.2338342131379,0,2026-09-03 06:16:31
2026-09-02 18:21:49,CNC-03,H,300.6108178116813,315.84950977065165,2231.313664264668,34.5895272875565,198.20822426078612,3.258514082863807,14.480069850891436,48.61512347293527,0,2026-09-03 06:16:31
2026-09-02 11:24:00,CNC-03,H,297.08109953507585,311.04231905972307,1337.863259831523,53.59983267093772,19.10603941670224,2.025187554490892,13.213376592593944,54.99561727376083,0,2026-09-03 06:16:31
2026-09-02 11:57:45,CNC-02,M,297.0743038072213,311.1133872672818,1430.860899168371,49.28650198725144,55.68852071920343,2.0272221461251654,13.144036895742122,52.573747406930295,0,2026-09-03 06:16:31
2026-09-02 17:27:19,CNC-01,L,299.4491867842,314.0704345835556,2063.848265912186,35.82160463340735,150.10748376439287,2.9599474209152685,14.066720222835492,48.58405811458711,0,2026-09-03 06:16:31
2026-09-02 10:28:57,CNC-02,M,296.295528411398,310.97982538885486,1391.6854603572008,53.173369270166354,159.3255402855966,2.4288740709150147,13.807014214296863,56.351039409809694,0,2026-09-03 06:16:31
2026-09-02 16:55:07,CNC-02,M,298.947689689701,312.8029611705796,1768.0402029184045,37.213545412642965,48.35428320365538,2.3926893450973963,12.204720002249108,56.74797097366744,0,2026-09-03 06:16:31
2026-09-02 19:22:45,CNC-01,L,26.752454193981634,40.162813680515,2303.773452437947,26.78707317546418,97.7984443352834,2.9915246813243503,11.623471468781212,51.46888302945285,0,2026-09-03 06:16:31
2026-09-03 00:39:39,CNC-03,H,304.9614295440187,311.6374089436596,2652.6742272692445,19.33141269744273,103.46669807766636,3.322047667771963,9.475365282624574,42.23591924125467,0,2026-09-03 06:16:31
2026-09-02 19:04:00,CNC-03,H,27.33150381987025,41.94859676882237,2213.625946102352,30.44995668345504,251.62550571951897,3.711885268173699,12.733520912762016,52.08190293520006,0,2026-09-03 06:16:31
2026-09-02 18:37:17,CNC-01,L,299.93955234570933,313.2244264460578,2182.0392113543103,28.947940231444008,41.63317372308625,2.705140129467999,11.889113525659994,49.08377026216997,0,2026-09-03 06:16:31
2026-09-03 03:24:58,CNC-02,M,296.5085227734701,6782.22444651047,2443.6321110547965,21.77544575475977,96.0747864714759,3.0974254285666505,10.212803532173334,55.36443996022764,0,2026-09-03 06:16:31
2026-09-03 05:38:53,CNC-01,L,22.492635049635908,36.09952392909395,1991.8391158333573,32.75633216327867,118.75700088180648,2.744337466601188,12.211298958365632,60.59046431984957,0,2026-09-03 06:16:31
2026-09-03 04:47:01,CNC-03,H,296.82211641241014,310.50047427055154,2376.7819813390533,26.19434958722142,134.16746592215256,3.049438554919754,11.53132903116823,52.0352135958355,0,2026-09-03 06:16:31
2026-09-02 16:52:00,CNC-01,L,299.3330424008588,313.4952484858974,1809.5605105620225,39.03721666291384,102.84101345360484,2.5267178193764903,13.267387753570194,54.08563718572842,0,2026-09-03 06:16:31
2026-09-02 06:41:18,CNC-03,H,296.36537483369216,310.923891902632,1878.6930481357776,41.97103770023314,60.142913296504936,2.4790130256877783,14.798182797876692,53.34024821569611,0,2026-09-03 06:16:31
2026-09-03 01:28:00,CNC-02,M,297.49252069030985,310.64475751869054,2633.1539889264627,17.117119364771277,202.96144963259863,3.845815826404626,8.430918120808414,55.42129024752917,0,2026-09-03 06:16:31
2026-09-02 19:06:00,CNC-01,L,26.365909798623303,39.83894321981455,2390.6026084583923,26.66540550399801,76.7422198502586,2.9843844999012923,11.867687178870556,50.81198389586297,0,2026-09-03 06:16:31
2026-09-02 06:20:00,CNC-01,L,296.3799213058505,309.94878856592385,2027.314634086704,32.326794594110524,18.80849517874105,2.675754032202037,12.174213511559213,57.501042056903366,0,2026-09-03 06:16:31
2026-09-02 17:59:32,CNC-03,H,300.15299090218184,314.7790242272867,2049.610646542992,34.81815411065514,168.06683085944096,2.898250637555269,13.3828137808109,51.53134255889878,0,2026-09-03 06:16:31
2026-09-02 13:07:15,CNC-03,H,297.6389554818199,312.0918309204538,1463.4639968475676,49.71709777452809,177.60538437564492,2.461987374271628,13.774661184855358,55.42537104852791,0,2026-09-03 06:21:52
2026-09-02 13:58:00,CNC-02,M,298.07783176549555,311.5574135096392,1298.4090867221578,50.3681360013052,15.634825052450804,2.006750241188813,12.221635888078906,53.83103474899196,0,2026-09-03 06:21:52
2026-09-03 06:18:00,CNC-03,H,296.3128862361299,311.4851573146248,2041.8402385653333,36.95440132809969,248.6476155585994,3.533611485859562,13.92912811459299,57.54725032525671,0,2026-09-03 06:21:52
2026-09-02 19:29:40,CNC-03,H,27.669781544591217,40.50158585440306,2397.240087592646,24.23343362701091,17.172085564910713,3.022408010779461,10.920705376923896,50.71463872990115,0,2026-09-03 06:21:52
2026-09-02 21:07:00,CNC-02,M,299.3915701059576,313.46266430001504,2405.4151573649133,25.764450253460243,144.35903708739608,3.222486453374025,11.516653730564986,49.38631154353745,0,2026-09-03 06:21:52
2026-09-02 19:31:43,CNC-03,H,27.65519516785008,40.25239865759943,2387.563001627249,23.003744997068733,22.0974573491134,2.9172497970501943,10.155445478408032,53.08228417387642,0,2026-09-03 06:21:52
2026-09-02 18:51:12,CNC-03,H,300.48125429806106,315.3562417952845,2156.9660374580403,33.492895486473,228.28887399670245,3.495767084866897,13.671277981412,55.37895340911372,0,2026-09-03 06:21:52
2026-09-02 20:56:34,CNC-02,M,299.39161831925327,312.2359807720717,2438.248445639188,20.277951985502824,131.67221024583785,3.2204440333167192,9.078163518468685,50.944399589161726,0,2026-09-03 06:21:52
2026-09-02 14:00:51,CNC-02,M,298.0885745683214,311.8880404414885,1476.6003478971627,44.42007061864634,20.30380438332285,2.1397633244240617,12.261801366671197,56.0380824281139,0,2026-09-03 06:21:52
2026-09-02 16:56:00,CNC-03,H,299.6869158923155,313.5070838042169,1899.9969728238625,35.23720629155251,75.94261971455335,2.508193897394858,12.654732250378837,55.003457179987656,0,2026-09-03 06:21:52
2026-09-02 11:31:18,CNC-01,L,296.41023667139166,309.71873774215214,1268.9246254616614,49.86906400916457,31.85716495314854,2.005869140491683,11.77578942039144,56.36666385812344,0,2026-09-03 06:21:52
2026-09-02 13:53:07,CNC-01,L,297.8699894931383,311.04071282234645,1331.8506900714672,47.59351687790453,22.04962635895261,1.9393940104421616,11.843556327109594,55.68189090004567,0,2026-09-03 06:21:52
2026-09-03 02:37:00,CNC-02,M,296.7505022562764,309.7875711001855,2568.469551652533,21.59906428701981,35.65209904479158,3.107985294956916,10.505086085575089,54.88624583376462,0,2026-09-03 06:21:52
2026-09-02 18:26:00,CNC-02,M,299.73569929223464,314.1508292235466,2045.867193075971,33.896780409954665,167.1660485882871,3.0020247863727128,13.21646768115026,49.609108006312425,0,2026-09-03 06:21:52
2026-09-03 01:44:48,CNC-01,L,297.60331821216096,308.9627602949007,2748.630646070387,11.852575975009742,54.83861996162295,3.3601904103152265,6.263936442112695,58.84144460636468,1,2026-09-03 06:21:52
2026-09-02 20:06:00,CNC-02,M,299.8464228177546,313.62038544864265,2301.234386059931,26.908582264941245,73.5688184106032,2.971545236629504,11.43216342042832,54.17344327570015,0,2026-09-03 06:21:52
2026-09-02 11:31:36,CNC-03,H,297.1593781374433,311.1760424071552,1433.6453205454764,48.45427397328637,25.44600095299902,2.107304223954751,13.161069525626347,58.73902266443257,0,2026-09-03 06:21:52
2026-09-02 21:13:00,CNC-02,M,299.5941635105913,313.39670364061993,2484.474694431961,24.423479853622315,151.2547550995338,76.55556280316092,11.592083333816356,52.56774100321029,0,2026-09-03 06:21:52
2026-09-02 17:29:00,CNC-01,L,299.20986851984463,313.2335825871831,1859.8430625350488,35.5824103145759,148.23595880846233,2.795812256444443,12.358446370062875,57.207429204302265,0,2026-09-03 06:21:52
2026-09-03 00:41:39,CNC-01,L,298.28926318022246,311.2454388146557,2719.4429012392684,18.003621619967085,208.8085814698178,4.099463624504026,9.141267450782747,52.20780562203662,0,2026-09-03 06:21:52
2026-09-02 20:58:58,CNC-02,M,,312.2064142270296,2475.401546807367,20.07752621717708,136.28502892559683,3.2177193106429542,9.343556272061711,55.49692053075882,0,2026-09-03 06:21:52
2026-09-02 13:45:50,CNC-01,L,297.7610979634448,311.3769680975069,1322.9622725322984,53.43383894272456,7.851697934315753,2.0457451292618973,13.350881802893316,54.28067495897642,0,2026-09-03 06:21:52
2026-09-03 04:40:00,CNC-02,M,296.0489154254409,310.50570986068334,2343.7296175570123,26.921385268383705,180.45420384114144,3.441164977621015,11.86169664568478,60.80617394733465,0,2026-09-03 06:21:52
2026-09-02 12:00:00,CNC-03,H,297.60125774408954,311.37807852187854,1354.881530783023,49.09085741422139,69.87056913793823,2.0405420359498287,12.49215283950291,51.25712121118941,0,2026-09-03 06:21:52
2026-09-02 20:40:37,CNC-02,M,299.75750144499386,313.4039853152146,2383.0582220908977,24.69283750470133,115.54321028324856,2.980078804832085,10.852735569269498,51.05102202057058,0,2026-09-03 06:21:52
2026-09-02 20:27:50,CNC-01,L,299.2610234864365,313.20535172828625,2485.9968532217863,25.65042112283696,169.33148692668556,3.477725742373501,11.726547457352684,52.2194372067024,0,2026-09-03 06:21:52
2026-09-03 03:49:00,CNC-02,M,296.60352128940593,309.9447733062945,2290.2391430572206,24.064309863770763,118.51457241550152,2.974178892268404,10.402516746780744,56.564577406654095,0,2026-09-03 06:21:52
2026-09-02 08:48:00,CNC-02,M,295.65071397383844,310.8013630756982,1531.6532122480069,50.26029432306504,217.18581592408916,2.932225214716365,14.416939331132294,60.40820107104087,0,2026-09-03 06:21:52
2026-09-02 06:21:34,CNC-03,H,296.2708052393373,309.8095052862163,1976.1968552781016,32.01086702760004,30.17669885396982,2.719262683893168,11.672724568540016,59.10564406008464,0,2026-09-03 06:21:52
2026-09-02 19:32:00,CNC-02,M,26.621405051307647,40.14364715693449,2265.0391403214016,26.7373159687327,32.4193790390291,2.862176333663956,11.230039588624674,51.212342011571096,0,2026-09-03 06:21:52
2026-09-02 21:35:00,CNC-01,L,299.33503924564974,311.3542656964906,2591.606453810776,17.362255684476796,8.889434103631375,3.1740788495415817,,52.33607977117362,0,2026-09-03 06:21:52
2026-09-02 06:47:00,CNC-03,H,296.3871393075921,310.5766803306502,1937.972016217279,36.28242013864997,63.00669244933717,2.6447547012502,13.285057519157467,59.21225284110248,0,2026-09-03 06:21:52
2026-09-02 12:54:11,CNC-03,H,297.8940485741895,312.2545248509062,1360.6808137939015,51.54147701617826,155.299625665215,2.230943071879084,12.893841643384429,53.72866650959816,0,2026-09-03 06:21:52
2026-09-02 07:35:00,CNC-02,M,296.23107800240393,310.99635977817184,1932.3686009284336,40.30472493721879,108.6503453340639,2.659487065834415,14.447500739496071,62.80370032287433,0,2026-09-03 06:21:52
2026-09-03 01:25:09,CNC-01,L,297.85114042386874,309.8104464373031,2641.5332168038813,17.631957701457605,32.27045060262284,3.1025576842916585,8.742798385654345,57.63567882930752,0,2026-09-03 06:21:52
2026-09-02 08:22:41,CNC-01,L,301.69873151774067,310.497869192632,1672.2514919088385,45.44743465033128,185.8667169667743,2.8590451321135246,14.137598706674824,49.52413033792188,0,2026-09-03 06:21:52
2026-09-02 22:23:00,CNC-02,M,298.99395328588696,310.74175539106625,2694.462200188017,14.692516597266382,1.0761421333739711,3.2437529736237,7.3953282631055774,54.88824939893742,0,2026-09-03 06:21:52
2026-09-03 03:33:03,CNC-02,M,296.6390766145675,309.23499053949394,2515.6282498720284,19.03201710080061,99.79656375101406,3.0403818462227847,8.847415443929286,57.1241823702772,0,2026-09-03 06:21:52
2026-09-03 01:43:27,CNC-01,L,297.468376393766,309.58933232831646,2682.565890133746,17.973365931594042,52.716977831733736,3.168403044810677,8.98188023215146,51.40086597503925,0,2026-09-03 06:21:52
2026-09-03 05:01:51,CNC-03,H,23.939796347348874,37.36169882287862,2290.3258491901875,26.19872118409467,148.59351248109158,3.068106597654202,11.14000361407184,53.58244851339339,0,2026-09-03 06:21:52
2026-09-02 10:50:00,CNC-03,H,296.9716137823703,311.9385068754383,1489.6034028023864,52.38514041457685,193.6839739368442,2.639280889878912,14.892611839560326,57.11371668820204,0,2026-09-03 06:21:52
2026-09-02 21:01:14,CNC-02,M,299.66127606708073,313.6864074115352,2672.494428811024,22.981274019848957,137.38290344295064,3.4441408145743884,11.485504260228272,52.278532501163845,0,2026-09-03 06:21:52
2026-09-02 12:05:00,CNC-02,M,296.95447361027306,310.80206203520663,1324.06344640752,50.00904455697679,60.48017267374324,2.08778538303783,12.550985069663644,55.37831476748248,0,2026-09-03 06:21:52
2026-09-03 01:20:00,CNC-02,M,297.7329569834151,311.91075488124267,2493.56014215274,25.997100035764888,190.08743203785832,3.5116294521806464,11.97347962758302,51.129466052089306,0,2026-09-03 06:21:52
2026-09-02 09:40:18,CNC-03,H,296.3755318135928,310.44028121953136,1582.343509794703,43.96144278656431,82.69771875776736,2.178025711024671,12.834014876173406,54.93357713930928,0,2026-09-03 06:21:52
2026-09-02 23:42:00,CNC-01,L,298.9092258001609,311.2924130269268,2701.184892323877,16.418876869112815,146.07382278877867,3.560896495550971,8.558577419171062,55.2854682112802,0,2026-09-03 06:21:52
2026-09-02 21:42:00,CNC-01,L,299.12014094637914,311.1144543823693,2569.1045197421136,18.012934944181897,16.643459036674162,3.107485343814751,8.819132545606266,51.87932747520497,0,2026-09-03 06:21:52
2026-09-03 04:37:48,CNC-02,M,295.8576755725801,309.8128161638685,2402.105475835894,24.045561375430264,177.97096730142016,3.252871959482229,10.896116556322989,55.71882595070759,0,2026-09-03 06:21:52
2026-09-02 14:04:13,CNC-03,H,298.10335751923753,311.99309705276625,1374.6234784887108,50.72175314223652,36.17414757799435,2.0538211075930257,13.116849674298912,58.3686681689502,0,2026-09-03 06:21:52
2026-09-03 04:32:00,CNC-01,L,296.1306726589866,309.1255047947632,2261.0683293624024,26.082640906543528,26.80672873273141,2.8899642753357826,10.92871974615518,59.22655734035786,0,2026-09-03 06:21:52
2026-09-02 19:07:00,CNC-02,M,26.562040555371937,39.59200852601106,2151.2926864244214,27.23054757826281,1.268845813813586,2.707740085400025,10.981258215305262,49.43552756030745,0,2026-09-03 06:21:52
2026-09-02 23:58:40,CNC-02,M,298.0963257737165,310.5284187167297,2783.3475850766195,16.495630457595784,103.55396959606723,3.4711464743324547,8.452372933792454,57.75680716397732,0,2026-09-03 06:21:52
2026-09-02 13:23:06,CNC-01,L,297.40501882039985,312.4725928939065,1374.5734371744315,55.60875548398317,211.11895286109564,2.8740967183671917,14.31537856425116,53.31695308135707,1,2026-09-03 06:21:52
2026-09-02 08:01:42,CNC-03,H,296.4261825440021,311.2281399320225,1941.2034783796717,38.89845910784072,170.44515990242695,2.9022010230806683,13.988286167216858,63.05359705239374,0,2026-09-03 06:21:52
2026-09-02 21:09:14,CNC-02,M,299.4856843253726,312.08504559331635,2512.3299933283006,18.03421193046193,146.66747859178184,3.35328056740856,8.612260545025524,53.04754468708335,0,2026-09-03 06:21:52
2026-09-02 17:43:35,CNC-01,L,299.5916023516869,313.55072650717733,1948.8975650410864,33.55836318656369,168.5684085511277,2.9306741261521543,12.265443221943965,54.598780848266586,0,2026-09-03 06:21:52
2026-09-02 21:54:08,CNC-01,L,298.9733374719007,310.45339049334456,2699.6896920758286,14.151326752207645,29.80262666827304,3.2664509641796258,7.262473620422297,54.557863661314,0,2026-09-03 06:21:52
2026-09-03 05:37:00,CNC-01,L,22.66438693183335,36.41426462822256,2054.766909194886,31.7245730471566,109.12996086175706,2.660546450649312,12.234627330455115,59.05019779670136,0,2026-09-03 06:21:52
2026-09-02 22:15:00,CNC-01,L,299.3959686011181,311.04256397762146,2685.995044323291,14.750205305694864,52.682886127028446,3.332594817365795,7.78637113794994,52.61269390235208,0,2026-09-03 06:21:52
2026-09-03 02:47:55,CNC-03,H,298.4282540129304,312.72518537736033,2508.8718097005462,25.86613296466845,237.73679004269172,3.9431187042699656,11.834648686702808,57.27833303926998,0,2026-09-03 06:21:52
2026-09-02 09:22:00,CNC-03,H,296.62028826662447,311.0558399457079,1588.800447454861,47.80863795229813,56.53339147752667,2.328403764106138,14.237070738524013,58.364021546675296,0,2026-09-03 06:21:52
2026-09-02 18:08:08,CNC-03,H,300.26610501232267,314.9051680905702,2113.757450617114,33.806003063448564,175.30301293797697,3.0674470678232306,13.302584006438549,51.46497298160567,0,2026-09-03 06:21:52
2026-09-02 19:35:00,CNC-03,H,27.504402669002047,40.39678068182047,2225.259821213908,26.45226800264373,24.559683666075703,2.798542924082267,10.88576096965028,44.921696431732194,0,2026-09-03 06:21:52
2026-09-02 07:49:00,CNC-02,M,295.7472087723386,310.531201192052,1629.013034947555,47.827754006248846,129.03109274266376,2.355299182056416,14.33406812095478,57.14753752907688,0,2026-09-03 06:21:52
2026-09-03 04:26:14,CNC-02,M,296.1687931819277,310.24467129880543,2337.061611574816,,163.22946286591645,3.190926982729391,11.414452806637078,59.17034574001429,0,2026-09-03 06:21:52
2026-09-02 21:49:00,CNC-03,H,300.7281383985353,314.98876026361944,2636.610209472578,24.54186379969212,179.41207140594517,3.578190646403704,12.046252705232952,49.26451565337072,0,2026-09-03 06:21:52
2026-09-02 12:07:00,CNC-03,H,297.1873404171276,311.6348253953461,1501.8996586542555,47.78572526168745,81.0348396929205,2.163068069971813,13.42297764287047,56.16784949559404,0,2026-09-03 06:21:52
2026-09-02 17:01:00,CNC-02,M,298.9329685160281,312.7951487746953,1797.7092164010558,37.27658822619544,52.37642764757768,2.5083280952775806,12.67229674993712,56.85025910366202,0,2026-09-03 06:21:52
2026-09-02 12:52:30,CNC-02,M,297.5101572269702,312.1266524351324,1294.7341467107285,57.90034281467774,138.2081653903104,21.230058074078958,,57.46118087762617,0,2026-09-03 06:21:52
2026-09-02 17:46:00,CNC-01,L,299.409724035687,313.8109670619329,2113.914825099797,33.48965059392609,171.2253907086101,3.134995126572243,13.396845032796566,49.66512840317039,0,2026-09-03 06:21:52
2026-09-02 10:23:00,CNC-01,L,296.18325855660936,310.4283828198884,1357.71180416833,51.61484723051427,136.05982039797877,2.2317615561636317,13.145916620589269,63.73063716093005,0,2026-09-03 06:21:52
2026-09-03 03:46:34,CNC-02,M,296.3438922390902,310.35400317784064,2432.075067872014,25.240837288723338,116.14294899634444,30.94039054802443,11.546850685074649,60.307291807174224,0,2026-09-03 06:21:52
2026-09-02 13:55:34,CNC-02,M,298.1128025939448,312.3629367020841,1496.4412231230142,49.31883652135911,12.477784741855404,2.141709421765932,13.707599535392204,54.98392821361264,0,2026-09-03 06:21:52
2026-09-03 05:44:29,CNC-02,M,22.374466718284225,36.64158159787024,2066.007932028499,34.32000424941645,18.374250684845297,25.088164329671468,13.279218554809226,56.55241227702607,0,2026-09-03 06:21:52
2026-09-02 12:10:46,CNC-03,H,297.4856799421395,311.36838289098785,1307.359851684239,51.23938319421836,85.74291192710935,2.139289748238057,12.3028483222482,56.5733455113468,0,2026-09-03 06:21:52
2026-09-02 21:14:00,CNC-02,M,299.2206479838004,313.0929924969066,2569.7082288524216,23.6364371028454,152.3690229181114,3.471052939591752,11.5585578312734,52.32461857974202,0,2026-09-03 06:21:52
2026-09-02 23:07:06,CNC-01,L,299.3212763203709,311.5222449650765,2709.899262419271,15.88411898910603,107.61709836154292,3.381447086328654,8.019581506647198,49.931369484214,0,2026-09-03 06:21:52
2026-09-02 13:51:00,CNC-01,L,297.7988477749255,311.2931686468491,1359.5472971932095,49.46942501428621,17.367384835382712,2.078833047167029,12.650513624983653,59.14989981036378,0,2026-09-03 06:21:52
2026-09-03 02:34:00,CNC-02,M,297.03586175606927,309.28746353394195,2477.833284690969,18.379904155875305,32.28899708363068,3.1501667334252605,8.653098619978383,52.90324587488494,0,2026-09-03 06:21:52
2026-09-03 01:14:00,CNC-01,L,298.1295512190175,309.3680108138041,2793.9986804821874,12.330567807694814,20.362789262203936,3.328895734588819,6.322801924208805,49.10136911184421,0,2026-09-03 06:21:52
2026-09-02 11:26:00,CNC-03,H,297.1646135118759,310.8403019429699,1485.1360455886752,46.28220728446095,15.924870004996922,2.2085591918405205,12.999063325065244,53.95975037161653,0,2026-09-03 06:21:52
2026-09-02 15:49:11,CNC-01,L,299.1025600521563,312.47027458371014,1586.998277055632,40.55756462341959,7.3088449535419775,2.150790268768709,12.132193573877023,50.93291828318294,0,2026-09-03 06:21:52
2026-09-03 04:24:07,CNC-01,L,296.0883434096496,309.6522189278031,2306.573162741781,28.2872150162658,18.20286854472854,28.882170254270843,12.042026472926894,55.01186595276052,0,2026-09-03 06:21:52
2026-09-02 09:37:00,CNC-02,M,296.2268385826936,310.4072713740264,1482.857939176982,49.4107430515087,73.7031751414119,2.135228421240036,13.67339835953819,60.80692462119952,0,2026-09-03 06:21:52
2026-09-02 09:35:31,CNC-02,M,296.2501199496191,311.1483478967467,1651.8848160746238,47.143229657376494,70.54092728410404,2.394862147257286,14.656312256176289,58.08805338868197,0,2026-09-03 06:21:52
2026-09-02 11:32:14,CNC-02,M,297.1619635097152,0.0,1438.6555189016844,47.28016890464379,9.582727434408724,2.1772594041899693,12.79537651059966,53.27393818646217,0,2026-09-03 06:21:52
2026-09-03 00:31:05,CNC-03,H,299.2939825754148,311.4245332093801,2652.8739883986023,16.605149985003397,90.7246815596721,3.2890886482459014,8.528323798822987,51.34305051761622,0,2026-09-03 06:21:52
2026-09-03 04:51:42,CNC-03,H,296.95981441014527,0.0,2129.3879045215617,29.096947964719508,137.2041594482015,2.893690017417132,11.522156107695094,53.93389651628811,0,2026-09-03 06:21:52
2026-09-02 14:19:39,CNC-03,H,298.4389239255235,312.4658930276227,1584.215710078693,43.86626878305844,59.66735195398523,2.127761252616319,13.243682630971607,54.78031992338566,0,2026-09-03 06:21:52
2026-09-02 12:37:42,CNC-01,L,297.2085722126629,311.7288069112388,1364.1004224760889,54.45082324823444,138.31645373489417,2.2544207566559296,14.168248042041853,57.20491365725537,0,2026-09-03 06:21:52
2026-09-03 01:17:24,CNC-03,H,305.10130676868846,312.48941987094776,2829.0978473276705,20.513755814811315,138.83064766903237,3.5075046064819038,10.880475436033269,42.33913143190327,0,2026-09-03 06:21:52
2026-09-02 16:58:00,CNC-01,L,299.40588587690127,313.4587724830428,1827.965199312944,37.71314671533445,105.27894279261326,2.5034208276211345,13.097771824139317,50.691046855295305,0,2026-09-03 06:21:52
2026-09-02 21:02:00,CNC-02,M,299.90462663847734,313.93763231539486,2412.6234089485274,26.76841875835761,138.57879357861472,3.190276086794363,12.289040525917866,56.77923058870059,0,2026-09-03 06:21:52
2026-09-02 14:06:01,CNC-02,M,298.28997428674563,311.9343788669975,1428.2005269579715,47.03469959736239,29.68158685014017,2.0890086350633874,12.668606502456049,51.55752468437509,0,2026-09-03 06:21:52
2026-09-02 22:29:00,CNC-03,H,300.4244780557042,313.7608390326884,2819.809404769329,19.15745492686788,222.9652393993616,4.104516273993706,10.120172748959192,47.982955289539326,0,2026-09-03 06:21:52
2026-09-02 22:27:00,CNC-02,M,298.7797776629718,309.12777755624774,2728.1930045396657,7.47920031055456,5.341618716606506,3.290364065692393,3.703251891713147,55.01870095975831,1,2026-09-03 06:21:52
2026-09-02 21:34:06,CNC-01,L,299.53930394483126,311.5254996387825,2482.12276941115,19.230159733159734,6.584256925861382,2.99575933574787,9.014710296623116,51.63171074276205,0,2026-09-03 06:21:52
2026-09-03 06:06:15,CNC-02,M,295.24516501843885,309.399664995698,1970.366749181631,35.5592632635459,46.0016105092104,2.607257460787552,12.950436094359178,61.257915310950814,0,2026-09-03 06:21:52
2026-09-03 04:29:28,CNC-03,H,297.432588168067,311.11386650909697,2150.5074687949627,29.21889439340653,106.45169860336188,2.7919737762179704,11.845784143801676,54.7880653264586,0,2026-09-03 06:21:52
2026-09-02 18:48:05,CNC-03,H,300.6581737743505,315.79055752334114,2171.905484024985,36.09228887302872,225.7125771700053,3.393086480390255,14.922608349700996,50.28004803137234,0,2026-09-03 06:21:52
2026-09-03 03:17:30,CNC-02,M,296.6712715390926,310.2270708293425,2489.475729467533,23.689156509527983,81.21196367815352,3.1094846132957685,10.97522772215367,56.75920004980142,0,2026-09-03 06:21:52
2026-09-02 11:47:00,CNC-02,M,296.84572476232506,311.0117597495698,1459.3339649909965,48.15415923369751,31.8783492419514,2.133629077018916,13.098490886237483,54.31431455058544,0,2026-09-03 06:21:52
2026-09-02 23:38:45,CNC-01,L,298.98207919806765,310.8024426910224,2662.2064911872303,15.002795288070198,143.93904692507596,3.506924491558468,7.499159695433019,49.26822785450919,0,2026-09-03 06:21:52
2026-09-02 12:36:25,CNC-02,M,297.37858464239304,312.08871339131707,1378.4893842877602,57.738244631193055,108.1154823291256,2.0962478518589918,14.93559421729008,59.59433412575628,0,2026-09-03 06:21:52
2026-09-02 06:21:00,CNC-02,M,296.28961522508706,309.12722808053,2001.1682732750448,30.622939294660146,5.215910943098279,2.604359799091293,11.3177857555379,54.7891876193633,0,2026-09-03 06:21:52
2026-09-02 14:23:00,CNC-03,H,298.45545630773773,312.56803056103905,1470.9520777959942,46.57750835354029,65.83745284618027,2.089369120176161,12.529815667013116,57.47191514069642,0,2026-09-03 06:21:52
2026-09-03 05:08:19,CNC-02,M,22.61786317322145,37.23361271546787,2256.802766029291,29.10708055131641,216.87473431933395,3.647260329058517,12.351043286816113,59.72781604797277,0,2026-09-03 06:21:52
2026-09-02 16:08:03,CNC-02,M,298.896347246825,314.0829686285159,1900.382946724636,38.91860173502687,,3.3149382350714207,13.772114711089417,54.22316560401944,0,2026-09-03 06:21:52
2026-09-02 06:53:09,CNC-02,M,296.4146203529882,310.3608541379808,1935.627630529648,35.42726095592659,47.77290131552746,2.5058658407608023,12.94901931762216,62.85173132451821,0,2026-09-03 06:21:52
2026-09-02 07:55:57,CNC-03,H,296.15947512762165,311.0287225784874,1721.8152674322146,43.71798012755781,160.20882502350264,2.551228465138842,14.279491335345734,63.128916088579054,0,2026-09-03 06:21:52
2026-09-02 12:04:35,CNC-03,H,297.087705653907,310.9842981730057,1389.5574628597608,49.21905387994827,77.8705691379382,2.0942927481809788,12.797201793773182,55.522659960673735,0,2026-09-03 06:21:52
2026-09-02 15:46:17,CNC-03,H,299.60905266264064,314.31556350672975,1577.486129461016,46.03166035148141,191.60340267036236,2.7124946326933577,13.461575503165548,53.64690758312142,0,2026-09-03 06:21:52
2026-09-02 22:40:41,CNC-02,M,298.6227337145063,310.5642090895752,2814.684114541337,14.938146718237268,19.09677031860337,3.396145073685728,7.636648075133464,51.82060310782207,0,2026-09-03 06:21:52
2026-09-03 05:14:00,CNC-02,M,22.76596381731952,38.0490332944604,2208.283038361016,34.308075280608485,223.2044398918745,3.834775014845027,14.263532082993091,59.49822743487423,0,2026-09-03 06:21:52
2026-09-03 01:48:00,CNC-01,L,297.65482078152144,309.5727443799136,2621.164929083146,15.198178013599271,57.00945526116296,3.179858963103266,7.695438418158817,57.0768231434484,0,2026-09-03 06:21:52
2026-09-02 19:16:00,CNC-01,L,26.36550767113431,39.76957638724565,2284.385930307287,25.94276539083483,82.61976303382968,2.9586582421390477,10.947524620234342,53.53201731974838,0,2026-09-03 06:21:52
2026-09-02 11:27:00,CNC-03,H,297.22313310575805,310.9066366930292,1378.5642577243923,51.08113429739373,17.518070318501415,2.042526882028374,13.013861983213816,56.05031186471437,0,2026-09-03 06:21:52
2026-09-02 18:09:00,CNC-01,L,299.552775733823,314.8449635159723,1955.4731937183203,38.23728809544943,202.06425526582356,3.336572703794714,14.225164355110952,50.397988793669626,0,2026-09-03 06:21:52
2026-09-02 23:31:00,CNC-02,M,298.4576272073969,310.6333269872296,2668.661654046773,16.4024132866867,73.80048894315226,3.269644534320178,8.101314644681779,54.43418672804111,0,2026-09-03 06:21:52
2026-09-03 05:47:18,CNC-01,L,22.58743300127793,37.14218630218937,2142.317137071226,33.868875916204225,123.25049967592533,2.838446019957144,13.584732062765466,58.33642614875513,0,2026-09-03 06:21:52
2026-09-02 23:58:25,CNC-02,M,298.45787134981373,311.1394815410939,2688.333409695895,17.44097755433652,102.49770664851168,3.3612634692275885,8.668679948759445,52.51640527926565,0,2026-09-03 06:21:52
2026-09-02 14:56:00,CNC-01,L,298.7109862341709,313.12735977831534,1643.4223740393588,44.60250473347563,117.68651245084756,2.4125517993676366,13.71391687520979,47.18283459108836,0,2026-09-03 06:21:52
2026-09-02 16:03:03,CNC-03,H,299.63477834746817,314.97901647150707,1874.4825480861668,42.253936619197695,215.1471887973989,3.135862468461844,14.78168025901638,48.95880631836843,0,2026-09-03 06:21:52
2026-09-03 04:13:00,CNC-01,L,296.0235780709419,309.14473229954166,2214.660106719444,27.98137986984611,3.5661375805324,2.81727092210398,11.431156610895616,60.34553930706012,0,2026-09-03 06:21:52
2026-09-02 22:57:32,CNC-03,H,299.8802242317566,313.20597760040647,2781.067791070792,17.93899099020614,255.45916371577343,4.404464907682324,9.437145260893232,55.65479205552447,0,2026-09-03 06:21:52
2026-09-02 06:54:00,CNC-02,M,296.0683941229002,309.7656493247818,1876.0753422498897,36.25629912734319,50.53102996362577,2.4794400926762754,12.55393147211018,58.71428991953759,0,2026-09-03 06:21:52
2026-09-02 10:42:07,CNC-03,H,296.8238923094135,311.73245903618414,1413.6027957749625,53.438727543541575,179.6680667656433,2.450397520861678,14.159950182923463,58.09542837094431,0,2026-09-03 06:21:52
2026-09-02 19:16:00,CNC-03,H,27.674354326192315,41.13848074464988,2248.403815361365,29.79778769640568,1.257457327511387,2.8849406345892943,12.573315781863611,50.21515343620172,0,2026-09-03 06:21:52
2026-09-02 16:22:12,CNC-01,L,,313.263019780368,1610.365568843605,45.90127426099376,52.66817651806296,2.1883120501706497,13.843759286600266,51.50260650228769,0,2026-09-03 06:21:52
2026-09-03 03:51:19,CNC-02,M,296.4096524483388,309.84797883428587,2476.8824169778923,21.691565390475876,121.99142449551871,3.1949134638258214,10.171066430591663,58.48937512004074,0,2026-09-03 06:21:52
2026-09-02 16:13:28,CNC-02,M,298.8087711196169,314.46300326461,1789.138116716494,45.11556176134325,218.11268620502935,3.2560808867236166,15.245522494743188,52.60481401916882,0,2026-09-03 06:21:52
2026-09-02 16:56:00,CNC-02,M,298.9745418231826,312.60714424351414,1839.7412040933384,33.410210664674324,45.34061420425951,2.535649144897885,11.611698970749693,57.81492457934674,0,2026-09-03 06:21:52
2026-09-02 13:10:00,CNC-03,H,297.71575251016696,312.74896886107626,1386.467054752619,55.37533206241519,180.8053843756449,2.477784709598782,14.394257537867954,55.71465386361768,0,2026-09-03 06:21:52
2026-09-02 17:14:41,CNC-03,H,299.95466175615707,314.2783501227714,1900.2136644079628,37.21805098512733,103.74167397629944,2.622021448068886,13.042603837090164,49.35963934266228,0,2026-09-03 06:21:52
2026-09-02 21:28:00,CNC-02,M,299.54581660460894,313.4462568425718,2564.81415774401,21.91500656499335,167.9366941716143,3.6106990710101576,10.772438035968188,48.49429494384653,0,2026-09-03 06:21:52
2026-09-02 18:24:15,CNC-02,M,299.2637804950104,314.4690049439035,2042.5364780816824,37.616658882913335,164.57250642568144,3.0567134545387726,14.417621858543608,53.32661376388268,0,2026-09-03 06:21:52
2026-09-02 12:34:43,CNC-02,M,297.45616376147706,311.5462951792987,1314.4375990397748,51.30492933763337,109.70183080195372,2.213955506400809,12.508835908680162,56.63691806562524,0,2026-09-03 06:21:52
2026-09-02 15:22:07,CNC-02,M,298.4874288293548,313.6437364235084,1734.6251114088036,44.694431712110905,144.86771781711744,2.700304536383,14.622249972401884,52.19732520191766,0,2026-09-03 06:21:52
2026-09-03 06:01:00,CNC-02,M,295.2592038695473,308.45120933523395,1981.5620966894608,28.57933877920603,39.3248780754206,2.598396503929827,10.625078929273323,59.2518293562273,0,2026-09-03 06:21:52
2026-09-02 19:14:13,CNC-03,H,27.69323404000733,41.87773858494313,2309.3574538153607,27.96202980866213,258.13753120632504,4.08984095411981,12.024854290275911,51.89022714852878,0,2026-09-03 06:21:52
2026-09-03 05:04:22,CNC-01,L,22.645589960361065,35.83510908109008,2236.9799399151134,27.3454634283116,65.4375343823793,2.876041930800022,11.610607801741384,59.04490725647301,0,2026-09-03 06:21:52
2026-09-02 20:15:00,CNC-01,L,299.24536910122936,313.612451238071,2392.272578554532,28.70837093982941,154.1538275054173,3.325000687941196,13.116570411660756,57.20897877101207,0,2026-09-03 06:21:52
2026-09-02 14:19:46,CNC-03,H,298.26512459733715,312.3253809127571,1566.985364003766,46.9369337249061,0.0,2.2588625027621068,13.506435255365306,57.9738762343739,0,2026-09-03 06:21:52
2026-09-03 06:10:04,CNC-02,M,295.2715524804557,309.1853285970504,1867.975759434049,35.81316800827353,52.78375620182136,2.443448309143168,12.211542156600723,59.10528232882957,0,2026-09-03 06:21:52
2026-09-02 19:31:00,CNC-03,H,27.528583734349468,40.95688033444691,2300.0250864480977,27.9933443640749,19.666975142316623,2.806277603854189,12.27038279440767,47.89990834790361,0,2026-09-03 06:21:52
2026-09-03 01:02:00,CNC-03,H,304.9878415949576,311.5086521621727,2621.3224996057525,,122.80152411656822,3.26499867347392,8.816038354145626,41.59478793602037,0,2026-09-03 06:21:52
2026-09-02 22:54:00,CNC-02,M,299.0976418441606,311.69858970793416,2595.7375644902263,19.200909121303237,34.098575969230666,3.137982330316793,9.677224177850851,57.96997763998423,0,2026-09-03 06:21:52
2026-09-02 22:25:41,CNC-03,H,300.4058118203443,313.9951157006616,2445.682431491856,23.15658154156848,220.78809809068508,3.645822097475593,10.474913960251794,51.71456569252184,0,2026-09-03 06:21:52
2026-09-02 23:16:00,CNC-01,L,299.3027469199371,312.2924627332556,2642.8674873962627,20.61966991382764,118.36304608418163,3.3272840082966084,10.457638956357377,55.08893454824939,0,2026-09-03 06:21:52
2026-09-02 17:18:00,CNC-01,L,299.2630689110921,314.0509991086478,1948.0826975098064,38.93434060698626,133.16275781682498,2.80169038059585,14.228988148393768,49.64523086739945,0,2026-09-03 06:21:52
2026-09-03 01:27:00,CNC-01,L,297.8607686207164,310.0316085987554,2716.073488662388,17.498958821487115,34.430560454861414,3.105934035612348,8.826581008012473,51.55223332793541,0,2026-09-03 06:21:52
2026-09-02 19:30:00,CNC-01,L,26.3414225667791,39.77524019607552,2254.076692870773,25.406537774713076,99.8636243120014,2.935068268879749,10.687407298467436,54.87917647933319,0,2026-09-03 06:21:52
2026-09-03 02:34:00,CNC-03,H,303.9396870158656,311.26379371902664,2653.523165700793,20.422017036666507,223.15157609372665,3.895938712421013,10.16640581581055,42.96444138053261,0,2026-09-03 06:21:52
2026-09-03 02:33:27,CNC-03,H,304.00154045832045,312.2817808079936,2541.110031874714,26.9943157724026,221.01287795782324,3.80568507578087,12.929176447296,43.69986611338992,0,2026-09-03 06:21:52
2026-09-02 17:12:26,CNC-02,M,298.9073397395976,313.1314945220059,1842.22704968156,38.26570896461658,67.62062926832445,2.5401927346216286,13.313390448679826,52.5427844614911,0,2026-09-03 06:21:52
2026-09-02 08:31:55,CNC-03,H,296.5106936671251,311.5113935286001,1590.804823595685,47.91879936026551,216.697210119343,2.849826370293904,14.353609850173866,54.075684062000434,0,2026-09-03 06:21:52
2026-09-02 21:46:33,CNC-03,H,300.6393986438995,314.235706038078,2695.1945268754184,21.63484268776024,177.23310835608476,3.5541741176384245,10.713837765424756,45.19664816201525,0,2026-09-03 06:21:52
2026-09-02 22:51:14,CNC-02,M,299.12545906038764,311.49253347495824,2583.5849035102538,17.625235391905196,31.937216438447948,3.090128571623698,8.723363808985743,56.44357080864236,0,2026-09-03 06:21:52
2026-09-02 09:09:24,CNC-02,M,296.0346153514291,310.28129775598546,1625.4300260681418,44.34107625012666,30.55303262890114,2.2877978844768467,13.38588699028992,60.16326292337445,0,2026-09-03 06:21:52
2026-09-02 21:27:11,CNC-02,M,299.2787635713052,313.29387325110554,2627.1170489632614,23.54507784629016,165.68606436313465,3.4768692899143048,11.362143344145045,53.09144513817056,0,2026-09-03 06:21:52
2026-09-02 20:04:16,CNC-02,M,299.82273123695,312.8354909324881,2461.944133671419,21.37252269934888,71.1472775418109,3.152745215095953,9.897242266441328,49.35810009021519,0,2026-09-03 06:21:52
2026-09-02 07:31:00,CNC-02,M,295.87494932346414,310.76096393121304,1890.993697232015,41.75505637732467,102.94961729792227,,14.874184458293325,59.31800243979524,0,2026-09-03 06:21:52
2026-09-02 23:27:37,CNC-02,M,298.13927717819865,310.5874982563521,2706.585883264731,16.105599255373843,71.68515102913393,3.328535544714119,8.12199101006964,58.94402309921838,0,2026-09-03 06:21:52
2026-09-02 11:27:00,CNC-02,M,296.9972020321622,310.5974333596086,1328.2965089729855,50.6947578119908,0.0,2.002481274447933,12.61491582138654,55.30472513975688,0,2026-09-03 06:21:52
2026-09-02 07:54:00,CNC-03,H,296.3111216395175,311.0729326466327,1652.9664089592889,45.97820510192346,158.7472399354311,2.425539725186692,13.996260966599984,60.085444277412336,0,2026-09-03 06:21:52
2026-09-03 05:46:00,CNC-01,L,22.47612378547888,37.38572310158344,2034.6795139138292,37.81530332401476,120.6823888929093,2.777516405047678,14.345335976995935,59.26399706180402,0,2026-09-03 06:21:52
2026-09-02 17:14:00,CNC-02,M,299.12956297551,312.82949924738847,,32.59365319325486,70.34640872438774,2.6359705271916454,12.146941878992637,57.04085176851981,0,2026-09-03 06:21:52
2026-09-02 12:51:00,CNC-01,L,297.57393989902323,311.7670020473559,1383.4506566773734,51.73460877258741,158.9462314232591,2.486390972355221,13.186851973773694,57.45942934076171,0,2026-09-03 06:21:52
2026-09-02 14:08:00,CNC-02,M,298.22836947639246,311.9668658571971,1341.081792900318,48.66980037055527,31.281586850140176,2.0091232787340774,12.032135854853657,56.68508317906544,0,2026-09-03 06:21:52
2026-09-02 23:11:18,CNC-02,M,298.80739793731954,311.21327905944975,2723.778240232739,16.349977339736004,51.30665715616667,3.2642030317704243,8.234303535378357,52.33744288568803,0,2026-09-03 06:21:52
2026-09-02 14:08:00,CNC-03,H,298.03316797655845,312.3632157930313,1441.231582427314,52.58750007853904,42.46910923106319,2.146511890402257,14.281122921627023,56.07692835868519,0,2026-09-03 06:21:52
2026-09-02 19:07:00,CNC-03,H,27.359188853458875,41.39227960214424,2189.211880283568,27.06980379863538,249.5081874974604,36.02394663083833,11.068864801981444,50.6761402698634,0,2026-09-03 06:21:52
2026-09-03 02:07:00,CNC-03,H,304.3043380889861,311.8431872216558,2711.2385837624643,20.99282116162056,193.051571143967,3.6896680598250087,10.692322035773904,40.70583711577407,0,2026-09-03 06:21:52
2026-09-02 10:36:00,CNC-02,M,296.2109895513128,310.9412952361043,1461.1668311028786,49.44347767186099,165.88626808180646,2.430724235813846,13.43792441173977,55.6597683559947,0,2026-09-03 06:21:52
2026-09-02 22:38:00,CNC-02,M,298.8443617441411,310.68622898551416,2562.1174110476163,16.747406297574607,16.9459874642688,3.120034596120389,8.00023242293043,53.804278654454535,0,2026-09-03 06:21:52
2026-09-02 10:20:45,CNC-03,H,296.2841559437285,310.87053626971533,1410.3068546758525,51.93908621479912,149.83251673099397,2.3441252071803707,13.525378371592678,58.16484898380474,0,2026-09-03 06:21:52
2026-09-03 06:13:00,CNC-02,M,295.6188428058352,309.9494622910209,1878.7890930659528,37.4312347969046,55.493717543578,2.4453888697587627,13.369063595413651,60.47316207935495,0,2026-09-03 06:21:52
2026-09-02 07:31:00,CNC-03,H,295.9011462881045,310.52297695843066,1757.99700803267,43.510965616136815,125.2622280372212,2.490660955260694,14.36344909474592,58.96777057764226,0,2026-09-03 06:21:52
2026-09-03 04:48:59,CNC-03,H,297.35475005480095,311.5626176816871,2352.9392139457645,29.181880165438173,132.27926212715036,3.03149431828704,12.683336935422297,54.93851277217831,0,2026-09-03 06:21:52
2026-09-02 19:08:00,CNC-01,L,26.53077398795756,40.03157972520461,2156.98219692017,29.9331277293838,72.64231559575418,2.844043076878157,11.948052479666725,48.51265204007625,0,2026-09-03 06:21:52
2026-09-02 19:55:19,CNC-01,L,26.2174387994674,40.04225444086387,2320.233500938876,27.84994374159568,129.01079035312117,3.0106660636304903,12.058864709033784,48.71445811209638,0,2026-09-03 06:21:52
2026-09-02 12:55:00,CNC-03,H,297.9625403099826,312.42404111654514,1296.622261468699,53.8380233764358,156.89962566521498,2.2771779120994564,12.976541647280849,59.97598763593754,0,2026-09-03 06:21:52
2026-09-02 13:13:41,CNC-01,L,297.6244982237504,312.729303571138,1359.5011608190107,57.39337411339342,193.7996293970252,2.648423382644762,14.791862417633965,56.038496874997975,1,2026-09-03 06:21:52
2026-09-03 01:53:10,CNC-01,L,297.66243462037465,309.53586369628056,2724.647494336348,16.74128904413211,62.42473657073553,3.299648455001264,8.524148821462228,54.84388406797477,0,2026-09-03 06:21:52
2026-09-03 03:35:00,CNC-02,M,,309.8309629928894,,23.972816340816262,102.18604135695824,3.029827118869643,10.452274710004154,55.40200748495441,0,2026-09-03 06:21:52
2026-09-02 23:52:00,CNC-03,H,299.7883211881213,311.33724284594814,2711.7842860763367,,48.01221403604204,3.268258668259435,6.427041621453508,52.3472416436198,0,2026-09-03 06:21:52
2026-09-03 03:10:00,CNC-02,M,296.6674264199289,309.46214043645915,2644.7862561125976,18.208970396802577,73.2287603199037,31.620250443014854,8.745924018182512,59.21998657577381,0,2026-09-03 06:21:52
2026-09-02 11:26:00,CNC-02,M,296.8253421423145,311.80108769322294,1395.8482048760402,53.27089347157956,245.2483540253748,3.224358342931348,13.877141415805845,59.123114194008345,1,2026-09-03 06:21:52
2026-09-02 23:31:00,CNC-01,L,299.08482893627826,312.202244923208,2742.0492958677605,20.64672724921433,134.4346694279198,3.5644927869139464,10.390826796698525,51.9597861181005,0,2026-09-03 06:21:52
2026-09-03 04:10:56,CNC-01,L,296.23273353572995,308.5385692871751,2389.4425519658103,20.433096917515776,1.178968720123682,2.9923223610165235,8.914350355708567,57.08876137639428,0,2026-09-03 06:21:52
2026-09-02 22:24:16,CNC-02,M,298.8330334013035,311.2681812139428,2661.087394271256,17.901522933698256,3.2483243980365506,3.317447393061793,8.943219099527202,56.154927749536334,0,2026-09-03 06:21:52
2026-09-02 21:10:57,CNC-02,M,299.4883563309888,312.93868631148445,2625.985172674081,21.077309626376262,148.94336777584422,,10.410296547488857,49.574798598314295,0,2026-09-03 06:21:52
2026-09-03 03:54:00,CNC-02,M,296.35289599295817,310.2676178416101,2247.2217178313035,27.394029551791228,124.39794410226682,3.056025987350772,11.545912401456455,55.10935488917854,0,2026-09-03 06:21:52
2026-09-02 11:33:00,CNC-01,L,296.6404168191918,310.75032776711214,1387.2262563176992,50.44007677082557,35.01692181533803,1.9113665879686823,13.105544743088752,60.24522342313528,0,2026-09-03 06:21:52
2026-09-02 15:20:14,CNC-03,H,299.4514856725683,313.4362641492866,1544.185098319129,44.29685602709062,152.70199548474923,2.4454240944617966,12.775536348104648,56.7722848412584,0,2026-09-03 06:21:52
2026-09-02 14:55:00,CNC-01,L,298.4844348837704,313.00193457753454,1554.8126488191797,48.55567118847916,116.176682024233,2.3516658840797464,14.098251798446514,53.25661908133896,0,2026-09-03 06:21:52
2026-09-03 04:54:41,CNC-01,L,22.636410174798527,36.30297994973552,2195.2092618774745,30.34909469442031,55.40457155137127,2.810222075672387,12.33986971006426,61.01749308141778,0,2026-09-03 06:21:52
2026-09-03 04:35:00,CNC-03,H,297.3156072880867,310.80622891124085,2329.94927234242,25.6574646296171,114.97812570807406,2.929921021420589,11.13803161415498,57.02308727977105,0,2026-09-03 06:21:52
2026-09-03 02:35:25,CNC-03,H,298.12759866757904,311.3370658956852,2490.288802888842,20.773017878870032,224.27525668119745,3.869393754183224,9.643751309971188,52.57621486846335,0,2026-09-03 06:21:52
2026-09-02 21:50:42,CNC-03,H,300.8051502445252,314.18312719659946,2677.008554941044,20.916722457024832,181.59518282253543,3.741082374639989,10.69596622182593,50.491812886384615,0,2026-09-03 06:21:52
2026-09-03 05:59:33,CNC-02,M,22.389133387439472,35.37649929219276,2050.366436010308,25.70343074158413,36.70463010554217,2.7020288536428536,9.974153976042505,59.26000642483215,0,2026-09-03 06:21:52
2026-09-02 18:33:00,CNC-02,M,299.6925450781461,313.66844731952364,2160.630388996838,27.63489335928276,176.16335650742533,,10.910686556716431,52.205085751677416,0,2026-09-03 06:21:52
2026-09-02 22:44:00,CNC-03,H,300.45557998153475,314.4686296379143,2657.920864223769,23.175630394158176,239.18765581924995,4.108899069097681,11.571138631993088,55.600166676443614,0,2026-09-03 06:21:52
2026-09-02 16:10:16,CNC-02,M,298.7265377844374,314.1519359873494,1763.767559881928,43.87626949279056,215.1420624126904,3.0507578098522443,14.64313704592444,56.09041542282221,0,2026-09-03 06:21:52
2026-09-03 01:12:01,CNC-01,L,298.1503191820514,309.855018197851,2610.729112908203,,18.19698012060976,3.1136110284311744,7.998310944075606,61.02408841799881,0,2026-09-03 06:21:52
2026-09-02 21:05:39,CNC-02,M,299.6734802127999,313.21287564529007,2510.7756051798874,22.08182516072945,141.9830561720198,3.298464662431292,10.363572695188678,51.95593409330623,0,2026-09-03 06:21:52
2026-09-02 17:26:50,CNC-02,M,298.9071767149533,313.5338203805392,1777.6458760400544,40.65967189633417,86.90170801884175,2.438279120964092,13.64763862530462,55.24684599514283,0,2026-09-03 06:21:52
2026-09-02 21:27:00,CNC-02,M,0.0,312.9592245391008,2495.1010280679857,21.557832626398003,166.80894452945842,3.467837496431079,10.027503186680557,52.93290355455238,0,2026-09-03 06:21:52
2026-09-02 12:53:46,CNC-03,H,297.8764750744232,312.5434288398365,1466.3458591989854,48.56232948110701,153.70726794847852,2.352141077801241,13.10444373496294,57.164429783386105,0,2026-09-03 06:21:52
2026-09-02 19:08:00,CNC-03,H,27.34008761253523,42.46256372186821,2092.9860288555465,37.00317175046112,250.79389902200583,3.751775991844061,14.109519941905669,52.27502853303967,0,2026-09-03 06:21:52
2026-09-03 00:54:42,CNC-03,H,304.83307094950004,312.0098763042437,2596.45339883759,21.213346914448262,116.3966719164542,3.2608849206556747,10.407369742319448,47.56298711285967,0,2026-09-03 06:21:52
2026-09-02 13:49:36,CNC-01,L,297.87756649937734,311.37566227478595,1361.9776053110368,48.21530944072767,14.187318239438028,2.023653861468912,12.192277697386416,58.02147529398047,0,2026-09-03 06:21:52
2026-09-02 19:30:10,CNC-02,M,26.21653593170396,38.72323944188116,2378.6552355458143,21.117927933032952,29.93271695410345,3.041061214916068,9.271393694611913,47.447919424936494,0,2026-09-03 06:21:52
2026-09-02 14:55:00,CNC-03,H,298.47544455298527,312.7410221977292,1547.6023557301644,45.80456145818277,115.04374494131422,2.3343609300446038,13.478260163014236,48.746302372743045,0,2026-09-03 06:21:52
2026-09-02 16:23:00,CNC-01,L,299.1387953449316,313.19350159854395,1762.646785344718,40.91906292922278,55.57420385198167,2.402694717618418,13.551549249015103,58.829837374660805,0,2026-09-03 06:21:52
2026-09-03 00:17:25,CNC-02,M,298.05583587175823,309.5058486642525,2763.6179990713813,11.496053698778477,121.72735244490264,3.389621238490879,5.96663597288659,53.19184384550365,1,2026-09-03 06:21:52
2026-09-02 16:58:24,CNC-02,M,299.26116893152914,312.95489348181326,1845.679643047456,36.13399732972398,46.74477254278842,2.593352575701532,12.58567445210966,50.81974909896715,0,2026-09-03 06:21:52
2026-09-02 23:25:48,CNC-03,H,300.16058332770945,312.0160626486201,2784.995227375702,15.048401472336447,19.20117933664845,3.299904634997797,7.709234458268613,49.21885680879636,0,2026-09-03 06:21:52
2026-09-02 11:30:22,CNC-03,H,297.1559131997681,310.7852538344526,1457.848072068397,46.4093984733871,22.261947074188942,20.70718944435127,12.596262939814755,58.582883955877,0,2026-09-03 06:21:52
2026-09-02 08:09:19,CNC-02,M,295.8630533933925,310.1876633579725,1548.5288896539196,44.28162483537864,157.08799534569647,2.456603536540252,12.764691895837316,59.27494159572242,0,2026-09-03 06:21:52
2026-09-02 22:31:01,CNC-03,H,300.8160963539599,314.6347536426777,,23.460064269465843,224.0693217103924,3.881577349672115,11.45618898406738,48.81149760475122,0,2026-09-03 06:21:52
2026-09-02 13:26:00,CNC-01,L,297.9433557045019,312.7966933114424,1361.4303794793057,52.214272192039104,214.26575281005623,2.958903182364629,13.296517049170255,57.67860070011166,1,2026-09-03 06:21:52
2026-09-02 23:01:00,CNC-03,H,300.10422633432256,313.3897285904172,2835.818655673885,17.63009793068773,257.57325915653684,4.492709207984813,9.406612631746734,52.37958889454104,0,2026-09-03 06:21:52
2026-09-02 17:31:00,CNC-03,H,300.1050852263496,314.0313181279339,2027.2552904484687,32.47981318459332,124.37492581474864,2.716561788326337,12.423434357656072,49.411091964178766,0,2026-09-03 06:21:52
2026-09-02 17:33:00,CNC-01,L,299.35862010564824,313.169621793281,2015.0767180002736,30.88485328329059,153.6240201817327,2.9479776342561568,11.662552225567891,53.87698156916633,0,2026-09-03 06:21:52
2026-09-02 06:57:52,CNC-03,H,296.3045368143073,310.3064340700201,1800.244915046309,38.0931875440394,77.06384000103347,2.4501913333233603,12.7594158560734,62.22132454644441,0,2026-09-03 06:21:52
2026-09-02 17:33:00,CNC-02,M,299.6377837737088,314.2320039055775,2072.603349851327,34.42382020551305,96.45242671986637,2.6781241330798724,13.15142271050305,52.046183007121606,0,2026-09-03 06:21:52
2026-09-02 13:30:01,CNC-01,L,297.7213814904139,312.5470653288663,1378.5853605900277,54.88346853555311,218.99841721866295,3.119774000944737,13.803289405352851,60.442883525626506,1,2026-09-03 06:21:52
2026-09-02 23:46:20,CNC-01,L,299.1067263471621,312.1696885066468,2537.344107075284,20.728420029996112,151.47392207531027,3.5002793957351988,9.84640893058862,53.46154458640755,0,2026-09-03 06:21:52
2026-09-02 22:19:44,CNC-02,M,299.058518063396,312.8199767800947,2657.6136306498965,19.30983005292812,226.28309541650447,4.05510233956324,9.876740762177707,54.75300306076367,0,2026-09-03 06:21:52
2026-09-03 00:32:23,CNC-02,M,303.4320019724344,309.0255559460128,2718.0351883608605,12.459424636585586,137.72433620339132,3.48165778046526,6.236396542161208,47.21853445864147,0,2026-09-03 06:21:52
2026-09-03 04:26:25,CNC-03,H,297.5649711119202,310.8827544113327,2300.9914777203226,26.424877380390456,103.98641277936846,2.911110166880829,11.36044735105129,53.049112944098624,0,2026-09-03 06:21:52
2026-09-03 05:47:00,CNC-02,M,22.49532774136094,36.1254185614365,2188.750900414615,28.090221114308488,20.96003252556933,27.38305275337234,11.442155777129924,59.54569371539928,0,2026-09-03 06:21:52
2026-09-02 11:26:00,CNC-01,L,296.5597375301254,309.9036662930099,1320.723768170906,50.25776125593254,23.91398116055969,2.0456214280044422,12.568737788878606,55.22799405100345,0,2026-09-03 06:21:52
2026-09-02 21:15:23,CNC-02,M,299.2206479838004,313.0929924969066,2569.7082288524216,23.6364371028454,152.3690229181114,3.471052939591752,11.5585578312734,52.32461857974202,0,2026-09-03 06:21:52
2026-09-02 19:48:00,CNC-02,M,,39.94770295711379,2403.498380843996,24.64043837881454,51.94513188547232,2.9983570118863785,11.10624193603852,57.33722279577248,0,2026-09-03 06:21:52
2026-09-02 08:03:00,CNC-01,L,301.41194693211776,310.1825964024991,1739.1466033349468,43.14606823924865,157.81380607132323,2.7436155090648464,14.244820855606896,46.095082566654526,0,2026-09-03 06:21:52
2026-09-02 09:11:00,CNC-02,M,296.14626134526634,310.6886600977352,1575.2021603403618,48.97772199128205,33.660576359552955,,14.508388289623012,60.06835671920029,0,2026-09-03 06:21:52
2026-09-02 17:28:09,CNC-03,H,300.23228133816247,314.84142576448795,1873.7568790799385,39.220826885692645,121.6819004166407,2.637594744223509,13.759587970530289,52.567301060801626,0,2026-09-03 06:21:52
2026-09-02 19:08:00,CNC-02,M,26.56446947356153,39.26749375503954,2135.651956249559,25.493805419264422,2.548788888950871,2.8035709107858904,10.199865770032234,54.46375348825867,0,2026-09-03 06:21:52
2026-09-03 00:58:00,CNC-03,H,304.8108415631082,311.3990954041346,2677.8167926623414,17.677677059328886,118.55652353471552,3.239388845403933,9.021788860542827,44.58186217314555,0,2026-09-03 06:21:52
2026-09-02 22:13:15,CNC-01,L,299.4093729274909,311.37745141697656,2784.284107705804,13.871428620450011,50.52856769804978,32.675283570121444,7.25689395606183,54.37094805604441,0,2026-09-03 06:21:52
2026-09-02 16:06:00,CNC-03,H,299.6515300778918,312.8891527835369,1755.5104943333704,35.62132062431051,4.332537090970186,2.409519090625738,11.652724562109096,50.436824966047865,0,2026-09-03 06:21:52
2026-09-02 10:35:00,CNC-02,M,296.6088700475471,311.78149947641464,1465.5734978235844,53.75663417907312,164.34036373145716,2.446281568553873,14.690977719985549,62.68856627448587,0,2026-09-03 06:21:52
2026-09-02 14:30:12,CNC-01,L,298.4135494792367,312.5471050962035,1540.5230206280892,45.74254183410075,76.53060093572212,2.064449805781106,12.82829634044382,57.2406725245913,0,2026-09-03 06:21:52
2026-09-03 02:04:14,CNC-03,H,304.54462257832665,311.82588695397544,2649.9299810850634,19.30230937897052,190.8770038770351,3.633383110518124,9.513429909053682,45.553279604291305,0,2026-09-03 06:21:52
2026-09-02 07:31:00,CNC-01,L,301.5502310277004,309.74332119892284,1959.2044017775247,36.20513122745496,111.22073801830672,65.84338921186468,13.33333101451439,50.47996864551415,0,2026-09-03 06:21:52
2026-09-02 07:53:13,CNC-02,M,295.61356301947063,310.32965481761534,1780.697784483296,41.41327892344963,136.3877244350044,2.564334035117446,13.72122930711248,57.51779648168761,0,2026-09-03 06:21:52
2026-09-02 14:05:01,CNC-02,M,298.1699027632514,311.94639869477425,1323.8558925330713,49.934314611797326,28.125331281610865,1.935121600386621,12.159769947702022,53.00906925942752,0,2026-09-03 06:21:52
2026-09-02 15:52:00,CNC-01,L,298.99572880070093,313.1414610474123,1689.303016783879,45.04037475884084,10.243300356678406,2.29374925111881,14.135778218185688,54.78241628247835,0,2026-09-03 06:21:52
2026-09-02 23:01:41,CNC-01,L,299.4659029506845,311.50628666812975,2632.941820601229,16.294251341874475,104.40891268014136,3.2271958257478355,69.2261777185404,52.86033476356619,0,2026-09-03 06:21:52
2026-09-02 10:24:00,CNC-03,H,296.8762365417924,311.7806017868276,1521.33857540604,50.12515925540635,152.987336463612,2.412970437376865,14.255430302191025,59.0818041272277,0,2026-09-03 06:21:52
2026-09-02 08:26:08,CNC-03,H,296.4465774244527,311.851899060773,1555.2839849879276,50.998041548221295,206.16975950220436,2.700981935989445,14.804400651712,58.17128174052032,0,2026-09-03 06:21:52
2026-09-02 20:08:29,CNC-01,L,299.2442832222815,312.3628217914565,2365.7890458073844,23.4650188866344,145.78401678213166,3.217856318101981,10.122995314489664,56.252376750029576,0,2026-09-03 06:21:52
2026-09-02 06:28:00,CNC-01,L,295.96301157596804,309.7365690525349,1737.893751150568,39.548294355762,22.97442304791019,2.4340529428465496,12.949338161115683,59.28733147303593,0,2026-09-03 06:21:52
2026-09-03 02:05:00,CNC-01,L,297.5024675810231,310.227591957444,2544.485306491895,21.15979897319181,75.60929237504956,3.124146358036096,10.121890558888635,56.638220978634536,0,2026-09-03 06:21:52
2026-09-03 01:28:38,CNC-02,M,297.4460711376893,310.9042116785335,2664.6784729873743,19.385319328286965,198.61082702452364,38.13119800986145,9.577721987206209,56.38113546715629,0,2026-09-03 06:21:52
2026-09-02 20:39:48,CNC-03,H,300.9795572536205,313.04289479069155,2511.2189109629358,16.92573837969605,102.6956267105856,3.1372619923942326,7.784491768529648,52.56701635550738,0,2026-09-03 06:21:52
2026-09-02 07:57:00,CNC-03,H,296.30332507169965,310.8215327787169,1635.3394771427772,43.77506906356962,163.2110060636273,2.5397628902509166,13.357333977534314,60.73325594686858,0,2026-09-03 06:21:52
2026-09-03 03:12:01,CNC-02,M,296.39858351864586,309.30916671919283,2552.5659808829555,21.185160271772915,75.48662016318792,3.1553202168456003,10.28211719079064,57.68317164752277,0,2026-09-03 06:21:52
2026-09-02 13:15:00,CNC-01,L,297.83811719765856,312.9687717521236,1375.7918818720627,54.82888198814045,196.9500493379996,2.8366862569839983,14.17694460463906,51.637278168985134,0,2026-09-03 06:21:52
2026-09-02 18:08:26,CNC-01,L,299.47011723911254,314.10095508682866,1880.553958640072,38.277423632042975,199.33280967997757,3.21090432077218,13.277032069852956,54.15500219566929,0,2026-09-03 06:21:52
2026-09-03 04:55:00,CNC-03,H,23.80702819477341,38.47749485106226,2225.209254642316,32.056129161357354,139.79274073499317,2.930536038367328,112.76943901924288,52.89824043889772,0,2026-09-03 06:21:52
2026-09-02 13:27:00,CNC-01,L,297.77607089116407,312.31437241832293,1321.2677686599077,54.89540314009892,215.86575281005625,3.020947315763922,13.749702960527634,55.54393336111849,1,2026-09-03 06:21:52
2026-09-02 06:21:00,CNC-01,L,296.222293825218,309.3483044140882,1995.4280341187864,30.682240459163253,13.42894292722067,2.514028661194456,11.507582353582572,54.83288205688198,0,2026-09-03 06:21:52
2026-09-02 20:10:00,CNC-01,L,299.2587351581815,312.7481911825843,2405.2373993227047,24.5486396621043,148.1641981405502,3.2167743512928277,10.996487989019268,51.942753174509456,0,2026-09-03 06:21:52
2026-09-02 15:12:00,CNC-02,M,298.4428639436306,312.75176242909964,1443.8321513890196,47.71554162607666,129.846342194751,2.240764179166172,,55.642506141186274,0,2026-09-03 06:21:52
2026-09-02 14:33:00,CNC-01,L,298.3785702733379,312.85222336253406,1503.3875686418478,50.26318367685489,82.65775751254628,2.107024031736917,13.991671233936636,54.21972464587125,0,2026-09-03 06:21:52
2026-09-02 17:11:00,CNC-02,M,299.1835842287705,313.187076398861,1976.89983340972,34.04997250952957,66.23196468860107,2.667867725671125,12.437253535879131,50.9950193805256,0,2026-09-03 06:21:52
2026-09-02 19:36:18,CNC-02,M,26.222526084066487,39.5056425771383,2275.440950017024,25.216250812126965,36.086049761980746,2.7335811252661544,10.812488069153511,51.45898192366727,0,2026-09-03 06:21:52
2026-09-02 07:02:26,CNC-01,L,295.9609438502485,310.63597440565087,1843.157082922962,42.0175214784862,70.073660959215,2.4924326403882704,14.500974176392717,57.88996031501329,0,2026-09-03 06:21:52
2026-09-02 14:20:00,CNC-01,L,298.2222669215418,312.33764868221203,1453.5553447126772,50.42204125160026,62.72494988607173,2.0534969579599824,13.953256524278348,58.130634275158826,0,2026-09-03 06:21:52
2026-09-02 07:32:00,CNC-02,M,296.00034077651424,310.29624442689294,1819.8462532804704,38.143338021084126,104.38064653095412,2.5066696502398944,12.710197511928309,58.2064659511536,0,2026-09-03 06:21:52
2026-09-02 18:11:00,CNC-03,H,300.14965509900736,314.45258238520586,2052.4817938867523,33.41656153952718,177.9718963126334,3.0044213514590097,12.900848790735594,52.23366873809008,0,2026-09-03 06:21:52
2026-09-02 09:56:22,CNC-03,H,296.53157411923445,310.5341341069433,1385.1409067809873,48.80306196752184,110.8017272669872,2.1703636533565387,12.792388370069002,58.55489619487487,0,2026-09-03 06:21:52
2026-09-03 02:37:00,CNC-03,H,298.1643231647033,312.15019508612045,2615.097016008061,24.114217824641425,226.4621053176193,3.8684078923877143,11.490596391431309,56.70262124585378,0,2026-09-03 06:21:52
2026-09-02 10:47:10,CNC-03,H,296.58817031889106,311.005797667355,1378.652836245437,49.66065290923732,190.5762050299587,2.4758353163110938,12.87426589232747,57.01056461755372,0,2026-09-03 06:21:52
2026-09-02 12:37:00,CNC-02,M,297.32269436633885,311.97334794567456,1492.5332004689476,50.77384707856074,111.2634416905492,2.2789460771946835,14.088132399029158,54.22107020557369,0,2026-09-03 06:21:52
2026-09-03 05:05:00,CNC-01,L,22.740652676277197,35.95045455923753,2094.340212181768,27.330711316604017,67.98940461182431,2.6651798985949067,10.327941935561444,57.924483387308186,0,2026-09-03 06:21:52
2026-09-02 14:55:00,CNC-02,M,298.32581749553407,312.9159196449947,1490.2099927180918,49.24935114752984,104.3424722078724,2.199605312369389,13.431233832563398,56.09570360402075,0,2026-09-03 06:21:52
2026-09-02 17:37:00,CNC-03,H,300.2269010073822,315.11368630950403,1998.399458419198,38.13157310778112,132.61008344972157,2.7188303376448317,14.26721880070862,54.78807398866046,0,2026-09-03 06:21:52
2026-09-03 01:06:00,CNC-03,H,304.678195032332,311.0040046200677,2794.326763782984,15.24108762255241,126.98275849838431,3.4560938238682937,8.045876664451548,41.83847626299613,0,2026-09-03 06:21:52
2026-09-03 02:02:34,CNC-01,L,297.220972124185,308.95842328106176,2547.463079151197,14.261387295436212,73.37699773484886,3.1890461381042847,6.849895081664578,54.85489491419099,0,2026-09-03 06:21:52
2026-09-02 11:48:00,CNC-02,M,297.05538698728697,310.6495948161038,1349.7256831158977,49.400794421496165,33.4783492419514,2.006588534434512,12.492586129152537,54.53067339151298,0,2026-09-03 06:21:52
2026-09-03 05:11:08,CNC-02,M,22.56966636373568,37.42667364844607,2080.072502778617,35.46863647813745,220.68137654343445,3.46237476248433,13.882723801794242,60.02488970548248,0,2026-09-03 06:21:52
2026-09-02 15:12:00,CNC-03,H,299.07877485248565,313.21921776043393,1622.5165489617536,44.69627808530706,140.78289425238117,2.5102674359793915,13.542391365202782,48.37340753209487,0,2026-09-03 06:21:52
2026-09-02 12:40:00,CNC-01,L,297.34001900313245,311.66906264112606,1471.5495315519224,47.01479278080641,141.4834584722866,2.442822686213115,12.912213971413731,57.59101739508672,0,2026-09-03 06:21:52
2026-09-02 06:59:00,CNC-03,H,296.0849160736046,310.1977807782895,1996.846212360484,36.12150448290236,79.81315286589799,2.6793926289155783,13.252443034436734,61.29101373650453,0,2026-09-03 06:21:52
2026-09-02 20:11:00,CNC-03,H,300.6514025820046,313.7232354166367,2539.0649624540592,21.67661916987761,67.72868642374026,3.0709666943693383,10.4632213566933,52.23115557772834,0,2026-09-03 06:21:52
2026-09-02 13:47:00,CNC-01,L,297.94105746374936,311.9083223193962,1392.2112268295527,52.47378467099247,10.987318239438029,1.988175294787948,13.689345188029195,52.23438171520269,0,2026-09-03 06:21:52
2026-09-02 15:55:18,CNC-03,H,299.4821021554966,315.3059134224633,1737.9353966982787,49.22171966791733,203.43193193314056,2.9410645773566872,16.019098264325937,53.4725830023968,0,2026-09-03 06:21:52
2026-09-02 11:34:00,CNC-03,H,297.2314099411852,311.0873003916619,1371.4171380792966,50.947078211522,28.646000952999024,2.0287816316768232,13.071346513715971,55.42021654024289,0,2026-09-03 06:21:52
2026-09-02 18:29:00,CNC-03,H,300.492522776804,315.4910408772077,2169.983815974564,35.4722929403803,201.45713408667308,3.292950848985381,14.282796182918396,54.24465372022176,0,2026-09-03 06:21:52
2026-09-03 03:35:36,CNC-01,L,296.2938033967615,310.2102754228555,2432.6838384016123,26.04402569879934,178.97898617871908,34.243668338282994,12.01755218850496,58.64936857617547,0,2026-09-03 06:21:52
2026-09-02 20:15:51,CNC-02,M,299.8592732763075,312.531848023364,2408.46402325693,18.93335540104629,85.31596058423344,3.091669197580205,8.660317677032937,48.63091795951873,0,2026-09-03 06:21:52
2026-09-02 06:29:00,CNC-03,H,296.48421468732505,310.6126584588901,,37.015568734075806,38.29787522154566,2.5524834738605646,13.386780299084704,59.48256286620783,0,2026-09-03 06:21:52
2026-09-02 06:22:00,CNC-02,M,296.1939414266854,310.0194480961352,1974.293331324575,37.028046229955166,6.589668251069808,2.5144827579911606,13.727444403131289,58.61615852630326,0,2026-09-03 06:21:52
2026-09-03 04:27:00,CNC-01,L,295.9385325666371,308.99216190102203,2304.8570973537603,26.557479329489222,20.62444419103608,2.842681184599529,11.339862047824532,58.0156604095821,0,2026-09-03 06:21:52
2026-09-02 23:28:55,CNC-01,L,299.4976233508908,312.69363305238795,2518.637094349358,22.449014937127316,132.30771093927385,3.3522715456139944,10.805683517718352,45.94872762332902,0,2026-09-03 06:21:52
2026-09-02 14:07:09,CNC-03,H,298.6584027098088,312.4066123536312,1448.7511573161046,46.82500638489689,39.29401671005641,2.141785141431394,12.90397111034144,54.65962081992909,0,2026-09-03 06:21:52
2026-09-02 20:43:00,CNC-03,H,301.07842634542044,315.1267889349717,2374.8251717846865,27.986248363163067,105.10448255119655,2.948176161932873,12.65286384520734,53.72084640408684,0,2026-09-03 06:21:52
2026-09-02 08:04:34,CNC-01,L,301.2858134859967,309.8746704249705,1685.9311384684545,43.80073604600313,159.2846992918044,2.7255135764806626,13.962723794111556,49.59475290723341,0,2026-09-03 06:21:52
2026-09-02 22:32:00,CNC-03,H,300.51073596214184,313.9118327686401,2734.888264271521,19.099589093048756,226.17863597139367,3.971905858217807,9.599735142424274,55.32940790881931,0,2026-09-03 06:21:52
2026-09-02 22:36:05,CNC-02,M,298.7243943422907,310.72958469646164,2693.9002981453627,14.820319392990998,14.804152637178124,3.2468070585626925,7.730947055754405,52.26207217666575,0,2026-09-03 06:21:52
2026-09-03 06:14:41,CNC-03,H,296.60392360373544,311.9902368620649,1938.9606467061212,41.30430935831264,245.95318234248015,3.4034791471560792,14.892879965641706,60.694723378317526,0,2026-09-03 06:21:52
2026-09-02 08:17:56,CNC-01,L,301.2946481997289,310.10592381931724,1719.3418787437768,43.99142945793153,179.97967616446215,2.8394060178592944,13.92611318599724,50.14334951064272,0,2026-09-03 06:21:52
2026-09-03 00:43:00,CNC-02,M,303.4263502974763,310.8671863378217,2777.314661526942,19.20421740671751,150.3552385050004,3.580823705454204,10.06556645088979,43.33844193309282,0,2026-09-03 06:21:52
2026-09-03 06:08:00,CNC-02,M,295.5070267978375,309.507200504183,1839.7827142470865,37.17647216068077,48.75395324597204,2.381808178433888,12.722612832872784,58.81156211476775,0,2026-09-03 06:21:52
2026-09-03 03:08:51,CNC-02,M,296.7297950758282,310.67292518859387,2389.4316476349454,26.438024584468355,70.93712210672845,2.855581362193074,11.853635328308464,55.321326502757664,0,2026-09-03 06:21:52
2026-09-03 02:35:24,CNC-02,M,296.890912135996,309.3657202607505,2432.8169435187024,19.285551082671784,33.452586646979704,3.0279038046043683,8.884697838764017,53.51812491788553,0,2026-09-03 06:21:52
2026-09-02 17:59:53,CNC-02,M,299.4338562245059,313.4249788497777,2149.608295717689,28.964282080987765,134.21670485494406,2.999695960628097,11.835176018786491,48.32526872396861,0,2026-09-03 06:21:52
2026-09-02 13:58:00,CNC-01,L,297.9387852722094,311.6370465873997,1403.077059404572,48.39416153347619,28.305367200681022,19.820718236200086,12.524643447681203,57.8234744788742,0,2026-09-03 06:21:52
2026-09-02 20:01:00,CNC-03,H,27.69075228703429,40.25134372283179,2219.0200911646907,24.32059897631829,55.93128767925298,2.798502550900453,10.051900552236274,53.63776841619636,0,2026-09-03 06:21:52
2026-09-03 01:55:00,CNC-01,L,297.2139154018857,309.1179740270553,2584.8145305528365,16.257664451588607,64.56858457505588,3.0694977808553805,7.915467978623808,53.41025326337148,0,2026-09-03 06:21:52
2026-09-02 08:06:00,CNC-01,L,301.62427353821755,310.3610829793557,1639.682459891683,44.78234888212716,162.1839243676489,2.738668259924393,14.038817382187943,49.173652165012,0,2026-09-03 06:21:52
2026-09-02 23:48:00,CNC-01,L,299.1573021371625,310.8166397555579,2740.624632355914,13.594581838191305,152.51751673564934,3.72154618659384,7.071740509654164,52.2501798228129,0,2026-09-03 06:21:52
2026-09-02 20:58:00,CNC-02,M,299.60360040650977,313.3836141096944,2475.275000718715,25.132992890055224,134.00566425943276,3.2591296704988824,11.504520817524796,48.19888063814763,0,2026-09-03 06:21:52
2026-09-02 13:31:00,CNC-01,L,297.8267513232403,313.1060528400533,1472.687063062098,53.19773100620603,222.12381744212,3.257115272243066,14.52674430716931,51.459938330077065,1,2026-09-03 06:21:52
2026-09-02 08:28:00,CNC-03,H,296.413589759579,311.4992749632746,1789.736645968958,42.88552976077583,209.16302056330449,3.1131919632238367,,56.01615503523096,0,2026-09-03 06:21:52
2026-09-02 11:27:00,CNC-01,L,296.6025575966035,310.6513127544749,1438.2501023275522,50.8989848183662,25.492578745850174,2.128803861508877,13.776449208426309,53.34330122075167,0,2026-09-03 06:21:52
2026-09-03 00:36:12,CNC-03,H,299.7566703375683,311.9374976494836,2730.9781071647653,15.902937545329037,93.93328534106836,3.3462588664395327,8.133360618995258,55.37350107620277,0,2026-09-03 06:21:52
2026-09-03 00:00:00,CNC-02,M,298.1604530624701,310.4229406312191,2716.888074241425,15.28956781035662,104.61277206532004,3.2180196222612243,7.636316190265744,53.79987204573146,0,2026-09-03 06:21:52
2026-09-02 19:07:30,CNC-01,L,26.783129854901063,40.71044278286325,2020.6855556084172,33.760124172380884,73.94858338497123,2.684619713848087,13.05618672974224,51.42782311280637,0,2026-09-03 06:21:52
2026-09-02 17:31:22,CNC-02,M,299.40225707603724,314.345754392062,1888.081857609996,42.10635814208774,93.77898077880153,2.513553984122988,14.61803023037148,47.45270195986829,0,2026-09-03 06:21:52
2026-09-02 21:12:02,CNC-02,M,299.56712228066226,313.14202051577473,2517.3754710825965,22.54484062793996,150.0936362635376,,10.52852503341413,51.59560174258991,0,2026-09-03 06:21:52
2026-09-02 06:25:00,CNC-03,H,296.1066391455085,310.49090016560274,2039.8767327452715,36.15090823226824,32.8842179922618,2.5541222034532365,14.021519008741476,57.45130381852376,0,2026-09-03 06:21:52
2026-09-02 11:54:00,CNC-03,H,297.2475504006026,311.4243748520376,1452.157916403862,50.592000058938936,60.4786192375132,2.160388083965794,13.894847631224684,61.50643885322685,0,2026-09-03 06:21:52
2026-09-02 08:04:00,CNC-03,H,296.4186929890845,310.7332211864315,1687.704105551587,43.117543346197465,173.39346200909392,2.6542300478009038,13.664033148990878,55.716744214992254,0,2026-09-03 06:21:52
2026-09-02 14:09:00,CNC-02,M,298.38687566061293,311.76296943876,1310.646681083963,47.22167626330959,32.881586850140174,1.8463204096032733,11.510349516467782,55.03145328369093,0,2026-09-03 06:21:52
2026-09-02 17:27:24,CNC-01,L,299.49655816365555,314.2883503560772,1985.507501507476,38.570232166380336,145.4958940206518,2.8716334499767866,14.330776064760524,51.6782530208806,0,2026-09-03 06:21:52
2026-09-03 03:19:00,CNC-02,M,296.5505749961644,310.5490193963695,2484.242301310036,25.945256618811573,83.56052445197811,3.035641286347935,12.362300332055748,54.6724472590701,0,2026-09-03 06:21:52
2026-09-02 15:11:00,CNC-02,M,298.53069965365404,312.9755758007563,1675.338682928206,42.325869398123366,128.2827071650006,24.2383892582652,13.04047761524399,54.20237245020208,0,2026-09-03 06:21:52
2026-09-02 07:32:00,CNC-01,L,301.53004906596647,0.0,1756.376115527678,44.36559633934391,112.66313798617723,2.5216054801239585,14.269380450824304,48.5334521608237,0,2026-09-03 06:21:52
2026-09-02 07:01:24,CNC-01,L,296.0874861371792,309.9732360943976,1849.2993767600487,36.73869100183391,67.25417785909498,2.463167814104273,12.606975844092789,61.12825855759795,0,2026-09-03 06:21:52
2026-09-03 05:04:00,CNC-03,H,23.89716496005701,37.7391776578969,2240.753525476206,30.28562792443713,151.0987216813706,3.18541896064554,12.477834308162704,58.29816837823203,0,2026-09-03 06:21:52
2026-09-02 10:43:00,CNC-03,H,296.5006232317758,311.44485301240223,1543.9364110437948,51.09019124064515,182.77514481674672,2.475210285668346,14.720726016349245,57.49724969483994,0,2026-09-03 06:21:52
2026-09-03 00:43:00,CNC-01,L,298.5371310646333,310.92432359291644,2802.3163045834126,14.892215219538771,210.94692013326588,4.149537097036834,7.74425047696172,57.46539381945698,0,2026-09-03 06:21:52
2026-09-02 14:54:00,CNC-03,H,298.6634796132315,313.148216145545,1578.1396881885134,46.64889631829836,113.5122912550907,2.386013385229157,13.786449822758192,53.04516361275571,0,2026-09-03 06:21:52
2026-09-02 06:22:00,CNC-03,H,295.8666709474826,308.88159580422644,2086.766676122841,29.120020669332995,28.83283342788893,2.7109937089319898,11.367692352281937,53.43511456942186,0,2026-09-03 06:21:52
2026-09-02 10:19:00,CNC-02,M,296.39607620768777,311.1638367638549,1555.1162915225884,47.589762834766255,139.11894181313846,2.414998468766737,13.594709206807783,58.96204036858477,0,2026-09-03 06:21:52
2026-09-02 18:09:48,CNC-02,M,299.2663174543412,314.0997725359947,1977.085443787032,36.78049102012313,146.17456547293924,2.748634289032793,13.650649786820548,52.58201868851459,0,2026-09-03 06:21:52
2026-09-02 13:25:59,CNC-01,L,297.5499926895502,312.6070961320005,1464.4415494727727,52.84226137171655,212.693095227576,3.0070461679933413,14.325964025087911,59.43309380041188,1,2026-09-03 06:21:52
2026-09-02 16:11:00,CNC-02,M,298.93939899053083,314.1444208951447,1514.834275702946,50.11024218412399,216.67321013592772,2.810014321851966,14.04742944276867,50.84878202170992,0,2026-09-03 06:21:52
2026-09-03 03:20:00,CNC-01,L,296.75880345332223,310.3973932536065,2491.0862501733154,25.326734663284093,160.2327664242321,3.476364293798724,11.519585871327948,54.60901528573263,0,2026-09-03 06:21:52
2026-09-02 13:02:00,CNC-03,H,297.78729502165754,312.18496289270007,1386.2092111321715,50.9776983612452,168.05295278113846,2.4123940218871462,13.459950200136005,52.15132745318211,0,2026-09-03 06:21:52
2026-09-03 01:30:00,CNC-02,M,297.31130233806044,310.9869943932143,2630.831269968712,20.926954735222765,200.7641426803995,3.786573655102523,10.399726235093652,55.06973396071079,0,2026-09-03 06:21:52
2026-09-03 00:46:00,CNC-03,H,304.9037038945927,310.7984870605011,2739.6011382627707,14.22609630831913,105.56754031710877,3.363302510667439,7.113422016484497,36.4781437978005,0,2026-09-03 06:21:52
2026-09-02 18:40:26,CNC-01,L,299.8527723493034,313.1414463913032,2184.213986007034,28.138570190451823,38.884377302372606,26.905161478830653,11.80525363831742,51.42703245303378,0,2026-09-03 06:21:52
2026-09-02 17:34:47,CNC-03,H,300.07924976735376,314.7872751753161,1923.312537826416,38.40711184322648,129.90890682474506,2.616606712487779,13.721744721015735,47.12675199826187,0,2026-09-03 06:21:52
2026-09-02 17:18:00,CNC-03,H,300.2358122119197,314.6448501422757,2034.5324315902303,35.42589295542378,106.4372981238018,2.773116979520239,13.800218829589909,52.83728949697817,0,2026-09-03 06:21:52
2026-09-02 22:42:52,CNC-03,H,300.184260005446,312.6372262374074,2777.6066326367936,14.664994047127486,236.99966897077576,4.096435953527155,7.407761263686842,51.22111465508363,0,2026-09-03 06:21:52
2026-09-03 05:15:00,CNC-03,H,23.744258333558943,37.88294661117402,2008.1396891484144,32.93593057484729,165.2033825814813,2.915933707053127,12.360636381170334,55.62187219964113,0,2026-09-03 06:21:52
2026-09-02 07:04:00,CNC-01,L,296.05199241913164,309.52586753947054,1805.502841855886,34.92559548195285,72.8394986018617,2.309156822659756,11.660866383157572,61.19852519182625,0,2026-09-03 06:21:52
2026-09-02 07:56:00,CNC-02,M,295.81459881770314,310.5439216273403,1546.014495963008,46.78651742336954,139.38381111216287,2.403148576987733,13.762879197931394,55.88710433686904,0,2026-09-03 06:21:52
2026-09-02 10:35:27,CNC-02,M,296.4821114567874,311.08887288046964,1315.203319537358,54.67487118291863,162.7680951079506,2.325174979968026,13.583541239928795,53.02522270675969,0,2026-09-03 06:21:52
2026-09-03 02:49:00,CNC-03,H,298.2031671735992,312.5657418746416,2366.094625077329,28.319435045036457,239.99493656503145,3.9628049510445424,12.273748017136285,56.25636640573852,0,2026-09-03 06:21:52
2026-09-03 03:39:03,CNC-02,M,296.5748593527816,310.06706362690267,2442.2103888782467,22.75035359126959,107.970313466773,3.0133547102081377,10.560149892742016,58.58195906715799,0,2026-09-03 06:21:52
2026-09-02 18:12:00,CNC-02,M,299.37535412116773,314.04805178127583,2077.521867981816,33.87174490757332,148.85746686862453,2.9615829055601943,13.506191844415731,50.68792781348749,0,2026-09-03 06:21:52
2026-09-03 00:58:52,CNC-03,H,304.9862499564192,311.23275754309736,2732.2337988027257,15.688723732059088,,3.44092797438372,8.306953015439996,43.27635550269599,0,2026-09-03 06:21:52
2026-09-02 19:57:38,CNC-03,H,27.58780898422316,40.06399408429718,2490.47414842798,19.412669128173725,53.52791676522707,3.076068052605334,8.96155607468375,49.07659606392923,0,2026-09-03 06:21:52
2026-09-02 18:01:34,CNC-01,L,299.3757841232184,314.43809268316033,1809.229968130804,42.18396988939244,191.3032627015777,3.157776266445564,14.402537683525791,54.3944854169677,0,2026-09-03 06:21:52
2026-09-02 22:03:50,CNC-02,M,299.18712772072126,313.16979895645665,2545.308228098402,23.569595843104214,208.8075538756205,3.784123010114095,11.409850633661106,53.31708802978163,0,2026-09-03 06:21:52
2026-09-02 11:55:20,CNC-03,H,297.4021246642571,311.6905605538373,1447.7534664573714,51.42656984564392,63.62199410626342,2.1774087291203945,14.130550671298009,54.42875817254951,0,2026-09-03 06:21:52
2026-09-03 05:14:16,CNC-01,L,22.80301640883488,36.42281166619671,2181.9538367942027,30.139884843636278,78.16831745636765,2.758992364150918,12.44880221230917,57.95786161839603,0,2026-09-03 06:21:52
2026-09-03 05:58:19,CNC-02,M,22.69142337259996,37.23984892457128,1855.0157673039173,39.61261062135524,34.061624721466174,2.518673509916563,13.983652662052917,58.227364721021495,0,2026-09-03 06:21:52
2026-09-02 19:45:45,CNC-02,M,26.686301232117103,39.75434060464352,2356.363301319981,24.223064782183695,49.47737512636555,2.999437400030621,10.779406840577767,51.10152675250296,0,2026-09-03 06:21:52
2026-09-02 08:01:43,CNC-01,L,301.2115867634343,309.7025179331915,1593.2152600712614,44.41417271362335,5570.597407305031,2.538014522875884,13.323104459629109,52.378634378547865,0,2026-09-03 06:21:52
2026-09-03 00:48:24,CNC-01,L,298.62710956285275,312.41285304285054,2559.37092394562,23.22774302232053,216.36270055391816,4.090872120440372,11.063736136551862,50.53561235003124,0,2026-09-03 06:21:52
2026-09-02 17:28:00,CNC-02,M,299.3142684435261,313.6535475898445,1992.4627236923911,35.12577128631226,89.64331608751695,2.6419465553439787,13.096511007703576,55.67137058630101,0,2026-09-03 06:21:52
2026-09-02 06:34:02,CNC-01,L,296.07946985974667,309.6753001444091,1956.9206146741176,35.15111728560846,31.177263786578404,2.624393855664507,12.875457163796742,57.94822032453267,0,2026-09-03 06:21:52
2026-09-02 08:20:00,CNC-01,L,301.40290553219154,309.7655091551865,1652.9877248491891,42.363636820626176,182.93963086132555,2.8801560770096915,13.145863107000997,47.753478808796096,0,2026-09-03 06:21:52
2026-09-02 07:52:29,CNC-03,H,296.1427317290511,310.5951435286166,1573.5756011429,45.285530981429226,155.76984995029423,2.317606697645953,13.00005171449943,64.70540249348845,0,2026-09-03 06:21:52
2026-09-02 07:33:34,CNC-02,M,295.786452089012,309.71858048949184,1843.9694160247132,37.14675450051773,105.79004091869398,2.491977933485954,13.112039578798711,59.27537070937689,0,2026-09-03 06:21:52
2026-09-02 07:32:00,CNC-03,H,,310.6423147875172,1846.0337713960944,39.76588875447322,126.6712687970099,2.559765545791337,13.89523395857556,,0,2026-09-03 06:21:52
2026-09-02 22:42:00,CNC-02,M,298.9491609438325,311.158252465059,2583.778738603288,16.534423226370475,21.29018172882713,3.1748148644893006,7.996676264864381,53.17353323105654,0,2026-09-03 06:21:52
2026-09-02 12:56:00,CNC-03,H,297.7934294623562,312.31812450428833,1325.2569212189278,54.709393105920284,158.49962566521498,2.156485699057121,13.5229448959997,53.57385624774223,0,2026-09-03 06:21:52
2026-09-03 04:58:16,CNC-01,L,22.93793720688353,36.78190089013469,2229.565066279047,29.693455564943893,60.45282581322149,2.7135635366359883,12.413369386494391,57.068349710236255,0,2026-09-03 06:21:52
2026-09-03 05:50:00,CNC-01,L,22.37409031341997,36.16689252859038,2149.9989022352047,30.55947507895188,125.9040250092182,2.968580930020047,12.562779286276248,55.44202179563654,0,2026-09-03 06:21:52
2026-09-03 02:35:17,CNC-01,L,296.89621338794643,309.7841467462797,2627.919786204632,19.826978537766244,108.89881290010732,3.257329327261729,9.868869079144398,53.80936898505327,0,2026-09-03 06:21:52
2026-09-03 05:33:43,CNC-01,L,22.57484267166745,36.612386712557054,2146.775854620912,30.827897070416373,106.55004248921306,2.866889458422946,12.173144243092452,61.33391365283632,0,2026-09-03 06:21:52
2026-09-02 23:12:00,CNC-02,M,298.63918404199165,311.29742406685824,2644.9785765305555,18.24544385532742,53.51954207102676,3.280291230616544,8.940203777596315,56.71824408192453,0,2026-09-03 06:21:52
2026-09-02 20:12:23,CNC-01,L,299.4284028073833,312.7452902990667,2332.3599890064816,24.821679298326416,151.80586366987404,3.243691807108985,11.261565451447307,48.47014095891921,0,2026-09-03 06:21:52
2026-09-02 08:45:46,CNC-02,M,295.7993746235459,310.82771574025514,1431.3896724771243,51.0556114276343,214.11383026125952,,13.662484151706035,57.410647984888186,0,2026-09-03 06:21:52
2026-09-03 01:26:14,CNC-02,M,297.18783274346896,311.1853463071465,2627.092424088888,,196.485389372602,3.778032668683237,11.033528526521009,58.29346598776397,0,2026-09-03 06:21:52
2026-09-03 05:15:00,CNC-01,L,22.49212908134774,35.95368441288366,2149.0843496893763,27.651847783979186,80.71435331031789,2.80590010149778,10.75532386043401,63.57481951723965,0,2026-09-03 06:21:52
2026-09-02 20:30:00,CNC-01,L,299.3610745272082,313.1829962989193,2346.958431812211,27.259111914939496,171.67190208472118,3.510538073794407,12.074231824550152,49.5004730281169,0,2026-09-03 06:21:52
2026-09-02 10:19:57,CNC-01,L,296.3805991321657,311.0021813175234,1410.8867261794987,52.054390627261206,132.86267037668313,2.3560877724898983,13.754059339272027,58.30875553253901,0,2026-09-03 06:21:52
2026-09-02 21:56:00,CNC-01,L,299.0695404045809,310.8377892823715,2459.4604484629904,17.755640454103897,32.08509293180447,2.913837160905407,8.243322255911924,54.99624548147828,0,2026-09-03 06:21:52
2026-09-02 11:30:00,CNC-02,M,296.8581196340346,310.7455101330621,1373.8596845127834,50.41391615804601,4.794298431900944,2.1005578779124603,12.912717526824004,54.23282818649384,0,2026-09-03 06:21:52
2026-09-02 23:27:00,CNC-03,H,299.9380370142819,311.33547178711467,2809.997987891059,13.146510144885502,21.275369850126232,3.37078052535288,7.137876483994524,49.83459765086661,0,2026-09-03 06:21:52
2026-09-02 06:34:24,CNC-02,M,296.31908006551646,310.00232096443347,2070.983291450308,33.342574534392284,22.851855991384625,2.69833712502499,12.818881482780093,61.779172865814616,0,2026-09-03 06:21:52
2026-09-02 22:59:48,CNC-02,M,298.83628874369714,310.9266833773722,2617.601156816059,17.73345289879324,39.53346650172705,3.0929005382112584,8.742782974896945,56.25175106303424,0,2026-09-03 06:21:52
2026-09-02 08:24:00,CNC-01,L,301.67779265765927,310.81084108224536,1600.723769571491,48.38683004228824,188.8414431546498,2.946978772946773,14.626289927070868,48.521517446992384,0,2026-09-03 06:21:52
2026-09-02 14:56:00,CNC-02,M,298.67395320516414,6862.843423303329,1692.27876752186,46.35123647724402,105.82019307559324,2.383319751581596,14.715190174219533,54.60531899276318,0,2026-09-03 06:21:52
2026-09-02 18:29:52,CNC-02,M,299.7284903870685,314.77396636551384,2214.7401774281966,33.55707234482903,173.59310437098569,3.1677509896557647,14.10203426237254,56.6738704866136,0,2026-09-03 06:21:52
2026-09-03 00:01:00,CNC-02,M,298.2893440815681,310.84704163376955,2755.74416916553,15.964006540359527,105.67791052189996,3.3549268390404507,7.994291270437033,56.08026360687919,0,2026-09-03 06:21:52
2026-09-03 03:29:37,CNC-01,L,296.5398788948498,309.6543677847117,2471.8843816361887,21.503878379968437,173.15911799355305,3.537973280610503,10.063870918389666,57.00414519039487,0,2026-09-03 06:21:52
2026-09-02 09:59:00,CNC-03,H,296.3531152890059,310.5669923448125,1413.0675034085764,48.16102438923322,113.91190971128964,2.2174218679388367,12.672329602980987,56.945131807080855,0,2026-09-03 06:21:52
2026-09-03 02:31:39,CNC-02,M,296.9899050634306,309.6506754122594,2525.279082724378,19.14549103905385,30.052173598504798,3.077069492799796,9.123540845882562,58.38682143098524,0,2026-09-03 06:21:52
2026-09-03 05:42:00,CNC-01,L,22.59776006734046,36.64690758520442,2182.5117790016648,30.886038873591662,115.42906020903816,2.97726713904014,12.799029834134668,58.76064691759451,0,2026-09-03 06:21:52
2026-09-03 01:16:46,CNC-02,M,303.1258558333785,310.85162333133627,2612.1533867607222,21.66389404985089,187.87462480107655,3.665510458930499,10.380986827037312,42.7533248535642,0,2026-09-03 06:21:52
2026-09-03 03:14:00,CNC-02,M,296.6625132012168,309.35717925907545,2492.006862299881,18.907880632553272,77.76216198902401,3.0691159629129063,8.763133626533408,58.01166300849992,0,2026-09-03 06:21:52
2026-09-02 12:47:35,CNC-01,L,,311.6525860772215,1452.509821142417,48.92742922404171,155.81512918235424,2.517335707907421,13.232091965758132,59.32418084909438,0,2026-09-03 06:21:52
2026-09-02 19:13:04,CNC-01,L,26.593367637979213,39.11063188688064,2219.198808165943,23.437447153426618,80.09873267839133,2.8248667862755714,9.81589251105328,52.561240705890974,0,2026-09-03 06:21:52
2026-09-03 05:01:00,CNC-01,L,22.627932889692943,36.24359496845676,2121.7196249751105,30.238745040255942,62.98510283239199,2.754003041585934,12.032407599801012,57.323325935623295,0,2026-09-03 06:21:52
2026-09-03 03:38:00,CNC-01,L,296.67725328972705,310.5631718967805,2336.117055907748,27.33294166254142,181.32508211242123,3.4565015342124816,12.180657817955476,58.837630955188246,0,2026-09-03 06:21:52
2026-09-03 00:18:00,CNC-02,M,298.21997905242114,311.7341005173692,2778.059257771481,19.68278987297641,123.79086338933026,3.4619839858526285,10.27262296262298,57.88797314090753,0,2026-09-03 06:21:52
2026-09-02 17:15:10,CNC-01,L,299.3029231117247,314.111132391254,1774.4657445405942,43.241979968743976,130.32940660314088,2.534220904099683,14.529287126432171,50.9135949763376,0,2026-09-03 06:21:52
2026-09-02 14:31:12,CNC-01,L,298.4400774211782,312.4178903014744,1559.3037796855565,44.05093181404633,79.5731021531544,2.332266959770952,12.691818754048136,57.303248134878366,0,2026-09-03 06:21:52
2026-09-02 14:17:20,CNC-01,L,298.4445608548554,312.51296733875427,1442.4215624005117,48.152788450668446,59.55769817194658,2.173919600946471,13.10530762645965,50.8835909438728,0,2026-09-03 06:21:52
2026-09-02 20:08:12,CNC-03,H,300.6409417141447,313.8596269011581,2257.527089690606,26.403796458576696,65.41132040063724,27.316568891575557,11.011596060426736,52.72213720913787,0,2026-09-03 06:21:52
2026-09-03 01:03:41,CNC-03,H,304.6861198131032,311.61547453222926,2798.962776553714,19.260252339781584,124.886817368005,3.3986835296737543,10.167538032167894,42.10618058762387,0,2026-09-03 06:21:52
2026-09-02 06:25:23,CNC-01,L,296.3365248464737,309.6097254352338,2030.1671485259196,30.832808212333507,20.18203162837769,2.572726100729581,11.622710533798832,54.30615269706748,0,2026-09-03 06:21:52
2026-09-02 18:03:00,CNC-02,M,299.317465637712,314.5446037296409,2090.1397310144043,38.43350038312373,136.82129301759156,2.844835718999577,14.706658086991023,52.76572193225909,0,2026-09-03 06:21:52
2026-09-02 18:49:14,CNC-01,L,299.7131704702144,313.2465202025686,2442.320151266549,25.11834478123816,47.70800577815684,2.907603773621493,11.647770170292482,50.46998958515634,0,2026-09-03 06:21:52
2026-09-02 09:41:00,CNC-03,H,296.7041025130181,310.6796864547958,1340.1864838443275,51.686600766239714,85.84528450069976,2.0545218295527645,12.943141695273887,59.977111229882006,0,2026-09-03 06:21:52
2026-09-02 21:32:00,CNC-01,L,299.4679289131695,310.6131458966684,2664.068625386903,13.510987736945802,5.460803234181725,3.136664156660385,6.666665310331076,51.15492843229259,0,2026-09-03 06:21:52
2026-09-03 00:34:00,CNC-03,H,299.3910920292206,311.6453439800415,2639.884393657506,17.65480573977693,92.85873148428526,3.2548681424178723,8.427673876273229,51.94800039521713,0,2026-09-03 06:21:52
2026-09-03 03:19:07,CNC-01,L,296.58364650297176,309.477442071553,2573.8160168836016,20.34711279607808,157.9176279996691,3.442264135521895,9.73170803752632,54.54531166389662,0,2026-09-03 06:21:52
2026-09-02 06:22:00,CNC-01,L,296.4343356297836,309.8023773244631,1960.185433355879,32.90012661573121,14.766715648634502,2.596059595008887,12.094021699916818,61.2738818432055,0,2026-09-03 06:21:52
2026-09-02 15:24:00,CNC-02,M,298.6850608742908,313.3835387178805,1547.1719649711797,46.24609843889708,147.87531357884467,2.4021702781804954,13.437494725896428,52.699334679534346,0,2026-09-03 06:21:52
2026-09-02 15:12:00,CNC-01,L,298.6870120756717,313.1727920237158,1660.334544771569,43.87474964049359,141.88020622883238,2.6094007160253976,13.667495455406367,52.55471053761456,0,2026-09-03 06:21:52
2026-09-02 15:48:00,CNC-03,H,299.4963296021985,314.07038625481084,1495.8585887207282,49.52054400528072,194.5850653799598,2.512319956687635,13.767819202901368,52.46277202997454,0,2026-09-03 06:21:52
2026-09-02 16:03:31,CNC-03,H,299.55574144937736,313.5273237180205,1833.3563955342065,41.08162089112087,1.448118181904226,2.438386269407556,14.003430035666083,1777.4871127867573,0,2026-09-03 06:21:52
2026-09-02 11:44:59,CNC-02,M,296.8087354010849,310.8957062341828,1333.913196834202,,28.71305733045541,1.9166127923086616,13.042395520243902,54.69296712502761,0,2026-09-03 06:21:52
2026-09-03 04:06:00,CNC-02,M,296.4775083075044,310.58454640615054,2355.573185558781,26.08307259091793,138.93216458246866,3.165102521309043,11.24972731132052,59.23263326678062,0,2026-09-03 06:21:52
2026-09-02 08:10:00,CNC-02,M,295.76697583354394,310.52301332076854,1578.8868370431314,46.60106125666791,160.04669462406378,2.5646305308200623,13.78130336308585,61.8282260804302,0,2026-09-03 06:21:52
2026-09-02 19:37:00,CNC-02,M,26.21307877335795,39.14482467790037,2300.1492969397245,23.222790052624266,38.56069407257884,2.9342486962015792,10.135313377536855,52.83309694004496,0,2026-09-03 06:21:52
2026-09-03 03:42:00,CNC-02,M,296.7959797501758,310.06893138057774,2500.356744044204,22.542820627875,110.29501753203064,3.270783451662276,10.569678612119857,54.518368731249744,0,2026-09-03 06:21:52
2026-09-02 13:56:01,CNC-01,L,297.8716936021684,312.0684753713021,1416.8043820699436,51.37660729430624,25.18939005364439,2.09332857371094,13.584099558915373,56.63115273639141,0,2026-09-03 06:21:52
2026-09-02 06:21:00,CNC-03,H,296.2203213516409,309.9398012151248,2050.4443154985697,33.93878995306895,27.536199046626,2.6518899878541404,12.958258496469211,59.92900361813861,0,2026-09-03 06:21:52
2026-09-03 00:40:59,CNC-02,M,303.48554221002433,309.2226829572133,2797.3055723719854,11.29375529262505,148.279529457469,3.474060284428243,6.018991960169118,48.80342752547925,1,2026-09-03 06:21:52
2026-09-03 01:19:00,CNC-03,H,304.7036255128656,311.03102246174166,2724.1363268939544,14.227630686527414,140.97634932751356,3.454214757084256,7.006047876100701,40.10841488454837,0,2026-09-03 06:21:52
2026-09-02 06:36:00,CNC-02,M,296.04933803290663,310.11619275769107,1972.541308412476,36.45598573066873,25.544184285341014,2.53363965308733,,52.71893083524292,0,2026-09-03 06:21:52
2026-09-02 20:18:00,CNC-02,M,299.5169787478887,312.61020633945594,2359.542590200268,22.62554608950341,87.71376246903172,,10.25789386845812,53.34590299012971,0,2026-09-03 06:21:52
2026-09-02 15:13:00,CNC-01,L,298.70124101882345,313.28157349687126,1643.345540565077,46.11305017788986,143.3540442076356,25.74483885240844,14.200250118168938,53.76522564387265,0,2026-09-03 06:21:52
2026-09-03 05:14:17,CNC-03,H,23.78860060802225,37.81333726883531,2140.7286944803323,31.512223950332302,162.59775287534978,2.876847155503908,12.69068001912018,55.50227884626358,0,2026-09-03 06:21:52
2026-09-02 23:13:19,CNC-01,L,299.08010398604534,310.9039422096192,2627.82758063946,16.030811802680823,116.21961812162202,3.3811731077875677,7.952023167951357,50.55787579680343,0,2026-09-03 06:21:52
2026-09-02 19:07:00,CNC-01,L,26.330299318127743,39.5981417417471,2302.06947372916,25.174291597741565,71.37231459751938,2.949392900359755,10.823751669203062,51.584793694845246,0,2026-09-03 06:21:52
2026-09-02 21:23:57,CNC-02,M,299.03616946219256,311.68890147798,2617.203823630511,18.17040490893884,164.58177686753956,3.5284108901228644,8.926465426485732,54.342976067078204,0,2026-09-03 06:21:52
2026-09-03 03:33:00,CNC-01,L,296.5403544067053,309.80423368129766,2522.404069090238,21.347441447665943,175.44487552800354,3.5915715274327447,10.075382089225974,59.5728993078974,0,2026-09-03 06:21:52
2026-09-02 23:01:00,CNC-02,M,298.8014958449134,310.48867866484187,2743.935893193643,13.173414591032063,41.73349990710197,3.3187286840617074,6.559339196618297,53.91595681332368,0,2026-09-03 06:21:52
2026-09-02 18:03:00,CNC-01,L,299.61280879566306,314.0986723394948,2138.7838683074747,31.41248333947284,193.91134370853243,3.5107739133274487,12.700130890725248,55.05146695963324,0,2026-09-03 06:21:52
2026-09-02 18:45:00,CNC-01,L,299.7524339055611,313.6525867147695,2190.215889872048,32.642950870580734,43.99578296963109,2.81105057420401,13.432541584979646,51.453208418395015,0,2026-09-03 06:21:52
2026-09-02 06:36:00,CNC-01,L,296.1724341313619,310.3692676328632,1933.9781000845485,39.01817804343757,33.961333049708735,2.6773795850867903,13.7713495594067,58.18225451124025,0,2026-09-03 06:21:52
2026-09-02 16:57:00,CNC-03,H,300.0051103816229,313.98864351500526,1801.3709613085464,37.133380226126114,77.34219318820277,2.38187536982976,12.771062110007364,52.897254779612496,0,2026-09-03 06:21:52
2026-09-03 04:28:00,CNC-02,M,296.22217205330765,311.1204361241905,2228.252853123711,32.820436407180246,165.73650242116875,3.221309669457748,13.712376465646525,54.44227990868755,0,2026-09-03 06:21:52
2026-09-02 10:16:20,CNC-02,M,296.231959118779,310.6509884761676,1272.9321729655194,56.34243813020235,136.00192297882523,2.140827621820895,13.462491290750863,61.50609050305306,0,2026-09-03 06:21:52
2026-09-03 04:33:35,CNC-03,H,297.4483915101656,311.50035163788965,2333.7262526644804,28.26901627054661,112.53818085157874,2.8864469314271832,12.377018093886749,59.42603053626141,0,2026-09-03 06:21:52
2026-09-02 08:35:00,CNC-03,H,296.2473260572519,311.2554907185636,1577.870141696032,47.28327337606055,219.74246140407783,3.006709019328392,13.541699773468808,58.005275073152205,0,2026-09-03 06:21:52
2026-09-02 12:12:00,CNC-03,H,297.39794064279624,311.6095864319599,1381.7894207738402,49.72396080212755,88.93455950337032,2.058668615804081,12.805617844212415,60.99230462338645,0,2026-09-03 06:21:52
2026-09-03 02:37:00,CNC-01,L,296.917577533507,309.411386019578,2514.3807353408038,20.065067786618457,111.1425641251931,3.1837373380978677,,55.76073212544741,0,2026-09-03 06:21:52
2026-09-02 13:00:52,CNC-03,H,297.83277490072976,312.17290811237046,1260.6664813683149,53.74791923987495,164.8718058673982,2.229032724402172,12.606976070369948,53.44948051328148,0,2026-09-03 06:21:52
2026-09-02 11:52:21,CNC-03,H,297.35156854496853,311.0781498899712,1367.9970736517148,50.73159230535951,57.2786192375132,2.0430025375689502,12.882606744008656,52.59506375156317,0,2026-09-03 06:21:52
2026-09-03 00:28:42,CNC-02,M,303.5631393202638,310.5736038406839,2794.449370516061,17.100304895738173,135.6131705322838,3.616269733720833,9.06400701435486,47.02076708478211,0,2026-09-03 06:21:52
2026-09-02 11:58:31,CNC-03,H,297.0195174291866,311.3824203566997,1521.1462609363257,49.16928818550435,66.73983289299392,2.1024630951230865,13.900672659243195,56.97305235250098,0,2026-09-03 06:21:52
2026-09-02 23:49:36,CNC-03,H,299.94459677166043,311.76873569211256,2641.047071121952,,45.89816159400159,3.191476758206865,7.738505067325268,46.82351652534019,0,2026-09-03 06:21:52
2026-09-02 21:29:28,CNC-01,L,299.1896106369994,310.904678955437,2625.8270323456954,16.44154154715428,3.285088825848911,3.090730974787691,8.239470360903624,55.90220655741102,0,2026-09-03 06:21:52
2026-09-02 18:50:00,CNC-01,L,299.5909552352564,312.95070755438513,2315.642293389659,27.66481288962631,50.25603554121,2.874003071225555,12.014005900005769,46.10170980062378,0,2026-09-03 06:21:52
2026-09-02 12:38:00,CNC-02,M,297.1799532322753,311.4099215343459,1329.9815313082177,53.170122839519024,112.86344169054918,2.028618136918461,13.040194907785413,50.80296249640135,0,2026-09-03 06:21:52
2026-09-02 18:06:00,CNC-03,H,300.37258909346696,314.08056989783694,2079.357908901429,28.76612598826138,171.47185993769716,2.997552868924504,11.123625618129688,49.835624616982784,0,2026-09-03 06:21:52
2026-09-02 11:45:24,CNC-02,M,296.50378048110736,310.2646496723213,1411.2462043829871,49.414569416030574,30.313027503598494,2.124125370471096,13.265742072981574,59.46777255269003,0,2026-09-03 06:21:52
2026-09-02 21:39:17,CNC-01,L,299.4022058699925,310.81607723176205,2533.3575992337232,15.781463974316354,14.379566331465378,3.105242318375552,7.592736024223854,53.87383641956544,0,2026-09-03 06:21:52
2026-09-02 06:25:34,CNC-03,H,295.98563324367643,309.9526976399961,1948.4306965834237,35.952109170274326,35.61275916370614,2.507117301603619,13.228214704880504,57.705985310927744,0,2026-09-03 06:21:52
2026-09-02 17:07:50,CNC-02,M,299.0493492957423,312.86306790572735,1903.254500182396,34.68909782848239,63.495167414648726,2.4914221571423525,12.416327451715766,59.96411257737702,0,2026-09-03 06:21:52
2026-09-03 04:30:12,CNC-01,L,295.75618778942714,308.2389621399506,2145.27587708857,25.813551454086017,24.2801865922318,2.697716933270798,10.105849952692264,64.33654677542746,0,2026-09-03 06:21:52
2026-09-02 11:28:37,CNC-02,M,296.66110084970586,310.1360270597742,1321.8087067965191,49.73378267137664,1.6,2.0256746863573785,12.30799619727226,60.78566162920267,0,2026-09-03 06:21:52
2026-09-02 16:14:00,CNC-02,M,299.1766188250859,314.77523137400374,1833.9482688787984,44.68103478421923,221.03123735475964,3.3200334861220253,15.265110592980324,55.05914386387478,0,2026-09-03 06:21:52
2026-09-02 11:35:00,CNC-02,M,296.99162386441685,310.80395894185926,1382.8669455469735,48.64626396146004,12.782727434408722,1.9376728378574004,12.538912724943517,61.29249541589179,0,2026-09-03 06:21:52
2026-09-02 15:11:00,CNC-03,H,298.9982861018748,313.55844575509394,1501.0454691576033,47.80841954277623,139.2816670527852,2.340608342805928,13.341186279653355,50.98401812407949,0,2026-09-03 06:21:52
2026-09-03 04:57:00,CNC-01,L,22.746196729737846,37.13973769197469,2194.534621743584,33.75311121172202,57.88059505058699,2.758734225698788,13.80136113884395,61.00486472029111,0,2026-09-03 06:21:52
2026-09-02 20:44:00,CNC-02,M,299.5674274441857,312.2739962767981,2518.7686018818818,19.36618097227291,117.77658801606236,31.462555406447173,8.971569734861422,54.29594335189877,0,2026-09-03 06:21:52
2026-09-02 07:46:08,CNC-02,M,295.7645597592134,310.3885978487531,1678.889259219185,45.41741317827753,126.12689985695955,2.544574372041457,14.311750033738097,58.82716033088677,0,2026-09-03 06:21:52
2026-09-02 23:49:00,CNC-01,L,299.06000183828223,310.9276541902827,2693.8653229823262,13.785538205547184,153.58845267009946,3.5669199494955075,7.107395308814044,52.70896745103378,0,2026-09-03 06:21:52
2026-09-02 23:44:47,CNC-01,L,298.84779295990614,311.9284365645783,2669.223778815998,18.91579300002972,150.3565307862691,3.5190796614551623,9.379242560221956,54.28774771984723,0,2026-09-03 06:21:52
2026-09-02 18:26:49,CNC-03,H,300.628477690226,315.84414180697905,2245.955524597557,34.21180550966056,198.84461580984092,3.276590576653697,14.416071874752967,48.58333569155482,0,2026-09-03 06:21:52
2026-09-02 12:02:45,CNC-02,M,297.1121380501488,311.16109083919264,1430.860899168371,49.3186466917184,57.29575594255137,2.02843805484424,13.15264653710595,52.505645769660816,0,2026-09-03 06:21:52
2026-09-02 17:32:19,CNC-01,L,299.47597447556444,314.0817580861746,2078.435314257988,35.449285422867696,150.94092103181282,2.978581211284585,14.019678000058873,48.53584027013108,0,2026-09-03 06:21:52
2026-09-02 10:33:57,CNC-02,M,296.32216556973106,311.01777371774915,1391.6854603572008,53.21056509822621,161.18533168858937,2.4401957505049263,13.816703985653907,56.30309252481016,0,2026-09-03 06:21:52
2026-09-02 15:22:00,CNC-03,H,298.9770379124126,314.040056033459,1755.2972163901911,45.54972391884418,155.6105919260488,2.651974274019829,14.740900427926398,50.49490565384635,0,2026-09-03 06:21:52
2026-09-02 17:00:07,CNC-02,M,298.9790099872254,312.8314094836631,1782.2044908344196,36.8599928822947,49.56237390759567,2.406123625841406,12.185439716105009,56.691594438123495,0,2026-09-03 06:21:52
2026-09-02 19:27:45,CNC-01,L,26.75899759834431,40.13014498969829,2317.4864523452293,26.412557828055487,97.35667684122475,3.002640071178782,11.529764529498808,51.45710490160004,0,2026-09-03 06:21:52
2026-09-03 00:44:39,CNC-03,H,304.92033173877803,311.6063627329659,2650.022236232215,19.40180143977777,103.45014714504624,3.319626275191952,9.500685279171918,42.30989529068787,0,2026-09-03 06:21:52
2026-09-02 18:42:17,CNC-01,L,299.9543860079981,313.2057709196757,2196.535801704248,28.557620099365558,41.44595425241444,2.718092875836404,11.807180230156028,49.05706967005009,0,2026-09-03 06:21:52
2026-09-03 03:29:58,CNC-02,M,296.468103303645,6782.393791078199,2432.008173253357,22.11343706230279,97.47576811337446,3.090074061418453,10.319291315355873,55.437195005912734,0,2026-09-03 06:21:52
2026-09-03 05:43:53,CNC-01,L,22.46784301484917,36.09185136843422,1977.1611430128453,33.13393715375473,118.06661997826,2.728305103181768,12.261051560696588,60.63508998246572,0,2026-09-03 06:21:52
2026-09-03 04:52:01,CNC-03,H,296.7897550177757,310.51092053547586,2362.766901374126,26.579275678431568,134.7269971960908,3.038800399826286,11.632855118599446,52.09346410617751,0,2026-09-03 06:21:52
2026-09-02 16:57:00,CNC-01,L,299.3646266004172,313.5236174533576,1823.6891075909443,38.68103715456135,103.87016740787668,2.542638776081973,13.249039654625117,54.02878562652334,0,2026-09-03 06:21:52
2026-09-02 06:46:18,CNC-03,H,296.35089981627374,310.9187882976031,1864.219600700069,42.35991399635669,60.28879818840379,2.466090237737414,14.820174628846877,53.36630324704926,0,2026-09-03 06:21:52
2026-09-02 23:08:00,CNC-01,L,299.2586161910395,310.64214429385623,2795.670921373998,12.233964666062151,109.74642494478807,3.435721682626143,6.547227585881525,54.18716103748173,0,2026-09-03 06:21:52
2026-09-02 22:07:00,CNC-02,M,299.19898359696725,312.6272245749613,2584.159139449868,20.66883457498197,211.00645147027785,3.877376416281997,9.84859893084648,53.11916939609252,0,2026-09-03 06:21:52
2026-09-02 21:03:00,CNC-02,M,299.18384278020466,311.5709625237988,2583.181612230121,15.251740616508297,139.6715288493537,3.392192791927879,7.335189966918102,50.92404933066874,0,2026-09-03 06:21:52
2026-09-02 14:03:00,CNC-02,M,298.3846338472084,312.3743584450319,1544.0034098886354,45.36190306132022,23.389459198733995,2.256005560933916,13.15006286550625,56.78221875471643,0,2026-09-03 06:21:52
2026-09-02 21:53:00,CNC-03,H,300.7460594671857,313.4870932979008,2629.045598221897,17.628964453418824,183.7733120876526,3.671651652387661,8.601899874368979,50.59684978049802,0,2026-09-03 06:21:52
2026-09-02 19:11:00,CNC-01,L,26.375632170753303,39.80659490842004,2404.675652627152,26.283177850918463,76.39489608796082,2.9964565738166806,11.765881174492192,50.79448362602898,0,2026-09-03 06:21:52
2026-09-03 00:37:00,CNC-03,H,299.51115295569406,311.4784715000514,2762.6592578180225,15.746447991040062,95.99328534106836,32.92084202683028,7.832632563624214,55.49395430355668,0,2026-09-03 06:21:52
2026-09-03 00:33:00,CNC-02,M,303.4592163992347,309.9537826766989,2809.0300281436907,15.098262745760891,139.82001881579677,3.607641184951515,8.003608660979706,46.90506411013844,0,2026-09-03 06:21:52
2026-09-02 19:56:00,CNC-01,L,26.439317879378848,40.59584307312281,2422.8176003523604,27.7232050256032,131.4610726842618,3.285750425201017,12.54363491819917,52.06035537863341,0,2026-09-03 06:21:52
2026-09-02 15:56:00,CNC-03,H,299.6724428525774,314.58814770621524,1582.4142805747815,46.90443453365855,206.40560562420208,2.7799575411923336,13.770503355627682,48.84774492516789,0,2026-09-03 06:21:52
2026-09-02 18:04:32,CNC-03,H,300.17455930605183,314.7837780719924,2064.3362546553617,34.44090279632619,168.83840929282047,2.9157799676624023,13.33301144049515,51.49251943193279,0,2026-09-03 06:21:52
2026-09-03 04:30:00,CNC-03,H,297.4850087290669,311.3324996132943,2179.253180938523,,108.89872203716236,2.833740669449349,12.540247047318411,58.35310518197142,0,2026-09-03 06:21:52
2026-09-02 20:52:00,CNC-03,H,300.7383514479987,313.41420743354297,2488.973301367602,19.029732094564583,110.54877416452392,3.102235823968064,8.902179236639514,55.73737143004938,0,2026-09-03 06:23:53
2026-09-02 14:27:00,CNC-03,H,298.5708910497707,312.47704859917263,1399.124105909911,48.62380962051966,68.95923954851347,2.0446738144079926,12.83778552377739,56.12020483151174,0,2026-09-03 06:23:53
2026-09-02 07:35:00,CNC-01,L,301.1620061387159,308.74704558192553,1819.9547458696802,34.84979397256275,114.23092990635986,2.628815340458848,11.924951900398595,47.97933928953596,0,2026-09-03 06:23:53
2026-09-03 05:31:00,CNC-01,L,22.630904116252054,37.1300726504046,2133.0510499689713,35.40819129535136,98.83984350567866,68.30514786413968,14.078910642088319,60.455181402010204,0,2026-09-03 06:23:53
2026-09-02 22:13:00,CNC-03,H,300.46024793827024,313.6143598916673,2656.4033747078606,18.849466028120446,200.5048014234146,3.6323942126154853,9.414481846794484,57.04476367894664,0,2026-09-03 06:23:53
2026-09-02 10:37:00,CNC-03,H,296.6005920172793,311.8365354274272,1536.6722125763938,52.31124273806492,170.32118556799986,2.51700715001766,15.457315177888562,60.01402549497814,0,2026-09-03 06:23:53
2026-09-02 11:38:00,CNC-02,M,296.79781471741876,310.3249058548704,1360.9234002023697,49.458070390745014,14.368630355042264,2.11607315994878,12.380531951892777,53.52343662335505,0,2026-09-03 06:23:53
2026-09-02 12:53:00,CNC-03,H,297.44382234217227,312.49806997361566,1520.1389046868096,52.674993607418024,150.53626208597672,2.4716408224813686,15.156195902542523,51.93034501810686,0,2026-09-03 06:23:53
2026-09-03 05:37:00,CNC-03,H,23.505395217786656,38.95642364278399,2087.442876851608,38.43226176210389,189.13937881918488,3.166960471604662,15.051857639458838,55.464114564385284,0,2026-09-03 06:23:53
2026-09-02 13:03:00,CNC-01,L,297.6250345023083,312.0545774605867,1348.45117552748,53.45609504330225,174.8860992470616,2.48084121171492,13.4227783962789,55.62567824361365,0,2026-09-03 06:23:53
2026-09-02 10:38:00,CNC-01,L,295.99776179416,310.73251723357254,1443.5730994610408,52.78339235008738,156.40800466990052,2.4375370995632517,14.130853861965344,56.80939588093658,0,2026-09-03 06:23:53
2026-09-02 14:18:00,CNC-03,H,298.45304829818485,312.4551765494189,1494.9894276186396,,54.97999867014546,2.2246379468667823,13.117581422614526,52.366445951677946,0,2026-09-03 06:23:53
2026-09-02 08:33:00,CNC-03,H,296.53795702005516,312.1185328791878,1720.0780741933672,48.11105360014983,213.96982189494278,2.9374826866051134,15.655832738793867,59.868959570752374,0,2026-09-03 06:23:53
2026-09-02 17:56:00,CNC-02,M,299.0578011547554,313.5072260227053,1930.848792958101,36.963679369378916,124.75701378939517,2.617806280538656,13.51879941674072,53.89289560332337,0,2026-09-03 06:23:53
2026-09-02 14:29:00,CNC-02,M,298.4325651136135,312.3126831330799,1406.055496066599,48.497253981288786,61.13265866264477,2.1081012530105463,12.825971913469072,49.927849898425784,0,2026-09-03 06:23:53
2026-09-03 04:41:00,CNC-01,L,296.0583794191326,,2237.9981965813,31.612968409545715,35.48996749246172,2.8401274197730753,13.223844058336535,61.6328225027386,0,2026-09-03 06:23:53
2026-09-03 01:07:00,CNC-03,H,304.8426854243922,310.6668414919186,2769.5182166178715,13.53385794277931,123.84502208288413,3.2696685918477284,7.018109719652902,44.59628343170107,0,2026-09-03 06:23:53
2026-09-02 21:55:00,CNC-02,M,299.32600629204745,312.459367090616,2638.1981514052386,17.978052954260423,194.00423194081884,3.8049084803199853,8.890242126588296,54.85934666300548,0,2026-09-03 06:23:53
2026-09-03 02:32:00,CNC-02,M,296.9711944471276,309.7772700037523,2572.5352398836635,19.28560156770872,25.62595874024636,3.194635822287541,9.370291203702823,63.324592260650434,0,2026-09-03 06:23:53
2026-09-02 11:33:00,CNC-02,M,296.6890013896056,310.0021345400426,1369.3924083601726,46.69046403856457,6.394605976020008,2.044397869908253,12.02154020557578,59.64855293576745,0,2026-09-03 06:23:53
2026-09-02 22:19:00,CNC-01,L,299.69396313992667,312.2552835075785,2629.3676715990773,19.20023699718569,53.711939580408966,3.2363677775360946,9.636444308309681,54.27050662970171,0,2026-09-03 06:23:53
2026-09-03 03:19:00,CNC-03,H,298.1336054318002,311.0225447338851,2485.019461756755,,19.47542341037846,2.9737001692582004,10.446708362208417,54.44864110057492,0,2026-09-03 06:23:53
2026-09-02 21:33:00,CNC-03,H,300.91894517153474,314.1733211893602,2512.9629109330085,22.086494519848053,156.94248681184035,3.3282474177819177,10.444944053106726,52.86006652737739,0,2026-09-03 06:23:53
2026-09-02 09:38:00,CNC-03,H,296.51143251006914,310.6845754583667,1456.3433625739017,48.63628794686067,78.15816418042084,2.149027724623504,13.521665849873797,56.13900715709386,0,2026-09-03 06:23:53
2026-09-02 13:34:00,CNC-03,H,297.7710172201959,312.66359276446536,,48.21502132218139,215.45463782610466,2.8944817950332737,14.32115646263722,51.433452600743806,0,2026-09-03 06:23:53
2026-09-02 21:23:00,CNC-03,H,301.17084500318424,314.15925918693017,2666.939905707039,20.201097391442886,145.6803967850723,3.351731073112018,9.900452080373805,52.09690920543393,0,2026-09-03 06:23:53
2026-09-02 09:43:00,CNC-02,M,296.1313146414647,310.3138238029822,1353.2551388900965,52.64243681790771,80.0451657818994,1.974305378031619,13.326561760287854,60.795799542537026,0,2026-09-03 06:23:53
2026-09-03 06:12:00,CNC-01,L,295.7080828537593,309.9823225002685,2016.6324304379589,33.3929355720578,152.76338045484508,2.898381579869705,12.520019995805342,58.298475795664004,0,2026-09-03 06:23:53
2026-09-03 03:07:00,CNC-03,H,298.22816341127515,310.88175523389134,2542.255230601863,21.02968581394423,5.846986166452803,3.075144551039558,10.207911168472274,52.448519461317424,0,2026-09-03 06:23:53
2026-09-03 02:42:00,CNC-03,H,298.5381607877579,312.9507387175885,2525.2722790932057,27.58148647577903,227.8289321827456,3.8192807434149163,13.11526378947638,51.07679137258413,0,2026-09-03 06:23:53
2026-09-02 15:16:00,CNC-03,H,,313.9273022538829,1545.7746878121204,47.37340601755584,143.60970681635,2.4320536790093543,13.761758997739632,54.762047304240575,0,2026-09-03 06:23:53
2026-09-03 06:17:00,CNC-01,L,295.5052675392762,309.84325482185903,2048.4722791816666,33.708523625585315,159.52177647069132,3.1236330112090402,13.031342758312885,61.03003425628595,0,2026-09-03 06:23:53
2026-09-02 23:58:00,CNC-01,L,298.81643597442996,311.9317523482075,2665.7295284288844,20.06983771171856,159.88847087113902,3.5460374912697685,10.14080173290728,55.66499012122976,0,2026-09-03 06:23:53
2026-09-02 16:22:00,CNC-02,M,299.0797895803872,314.56075916655493,1690.5595563231761,46.321143229992465,229.49886533348842,3.2822588769739087,14.502750175931384,48.65522415825607,0,2026-09-03 06:23:53
2026-09-02 15:19:00,CNC-03,H,299.3189300272403,314.18052878351324,1630.1668302879204,46.30181727850731,148.10468503766492,2.545053984574264,14.045289519116348,51.34853229861991,0,2026-09-03 06:23:53
2026-09-03 03:43:00,CNC-01,L,296.388191003996,309.9074414074834,2425.530302153555,24.252709569472348,183.94953991126445,3.5437199225008396,11.001308207094878,50.99336988365697,0,2026-09-03 06:23:53
2026-09-03 02:08:00,CNC-02,M,297.3622761431737,311.97092308164275,2641.334265771566,23.8604294092958,238.06154652956616,4.268707274808606,11.719824436620334,58.03574316195513,0,2026-09-03 06:23:53
2026-09-02 10:50:00,CNC-02,M,296.7046545793434,311.5813771266883,1381.4114013400938,52.77932367219468,185.05453386568135,2.622979884650095,13.584773772256058,57.22078579051786,0,2026-09-03 06:23:53
2026-09-02 13:09:15,CNC-03,H,297.65597836263146,312.1101729779522,1465.2107653675637,49.67028584219096,177.5938124521163,2.4634881774270943,13.778078287317916,55.39472986306709,0,2026-09-03 06:23:53
2026-09-03 02:22:00,CNC-02,M,297.25443150583556,308.97005103492654,2544.949745883927,17.09972902884026,14.364856741642527,3.0673199988554685,7.965973986523264,63.736665859691605,0,2026-09-03 06:23:53
2026-09-02 14:00:00,CNC-02,M,298.0952848364923,311.5782311225809,1301.3320339270938,50.289986943720116,15.624635113111612,2.0093803036205857,12.230157725041954,53.79961922119783,0,2026-09-03 06:23:53
2026-09-03 02:20:00,CNC-02,M,297.23701706392325,308.62715855481684,2596.123846526847,14.488252542977916,12.173558348939517,3.0898509928040045,7.061157081395647,53.09704638779301,0,2026-09-03 06:23:53
2026-09-02 07:41:00,CNC-01,L,301.5212778656071,309.9034658447866,1635.9155287020944,45.02438312667369,122.91894981281929,2.3704485846810464,13.88518450319883,46.022439432982075,0,2026-09-03 06:23:53
2026-09-03 05:21:00,CNC-02,M,22.575805880630753,38.14853811162368,2130.858339495131,37.070900372210005,227.81278404613914,3.6993727907157408,14.90195102578746,58.08119003171934,0,2026-09-03 06:23:53
2026-09-02 12:08:00,CNC-01,L,297.0446969974593,311.0936473347196,1336.3120977839133,52.79525659831537,87.50137205746647,2.1920286118030137,13.277652965781668,56.004996402069175,0,2026-09-03 06:23:53
2026-09-02 22:21:00,CNC-01,L,299.1641706672231,310.4588330447605,2758.140454684464,12.658969368006415,55.82680485837915,3.2566570324378215,6.236156857526267,53.71428219893143,0,2026-09-03 06:23:53
2026-09-02 09:59:00,CNC-02,M,296.40002889977217,310.66986420815743,1540.7666024475466,45.99252844407562,104.68665656848253,2.375123670963422,13.291500644218674,58.13909538309531,0,2026-09-03 06:23:53
2026-09-02 13:14:00,CNC-02,M,297.63596604688826,312.209351614557,1332.7047228547372,52.49122487215832,166.75618218879504,2.352761006225815,13.012762688082352,57.229698528035186,0,2026-09-03 06:23:53
2026-09-02 07:46:00,CNC-03,H,295.9053471653445,310.30603598793886,1801.2969511058539,40.8004452556088,144.3079142235218,2.703469118214334,13.437039910958436,62.31340172839925,0,2026-09-03 06:23:53
2026-09-03 04:39:00,CNC-03,H,297.1126485265097,311.1328163150649,2155.5284562929714,31.2650443230455,115.42167973332714,2.818113963610392,12.423659967856878,58.86509443993248,0,2026-09-03 06:23:53
2026-09-02 10:17:00,CNC-01,L,296.24948375191883,310.812082283317,1387.585531215734,54.305141392411585,123.59439261915792,2.2893191163890774,14.074405096515717,58.68595982124796,0,2026-09-03 06:23:53
2026-09-03 01:48:00,CNC-03,H,304.6403274915018,311.467951221294,2519.27152510388,19.738120749212857,168.0396046027643,3.3766284660979107,9.45171087485019,43.359644284906096,0,2026-09-03 06:23:53
2026-09-03 06:20:00,CNC-03,H,296.30544123075634,311.4725289219055,2035.9700018269593,37.07461741440151,246.8314375558586,3.5065571412481384,13.934336672017487,57.560651334929084,0,2026-09-03 06:23:53
2026-09-02 09:31:00,CNC-03,H,296.73423119061476,310.84116333648404,1450.4753740745675,47.8826415590042,67.38529238833738,2.1291091062838396,13.026103332264526,59.46438355485252,0,2026-09-03 06:23:53
2026-09-03 05:24:00,CNC-01,L,22.501891886207204,36.25803934602669,2160.8820933000916,29.50912938279414,89.77872068765784,2.942703402259571,11.849016982790355,59.106527928421464,0,2026-09-03 06:23:53
2026-09-02 23:37:00,CNC-02,M,298.31382843258723,310.36609786380666,2618.8096888086907,15.36751957451352,75.83073680731763,3.155576041150764,7.5086053917600735,51.12095883436579,0,2026-09-03 06:23:53
2026-09-02 15:44:00,CNC-01,L,298.9555479948898,313.6505331298529,1667.589413654334,43.70066025930883,186.668828752391,2.9657683451063743,13.73310230588285,53.450388274814344,0,2026-09-03 06:23:53
2026-09-03 01:26:00,CNC-02,M,297.6373719278705,310.1983526417089,2727.678974923094,14.45963502369227,192.20069509446816,3.899710606224978,7.298956903786104,54.342294028751645,0,2026-09-03 06:23:53
2026-09-02 13:10:00,CNC-02,M,297.7422407159431,312.7403812065107,1503.4696593110489,51.064459375286596,160.41468763223645,24.79462788611716,14.473863865802535,54.26189115913767,0,2026-09-03 06:23:53
2026-09-02 11:40:00,CNC-02,M,297.08666239055856,310.9397098419306,1430.6739271170854,47.44861540254499,17.53704976400453,2.015996933000548,12.753686486532628,55.91021382053666,0,2026-09-03 06:23:53
2026-09-02 10:33:00,CNC-03,H,296.86554938048914,311.460413718736,1357.0222214380174,52.48003038432433,164.05434535567778,2.2855620178973295,13.227333875829675,53.90040931493531,0,2026-09-03 06:23:53
2026-09-02 17:57:00,CNC-01,L,299.4815069604601,313.8819717420687,2072.738793914948,33.881485367074546,181.57743344936122,3.239531492308284,13.31791053887136,50.463864700722645,0,2026-09-03 06:23:53
2026-09-02 18:28:00,CNC-01,L,299.72658580467373,313.306205403939,2142.5210077131565,29.307521255474356,18.201678595301928,2.6567623787556536,11.634901932520382,54.68054911421093,0,2026-09-03 06:23:53
2026-09-02 09:33:00,CNC-02,M,296.0898485429651,310.23910540958326,1609.8081296739822,43.049274212503406,64.40284492124061,2.316414401453179,13.069712312279671,58.95997092665049,0,2026-09-03 06:23:53
2026-09-03 02:58:00,CNC-01,L,297.01639530585476,309.4562157456576,2666.882415480774,18.755674534486825,131.7145792643516,3.5135427276010343,9.269810279197818,56.514460947668866,0,2026-09-03 06:23:53
2026-09-02 12:37:00,CNC-01,L,297.19114096947015,312.09845249299906,1425.7101147967073,54.841559688077055,133.55532798054307,2.3211007476328946,14.383281494765477,56.167854112050094,0,2026-09-03 06:23:53
2026-09-03 04:02:00,CNC-01,L,296.02878424034316,310.9692498398202,2222.2807209961784,32.8793222637194,206.54560858834355,3.535712853618341,13.667168110267403,57.06965250630877,0,2026-09-03 06:23:53
2026-09-02 19:31:40,CNC-03,H,27.6720596491769,40.469130826806406,2402.6821699846078,24.039548242510495,14.733926195839055,3.0271844561279417,10.85819117943127,50.710538141646914,0,2026-09-03 06:23:53
2026-09-02 11:39:00,CNC-02,M,296.6856451151428,310.19198115009215,1276.673690543621,51.8459137754386,15.95788652987248,1.878595378706939,12.746810894428794,53.23439839460967,0,2026-09-03 06:23:53
2026-09-02 21:09:00,CNC-02,M,299.38646727326227,313.43454726223143,2409.432446563381,25.627211105395514,142.85346528211628,3.218742174021923,11.474131109543071,49.39549664238896,0,2026-09-03 06:23:53
2026-09-02 19:33:43,CNC-03,H,27.657170930384893,40.21933856792941,2392.9649142225157,22.81075745977702,19.650630611550586,2.921903048448963,10.092260478950875,53.078727801313754,0,2026-09-03 06:23:53
2026-09-02 08:15:00,CNC-03,H,296.3046616327799,311.1627028257987,1654.3904292727184,46.32366898045043,187.0733488325785,2.7186784546879568,14.481392690937358,57.87536824876447,0,2026-09-03 06:23:53
2026-09-02 23:54:00,CNC-02,M,298.49602625555417,310.7043627661343,2660.714743984784,14.834506696013397,93.8959549010359,3.2397205790980177,7.105356207855506,55.74684296765444,0,2026-09-03 06:23:53
2026-09-02 12:30:00,CNC-01,L,297.0223416360625,311.56588352334876,1413.0229018737323,51.44357757074317,122.43608552226732,2.316955492382651,13.45722472228317,56.64225955376238,0,2026-09-03 06:23:53
2026-09-02 18:53:12,CNC-03,H,300.48642990849066,315.3378063823805,2162.7112597319297,33.30314669703105,226.46173088979143,3.482487991001418,13.630480765522496,55.36963731034044,0,2026-09-03 06:23:53
2026-09-02 06:26:00,CNC-03,H,296.0537560150374,309.9637188365003,1945.0184275432837,36.73261355349062,31.543502328664538,2.5665741944297857,13.446844305768145,58.38601333250508,0,2026-09-03 06:23:53
2026-09-03 03:54:00,CNC-03,H,297.886547553461,310.90166902611185,2268.4790474146625,25.171967066676878,60.78247482745605,2.9426010054776053,10.754739938362903,55.893342182244396,0,2026-09-03 06:23:53
2026-09-02 08:56:00,CNC-02,M,295.7149597997132,309.1143723100643,1566.576401986017,42.48219999450605,7.71831958628885,2.209751865737947,12.445763431250917,57.38872138615393,0,2026-09-03 06:23:53
2026-09-02 10:10:00,CNC-01,L,296.43298191113075,310.5632108470052,1363.6477001333233,52.142468610577765,112.61234520865558,2.072762722495067,13.176497645823062,59.72722470228014,0,2026-09-03 06:23:53
2026-09-02 20:58:34,CNC-02,M,299.3873221474575,312.2061430835756,2442.4677989817637,20.135686133291205,130.18472209202466,3.218197199404556,9.029135229765329,50.95213269839412,0,2026-09-03 06:23:53
2026-09-02 10:43:00,CNC-02,M,296.4983979292373,310.65881040372284,1278.2989892559854,52.6918590784606,173.9626039721467,2.2955230966182842,12.483221718194523,58.40719092091934,0,2026-09-03 06:23:53
2026-09-02 17:41:00,CNC-01,L,299.11892409600216,312.88760556907687,2051.0459910295413,31.158476915215907,160.19273403026773,3.008125383447194,11.803146467317546,54.74504541662235,0,2026-09-03 06:23:53
2026-09-02 08:56:00,CNC-03,H,296.52824105069914,310.9508806412535,1590.4860494270433,47.70562228764547,13.61369220217554,2.228836916711792,119.49375403497147,56.25878461324745,0,2026-09-03 06:23:53
2026-09-02 08:02:00,CNC-03,H,296.2405970145891,310.92079870010747,1546.2396983777173,48.01616514838148,167.84545137942882,2.5563565929970635,13.931449544222918,54.609974755873566,0,2026-09-03 06:23:53
2026-09-02 15:34:00,CNC-02,M,298.57463161059377,313.5173955590387,1550.9336563755407,48.500962670087496,159.79680884467112,2.559463068219461,13.877075154895678,55.19375957300715,0,2026-09-03 06:23:53
2026-09-02 14:02:51,CNC-02,M,298.10602714089464,311.9065250406953,1479.589986146649,44.340095476386544,20.291231602981277,2.142452771032222,12.264509888927348,56.00666779748209,0,2026-09-03 06:23:53
2026-09-02 22:21:00,CNC-03,H,300.36031340323507,314.34054758764165,2639.613276319416,23.781271789022405,209.26459240176882,3.792807787374448,,51.77159108886044,0,2026-09-03 06:23:53
2026-09-02 22:14:00,CNC-01,L,299.37970904049087,311.0699633687227,2832.2300772817,14.175575132780404,48.30949637748115,3.3251730611471904,7.326664974954087,52.11393716603026,0,2026-09-03 06:23:53
2026-09-03 01:22:00,CNC-01,L,297.9795523757854,309.71109266672283,2787.6223939276892,14.41336872371814,25.825211626677696,3.3161297376257424,7.31370364990832,56.00989205300351,0,2026-09-03 06:23:53
2026-09-02 13:49:00,CNC-02,M,298.0541656604908,313.0295706886456,1454.946123272935,50.60846921442112,221.77861109517485,2.990564395668234,13.658606060640174,56.717148720380536,0,2026-09-03 06:23:53
2026-09-02 15:47:00,CNC-01,L,298.85011738321055,313.5475060076967,1725.8013421530934,43.51963376180856,191.14934569789085,3.006404905910055,14.106483870972339,51.38529658332514,0,2026-09-03 06:23:53
2026-09-02 23:42:00,CNC-03,H,299.91581936019065,311.78972929272203,2694.867477607871,15.236421897907487,33.08963147836743,3.2424973274893283,7.5858710819767605,51.698101791059905,0,2026-09-03 06:23:53
2026-09-02 15:20:00,CNC-02,M,298.43545946844955,313.2643678982099,1618.6331975631501,45.43758032190161,138.8502728336975,2.423471328632796,13.678643402086632,54.961831274312246,0,2026-09-03 06:23:53
2026-09-03 02:10:00,CNC-02,M,297.3027445818436,309.0426088802709,2749.1771905040405,14.155462503570412,1.070172503663258,3.3707526685225337,7.150499310108263,55.776326779758755,0,2026-09-03 06:23:53
2026-09-02 16:58:00,CNC-03,H,299.69941767999717,313.5022816691637,1905.6662841475134,35.0547971616196,74.3812449827755,2.5115734227862427,12.627058319257513,54.98095396216062,0,2026-09-03 06:23:53
2026-09-03 06:04:00,CNC-02,M,295.37232159190893,308.96108150966995,1858.6634219689975,33.93601909683214,39.51897324596719,2.477653665628297,11.699654463849942,62.03974001433109,0,2026-09-03 06:23:53
2026-09-02 14:33:00,CNC-03,H,298.4505205588603,312.8247256653574,1637.5222281262058,46.48552208063961,78.1893950073338,21.172834574922813,14.133687119183062,59.37590920177958,0,2026-09-03 06:23:53
2026-09-02 20:28:00,CNC-01,L,299.1901634237156,312.5294272354415,2323.9329812873266,23.819578598825576,165.48697817470034,3.3192084274840847,10.524079025795599,54.52357885888514,0,2026-09-03 06:23:53
2026-09-02 07:43:00,CNC-03,H,295.8989438818626,310.6673414796023,1801.7243858283596,42.144063011898915,139.94204297986258,2.6712665663028075,14.152108639025016,63.201865530568355,0,2026-09-03 06:23:53
2026-09-03 02:23:00,CNC-02,M,297.0276065108244,310.0032552059626,2471.52193829465,21.980287886395754,15.518067316416523,2.9155760320693695,10.193917525520272,53.53475420965559,0,2026-09-03 06:23:53
2026-09-02 16:22:00,CNC-03,H,299.64527261412957,313.33350553999287,1903.3065075010977,36.359562086884516,23.16775028184127,2.6292725339503775,12.93959516147838,50.80434118635326,0,2026-09-03 06:23:53
2026-09-03 00:26:00,CNC-01,L,298.5306338348077,311.8705994744703,2718.264570365681,19.376360382558246,189.60004005730508,3.9441364059146338,9.6311680737786,56.2307282828037,0,2026-09-03 06:23:53
2026-09-03 05:52:00,CNC-02,M,22.523864498997966,36.01649483283086,2179.406685147275,28.614281559055136,23.589924484258912,2.774369572753409,11.66998327834556,54.25073065358437,0,2026-09-03 06:23:53
2026-09-02 22:14:00,CNC-03,H,300.3843656440463,314.23729879189676,,22.029318675150563,201.58606024319482,3.687598859251663,11.145378563267865,49.49328829476964,0,2026-09-03 06:23:53
2026-09-02 15:28:00,CNC-01,L,298.65111756932754,312.89827811566465,1666.295978362532,41.39035551579694,162.88615045739252,26.372354500065672,12.927029856644412,53.075828063883876,0,2026-09-03 06:23:53
2026-09-03 05:28:00,CNC-02,M,,37.506192133565264,2131.1399842144338,33.454638552413066,236.870565182097,3.7851070643792224,13.420988495359637,55.926263531135106,0,2026-09-03 06:23:53
2026-09-02 15:19:00,CNC-02,M,298.6647739893698,313.38546816231917,1666.0540108218906,43.65127885162304,137.35692536859187,2.499188502420051,13.509105276652026,49.81873574657989,0,2026-09-03 06:23:53
2026-09-02 15:51:00,CNC-01,L,299.14377598018416,313.8994412543656,1663.5120567673011,50.09181619097019,4.420052954828112,2.2977355781792856,15.65087820571899,49.52476583465033,0,2026-09-03 06:23:53
2026-09-02 09:06:00,CNC-01,L,296.3309649269775,310.2040509701721,1671.5968690306509,42.09442747938082,13.64096364451932,2.281164509673104,13.047886042412852,57.33070373785928,0,2026-09-03 06:23:53
2026-09-02 22:57:00,CNC-01,L,299.4080517788747,311.4547140416303,2711.7915491585295,15.560218577233272,94.62326252881041,3.326040184974515,7.6066372962086275,48.10636432368289,0,2026-09-03 06:23:53
2026-09-03 02:54:00,CNC-03,H,298.20090916545416,311.8673574681279,2521.95484034924,22.547606088670967,241.4437090966028,3.991703329579633,10.920723750910705,53.30156680615227,0,2026-09-03 06:23:53
2026-09-02 11:33:18,CNC-01,L,296.4241754463361,309.73269366464655,1268.9246254616614,49.869122153139,31.860072151870295,2.0058700007610915,11.775803231188645,56.34157406322343,0,2026-09-03 06:23:53
2026-09-02 16:03:00,CNC-03,H,299.7308874022772,314.53122390993497,1629.3094016587572,45.93301426544672,213.51678992693567,28.35390122149243,13.982776492645815,52.27486762641055,0,2026-09-03 06:23:53
2026-09-02 09:29:00,CNC-01,L,296.32802886121414,310.10677270815546,1442.0895728273579,48.35359604179676,48.75077214167123,2.202729744650106,13.201150237322627,59.27749763990174,0,2026-09-03 06:23:53
2026-09-02 09:26:00,CNC-02,M,295.96716740363837,310.0870144756681,1477.3153211025688,48.654885916496795,53.64080898229659,2.182541602603254,13.43308203511332,58.611233135762326,0,2026-09-03 06:23:53
2026-09-03 03:53:00,CNC-03,H,298.10473918936026,311.24633651169574,2320.082351021265,25.342575116989725,59.57068202600787,2.93844398115714,11.199410739027876,56.71380127859283,0,2026-09-03 06:23:53
2026-09-02 10:32:00,CNC-01,L,296.41207472725733,310.5365121551875,1364.0728096059702,50.09406684410835,147.05198052949254,2.334857692499312,12.567716411080617,53.95041526502971,0,2026-09-03 06:23:53
2026-09-02 19:27:00,CNC-02,M,26.60863423990162,39.55544741909699,2372.5391433283203,23.485011317949763,22.54824982934744,2.9211317670501695,10.433116138790693,52.23647430178746,0,2026-09-03 06:23:53
2026-09-02 13:55:07,CNC-01,L,297.88743857687945,311.05810795246623,1331.8506900714672,47.5933368057283,22.040622750140614,1.9393927347449174,11.843511433930464,55.65048254931159,0,2026-09-03 06:23:53
2026-09-02 10:40:00,CNC-02,M,296.55517938740957,311.4032325578997,1377.4138274845243,53.83028297492878,169.2027773154465,2.426319784863074,13.876001635976625,56.82814718146667,0,2026-09-03 06:23:53
2026-09-02 23:35:00,CNC-01,L,298.8319502845272,311.32089168383004,0.0,17.59933046452189,135.3735060290175,3.37829442246315,8.902014376458967,54.50185838789058,0,2026-09-03 06:23:53
2026-09-02 23:45:00,CNC-01,L,299.0770098476443,312.30750004221534,2554.5723568094295,21.092325312837467,145.9933109868496,3.4860733350101762,9.880268845066702,54.526620879245165,0,2026-09-03 06:23:53
2026-09-02 21:38:00,CNC-01,L,299.6259957961551,311.09622327038824,2599.808674520156,15.08295826499834,8.87368110691136,3.1138622149135697,7.148563159153404,50.13974875027547,0,2026-09-03 06:23:53
2026-09-02 16:24:00,CNC-01,L,299.32542245793974,313.68072243468606,1729.9449961566434,44.52072175060696,52.64910589396928,2.3851289730086003,14.576257652951027,54.60055932128427,0,2026-09-03 06:23:53
2026-09-03 02:39:00,CNC-02,M,296.733288379786,309.76679172350697,2564.722753546643,21.656410976395293,33.52370270571225,3.104009430828095,10.517468769627406,54.91723081144726,0,2026-09-03 06:23:53
2026-09-03 00:35:00,CNC-03,H,299.66278380596145,311.35015800257753,2674.089908794164,14.929786196511131,89.66165509796178,3.301939261810635,7.525156710178426,53.487866274661485,0,2026-09-03 06:23:53
2026-09-02 18:28:00,CNC-02,M,299.74258885036926,314.1466240479564,2051.716830581108,33.73516920298625,166.88500491338235,3.005430988958753,13.191516153834534,49.59670680167012,0,2026-09-03 06:23:53
2026-09-03 01:46:48,CNC-01,L,297.58589304557717,308.94899370321673,2745.979355816168,11.902278506995135,53.78869288860093,3.356901230645032,6.283601956074434,58.8728099062155,1,2026-09-03 06:23:53
2026-09-02 20:08:00,CNC-02,M,299.8458898218417,313.5964992459263,2306.243358234079,26.747109769850155,72.1738232215792,2.9742973481645687,11.387685559750281,54.17440266834341,0,2026-09-03 06:23:53
2026-09-02 09:32:00,CNC-02,M,296.2011210415977,310.32059316566557,1559.108637892363,45.4920447316048,62.90938994480131,2.2954908540089143,13.110227910910568,55.99916216556561,0,2026-09-03 06:23:53
2026-09-03 00:40:00,CNC-03,H,299.8554396324781,311.74378368473276,2817.313488948205,14.16075731443058,94.91993782149264,3.394519068451084,7.474703117914652,49.91886321865098,0,2026-09-03 06:23:53
2026-09-02 11:33:36,CNC-03,H,297.1733626102448,311.1895081720765,1432.9529703216722,48.47277477146181,25.447907230032527,2.1066813498480297,13.159752366588352,58.71385061338998,0,2026-09-03 06:23:53
2026-09-03 02:27:00,CNC-01,L,297.3220866031091,310.58379858685475,2404.840219110183,23.952440826551612,96.6487970702366,3.11439998747534,10.933581090300528,57.37289402765623,0,2026-09-03 06:23:53
2026-09-02 21:15:00,CNC-02,M,299.5886255171778,313.36722288660496,2488.377836313624,24.28909498969276,149.73970107860646,76.44236516844313,11.547331901436403,52.57770939135458,0,2026-09-03 06:23:53
2026-09-03 00:10:00,CNC-02,M,298.15556054846957,310.9888562288771,2728.2714625157605,18.240175876145152,110.95889969684274,3.3112695044011677,9.408702647065066,55.697270254595566,0,2026-09-03 06:23:53
2026-09-02 09:17:00,CNC-03,H,296.4340152531842,310.4525054101153,1589.760391463276,44.71868210108469,45.87016135498655,2.330948929768791,13.360711549947636,61.37584836824579,0,2026-09-03 06:23:53
2026-09-02 06:46:00,CNC-03,H,296.07567231901123,310.26853990656116,1727.0415085106886,41.44657311642508,58.95012014272597,2.3461715871330417,13.536284171451227,59.6201436888554,0,2026-09-03 06:23:53
2026-09-02 10:49:00,CNC-02,M,296.578996129157,311.61272697756755,1428.523565657939,53.01457728304147,183.45653591744897,2.5787154536157546,14.29374370396561,55.29237729114382,0,2026-09-03 06:23:53
2026-09-02 13:57:00,CNC-03,H,298.3619805808295,312.6189665312574,1577.7562082037164,47.74407171722678,21.97830382642887,2.2323610932646285,14.18025606169512,48.04352494596823,0,2026-09-03 06:23:53
2026-09-02 23:55:00,CNC-03,H,299.97250563290714,311.08146927888276,2768.2055102130266,12.035535373937554,46.92460335066265,3.263136487166656,6.174132398549723,53.0681833773065,1,2026-09-03 06:23:53
2026-09-02 07:48:00,CNC-03,H,295.95012510451926,310.87235454398245,1606.0072417794727,46.123583595885385,147.26147192749653,2.3976103582268653,13.839350773800875,58.64436690076722,0,2026-09-03 06:23:53
2026-09-03 05:13:00,CNC-01,L,22.65408471114148,36.267176148083536,2152.309979354701,30.411870246791235,75.74722283267326,2.819727767337405,12.348939644908187,60.6454871539067,0,2026-09-03 06:23:53
2026-09-02 06:32:00,CNC-03,H,296.17357054628474,309.6025668287594,1908.5188146754338,34.50427531953007,39.70958437668349,2.5947542689230105,12.355389107284905,60.29814532860866,0,2026-09-03 06:23:53
2026-09-02 17:31:00,CNC-01,L,299.22049337742624,313.2269344105719,1865.6831363031263,35.39403373524031,146.60389486578683,2.790727386406722,12.331557342915966,57.18830446065538,0,2026-09-03 06:23:53
2026-09-02 11:48:00,CNC-01,L,296.524049049575,310.6339924415394,1415.1881635259087,51.28791532694136,55.64881569986134,2.1055058720645845,13.532458612788409,56.175773595443374,0,2026-09-03 06:23:53
2026-09-03 05:11:00,CNC-02,M,22.606071937119168,37.22165313823024,2251.051926095379,29.223872341404395,215.04653724518363,3.6218734239370534,12.36892241155207,59.74904027295688,0,2026-09-03 06:23:53
2026-09-03 00:41:00,CNC-01,L,298.469030456398,312.1669435138264,2637.792156898898,21.43553553940465,205.53758958101758,4.028126454036122,10.558141345470634,51.155570666264246,0,2026-09-03 06:23:53
2026-09-02 23:35:00,CNC-02,M,298.5076790945194,309.9607552119889,2848.63725226808,11.609874760654039,73.67571321471318,3.461628529371305,6.114934065873716,51.24744146499087,1,2026-09-03 06:23:53
2026-09-02 13:37:00,CNC-01,L,297.7016247995936,312.67135417892536,1443.598707182694,52.068065252430095,228.39397733176162,3.3060900429546822,14.03065916186638,54.40710398410459,1,2026-09-03 06:23:53
2026-09-02 23:02:00,CNC-03,H,300.35200874756447,313.0622187779184,2643.5366294586283,15.790366308119339,253.7782805953251,4.2646391567525175,7.788521522312241,48.5969013268269,0,2026-09-03 06:23:53
2026-09-02 20:41:00,CNC-02,M,299.68955875249134,313.7086536680558,2367.5921190843374,27.087691498513305,110.56998305310063,3.0504100330096313,12.037962450670918,48.97081868374532,0,2026-09-03 06:23:53
2026-09-02 13:25:00,CNC-03,H,297.9840967710979,312.7751989133803,1329.2763798760932,55.43389241208062,201.31209889721885,2.4809751308934658,13.672448336614716,54.05478909904707,0,2026-09-03 06:23:53
2026-09-02 08:58:00,CNC-03,H,296.31643910294537,310.31445099593554,1530.4043450401718,47.91367069311972,16.673013943103914,2.1704652843453873,13.670763495294993,57.95841378745335,0,2026-09-03 06:23:53
2026-09-03 04:03:00,CNC-01,L,296.1431980121416,310.8700694327564,2412.542991254705,30.56196102341994,207.7257387953886,3.794417310589883,13.644599888399972,59.82802280117178,0,2026-09-03 06:23:53
2026-09-03 00:43:39,CNC-01,L,298.2728110347414,311.2193991400425,2719.4429012392684,17.979855631137937,207.62028202836038,4.084444154503959,9.129169437939941,52.23741948390256,0,2026-09-03 06:23:53
2026-09-03 00:59:00,CNC-02,M,303.07332755224184,310.3303990439508,2592.1613635535605,19.624343455024388,163.22744200272084,3.435848254953034,9.624422142242901,49.45062196056618,0,2026-09-03 06:23:53
2026-09-02 21:00:58,CNC-02,M,,312.17602189898633,2479.5485226855208,19.93705685573996,134.79086202461195,3.2149451775959563,9.293944019740012,55.50518387384842,0,2026-09-03 06:23:53
2026-09-02 17:00:00,CNC-02,M,299.2272099551243,313.12191035544873,1736.056276843778,38.46386683186718,48.07545437476472,2.324882348496143,12.353792470698279,53.67808110630183,0,2026-09-03 06:23:53
2026-09-02 10:35:00,CNC-03,H,296.90288976148344,310.99491247656545,1276.8434922432627,51.23069325229442,167.1846553891716,2.2523538561054366,12.164203630478177,51.499475205161886,0,2026-09-03 06:23:53
2026-09-02 13:47:50,CNC-01,L,297.7785186467783,311.39572964149056,1323.96656391164,53.406987832273515,7.84819758421883,2.046648928617749,13.354272372807925,54.249317728976095,0,2026-09-03 06:23:53
2026-09-02 13:56:00,CNC-03,H,298.13733031534156,311.37534269112587,1488.1449980348366,43.95589150523536,20.46193319398453,2.0956102995836994,12.405088619291496,52.54058335393815,0,2026-09-03 06:23:53
2026-09-03 05:20:00,CNC-02,M,22.513724011325394,37.76498071789666,2144.5413340118243,33.265580129958295,226.49106112566162,3.6208054317698926,13.223633107743847,57.90239226599122,0,2026-09-03 06:23:53
2026-09-02 11:31:00,CNC-01,L,296.52907015871335,310.54276921263556,1469.9128004315892,47.71350518978794,28.680550801267742,2.113620492656719,13.128511484739361,58.693154326909095,0,2026-09-03 06:23:53
2026-09-02 18:24:00,CNC-01,L,299.4178082015444,312.4494614678056,2125.7164802981706,27.766204882902215,13.020617228433967,2.6595204347414567,11.114318968093661,,0,2026-09-03 06:23:53
2026-09-02 20:40:00,CNC-02,M,299.8008582226423,313.0926334813093,2552.098181584622,22.310018356221534,109.37628619018969,3.1384976846098804,10.667419534594433,54.37315214216117,0,2026-09-03 06:23:53
2026-09-03 04:43:00,CNC-01,L,296.0675696988717,309.5438421462897,2199.403330275245,29.790100854784228,37.93266417047797,2.8402373303107455,12.476287658753566,56.051673721534776,0,2026-09-03 06:23:53
2026-09-03 04:42:00,CNC-02,M,296.0355945481536,310.4928816419273,2338.1856507949815,27.031347666582683,178.56036806838256,3.421710131844011,11.881886984295633,60.830151526451786,0,2026-09-03 06:23:53
2026-09-02 12:47:00,CNC-02,M,297.42867597971156,311.7219990214858,1489.0829746735296,48.92275330252117,124.00447668013865,2.2893196104018165,13.869476709868703,57.836406292094,0,2026-09-03 06:23:53
2026-09-02 12:02:00,CNC-03,H,297.6164106238826,311.3932532900739,1354.881530783023,49.090930049936084,69.87420092367294,2.040545499020809,12.492171261204575,51.22984602756192,0,2026-09-03 06:23:53
2026-09-03 04:44:00,CNC-01,L,296.226359211619,309.19305807394505,2279.601043090498,26.25366484546981,39.182017584164655,2.957266595745316,11.244929883558626,61.027157293196765,0,2026-09-03 06:23:53
2026-09-03 00:55:00,CNC-03,H,305.0639246777331,310.84868820279644,2596.3413225605123,15.042385610911095,111.04399638735933,3.2236743733350366,7.441515307782362,47.44455735653277,0,2026-09-03 06:23:53
2026-09-03 00:00:00,CNC-01,L,298.9505035305119,312.3625959547144,2680.0442436422677,21.30516689587066,162.02627465940483,3.603300308110322,10.951471782424505,52.86384313294808,0,2026-09-03 06:23:53
2026-09-02 09:16:00,CNC-01,L,295.954237057899,309.78162164628145,1434.5736579522024,47.80946723366227,28.881470065151166,2.093361274113605,12.800705640804384,59.90603150409597,0,2026-09-03 06:23:53
2026-09-02 09:48:00,CNC-02,M,296.3444126176757,310.98754597297597,1629.1540178386495,47.78972584908112,87.78076432647899,2.28749252208245,14.70121403044992,59.99431334552491,0,2026-09-03 06:23:53
2026-09-02 22:33:00,CNC-02,M,298.77410615575997,310.61805236436027,2680.506778059713,15.034433397948137,7.451255262026655,3.0902309866651114,7.355165131154178,56.961666097535286,0,2026-09-03 06:23:53
2026-09-02 08:49:00,CNC-02,M,295.78141141274756,310.8983703445077,1455.3446479797476,52.25626760271511,215.96361894370122,2.8416272024000313,14.277068053617157,60.951735610695565,0,2026-09-03 06:23:53
2026-09-03 06:14:00,CNC-01,L,295.27623219455813,310.21194976941393,2052.1737831154583,36.75095973555526,155.4417921224953,2.9641942779468584,14.270982834561558,60.24663478819091,0,2026-09-03 06:23:53
2026-09-02 20:42:37,CNC-02,M,299.7542459967613,313.3766416030472,2387.5206340366162,24.544575446829747,114.07998998396121,2.9795230058666404,10.80710115204776,51.05688182738917,0,2026-09-03 06:23:53
2026-09-03 06:05:00,CNC-02,M,295.32062116580454,308.8894366169827,1992.4404963983395,30.602285616168654,40.83300462524825,2.606867006487379,11.66075971736573,59.042302920504916,0,2026-09-03 06:23:53
2026-09-02 20:29:50,CNC-01,L,299.2588209059015,313.17685661451657,2490.68567717504,25.494336869445707,167.77903952812787,3.4690865866968545,11.676289981794133,52.22340185166545,0,2026-09-03 06:23:53
2026-09-03 02:38:00,CNC-02,M,297.08379480489316,308.86304817507386,2617.5755898833936,14.99932134149488,32.4030601668524,3.179144610036467,7.188552995927839,55.164834648868556,0,2026-09-03 06:23:53
2026-09-02 10:47:00,CNC-03,H,296.7990375332955,312.20474805934765,1631.4280508183965,49.16293436660129,186.00431458535442,2.5991499474490745,14.871756294581797,59.99260793187376,0,2026-09-03 06:23:53
2026-09-03 03:35:00,CNC-03,H,298.05696273798577,310.10086463218323,2371.852019800547,19.90597245507127,38.203571203548606,2.89418545413769,8.910725784870074,54.64114852895122,0,2026-09-03 06:23:53
2026-09-03 02:55:00,CNC-01,L,296.870881535258,311.2320642851098,2489.891744126975,28.189440921232567,128.29002390596102,3.154344066960364,12.974304238366594,60.67952135239995,0,2026-09-03 06:23:53
2026-09-03 03:51:00,CNC-02,M,296.5880400789896,309.92814592003805,2285.271173126863,24.156756717504535,116.51295519504585,2.963155548514211,10.419684770036955,56.59244358540351,0,2026-09-03 06:23:53
2026-09-02 16:25:00,CNC-02,M,298.9692787121258,314.04837549998257,1813.1406040520747,40.39439084126444,233.85171789168595,3.411267028138592,13.749589867119104,50.522233683922146,0,2026-09-03 06:23:53
2026-09-02 14:09:00,CNC-01,L,298.1668569502619,312.0983288611772,1458.5170190929039,49.78729133001215,42.32936773163874,2.1119691263153957,13.581962670695688,56.06921469432836,0,2026-09-03 06:23:53
2026-09-03 00:13:00,CNC-01,L,298.5861599740171,311.51940069292675,2832.5082533757377,17.58991495892335,175.85299235775096,3.8060777324678634,9.14004008092841,54.273824212290144,0,2026-09-03 06:23:53
2026-09-03 04:56:00,CNC-01,L,22.78581196963586,36.19760035187011,2142.4581255028893,29.28995085040309,54.21155991837576,2.7226133623040063,11.60730785060561,60.657027530090666,0,2026-09-03 06:23:53
2026-09-02 08:50:00,CNC-02,M,295.65441716106614,310.8039267381553,1527.2929813996655,50.38283443776436,217.49918052793308,2.9318097820626012,14.41095084190318,60.40153533403102,0,2026-09-03 06:23:53
2026-09-02 12:45:00,CNC-01,L,297.1540773302684,311.3668683550119,1296.9095299467465,55.35382993035951,146.27873363349244,2.268325760734201,13.765063033014247,59.78812645617958,0,2026-09-03 06:23:53
2026-09-02 20:56:00,CNC-03,H,300.93006330716275,313.96376489917225,2456.9034338809156,21.654595269349596,115.13620190689616,3.0772684737849,10.088202180367489,46.68323247974521,0,2026-09-03 06:23:53
2026-09-02 22:52:00,CNC-02,M,298.76570625033645,310.1152351550397,2805.5398550746704,11.80724763128005,27.62644070363278,3.31238325565168,6.118666345348431,54.72599588596548,1,2026-09-03 06:23:53
2026-09-02 06:23:34,CNC-03,H,296.26370636825254,309.8114520204486,1970.338656341177,32.167226324939485,30.183731805042537,2.7139915560083625,11.69529097992188,59.118422028037166,0,2026-09-03 06:23:53
2026-09-03 02:16:00,CNC-01,L,297.44967526140505,309.79759769163707,2651.906493831948,18.304617558456375,84.41982204067678,31.716192613208065,9.378382892490167,55.49383231005129,0,2026-09-03 06:23:53
2026-09-02 14:24:00,CNC-01,L,298.3588226238757,311.8628061569541,1368.559366517251,47.27359891234193,65.8186550166122,1.954890106498685,12.368078527494413,52.70565723114947,0,2026-09-03 06:23:53
2026-09-02 11:37:00,CNC-01,L,296.6008822638642,310.08889923340405,1322.8411320770017,48.03573148708829,38.19658977623069,2.0617070610978416,11.769706727808456,56.77635464065272,0,2026-09-03 06:23:53
2026-09-03 02:28:00,CNC-01,L,297.1681406226681,310.5503700581706,,24.206873333266966,97.78476729866303,3.1542509081556496,11.126529766207168,61.60153306817573,0,2026-09-03 06:23:53
2026-09-02 21:13:00,CNC-03,H,300.9240183549629,313.53323938185565,2549.189898813187,19.654454633125752,134.43210827187144,3.2114282174097,9.287377694200293,51.23459572667651,0,2026-09-03 06:23:53
2026-09-02 20:11:00,CNC-02,M,299.7670890998863,,2448.96995435903,21.21517587855999,75.64392279855953,2.9493653120079273,9.604391861768304,48.60696627738816,0,2026-09-03 06:23:53
2026-09-03 01:48:00,CNC-02,M,297.363002326374,311.8400338967052,2587.7217238888925,25.08489857484898,216.18936301798396,4.015095684619083,12.16209551718331,57.008490717975945,0,2026-09-03 06:23:53
2026-09-02 13:36:00,CNC-01,L,297.7602651451477,313.04826843422535,1390.1020239536927,56.18779496017869,226.79397733176162,3.234310498632966,14.442385195297724,54.59409480500745,1,2026-09-03 06:23:53
2026-09-02 14:40:00,CNC-02,M,298.38804403945994,312.70760094774624,1524.8216388925302,46.65178275028084,78.16582218133489,2.1459113335796682,13.38667787658102,55.22115621926553,0,2026-09-03 06:23:53
2026-09-02 10:30:00,CNC-03,H,296.9337151018987,311.2143137055438,1397.5285827704865,48.491567597918916,159.38031503417335,2.3070414734792974,12.770516860397784,58.29914721903165,0,2026-09-03 06:23:53
2026-09-02 09:52:00,CNC-03,H,296.3645593860488,310.8993846995007,1384.2552038664392,52.82766536295056,99.95751630868686,2.0657695315035003,13.810740258390505,61.9313352222008,0,2026-09-03 06:23:53
2026-09-03 00:10:00,CNC-03,H,0.0,311.7442193732513,2764.3695780176245,16.30393672622461,62.876786813346925,3.2497885711010355,8.27257869585202,49.307202878428406,0,2026-09-03 06:23:53
2026-09-03 02:08:00,CNC-03,H,303.92037393365604,310.8443067038556,2581.432895025877,18.99256793158522,0.0,3.4328142358728946,9.338401628462679,42.11287509025637,0,2026-09-03 06:23:53
2026-09-02 20:01:00,CNC-01,L,26.62628851593911,39.67319523388318,,22.63629271545481,133.5245090598738,3.227582657630522,10.532419768910305,54.810298015907215,0,2026-09-03 06:23:53
2026-09-03 00:44:00,CNC-02,M,303.55502014775516,310.49938496386716,2665.9662215661515,18.34285740518059,147.12289771180997,3.4578055312673275,76.98593285617618,43.1551480268079,0,2026-09-03 06:23:53
2026-09-02 19:34:00,CNC-02,M,26.623456459378133,40.12221853518179,2270.4512501156823,26.566511394522635,31.09529672090047,2.8667306533465653,11.184534507130051,51.208649477044226,0,2026-09-03 06:23:53
2026-09-02 12:59:00,CNC-02,M,297.42268411384214,312.5041749836801,1361.6573979891432,57.19524446242529,142.9853444128253,2.3469076545321887,14.535106453241697,53.77203706597029,0,2026-09-03 06:23:53
2026-09-02 14:11:00,CNC-01,L,297.9456660605313,311.84655098755826,1354.5629635939304,50.14760090507541,45.490512540760896,2.030196287152143,12.839968668236047,53.06319802850378,0,2026-09-03 06:23:53
2026-09-02 16:23:00,CNC-03,H,299.67878590795556,313.0854434247059,1778.0461410121131,36.806306621688655,24.613060704366035,2.418247479854233,12.198893540527887,51.16960103736916,0,2026-09-03 06:23:53
2026-09-02 22:56:00,CNC-01,L,299.1195327936625,310.17505795948455,2708.18317200309,11.612182173170329,93.55440252302105,3.181440950889589,5.909610094060823,53.57824741242101,1,2026-09-03 06:23:53
2026-09-02 22:49:00,CNC-01,L,299.21666022646923,310.37238328770184,2843.8593590010196,12.274381341653696,86.04224769467645,3.4647782716642213,6.690912180439457,54.48352026694864,0,2026-09-03 06:23:53
2026-09-02 07:40:00,CNC-02,M,6387.270930314706,310.4920732320594,1769.128002166915,40.58038269662799,113.17738824889999,2.4664777298197853,13.636699345524486,53.563433883563235,0,2026-09-03 06:23:53
2026-09-02 08:32:00,CNC-03,H,296.37362199268745,312.05368967825007,1584.8991256328309,52.82440236512784,212.48265101599566,2.9355681352910397,15.91130916265287,58.948746403033084,0,2026-09-03 06:23:53
2026-09-02 21:37:00,CNC-01,L,299.327940374565,311.3250817083069,2595.068783756609,17.247954337485783,7.790806681857806,3.17717263500662,,52.348857739126146,0,2026-09-03 06:23:53
2026-09-02 12:45:00,CNC-03,H,297.6544091708785,312.17944072597544,1350.4006526820226,53.45236971403537,137.8551128931694,2.155207308333916,13.62815727942457,52.48166883634959,0,2026-09-03 06:23:53
2026-09-02 20:56:00,CNC-02,M,299.70900459968203,313.82404495980217,,27.458473201108358,127.91641809215373,3.167813480855246,12.534772486777294,55.93786178018446,0,2026-09-03 06:23:53
2026-09-02 13:00:00,CNC-03,H,297.6102215670246,312.51851009908273,1422.0695213236952,54.68043139604628,161.67486381083842,2.4050374643337906,14.631118514757855,54.8787254353189,0,2026-09-03 06:23:53
2026-09-02 22:39:00,CNC-01,L,299.2920286171002,311.34455064396263,2590.1222813353925,16.643477943445145,75.34584536710948,3.2445587125878323,7.919265612838202,55.83005800309372,0,2026-09-03 06:23:53
2026-09-03 00:51:00,CNC-01,L,298.01382270845926,311.2835602808887,2661.856580290226,19.20559450771798,216.2389241878235,4.090507016893589,9.514566564742688,55.534798558403395,0,2026-09-03 06:23:53
2026-09-02 06:49:00,CNC-03,H,296.3817459607093,310.5782894629757,1932.2102695312972,36.43732352369848,63.06953278712063,2.6396179017296633,13.301952329287742,59.22196086549159,0,2026-09-03 06:23:53
2026-09-02 20:30:00,CNC-02,M,299.88411578379663,313.20270101670326,2605.0606475783293,20.99501475432555,97.84804702349354,3.2415498265525735,10.301214960825616,54.72532085577388,0,2026-09-03 06:23:53
2026-09-02 13:32:00,CNC-01,L,297.7701301254301,313.1027326978506,1448.6499602804556,52.949969589808674,220.5173945935071,3.180022187679124,14.166633498851308,48.85960218957523,1,2026-09-03 06:23:53
2026-09-02 09:39:00,CNC-01,L,296.4192519596529,6792.52352139505,1429.370716028467,47.73787547784226,64.31840976351089,2.081082177387034,12.842662122421338,55.35060334430326,0,2026-09-03 06:23:53
2026-09-02 09:23:00,CNC-01,L,295.9746305124734,310.1390199296856,1517.4743904412014,49.108970781773664,39.59112252441088,2.3295093363161463,14.122742176361365,61.23886623351207,0,2026-09-03 06:23:53
2026-09-02 12:56:11,CNC-03,H,297.9108045519634,312.27283762209254,1362.080894826036,51.50401875181279,155.29348715645355,2.2321742302491674,12.897798997624173,53.69850574960519,0,2026-09-03 06:23:53
2026-09-03 03:12:00,CNC-01,L,296.7068080477293,309.0283972261641,2635.415968019696,16.3309538707409,147.75429807637786,3.5102108523220066,8.171277402044392,59.23404887737976,0,2026-09-03 06:23:53
2026-09-02 06:43:00,CNC-03,H,296.13610944744295,310.1397877267796,1915.7426776968593,36.05702743707851,54.74065415276728,2.504303855151149,13.0926113041,61.12696936785798,0,2026-09-03 06:23:53
2026-09-02 15:17:00,CNC-01,L,298.53172835381844,313.1925632773713,1440.5481146008276,53.44695767032141,146.2665769482496,2.4565524924933486,14.412152026027686,55.13622741069583,0,2026-09-03 06:23:53
2026-09-02 07:37:00,CNC-02,M,296.22925364234675,311.00016687404644,1926.9873910689837,40.45162645067645,108.82047452768039,2.6551207779351715,14.459890565714574,62.80698417097726,0,2026-09-03 06:23:53
2026-09-02 20:36:00,CNC-02,M,300.13989484156235,313.29968490239304,2428.9790321065993,21.163988628371133,104.76602898066132,3.1097893095658966,9.826225132050045,49.056695678385935,0,2026-09-03 06:23:53
2026-09-03 01:27:09,CNC-01,L,297.8338788954713,309.7932047307257,2639.3743532265407,17.668143208153392,31.20124116762539,3.1003007213518514,8.753550863836109,57.66674958042293,0,2026-09-03 06:23:53
2026-09-03 00:22:00,CNC-03,H,299.4660640481018,311.73071229730544,2707.234317663537,16.69164385345678,75.69323430739736,3.2635313128568506,8.23331894062408,50.90556157264306,0,2026-09-03 06:23:53
2026-09-02 07:39:00,CNC-03,H,296.37511057504946,311.272578541209,1551.8895345553212,50.663836624601494,134.18187827509868,2.3108716402321625,14.955942776787785,55.35437971720947,0,2026-09-03 06:23:53
2026-09-02 17:10:00,CNC-02,M,299.2530039757782,313.7934872825876,1934.059327813872,38.4084854749518,62.018765854077536,2.6067799237921276,14.035967496915042,46.66239665703695,0,2026-09-03 06:23:53
2026-09-03 01:27:00,CNC-03,H,304.7179148925028,310.90869285150416,2613.6796842059953,16.700552083239355,145.28309279314766,3.4337487342405386,7.919200076954494,41.83368827152136,0,2026-09-03 06:23:53
2026-09-02 13:23:00,CNC-03,H,297.85863891869246,313.08401074675754,1408.9921394710907,55.225723528400074,198.11971689488234,25.81907622835872,14.539902956040734,56.76630105240057,0,2026-09-03 06:23:53
2026-09-03 01:36:00,CNC-01,L,297.9415945627611,309.6943342398797,2638.2273757070348,14.950751376437703,40.970718456745594,3.289441004281233,7.466481431874126,55.00166623652163,0,2026-09-03 06:23:53
2026-09-03 00:30:00,CNC-01,L,298.18648637026166,310.4968816358062,2756.517679491185,15.132340593791413,193.7970996360754,4.040815313270232,7.67012403079579,50.25035637353505,0,2026-09-03 06:23:53
2026-09-02 08:24:41,CNC-01,L,301.7004801237385,310.50099348683585,1667.470941716303,45.58023330155131,186.13258260439582,2.8574242271817365,14.13838005774578,49.520982847125815,0,2026-09-03 06:23:53
2026-09-02 22:25:00,CNC-02,M,298.9836945304919,312.53527781854996,2696.85806917911,19.144249333777843,226.85727094707,4.168380885762031,9.649239943214715,54.906715158648524,0,2026-09-03 06:23:53
2026-09-02 09:35:00,CNC-01,L,296.24694995549214,310.14568277966225,1366.898869440359,48.91239717283427,58.130541069973496,2.060502703373368,12.523314601355674,57.140291908767466,0,2026-09-03 06:23:53
2026-09-02 17:37:00,CNC-02,M,299.5020054452317,313.50460820228983,2005.7592235107861,34.6289354266932,98.96192426298946,2.7756874228339035,12.791042000377612,49.25864554495711,0,2026-09-03 06:23:53
2026-09-02 22:00:00,CNC-03,H,300.60435603036734,313.9108736509942,2706.400490464168,20.88788979218453,186.50905440436378,3.698366541774831,10.37244159001241,49.45443791944614,0,2026-09-03 06:23:53
2026-09-03 03:35:03,CNC-02,M,296.6230709476186,309.22019278503444,2510.893157132252,19.117631717240275,97.76383758662821,3.031418613575031,8.870786024309721,57.152992570785216,0,2026-09-03 06:23:53
2026-09-03 01:45:27,CNC-01,L,297.45096052534745,309.57391476109444,2679.960602963175,18.021799477850266,51.66493891711721,3.1652227931308343,8.997412017015122,51.43221453819261,0,2026-09-03 06:23:53
2026-09-03 01:42:00,CNC-03,H,304.3486998875374,310.6437576102381,2838.08494693137,15.43405246954154,161.4722795206739,3.597186839500074,8.41360636658284,41.76367846813722,0,2026-09-03 06:23:53
2026-09-02 21:25:00,CNC-01,L,299.2883880156651,313.92247448668746,2579.4426964492836,26.527638478286253,230.76944616952196,4.294482476555099,12.565082149317364,53.038252548396244,0,2026-09-03 06:23:53
2026-09-02 21:32:00,CNC-03,H,300.90110320882866,313.88520889941935,2482.118229542866,21.27263884789872,155.82351265757808,3.3898277182676053,9.6933779249742,49.73146627345371,0,2026-09-03 06:23:53
2026-09-02 12:15:00,CNC-01,L,296.92346580218447,311.2210203337095,1389.6276112860523,51.09522483910774,98.67839804193244,2.083580374232369,13.251302446569639,56.98736612156052,0,2026-09-03 06:23:53
2026-09-02 22:37:00,CNC-03,H,300.3101913789876,313.5915358000046,2655.6572766947484,19.872952424845824,226.72569574288622,3.8723768934709315,9.712618463752865,50.83284257144489,0,2026-09-03 06:23:53
2026-09-02 21:45:00,CNC-03,H,300.6456728979604,313.2492638921579,2794.584466833274,16.479540359246833,170.18531143922135,3.631504616301,8.851128352477797,51.56696117192783,0,2026-09-03 06:23:53
2026-09-03 00:50:00,CNC-02,M,303.34230215281787,309.94115919920046,2774.949828740323,15.333347907088903,153.50150627279888,3.528210638029924,7.530175912624636,46.775921886069206,0,2026-09-03 06:23:53
2026-09-02 11:30:00,CNC-01,L,296.47416561338474,309.85158208303335,1350.5994073230938,45.62191546921103,27.088508285304155,2.1195211494100237,11.583234386798559,63.61768809377862,0,2026-09-03 06:23:53
2026-09-02 16:17:00,CNC-01,L,299.12004771923324,313.15464015349625,1699.7711287799407,41.828855681606505,42.485893900115656,22.140037864216964,13.306756087092493,58.250660889719114,0,2026-09-03 06:23:53
2026-09-02 19:39:00,CNC-01,L,26.48526470982091,40.21401284260776,2208.0115170971094,28.132097948748452,106.96891480272683,2.871699158126738,11.53354470899108,52.42592468917256,0,2026-09-03 06:23:53
2026-09-03 03:28:00,CNC-03,H,298.01723072370754,310.344751272815,2603.826433847381,19.042499867361663,29.94684058119215,3.250267099188326,9.215860291349793,57.750670345028425,0,2026-09-03 06:23:53
2026-09-02 13:01:00,CNC-02,M,297.4813926422075,312.1411882762215,1327.9336830538214,54.63448945611014,146.13845658983877,2.2185398428119854,13.839544483739896,59.18477710153528,0,2026-09-03 06:23:53
2026-09-02 12:46:00,CNC-03,H,297.56779708123037,312.01838344517927,1355.340463746045,51.9110351806844,139.4551128931694,2.149906566037056,12.986643162074222,56.43510364014655,0,2026-09-03 06:23:53
2026-09-02 19:28:00,CNC-01,L,26.509781506771674,39.708940931856205,2326.721239444305,23.914142127531132,93.51407413348446,2.95345927184419,10.325257890014505,55.59438609312511,0,2026-09-03 06:23:53
2026-09-02 23:13:00,CNC-03,H,300.2587958372397,311.94538985304973,2611.832858272103,15.735030825240083,2.142749307943726,3.0635673197371456,7.758364182035632,49.57086603983782,0,2026-09-03 06:23:53
2026-09-02 18:12:00,CNC-01,L,299.62185120302644,314.69429666141446,1940.0159243842593,40.672390632340296,201.7206360698397,3.3241429213756146,14.697491181118828,51.47160706532184,0,2026-09-03 06:23:53
2026-09-02 07:59:00,CNC-01,L,301.3467513389121,310.0224414531897,1606.7205317136768,45.67287683888963,149.21901931226043,2.5421194240701253,13.822814622298642,44.85415868065851,0,2026-09-03 06:23:53
2026-09-02 12:57:00,CNC-02,M,297.65068968745663,312.3574319741757,1408.1002126210356,53.64047580561899,139.7853444128253,2.158122688596297,14.360613674822266,55.57167921011023,0,2026-09-03 06:23:53
2026-09-02 23:35:00,CNC-03,H,299.6835644847724,310.7132793651625,2676.8305202324395,12.714325932038927,25.613091792896086,3.211669111480704,6.598164386766351,52.91573551609631,0,2026-09-03 06:23:53
2026-09-02 18:45:00,CNC-02,M,299.74802096704127,314.35114270291365,2091.367939844593,32.775945077888856,188.56591517802661,3.1682543070856175,12.807099789801383,50.972854609539645,0,2026-09-03 06:23:53
2026-09-02 09:40:00,CNC-03,H,296.2699244471184,310.56832385462945,1533.5964027581902,47.182782675918666,81.25781791166337,2.2356270262573346,13.540917228819199,59.838570792274844,0,2026-09-03 06:23:53
2026-09-03 05:03:51,CNC-03,H,23.927617644979932,37.34955920545542,2284.6166259832153,26.311090164875786,146.59966391085092,3.0544846719922716,11.16006001179634,53.604370177657486,0,2026-09-03 06:23:53
2026-09-03 05:26:00,CNC-01,L,22.568031224110086,36.7861848061728,1978.9659988811784,35.11785346017878,92.33649071741429,2.6471022338219625,13.023589391193351,58.05656032666894,0,2026-09-03 06:23:53
2026-09-02 21:01:00,CNC-02,M,299.86578580277677,312.7098931726565,2584.998646253705,17.314901351123147,133.63716466758808,3.3121232484558796,8.337929106453261,53.277280062980246,0,2026-09-03 06:23:53
2026-09-02 10:51:00,CNC-03,H,296.7853510476832,311.51382067373106,1386.498174726939,52.10291867732364,192.2779851659865,2.6423917092197318,13.652160355350262,58.859989407504756,0,2026-09-03 06:23:53
2026-09-02 10:52:00,CNC-03,H,296.9834610527522,311.94960411486346,1487.8566342823906,52.43464580933155,193.8302189812512,2.6387811232668414,14.88927094696842,57.092391601514606,0,2026-09-03 06:23:53
2026-09-02 11:37:00,CNC-03,H,297.2944293211751,311.1305549904349,1382.839559844738,49.23877505198634,30.247349136614652,2.078441678372226,12.818542867385698,56.155703005299934,0,2026-09-03 06:23:53
2026-09-03 06:14:00,CNC-02,M,295.4172935583412,309.75503209152953,2053.212890180517,33.99097962466976,52.964567424884684,2.5927391114638185,13.15338072400978,56.59237212914911,0,2026-09-03 06:23:53
2026-09-02 17:38:00,CNC-01,L,299.60374144524656,314.04003220650515,1851.4838030892397,38.898616123557616,156.1179015342817,2.885131661025142,13.569546726687891,49.74252531130158,0,2026-09-03 06:23:53
2026-09-03 04:08:00,CNC-03,H,297.63839566933086,310.2611376004189,2478.734495030858,19.432613871516043,77.58019451937854,3.115028392991169,8.728614365282429,51.66956015498594,0,2026-09-03 06:23:53
2026-09-02 08:22:00,CNC-02,M,295.75022633612446,310.3900164419796,1623.9457092073233,44.750954611013206,175.15965020832687,2.5940907859455717,13.607420440390325,58.40408777337373,0,2026-09-03 06:23:53
2026-09-02 22:18:00,CNC-02,M,299.2228283258195,312.81026556990105,2596.9415093693196,21.32697029409344,219.22293097963797,4.049684014957778,10.498019026500566,55.22338441251981,0,2026-09-03 06:23:53
2026-09-02 09:53:00,CNC-01,L,296.31014327735903,310.30927288089526,1383.4472518293612,50.88914775558644,86.07116517810759,2.1097070690275075,13.14533976746037,55.3563809903435,0,2026-09-03 06:23:53
2026-09-02 13:41:00,CNC-01,L,297.5197636724907,312.22561922822325,1500.6065517769541,45.773763416009004,234.6279564867181,3.4320788294815663,12.529763690759538,56.947664677699954,0,2026-09-03 06:23:53
2026-09-02 11:44:00,CNC-01,L,296.7113261747126,310.9209807468397,1380.7811126679721,54.702187463202605,49.280232369829044,2.039219544888081,14.059400237269088,56.74786852187325,0,2026-09-03 06:23:53
2026-09-02 13:40:00,CNC-02,M,297.8726945281439,313.11353008266184,1679.725798139476,46.21533250844661,207.56140777009392,2.9639585934104207,14.352967634336267,55.80608273197006,0,2026-09-03 06:23:53
2026-09-03 04:35:00,CNC-02,M,296.38411105037466,310.294110629269,2201.327416715472,27.580727831564655,170.0105565925767,3.235515886699273,11.232589581563385,56.614731295668555,0,2026-09-03 06:23:53
2026-09-03 04:46:00,CNC-02,M,296.21740935525645,310.45368258136267,2380.885731477932,25.66399016532418,183.51962351684432,3.3490888878124006,11.573297535608328,54.41335763834743,0,2026-09-03 06:23:53
2026-09-02 21:54:00,CNC-02,M,299.21526676116565,314.1000922748295,2475.9110878628226,27.1239748642183,192.9329038773519,3.548758700599053,12.742744103772955,53.21165030437135,0,2026-09-03 06:23:53
2026-09-02 10:45:00,CNC-01,L,296.4322834736217,311.4236459614463,1396.0167224778886,55.49039633915027,167.49426000272948,2.5008895307328,14.72920809911698,63.676547080557164,0,2026-09-03 06:23:53
2026-09-02 09:07:00,CNC-02,M,296.0634023187375,309.7045548689408,1467.1339597654494,45.59268482131976,24.504251560953033,2.0845672473686245,12.434255602650783,57.65459922087678,0,2026-09-03 06:23:53
2026-09-03 05:55:00,CNC-02,M,22.383141473192836,35.94584681247733,2124.4145146706796,29.020084286691755,27.541669619127724,,11.361645371268953,54.853235233345146,0,2026-09-03 06:23:53
2026-09-02 08:34:00,CNC-01,L,301.62331238840005,310.7947737780329,1458.2521651495238,51.89405104904446,201.16464358704326,2.978193137802227,14.03762335337188,48.60312146769161,0,2026-09-03 06:23:53
2026-09-02 15:23:00,CNC-01,L,298.7041355250126,313.5902695185112,1652.149158625067,48.389094449534866,155.40378314072586,2.649151487294689,15.307246274416812,54.155003901771344,0,2026-09-03 06:23:53
2026-09-02 19:53:00,CNC-03,H,27.678469322098522,,2318.796330843212,24.889645915758617,41.61990771442603,2.9757581384742977,10.372295684581783,49.181792740496384,0,2026-09-03 06:23:53
2026-09-02 21:03:14,CNC-02,M,299.65661189233043,313.6548246979781,2676.6231120769476,22.841259431938493,135.8870850686594,3.4412371583176924,11.433113331804782,52.28692801571439,0,2026-09-03 06:23:53
2026-09-02 18:08:00,CNC-01,L,299.76323844202875,314.0049699967552,2033.6175702247706,32.85782545854567,196.23074707461373,3.387410251845741,12.458436873583473,53.45569975327008,0,2026-09-03 06:23:53
2026-09-02 22:12:00,CNC-01,L,299.4781881719484,311.71859232773966,2662.752145688361,16.59619467299294,46.16285466180081,3.2494886589112166,8.436886588495144,52.65075148557513,0,2026-09-03 06:23:53
2026-09-02 12:10:00,CNC-03,H,297.5098001350838,311.63231152818463,1484.1717881125437,48.9168967654737,82.58259662163435,2.247139625281248,13.542553933973652,52.930757826481006,0,2026-09-03 06:23:53
2026-09-02 12:07:00,CNC-02,M,296.9698118137421,310.8174127571707,1324.06344640752,50.00908641929294,60.48226578955082,2.0877871979288107,12.550995445192852,55.35070600123815,0,2026-09-03 06:23:53
2026-09-02 09:55:00,CNC-02,M,296.37382610386265,310.4454659539022,1504.7905603217398,45.36384394206019,98.58112500220246,2.2677855056189586,12.999872854654368,60.009312048593365,0,2026-09-03 06:23:53
2026-09-02 21:14:00,CNC-01,L,299.2052497985057,313.38364857934266,2659.3842665840766,23.04438895142511,218.18844399874797,42.102202452928886,11.612632002215683,50.38371594692566,0,2026-09-03 06:23:53
2026-09-03 02:49:00,CNC-02,M,296.71972279414354,309.36495580583926,2539.5973043185436,18.49601066387504,44.785872330371504,3.0684457954871376,8.96239110416241,55.064109512576884,0,2026-09-03 06:23:53
2026-09-02 22:15:00,CNC-03,H,300.7083860903541,313.73557192429416,2595.0322039026096,19.47456028989436,202.67586701785183,3.703498190455015,9.330386707901177,53.88757521411548,0,2026-09-03 06:23:53
2026-09-02 14:26:00,CNC-01,L,298.47079667255235,312.37678238667604,1554.233857211222,43.28472744871462,68.86462723750132,2.2748113248996527,12.693597826613972,53.42490324725448,0,2026-09-03 06:23:53
2026-09-02 12:18:00,CNC-03,H,297.6372539613539,312.18086015907744,1574.9740881174619,47.069063399155965,95.17392771105854,2.199168873454874,13.81304150852376,53.12241207870989,0,2026-09-03 06:23:53
2026-09-02 06:58:00,CNC-01,L,295.83319729271676,309.23997260466103,1847.0227878661299,34.717477504103215,61.75216406725129,2.495433704315574,12.274613496518358,60.05121608351794,0,2026-09-03 06:23:53
2026-09-03 01:22:00,CNC-02,M,297.71575583980257,311.8829488686576,2491.5213508649204,26.008056696903704,187.9168767110394,3.4914153929712297,11.968668162587097,51.16042811059182,0,2026-09-03 06:23:53
2026-09-02 23:28:00,CNC-03,H,299.8801204061934,311.05322143725795,2721.389288197118,13.188127659318928,18.131906046887536,3.2700376881652216,6.801904160235884,50.96501719198429,0,2026-09-03 06:23:53
2026-09-03 01:49:00,CNC-03,H,304.70716522010116,311.660941022683,2587.614235863019,19.030152579715665,169.12270516298312,3.479923264981461,9.52657432882573,39.41897553987491,0,2026-09-03 06:23:53
2026-09-02 20:38:00,CNC-01,L,299.1102784056711,312.76816293248913,2314.689713919004,25.41901735523839,177.07766654015325,3.4053928299998337,11.078264820965888,47.82008453778638,0,2026-09-03 06:23:53
2026-09-02 09:42:18,CNC-03,H,296.3829078703342,310.44772475447445,1578.9648764178762,44.05322608186031,82.78203902013132,2.1750976845568175,12.833339689044136,54.92030023717475,0,2026-09-03 06:23:53
2026-09-02 23:44:00,CNC-01,L,298.8947991332528,311.2665654515519,2701.6214259793974,16.38334866856982,144.87945763565557,3.5539199785867983,8.541952055419205,55.31143621171487,0,2026-09-03 06:23:53
2026-09-02 21:44:00,CNC-01,L,299.11255847027775,311.0856314646608,2572.419703896906,17.902368288687118,15.535371801658183,3.1103853468324187,8.777069950896783,51.89297593218747,0,2026-09-03 06:23:53
2026-09-02 09:49:00,CNC-02,M,296.32657815760695,310.2664449084558,1622.875834715579,42.27515198318786,89.28292064278332,2.367489315473745,12.813842416813246,58.01626930829603,0,2026-09-03 06:23:53
2026-09-02 08:28:00,CNC-01,L,301.2646689210253,310.10982890422036,1586.449130587837,46.73738707900612,192.0835394555332,2.947997616310319,13.915363621668282,49.27773719260765,0,2026-09-03 06:23:53
2026-09-02 17:36:00,CNC-01,L,299.6627011017618,313.66589998767785,1772.1375675736738,36.96733858607676,153.39869113855474,2.7147182473929905,12.148206350308888,53.69397428634444,0,2026-09-03 06:23:53
2026-09-02 14:42:00,CNC-01,L,298.5111420468393,312.8883495382246,1484.4443952963795,49.13035924119002,93.22220122718883,2.1941476664362622,13.719103941954154,54.997180659135694,0,2026-09-03 06:23:53
2026-09-02 20:34:00,CNC-01,L,299.1939405886414,312.39939438728703,2516.2205137589276,21.42429502900803,172.42328875899577,3.542097407381368,9.810299680980041,56.502100157276736,0,2026-09-03 06:23:53
2026-09-03 06:00:00,CNC-02,M,22.338250070139736,36.23725821910381,1943.6513155299417,34.68588667129325,34.19239072992339,2.514867729199299,12.629622234090126,56.688764425401054,0,2026-09-03 06:23:53
2026-09-03 02:04:00,CNC-03,H,304.1454721572365,311.5261158240653,2616.7092426571025,22.13232131345927,185.59135038281843,3.54239410500648,10.679621831363193,38.22110903711189,0,2026-09-03 06:23:53
2026-09-02 09:02:00,CNC-01,L,296.05071999923035,309.22574753120045,1411.9719110158917,44.94892612913293,7.614940863557386,2.091380122284462,12.01370655946225,60.60064123109229,0,2026-09-03 06:23:53
2026-09-02 13:18:00,CNC-03,H,297.82447034221093,312.7925767461096,1465.7244001166903,52.13348780240329,190.18422321499588,2.566354530513404,14.282848267378478,60.06526097217322,0,2026-09-03 06:23:53
2026-09-03 04:39:48,CNC-02,M,295.8442567937626,309.8014768700539,2396.57909023058,24.154966309218374,176.07269985040645,3.2337978121361743,10.920322322004385,55.74297975257916,0,2026-09-03 06:23:53
2026-09-02 08:23:00,CNC-01,L,301.202843898433,310.1865783929977,1756.333772354994,44.42118328765651,184.65306822926786,2.9523416785927514,14.607652905250205,48.85760386154959,0,2026-09-03 06:23:53
2026-09-02 14:06:13,CNC-03,H,298.1208066029787,312.0104315202536,1374.6234784887108,50.72137464791709,36.15522286202253,2.0538162733464556,13.116752282736927,58.33725981821612,0,2026-09-03 06:23:53
2026-09-02 12:59:00,CNC-01,L,297.2402833773081,311.65941296923785,1294.1967570186243,53.835181828540165,168.50773632437395,2.478084502088645,13.271901104130169,54.43974510818359,0,2026-09-03 06:23:53
2026-09-02 07:53:00,CNC-01,L,301.5119236100322,309.8012523362606,1672.040905497955,40.79968429964364,140.3714763145528,2.653687343878424,12.953064200993387,52.54569889835756,0,2026-09-03 06:23:53
2026-09-02 18:44:00,CNC-02,M,299.486494454429,313.9763629380471,2254.5755952972713,28.785124233809004,187.2698269138106,3.356005544188011,12.077410778853546,53.13881513469493,0,2026-09-03 06:23:53
2026-09-03 05:27:00,CNC-02,M,22.463116398652687,38.13965933580164,1981.2625631039166,37.880107156893246,235.58325755542137,3.683695907691265,13.97804848106465,59.312414083631694,0,2026-09-03 06:23:53
2026-09-03 03:23:00,CNC-02,M,296.3883800068074,309.2011636242167,2632.6473162389643,19.539589671442766,0.0,3.2210656575768293,9.443866983783611,60.25488951554947,0,2026-09-03 06:23:53
2026-09-03 04:34:00,CNC-01,L,296.1169663363627,309.126087913053,2255.5972068455626,26.229481458045953,26.853926285399456,2.885050170593832,10.964006912130166,59.25122872108094,0,2026-09-03 06:23:53
2026-09-02 13:11:00,CNC-03,H,297.7071442637307,312.50111646526915,1377.5301975427049,54.534226520627804,179.1938124521163,2.391555160268317,14.221879749539976,52.79621912506396,0,2026-09-03 06:23:53
2026-09-02 10:13:00,CNC-02,M,296.64330694020157,311.5126027643374,1474.1669759498968,51.146977589424935,126.63455163444222,2.2664846369839404,14.062076835640998,60.81492314975596,0,2026-09-03 06:23:53
2026-09-02 09:51:00,CNC-02,M,296.28053814903853,310.5153967986007,1513.6640440764565,46.483904369199415,92.39219219972807,2.242868607916048,13.111672457768421,61.797203308062905,0,2026-09-03 06:23:53
2026-09-02 06:44:00,CNC-01,L,296.41698949530445,309.7030167977757,1817.54298231409,35.75452937067256,42.34019307087324,2.3988198846331894,12.011810492094902,59.31196305848663,0,2026-09-03 06:23:53
2026-09-02 12:11:00,CNC-01,L,296.7634753120924,310.7856286227756,1308.2872477338742,53.28200605107482,92.29549660760227,2.1189626752850996,13.063064144125285,60.239973662787996,0,2026-09-03 06:23:53
2026-09-02 20:53:00,CNC-03,H,300.9101655269432,313.89113876582144,2410.164037544942,21.421215604708998,111.70446035014469,3.014129054720389,9.819683336534855,49.90312848356236,0,2026-09-03 06:23:53
2026-09-02 23:19:00,CNC-01,L,,310.98477922523375,2668.9343791641695,13.6138300070525,118.2409442348144,3.3803461940871333,6.7253474638308965,51.702300122121976,0,2026-09-03 06:23:53
2026-09-02 21:56:00,CNC-03,H,300.6003302084596,314.4849318877218,2526.067375783671,24.21874125083648,182.195943648265,3.4463023542164297,11.32691744745784,47.56994850919589,0,2026-09-03 06:23:53
2026-09-02 18:53:00,CNC-02,M,299.1413308683054,313.65628781488044,2074.260584309427,31.92120253886567,198.85932714587653,3.2859931101059376,12.417421203399295,53.71572173532149,0,2026-09-03 06:23:53
2026-09-03 02:31:00,CNC-01,L,297.14290785057204,309.04315661968127,2648.8811400169093,14.570429646718035,101.11060654925805,3.22808884850284,7.431516357665833,59.447374411386576,0,2026-09-03 06:23:53
2026-09-02 19:13:00,CNC-03,H,27.44778617269094,42.04348874242129,2284.753539122553,30.04685309766578,252.5775636454064,3.9066508599336007,12.71877258379532,48.134855506977075,0,2026-09-03 06:23:53
2026-09-02 23:57:00,CNC-02,M,298.07757419870313,310.8230350929902,2605.3452612260617,17.890340624259952,97.12051035159857,3.186556507147729,8.848745624026535,53.463606608613006,0,2026-09-03 06:23:53
2026-09-02 19:09:00,CNC-02,M,26.565966679468033,39.5740032798534,2156.925768542421,27.054955138839887,0.0,2.7128096978995435,10.939075764054586,49.42846053693447,0,2026-09-03 06:23:53
2026-09-02 08:29:00,CNC-02,M,295.7131149272189,310.7256001731211,1605.488036438383,48.091761337194846,185.62986166847068,2.7471051753553093,14.645547968043145,61.726603593359165,0,2026-09-03 06:23:53
2026-09-02 15:29:00,CNC-03,H,298.9427818854788,313.8722358588075,1679.5288632654062,46.95881660121668,162.99841168506114,2.577263641128849,14.905010664626138,53.92713806489796,0,2026-09-03 06:23:53
2026-09-02 16:04:00,CNC-01,L,299.2225334142152,313.6453402821505,1691.9563938572958,46.53140807800526,23.434776968850272,2.4181816156032694,14.77503016511675,53.272321531239825,0,2026-09-03 06:23:53
2026-09-02 17:15:00,CNC-03,H,300.18656597511136,314.42075986979887,2025.8232473049159,35.133095695783545,97.99416135151202,2.7303157845709776,13.224635629710319,49.351966159958,0,2026-09-03 06:23:53
2026-09-02 06:35:00,CNC-01,L,295.80743324787966,309.5756952479516,1839.0920847858915,35.964648685256,29.841055389474775,2.407240475636292,12.557830463860045,54.13452319012302,0,2026-09-03 06:23:53
2026-09-03 03:25:00,CNC-02,M,296.402422263127,0.0,2469.703527442151,27.19963429828286,86.0717674522316,3.0662633622032263,12.462218616525254,60.2865576965026,0,2026-09-03 06:23:53
2026-09-03 00:00:40,CNC-02,M,298.08121082697585,310.4953389242622,2783.3475850766195,16.451619890127876,101.35344122267193,3.465671082323659,8.429443009500027,57.784014068110494,0,2026-09-03 06:23:53
2026-09-02 08:26:00,CNC-02,M,295.75504280840624,311.32330545451293,1784.070017183767,46.308684925912445,181.11193377330756,2.8671410894570784,15.42018278715474,55.704340863148026,0,2026-09-03 06:23:53
2026-09-03 04:30:00,CNC-01,L,295.8828549370009,308.43761950584775,2409.5932551278424,22.08492342938674,21.84742280707767,3.026427825423488,9.874622690271083,59.84135365899482,0,2026-09-03 06:23:53
2026-09-02 23:17:00,CNC-03,H,300.18275190703457,311.44752528050407,2727.361069945972,13.633345366813376,6.442680329107976,32.06162320354078,7.169158479577896,48.46387094084814,0,2026-09-03 06:23:53
2026-09-03 01:53:00,CNC-02,M,297.01638377526893,309.6884043971568,2719.126935238633,15.089730951083482,221.60207129183,4.112932753085655,7.584657133401018,60.46859986787986,0,2026-09-03 06:23:53
2026-09-03 05:01:00,CNC-02,M,22.83581001064323,37.873743829084106,2258.960331426515,32.686035848077424,202.40140168213733,3.536618677429973,13.838959877424754,53.33501536218648,0,2026-09-03 06:23:53
2026-09-02 14:37:00,CNC-02,M,298.3804152724865,312.9619515761153,1477.911646622552,50.92684548071039,73.53631756845203,2.119972619429566,14.067715139088097,55.252306840143746,0,2026-09-03 06:23:53
2026-09-02 07:46:00,CNC-01,L,301.56144451099306,310.42860233997686,,43.684525819934805,130.19524326622232,2.6074615830316645,14.711493838826776,50.20887698830516,0,2026-09-03 06:23:53
2026-09-03 01:18:00,CNC-02,M,303.00087457300566,310.7203108418283,2668.9243184970887,20.388796862377443,183.57361452126096,3.6870891527294893,10.230196419086823,44.56137895013755,0,2026-09-03 06:23:53
2026-09-03 04:58:00,CNC-03,H,23.93305266998425,37.86759505926574,2192.2267370403065,29.581338338778327,139.0549779327522,2.9080916812523054,12.049905701186718,56.53418263803427,0,2026-09-03 06:23:53
2026-09-02 17:07:00,CNC-02,M,299.07038118274,313.1714959845414,2067.880074239021,34.50920179404101,57.80211883753078,2.692707713963469,13.362857254847153,48.63584046838952,0,2026-09-03 06:23:53
2026-09-02 20:21:00,CNC-03,H,301.2132053079931,314.7331576553623,2296.0896278191617,25.912559598089487,74.51730394957752,2.872288747852905,11.099122684236805,47.597537267873655,0,2026-09-03 06:23:53
2026-09-02 09:46:00,CNC-01,L,296.0782146431146,309.9268666805476,1390.1676912020541,50.06366172460713,75.20996527508403,20.435593165458634,13.101244789978246,54.91877078739951,0,2026-09-03 06:23:53
2026-09-02 13:25:06,CNC-01,L,297.4222689282211,312.4927411232298,1376.7083666721762,55.55142957832197,211.09923024169524,2.8757618928344892,14.322828597447922,53.28590288727879,1,2026-09-03 06:23:53
2026-09-02 08:03:42,CNC-03,H,296.4264109998176,311.2347516959501,1936.1411728138603,39.03798443539395,170.671685525674,2.8989319932115674,14.001992985989187,63.05318583192576,0,2026-09-03 06:23:53
2026-09-03 01:53:00,CNC-03,H,304.57495496254967,312.280248220753,2565.9221554675114,24.01297527746788,173.47525248619831,3.41828224932642,11.683920232189381,46.92232396815233,0,2026-09-03 06:23:53
2026-09-02 21:54:00,CNC-03,H,300.7231394058197,313.59013608733574,2533.324177909896,19.53942228300644,180.01723509813797,3.548697032280542,9.098179649874503,50.352377902153435,0,2026-09-03 06:23:53
2026-09-02 09:19:00,CNC-01,L,296.0378623386419,309.68191702982847,1581.3291765331724,42.7398719477944,33.44624408632143,2.316159363878556,12.423031133264606,64.48858766506522,0,2026-09-03 06:23:53
2026-09-03 03:04:00,CNC-03,H,298.1284206902287,310.4702485956818,2369.9020445047618,21.61299067065924,2.37855855249812,29.454563093023648,9.642507059580163,59.15608867098491,0,2026-09-03 06:23:53
2026-09-02 21:11:14,CNC-02,M,299.4804360357448,312.05347683935173,2516.3095355128244,17.89791554546819,145.15871558812665,3.3492478611057606,8.561495886957257,53.05699160841337,0,2026-09-03 06:23:53
2026-09-02 17:45:35,CNC-01,L,299.60129885071115,313.54071440352567,1954.775420632342,33.36827561508336,166.9011707654527,2.9222883786782607,12.232811228031249,54.58132715002294,0,2026-09-03 06:23:53
2026-09-03 03:09:00,CNC-01,L,296.5557351355198,310.4262263366663,2471.109224773453,28.007258065738352,144.38387910007916,3.32852114737421,13.211146324395704,60.89323391232876,0,2026-09-03 06:23:53
2026-09-02 23:15:00,CNC-02,M,298.5357164965843,311.22948586470096,2604.6355113509253,18.5498093153384,52.42172179583469,3.03844781188207,9.30448425359108,48.82808066297469,0,2026-09-03 06:23:53
2026-09-02 09:47:00,CNC-01,L,296.1846828430477,310.4628993238737,1497.7031762252009,49.073519263403114,76.78076841169063,2.1250005299792663,14.052940476128414,56.97806384727151,0,2026-09-03 06:23:53
2026-09-02 21:56:08,CNC-01,L,298.96494266085557,310.42272093977294,2702.745509110742,14.047371713254618,28.67929743383999,3.2689211404271608,7.217975240224764,54.57297432119527,0,2026-09-03 06:23:53
2026-09-03 02:27:00,CNC-03,H,304.26199267304077,311.9877985335443,2529.279967342444,22.88832813901367,211.1462597428955,3.711068319217897,10.768273296536515,42.62506187900869,0,2026-09-03 06:23:53
2026-09-03 05:39:00,CNC-01,L,22.65425178544001,36.41556062643815,2048.903560204531,31.88484141226857,109.32558046354877,2.655949868207533,12.261275834810245,59.068441060209366,0,2026-09-03 06:23:53
2026-09-02 14:43:00,CNC-02,M,298.4562224206002,312.9947459019348,1545.6591129731362,47.61909516571648,82.79514731837139,2.2250314093859633,13.856812995283446,52.29581562015406,0,2026-09-03 06:23:53
2026-09-02 07:58:00,CNC-03,H,295.97383626444196,310.54397126639054,1481.2361599700948,48.572559399426446,161.95576725867588,2.462568018963192,13.562719757887148,55.467924373827245,0,2026-09-03 06:23:53
2026-09-02 17:45:00,CNC-02,M,299.0601010925224,312.41323561133305,1880.142780529205,31.371252105913566,109.79409795658856,2.515384040411239,10.793914070156209,54.34881293144315,0,2026-09-03 06:23:53
2026-09-03 05:18:00,CNC-02,M,22.52164122568513,0.0,2161.6084928335385,37.77856322553734,223.93824136381068,3.5722547852953546,15.291107928684944,60.94435936911341,0,2026-09-03 06:23:53
2026-09-03 04:24:00,CNC-03,H,297.4855988449604,310.5880142937261,2311.082170127541,24.492574494319392,97.04201416652376,2.9649384232458105,10.514520787746003,57.05818335190036,0,2026-09-03 06:23:53
2026-09-02 09:40:00,CNC-02,M,296.1645324366329,310.41613063248116,1506.4239502537814,48.979984202102486,75.3316124162009,2.173286505281065,13.735647644081231,60.151537679571,0,2026-09-03 06:23:53
2026-09-02 07:44:00,CNC-02,M,296.1507580096066,310.37375681659955,1607.0664960900249,44.840360000033954,119.01121149278354,2.382917473085265,13.625534295835706,52.40964740192839,0,2026-09-03 06:23:53
2026-09-02 14:34:00,CNC-02,M,298.38109898821455,312.73104785698524,1528.004551821359,47.65995263716238,68.8654788831075,2.2661201968197418,13.46032824760269,55.74103226028352,0,2026-09-03 06:23:53
2026-09-03 05:58:00,CNC-02,M,22.128640134624675,35.859187453322136,2191.5673655502464,27.726405940017717,31.47177076440655,2.757671221434885,11.235166642536946,57.87503138355009,0,2026-09-03 06:23:53
2026-09-02 06:50:00,CNC-02,M,296.31325497466963,309.7795933022941,1848.646244559986,35.00076267925516,42.23401236527054,2.42322403280011,11.953828481086074,55.16212512402863,0,2026-09-03 06:23:53
2026-09-02 19:13:00,CNC-02,M,26.30963848671371,39.5060780733657,2242.6061019721237,26.572006867522603,4.9314992939443725,2.7234260445122156,11.065323155730487,55.8048071194967,0,2026-09-03 06:23:53
2026-09-02 07:44:00,CNC-03,H,295.9639194888326,310.3541963533182,1662.9984540208902,44.30247624246665,141.42168716181862,2.542280779094612,13.695247045893765,56.627138591940074,0,2026-09-03 06:23:53
2026-09-02 16:05:00,CNC-03,H,299.7689265777921,314.251737958397,1578.5900618327473,44.61704421627665,216.42185968084954,2.950606428709428,13.279320295462732,54.272899680067766,0,2026-09-03 06:23:53
2026-09-02 19:52:00,CNC-02,M,26.481044770196206,39.56814380560007,2411.526300760918,22.1103859973092,52.93911092973459,3.115901853485676,10.002354247353386,57.352868113952525,0,2026-09-03 06:23:53
2026-09-02 22:17:00,CNC-01,L,299.38620887476736,311.0126130607166,2688.577255331473,14.65842894029311,51.5370158678505,3.3340116132997806,7.747312526555009,52.63026140978343,0,2026-09-03 06:23:53
2026-09-03 02:49:55,CNC-03,H,298.4111821708978,312.70483840060194,2504.9303175875107,25.931631566801236,235.7563973319506,3.917891756186951,11.846276487852448,57.30906235492863,0,2026-09-03 06:23:53
2026-09-02 10:23:00,CNC-02,M,296.5023340656281,310.4952585756853,1446.536540103841,46.397990831925625,142.31999271683475,2.1713032390071336,12.441005300564902,57.1027258812989,0,2026-09-03 06:23:53
2026-09-03 02:56:00,CNC-03,H,298.2813531117961,312.2436213665201,2446.8186175616665,23.914859858380154,243.75521231840526,3.9741302361919866,10.836172470741452,56.57995667763008,0,2026-09-03 06:23:53
2026-09-03 05:49:00,CNC-03,H,23.44180301946858,38.19550172454018,2148.783086909507,33.78385587512046,205.08635809920332,3.313608367925386,13.74215821479964,58.234069473938355,0,2026-09-03 06:23:53
2026-09-02 10:48:00,CNC-02,M,296.5015363533525,310.8484831111899,1304.998229621765,51.26377466857561,181.88838889249607,2.3192569629910293,12.70649877292284,56.59411071188336,0,2026-09-03 06:23:53
2026-09-02 11:45:00,CNC-01,L,296.60598266223434,310.4265484481248,1371.8213426347493,50.27435408892012,50.86674179772869,19.251833067235864,12.92325032328912,60.73683186355875,0,2026-09-03 06:23:53
2026-09-02 06:32:00,CNC-02,M,6383.0583951380295,308.88253235768366,2001.732656587841,29.70345180411369,17.386855516205284,2.6636745397095325,10.880943681785638,57.13245390247586,0,2026-09-03 06:23:53
2026-09-02 20:44:00,CNC-01,L,299.26981605739826,312.44013079493635,2675.6415029957416,18.878353631154138,183.98372987626573,3.691752922076598,9.55027608003019,48.51594258755661,0,2026-09-03 06:23:53
2026-09-02 09:48:00,CNC-03,H,296.4850544103947,310.90183378628706,1564.4399396325655,46.11039425353504,93.57648206978527,2.1352206007955736,13.478068574161068,58.342245873063355,0,2026-09-03 06:23:53
2026-09-02 22:05:00,CNC-02,M,298.96885058738656,311.9854320664543,2638.3629599990563,17.855790916674486,205.04784519747344,3.851686169419648,8.924690186953498,53.929445186827934,0,2026-09-03 06:23:53
2026-09-02 13:27:00,CNC-02,M,298.0287865894913,313.1032967409812,1411.429060103326,54.26716110288801,187.18301078692718,2.7808615293230274,14.335074880433316,59.747100320115266,0,2026-09-03 06:23:53
2026-09-03 00:09:00,CNC-01,L,298.5052530561007,310.6352302421446,2856.7281603203164,14.50435566068842,171.579259999368,3.815563022525965,7.8059206074474865,54.014449199323685,0,2026-09-03 06:23:53
2026-09-02 10:27:00,CNC-01,L,296.30529309860094,311.35302824542526,1492.3091582386915,53.53930297036832,139.32562962500026,2.437239285542118,14.623344646392315,64.07580898620851,0,2026-09-03 06:23:53
2026-09-02 22:35:00,CNC-01,L,299.5377742800786,312.25039477904323,2577.936039507351,19.783430034160656,70.98693529747409,3.156498722360163,9.681678595670576,51.192238339457,0,2026-09-03 06:23:53
2026-09-03 02:14:00,CNC-03,H,304.4260736739392,311.6835806488186,2569.694055575088,20.69006926443732,196.58199209747872,3.652657648760927,9.609766861571812,42.94219988278363,0,2026-09-03 06:23:53
2026-09-02 12:54:00,CNC-02,M,297.4275668054569,311.65067050732824,1395.287893233628,48.140472429342175,135.00185942855526,2.263017896906723,12.669722991123894,53.56924921490432,0,2026-09-03 06:23:53
2026-09-02 09:24:00,CNC-03,H,296.62647179212684,311.0608627390395,1585.0735172581162,47.90922715675779,56.59361143818378,2.325087157700296,14.233563175873975,58.35289120077104,0,2026-09-03 06:23:53
2026-09-02 22:01:00,CNC-03,H,300.64284960370054,313.6793691139114,2560.1107842423226,19.32152423703097,187.60412994980766,3.605514051741795,9.1754326095878,52.04456414310817,0,2026-09-03 06:23:53
2026-09-02 15:45:00,CNC-03,H,299.52819896713567,314.3192694478088,1604.6368770351062,46.316723780558995,186.91999108964092,2.6591054187771497,13.837925035224357,50.35165671537532,0,2026-09-03 06:23:53
2026-09-02 13:06:00,CNC-02,M,297.7308768936134,312.2545330585483,1340.0836665759603,52.68160889893848,154.08511240772583,2.3448376466040783,13.123756284879919,57.12924244607426,0,2026-09-03 06:23:53
2026-09-02 22:00:00,CNC-01,L,299.22204446734423,312.31516334629555,2561.4368749139335,22.66484448321526,33.18326681082942,3.1002246373289535,10.861057120242881,58.65114918157158,0,2026-09-03 06:23:53
2026-09-02 12:59:00,CNC-03,H,297.7042963857894,312.21559581304376,1343.1643108133776,52.76830952290133,160.07486381083842,2.2462444583914447,,56.65714802433948,0,2026-09-03 06:23:53
2026-09-03 03:59:00,CNC-02,M,296.49288194314323,310.6455645695938,2352.2120024988035,26.917475253509537,126.0338965928093,3.107080600391595,11.822215404089256,58.5109665191623,0,2026-09-03 06:23:53
2026-09-03 00:56:00,CNC-02,M,303.38560392941406,309.97588182897965,2690.8515393910448,15.713857855663106,159.9664268427884,3.561856653654819,8.002714471091366,41.28686793472995,0,2026-09-03 06:23:53
2026-09-02 09:53:00,CNC-02,M,296.4878918600701,310.61101823803455,1526.5880459874215,45.88839572242706,95.4669754292073,2.1699729672635697,13.117175513711103,60.408307423354245,0,2026-09-03 06:23:53
2026-09-02 19:57:00,CNC-01,L,26.47104223092998,40.271104294289955,2283.14143665759,28.59113052307005,128.77494916106153,29.848938894180076,12.252660368314373,51.287861798242915,0,2026-09-03 06:23:53
2026-09-02 20:23:00,CNC-03,H,300.9721299491739,314.02595227966583,2474.515871431543,22.685088844358884,76.89257084301573,3.0767092071619726,10.54272091781295,54.40501599733305,0,2026-09-03 06:23:53
2026-09-02 17:27:00,CNC-03,H,300.07280482644586,,1960.5490084485243,37.89025963571,114.45816900647122,,14.025466316306572,50.29167602505976,0,2026-09-03 06:23:53
2026-09-03 02:41:00,CNC-01,L,297.04008784886344,309.3027984960708,2605.535954436506,16.407870976808855,112.37330858826333,3.3460581141483643,8.182892912214077,54.246502874347556,0,2026-09-03 06:23:53
2026-09-02 13:59:00,CNC-03,H,298.0531211448921,311.9246526863352,1407.6919951407772,47.94913423594817,25.171325514004124,2.0552021565386314,12.44336121290917,57.08182448709745,0,2026-09-03 06:23:53
2026-09-02 10:21:00,CNC-03,H,296.3890409847183,310.5430211666478,1427.3847047592358,47.9275962976626,145.29256377384095,2.3905428378985754,12.692019163221756,59.69257783452064,0,2026-09-03 06:23:53
2026-09-03 06:11:00,CNC-02,M,295.2670739264775,308.8212084867516,,32.80760483794757,48.93189652009205,2.4936657608122235,12.185256010328532,63.26668980118551,0,2026-09-03 06:23:53
2026-09-02 17:06:00,CNC-02,M,298.957695957476,313.1647098530852,1876.9544570231,37.24694303862165,56.47047604337437,2.468983794078796,12.917207828113023,55.66408836334874,0,2026-09-03 06:23:53
2026-09-02 16:00:00,CNC-01,L,299.1456557195032,312.6598072040844,1719.7384249303518,39.031416437921365,17.602652212871206,2.292193389933855,12.504266443184443,48.87568023825266,0,2026-09-03 06:23:53
2026-09-03 02:05:00,CNC-02,M,297.17105449230405,309.89252783805443,2694.4490367431104,15.076714197921037,234.83673579954518,4.263670152899411,7.534679718666112,56.442089392294044,0,2026-09-03 06:23:53
2026-09-02 16:02:00,CNC-01,L,299.01821217655856,313.04663659360773,1803.2597655224356,41.100105093610054,20.511032772847297,2.377561876702467,13.958093817585402,51.57441107890932,0,2026-09-03 06:23:53
2026-09-02 19:25:00,CNC-03,H,27.699658245870012,41.174957472658434,2258.0470024116826,29.150762237363114,7.395098427108595,2.78902613690869,12.425328634410262,48.50264451457074,0,2026-09-03 06:23:53
2026-09-02 08:01:00,CNC-03,H,296.354346281249,311.07697839201825,1678.194797409604,44.197014357201354,166.33984285037002,2.5415686266752235,13.955724649432495,59.27141951833262,0,2026-09-03 06:23:53
2026-09-02 13:22:00,CNC-03,H,297.90279151641414,312.65187930108493,1352.6636586891582,54.32512864801201,196.51971689488235,2.5219009830489205,13.822650490122221,57.02057478317851,0,2026-09-03 06:23:53
2026-09-02 15:41:00,CNC-02,M,298.58961292591255,313.29193953629476,1586.7389554932224,45.099405613022164,170.08192305789606,2.5913323426980788,13.202972722675169,48.13012603869273,0,2026-09-03 06:23:53
2026-09-02 22:06:00,CNC-03,H,300.4514569695695,313.9909858553867,2671.75014822655,20.723119470907932,192.9445215849852,3.6540928067352607,10.336810189069077,48.3625582357599,0,2026-09-03 06:23:53
2026-09-02 17:03:00,CNC-03,H,299.7078928025371,313.79029177883245,1857.1280463783964,36.99530402330661,81.40646439603235,2.4058808654594523,12.82679130889061,52.24064270384687,0,2026-09-03 06:23:53
2026-09-03 02:03:00,CNC-02,M,297.3631709196238,311.22750412431293,2530.2091167115177,21.835477326631793,232.67664265562365,4.055437341553828,10.448567187630905,,0,2026-09-03 06:23:53
2026-09-03 05:33:00,CNC-01,L,22.947612775580126,36.85510989808898,2098.756266135174,32.476986390598,101.43798125264874,2.8632768059717137,12.731843479584205,57.288909796063905,0,2026-09-03 06:23:53
2026-09-02 08:35:00,CNC-01,L,301.64904775840984,310.8438743767782,1450.0212582556849,52.5526003647098,202.7360225856755,2.9195790930730454,14.11799984592469,44.30342580346513,0,2026-09-03 06:23:53
2026-09-03 02:17:00,CNC-02,M,297.22912728967873,309.20600075946817,2592.9574849383234,16.274462492554385,8.825074084898546,3.1462250204212485,7.910093012012323,58.791604077966994,0,2026-09-03 06:23:53
2026-09-02 10:52:00,CNC-01,L,296.1355810400053,310.5633490717719,1386.2898543850067,49.99921107801779,178.57518869834794,2.6016912488305644,12.64170189307783,57.098988573970395,0,2026-09-03 06:23:53
2026-09-03 03:29:00,CNC-02,M,296.68553476401456,310.54570200122544,2498.3585001929173,24.705069013170885,90.72333900339771,30.555584265454026,11.709400169098371,58.07525109799722,0,2026-09-03 06:23:53
2026-09-03 00:22:00,CNC-01,L,298.7279274087103,310.65378747589085,2801.9879562523415,12.047092504409893,185.39381501610967,3.995352648972888,6.458511010147177,55.48237192572653,0,2026-09-03 06:23:53
2026-09-03 06:12:00,CNC-03,H,296.58452791313056,312.42343928962055,2032.8947336861613,40.68189576019219,235.98830987861595,3.4898530667147485,15.260964085287156,57.658065811798,0,2026-09-03 06:23:53
2026-09-02 14:28:00,CNC-01,L,298.09782931687033,312.60466120710305,1663.0676742821227,43.746822226185714,71.91480338793019,2.3877961019836835,13.286795233283293,52.562723696283626,0,2026-09-03 06:23:53
2026-09-02 22:33:00,CNC-03,H,300.32183945219913,313.283718986693,2780.7810556443114,16.11288624566912,222.38925013988174,4.025827344976324,8.353867914405392,55.28233132124013,0,2026-09-03 06:23:53
2026-09-02 17:48:00,CNC-02,M,299.4134491844922,313.3860099776077,1822.212545324775,36.951289746057505,113.93849260362597,2.589600713342064,12.670838299018422,52.40142447232886,0,2026-09-03 06:23:53
2026-09-03 05:11:00,CNC-01,L,22.787833147888648,36.63794223597165,2183.6234600651023,30.381380159026556,73.12800798303435,2.7676633016679357,12.491831839423359,57.06741182193267,0,2026-09-03 06:23:53
2026-09-02 06:38:00,CNC-03,H,295.9722199043675,309.3336199726517,1834.5427182375602,34.47478592686299,47.96176011678909,2.4591311883965887,11.824596521866154,0.0,0,2026-09-03 06:23:53
2026-09-03 01:27:00,CNC-02,M,297.6172947627537,310.1052166408942,2704.9948891401973,15.004771892554599,193.23069509446816,3.773542682374491,7.540405278612118,55.42680583238035,0,2026-09-03 06:23:53
2026-09-02 20:47:00,CNC-03,H,300.97887646975,314.70990636014204,2495.4551246844435,24.86240958896582,104.84641799676655,3.0928392796561064,11.808661574753602,46.772330442191226,0,2026-09-03 06:23:53
2026-09-02 17:09:00,CNC-01,L,299.4561988499768,313.72771651948887,1799.7789826704131,,116.3809605662322,2.5401538614939128,13.438968589400616,53.80606645379527,0,2026-09-03 06:23:53
2026-09-02 20:29:00,CNC-03,H,300.9401312565958,313.9566421835687,2333.0184383986007,23.842299680068034,83.97664090497767,2.953756705420337,10.62385540802044,49.5980457016946,0,2026-09-03 06:23:53
2026-09-02 21:12:00,CNC-03,H,300.9886750143716,314.33978015285885,2627.906062104878,21.92095351534035,133.32622963257433,3.3542734889728663,10.802802836012281,48.451397251337475,0,2026-09-03 06:23:53
2026-09-03 05:27:00,CNC-01,L,22.4419144892272,36.15980011880458,2135.041241834549,29.56733507320291,93.62884415669548,2.831486765496068,11.858902299975975,62.25146624922697,0,2026-09-03 06:23:53
2026-09-02 23:11:00,CNC-01,L,299.4313639090543,311.5374939463539,2772.505581571499,15.287583558391315,109.64215225370619,3.399791116702855,7.70353347800206,51.74377203774553,0,2026-09-03 06:23:53
2026-09-02 22:38:00,CNC-01,L,299.28122138791935,311.97104873182735,2661.148431295521,19.735945783409353,74.23990893141786,3.1410789914578103,9.738521385260894,50.01812612571209,0,2026-09-03 06:23:53
2026-09-02 23:26:00,CNC-01,L,299.53417481144044,311.8387631195025,2711.9173162402612,16.75745598504302,125.80299737412172,3.337584322943866,8.633510321627712,48.5102741226492,0,2026-09-03 06:23:53
2026-09-02 08:07:00,CNC-01,L,301.24484358989145,310.19785547633103,1777.8504485132164,42.68935984192372,160.93277765709965,2.813030040801266,14.188571549704918,52.256419395737794,0,2026-09-03 06:23:53
2026-09-03 02:27:00,CNC-02,M,297.0539119186382,309.3585702893725,2578.5656809666016,18.335765784853116,20.009416124647544,3.1703252615987143,8.508385459001722,58.07636224411097,0,2026-09-03 06:23:53
2026-09-02 18:10:08,CNC-03,H,300.27416402036806,314.8908101300836,2119.64231173165,33.614442446846176,173.5714635939051,3.062452696286683,13.263818035678726,51.45046676712396,0,2026-09-03 06:23:53
2026-09-02 17:13:00,CNC-03,H,299.70847456888305,313.4971673963289,1865.5512307714173,36.117007701176234,95.28655306615556,2.4233898696924974,12.708941500097172,50.588346931015266,0,2026-09-03 06:23:53
2026-09-02 13:18:00,CNC-01,L,297.7379579982338,312.7191401110979,1322.2211879900754,56.91868643823278,198.51914644980363,2.7338267539472723,14.204367793352521,54.94253458861819,1,2026-09-03 06:23:53
2026-09-02 06:31:00,CNC-01,L,296.3546708588602,309.29144078264557,1939.2249934627305,29.949276400064885,24.350756686260517,2.5684292796415003,11.044792417759773,58.43610128624553,0,2026-09-03 06:23:53
2026-09-02 09:07:00,CNC-01,L,296.1655130076879,309.61215258630676,1499.6221335123018,43.24265899770353,15.159438258712552,2.0974485890897436,12.028708279202784,57.89640552749562,0,2026-09-03 06:23:53
2026-09-02 11:43:00,CNC-03,H,297.04533025033936,311.191676005115,1427.7558390297772,52.24743978900131,,1.944233876915109,13.947068912147374,54.65446261880107,0,2026-09-03 06:23:53
2026-09-03 00:27:00,CNC-02,M,298.2754053532949,311.7278835476447,2643.8492071337655,21.081710910226292,129.1798038639853,33.22426108906523,10.586032289596883,56.545093745182065,0,2026-09-03 06:23:53
2026-09-02 16:18:00,CNC-02,M,299.0203875372557,314.2254379591138,1778.09788039968,42.97804544169337,223.6937471755035,3.382411750123378,14.274483364961151,51.13579044066471,0,2026-09-03 06:23:53
2026-09-03 01:30:00,CNC-03,H,304.42263896678753,310.6369132634327,2813.4714001845473,15.716433498021079,148.51909022748896,3.5152290029054374,8.315847783363091,47.19088320875241,0,2026-09-03 06:23:53
2026-09-02 14:04:00,CNC-02,M,298.30000623851566,312.0098504386272,1468.856432805799,44.773404542068064,21.83967071026073,2.1482122224315976,12.349356700505504,50.53617823878906,0,2026-09-03 06:23:53
2026-09-03 04:50:00,CNC-03,H,297.2887497099562,310.82219742021414,2199.263360160567,27.23657345845261,129.05517155742675,2.890830487867827,11.283168064681526,55.137322545741,0,2026-09-03 06:23:53
2026-09-03 04:45:00,CNC-03,H,297.28554550165376,311.35332913164325,2292.4128829950987,29.49990281970786,122.8081615073699,2.9566074492044883,12.806894809153098,59.35125381678966,0,2026-09-03 06:23:53
2026-09-03 04:59:00,CNC-02,M,22.86190786714269,38.23539453098812,2087.343412699696,36.802225294604845,199.93452246517904,3.4144348845412225,14.282104084624718,57.646591972504666,0,2026-09-03 06:23:53
2026-09-03 01:16:00,CNC-02,M,303.27074323270193,310.73300260725944,2772.251662530856,19.066362407541458,181.4147937152133,3.644147368581851,10.129232408078828,46.64176711164858,0,2026-09-03 06:23:53
2026-09-02 19:37:00,CNC-03,H,27.506227029059232,40.367325357955735,2230.6410310733577,26.259746355727867,22.108547799548454,2.803125109827229,10.832018992662436,44.91841258362926,0,2026-09-03 06:23:53
2026-09-02 10:30:00,CNC-02,M,296.53047816935367,310.7918730594893,1392.3944854261042,50.41589330216551,153.371865670659,2.3884358935497882,13.111575850640117,56.53134805406316,0,2026-09-03 06:23:53
2026-09-02 13:51:00,CNC-02,M,298.1981692392777,311.40175249443524,1442.1715305485393,45.00673996432423,1.5637226282546035,19.923479671935414,12.31321295925364,54.93918106834183,0,2026-09-03 06:23:53
2026-09-02 07:51:00,CNC-02,M,295.746447472827,310.5299553207113,1623.7881264320506,47.97108098511246,129.23089699850536,2.3513865005547285,14.330855413167715,57.148907868197696,0,2026-09-03 06:23:53
2026-09-02 12:03:00,CNC-03,H,297.00794537998837,311.12678908761455,1362.2220600558596,52.69475453936755,71.47420092367294,1.9917138270940655,13.430915218000754,57.46838005063044,0,2026-09-03 06:23:53
2026-09-02 09:01:00,CNC-01,L,301.7490617525664,309.27277263393205,1482.7748989391664,47.47755236585519,6.086457627728569,2.078073600836738,13.282103046628574,47.15650512767023,0,2026-09-03 06:23:53
2026-09-02 19:58:00,CNC-03,H,27.497762597132123,40.947446602501316,2401.152300659969,25.812981494747177,47.57832469557419,2.975312015082943,11.481735486969534,50.72346268642667,0,2026-09-03 06:23:53
2026-09-02 20:18:00,CNC-01,L,299.3177366278571,313.5468679655497,2349.025234413203,28.35326674561046,153.83604516300824,3.279759936078184,12.47181904936194,53.856347165508346,0,2026-09-03 06:23:53
2026-09-02 23:43:00,CNC-03,H,300.0303130301801,311.86147731132775,2780.564809261938,15.233079182467462,34.135161610737384,3.3382885129542674,7.77281145067433,52.0015876123505,0,2026-09-03 06:23:53
2026-09-02 19:24:00,CNC-01,L,26.656708131689243,39.985038125540825,2121.634933685866,27.66685599771966,88.64292931518519,2.878537886307653,10.90280656276372,54.0508823279876,0,2026-09-03 06:23:53
2026-09-03 02:40:00,CNC-03,H,298.28903960395013,312.8436212589116,2542.3436109335994,26.571430816629352,225.596548543725,3.839103853076159,12.596825639162395,53.21865108717263,0,2026-09-03 06:23:53
2026-09-02 23:24:00,CNC-01,L,299.406961233097,312.1511836276753,2509.3048494627774,19.006489388723782,123.69365861937126,3.28760302192248,8.990785557631916,51.691441998580885,0,2026-09-03 06:23:53
2026-09-02 22:33:00,CNC-01,L,299.181810041876,311.28939318251463,2654.925993988143,16.939331916993225,68.77859074808106,3.185212760471629,8.635904162739408,54.434809508158054,0,2026-09-03 06:23:53
2026-09-03 04:28:14,CNC-02,M,296.15480870912626,310.230730385408,2331.649501780535,,161.30491421309574,3.1740441863896875,11.43382670395756,59.195517791056886,0,2026-09-03 06:23:53
2026-09-02 12:31:00,CNC-03,H,297.58622905854037,311.955572471776,1400.299951776736,50.84490545004648,115.7421153807175,,13.075852268363027,57.08154082427925,0,2026-09-03 06:23:53
2026-09-02 20:27:00,CNC-02,M,299.8370948255649,312.4548183510307,2452.8663142948685,19.51610638359213,94.40173194094734,3.150361660504787,9.009207941397458,53.94408912854031,0,2026-09-03 06:23:53
2026-09-03 00:41:00,CNC-02,M,303.3764194706608,309.6388180800551,2714.120063334736,13.835850670145746,143.95732160234016,3.4566149511182833,7.232262243128235,42.466425223907386,0,2026-09-03 06:23:53
2026-09-02 18:09:00,CNC-02,M,299.2473696802374,313.8156482902618,1936.536598576467,38.17945566130984,141.93358113568354,2.8487230986771497,13.575639844747608,51.036493363668235,0,2026-09-03 06:23:53
2026-09-02 12:25:00,CNC-02,M,297.203355197522,311.60240931015835,1395.1752822919514,52.663489022418005,89.15105767311093,2.13497313291644,13.524042277868066,57.417421250923674,0,2026-09-03 06:23:53
2026-09-02 08:58:00,CNC-01,L,301.4691177166967,309.31479268919105,1731.0842363889028,40.9179554775305,1.4836427434378017,2.393156205444108,13.083288159398004,51.7204333203288,0,2026-09-03 06:23:53
2026-09-03 01:59:00,CNC-02,M,297.06478073126107,310.49723670282026,2526.8872993504415,19.218919741877777,228.22044652086464,3.9808078330752856,9.333925108750734,60.129761255843,0,2026-09-03 06:23:53
2026-09-02 08:41:00,CNC-03,H,296.1231047491582,310.82582359185056,1468.4430325459293,48.107101407776405,226.05913289659787,2.8524995016399073,13.354374305148516,,0,2026-09-03 06:23:53
2026-09-02 21:51:00,CNC-03,H,300.72007939048996,314.94850168899495,2639.775155371795,24.403761891942395,176.72690388408174,3.5644092346859235,11.992551379096803,49.279021867852435,0,2026-09-03 06:23:53
2026-09-03 02:55:00,CNC-03,H,298.36044213173227,313.0060506072209,2501.564880026954,27.00095214440927,242.59353288601102,4.032813440653532,12.68804135425188,55.790312769426556,0,2026-09-03 06:23:53
2026-09-02 11:52:00,CNC-02,M,297.0951036295901,310.8747877077452,1402.7521694301934,47.85225974494365,36.626343331337274,1.9986333789849045,12.47872089858353,59.00361560661572,0,2026-09-03 06:23:53
2026-09-03 05:48:00,CNC-03,H,23.175957429342873,38.009338557199726,1937.050628697368,39.094347276719475,203.79083643774405,2.945390178081734,14.179899854112385,60.74330502605777,0,2026-09-03 06:23:53
2026-09-02 16:02:00,CNC-03,H,299.46912699441106,314.4031412446757,1719.6618249716964,44.531580429570106,212.06020165402262,2.9254963768554325,14.340044623015007,49.37447939482386,0,2026-09-03 06:23:53
2026-09-02 23:40:00,CNC-03,H,299.9606274307639,311.32891811917733,2797.980417278475,12.216980963283392,30.988551091716694,3.3300855249616297,6.417274305883603,50.04615378035074,0,2026-09-03 06:23:53
2026-09-02 12:09:00,CNC-03,H,297.202750710847,311.6503767209181,1502.1052330065486,47.780314270079515,81.03838924891429,2.163257639563874,13.423295046612576,56.140110966898995,0,2026-09-03 06:23:53
2026-09-03 04:35:00,CNC-01,L,296.1665956069633,309.47385917786085,2348.8336437977773,26.630084192522194,28.09107612938382,2.963823313012394,12.053309929875489,60.231215101737256,0,2026-09-03 06:23:53
2026-09-02 15:46:00,CNC-01,L,298.9774421122901,314.38226744427374,1678.1561129433942,49.6852351766652,189.67434133091973,3.019888411268661,15.422049842994756,61.20500721382935,0,2026-09-03 06:23:53
2026-09-02 09:49:00,CNC-01,L,295.95735758614444,310.7490777625581,1426.0449034171743,56.27745564897744,79.90605174735406,2.2153576732945632,14.75728232768619,54.373577769072,0,2026-09-03 06:23:53
2026-09-03 02:02:00,CNC-02,M,297.12538115093554,310.87941794699856,2381.36441940741,23.45412889752507,231.55768102061546,3.9484220129472645,10.588571344622487,52.05837748210023,0,2026-09-03 06:23:53
2026-09-02 09:29:00,CNC-03,H,296.3130491481398,310.5817514151674,1419.9452481849776,51.22956002456788,64.31342534369635,2.129990263566435,13.470830313031794,61.19159825653854,0,2026-09-03 06:23:53
2026-09-02 15:41:00,CNC-01,L,298.8561018183251,313.90730842498624,1568.3429509536652,50.21947211288475,182.24156667275912,2.7805831503648273,14.539160807114902,54.32819134977397,0,2026-09-03 06:23:53
2026-09-02 19:59:00,CNC-02,M,26.41958289830177,39.87416402455739,2280.446729100236,25.54494686308557,61.34805432046952,2.910497586931498,11.190128647877119,50.34891852206443,0,2026-09-03 06:23:53
2026-09-02 15:57:00,CNC-03,H,299.4329478031498,315.0129732225462,1681.646381914306,49.943594936112945,204.72060902664035,2.915883004785468,15.665651654531155,52.04831627472901,0,2026-09-03 06:23:53
2026-09-02 07:52:00,CNC-01,L,301.3373068624739,309.963692070743,1687.7374766357348,43.54702152674315,138.92681571174035,2.496982783664138,14.155915351934526,49.185335371590554,0,2026-09-03 06:23:53
2026-09-03 00:42:00,CNC-01,L,298.4096513126667,310.85044198301546,2767.685298536766,14.293150539872519,206.59028202836038,4.1539717051566125,7.564200559178045,55.478361495032324,0,2026-09-03 06:23:53
2026-09-02 14:13:00,CNC-01,L,298.43704584429344,,1369.1476678845042,,48.65040976981465,2.0292189333800175,13.445747872694552,53.10610898502254,0,2026-09-03 06:23:53
2026-09-02 17:03:00,CNC-02,M,298.9452016516309,312.8022172903341,1803.4120586452168,37.12286563572463,52.294087782918524,2.513407194992576,12.660196411904845,56.828239459577084,0,2026-09-03 06:23:53
2026-09-02 17:09:00,CNC-02,M,298.8067317302328,312.6232091235489,1906.3251201631751,35.24455639153094,60.63196218251189,2.568074079353796,12.381976720769178,55.7078324823241,0,2026-09-03 06:23:53
2026-09-02 12:54:30,CNC-02,M,297.52691320474406,312.1433709749299,1294.7341467107285,57.90021669544264,138.20185942855525,21.22977799276297,,57.43102011763321,0,2026-09-03 06:23:53
2026-09-02 17:48:00,CNC-01,L,299.41929352744353,313.798412252783,2119.7958188218386,33.29938525516337,169.55344873319623,3.1261360863000807,13.35821479411583,49.647903318008666,0,2026-09-03 06:23:53
2026-09-03 00:49:00,CNC-03,H,304.7965648994089,311.42961795977504,2459.573140734615,20.82436915798534,104.5966206209848,3.092735063759409,9.55100414924901,41.263570221441256,0,2026-09-03 06:23:53
2026-09-03 03:08:00,CNC-01,L,296.9219643368066,309.9114385369974,2557.8342732594087,19.853673480988526,143.20269309700168,3.3491937218507917,9.712696287498126,57.42826319981105,0,2026-09-03 06:23:53
2026-09-02 06:54:00,CNC-01,L,296.0016647750334,310.77947968765403,1930.218006216171,42.46420862821641,56.14788760645356,2.56854553236765,15.503646008292963,57.29217008345813,0,2026-09-03 06:23:53
2026-09-02 18:34:00,CNC-03,H,300.37733998117267,314.7677146458973,2155.493987743492,29.920492741067726,203.4898015183069,3.2872552462481526,12.025334140057486,51.144494975990604,0,2026-09-03 06:23:53
2026-09-02 13:13:00,CNC-01,L,297.7436056371151,313.12180887597646,1591.7722459760432,49.67693635859896,190.61335606403378,2.8645394431389235,14.881191702294506,58.897988679769036,0,2026-09-03 06:23:53
2026-09-03 03:08:00,CNC-02,M,296.76655551152515,309.43446189632476,2552.0785134874627,18.562916347489537,66.51353476156774,3.0764442292738194,8.844858513413646,58.48378249929537,0,2026-09-03 06:23:53
2026-09-02 10:25:00,CNC-01,L,296.1935173120044,310.43930381369546,1357.71180416833,51.617043297189646,136.16962373174744,2.232354661226073,13.14647474539301,63.71217140121894,0,2026-09-03 06:23:53
2026-09-02 15:40:00,CNC-02,M,298.6082637107206,313.45159811886333,1830.3005203646458,41.29626855044952,168.57726619398693,2.6944936005365556,13.930897295927233,56.772910226845475,0,2026-09-03 06:23:53
2026-09-02 15:26:00,CNC-01,L,298.81715457408757,313.35497790352326,1553.6131430308697,45.85772293845686,159.9590428967403,,13.427990482054383,52.33708149178406,0,2026-09-03 06:23:53
2026-09-02 22:17:00,CNC-03,H,300.5600580530306,313.9475969664571,2644.8478866525024,20.62076566004202,204.85067268089185,3.722561402590575,10.250492960094173,49.2447176640009,0,2026-09-03 06:23:53
2026-09-02 08:59:00,CNC-01,L,301.6242765294575,309.02307778817357,1653.7398290237059,40.71322878900695,2.977668990615891,2.3972435330071846,12.74610256157406,45.784264551539096,0,2026-09-03 06:23:53
2026-09-03 01:06:00,CNC-02,M,303.298447687409,309.73385158371974,2751.797695031109,15.622082923394675,170.82338501743345,3.723098272278992,7.902209597792894,45.96755492579589,0,2026-09-03 06:23:53
2026-09-02 07:55:00,CNC-02,M,295.7214333576793,310.2064772706085,1596.0088262715797,45.17665525631707,135.14444620156635,2.350736746601341,13.506175666666763,62.964130674341945,0,2026-09-03 06:23:53
2026-09-03 03:48:34,CNC-02,M,296.3283412909312,310.33773742920897,2427.1349061194683,25.33246321438533,114.1373629427162,30.83494501605889,11.565137962329974,60.33528351386051,0,2026-09-03 06:23:53
2026-09-02 18:14:00,CNC-03,H,300.23299603392695,315.0901725902755,2044.5695061495937,37.03370886921982,177.56291663012206,3.0424583736790587,14.012687480992193,49.566605641302736,0,2026-09-03 06:23:53
2026-09-03 00:07:00,CNC-03,H,299.969253125079,311.224103911432,2860.5444627790926,11.889928984377226,59.668910826246716,3.4730255473234117,6.477165051300078,51.083585619915716,0,2026-09-03 06:23:53
2026-09-02 22:40:00,CNC-01,L,299.45927158991515,312.08353338202863,2673.901336072851,18.21869170313934,76.40146312919367,3.2648112256025934,8.951206617150572,56.13121690359472,0,2026-09-03 06:23:53
2026-09-02 09:38:00,CNC-01,L,296.20864750917616,310.3355236344664,1431.3071121774453,48.75603758504791,62.720602964485224,2.1042819893505023,13.020539808498066,56.64725699087794,0,2026-09-03 06:23:53
2026-09-02 08:27:00,CNC-02,M,296.0689801510286,311.02862659180045,1608.5954138080613,46.807736146060435,182.62848128643142,2.6932544361692465,14.000964797348509,56.05136910356001,0,2026-09-03 06:23:53
2026-09-03 01:37:00,CNC-01,L,297.9099469837665,310.11374107867266,2771.381566294465,17.365170567545483,42.04458516390531,3.309622067261218,9.07916360189287,50.69596481110405,0,2026-09-03 06:23:53
2026-09-03 04:07:00,CNC-01,L,296.21784021486786,310.4576359152388,2330.7657707511976,29.263744506280116,212.63702937653008,3.9258554660932186,13.01438998133214,57.622526232383144,0,2026-09-03 06:23:53
2026-09-03 03:06:00,CNC-02,M,296.7197820427114,310.3890597447125,2480.9327305378015,24.174074547020517,64.28498650335736,3.0225657466195264,11.081925178479127,58.77342912672741,0,2026-09-03 06:23:53
2026-09-03 01:47:00,CNC-03,H,304.4166678493511,311.3318538941098,2746.587583600946,18.27674251411201,166.9279036286821,3.5826189857587543,9.171708619462569,43.30105831871462,0,2026-09-03 06:23:53
2026-09-03 03:06:00,CNC-03,H,298.3477247630998,310.2654196020176,2415.6698102030023,19.872780283367696,4.705521339260212,3.0314040588086333,8.879869049040606,55.13937770467816,0,2026-09-03 06:23:53
2026-09-02 13:57:34,CNC-02,M,298.13025433582266,312.3823495250408,1499.319430682674,49.241927109398986,12.469924223395775,2.1442995186559095,13.712585865220632,54.95251507823253,0,2026-09-03 06:23:53
2026-09-02 23:39:00,CNC-01,L,299.0812677842132,311.7879239383598,2634.4460572394005,18.4365813916135,139.57193180800743,3.4414463121118164,9.086770595974654,51.71643880604777,0,2026-09-03 06:23:53
2026-09-02 18:33:00,CNC-03,H,300.3781242751324,314.6440554267608,2061.967832377397,32.509799617514176,202.23314854882156,3.2525302869986943,12.472970423606053,50.5758199650993,0,2026-09-03 06:23:53
2026-09-03 00:54:00,CNC-03,H,304.88245062326337,310.68196926139586,2800.3446775198995,12.736352481029318,109.9471068451989,3.363846457722903,6.588541549121728,41.30966420456795,0,2026-09-03 06:23:53
2026-09-03 05:46:29,CNC-02,M,22.36483363119379,36.63229176036424,2060.1284514034323,34.45215402697298,17.14243206258295,25.03535072310889,13.29240814879829,56.56975183378886,0,2026-09-03 06:23:53
2026-09-02 06:34:00,CNC-01,L,296.00103585350206,309.37526983885886,1872.8593728033434,34.66590548996375,28.447990393335385,2.4362833730544264,12.460388656483351,57.5359929014364,0,2026-09-03 06:23:53
2026-09-02 09:35:00,CNC-02,M,296.2550588692943,310.21611692277844,1387.3255812999123,48.15650880713955,67.51254896872645,2.061227542098169,12.450130818475625,56.56095532149342,0,2026-09-03 06:23:53
2026-09-02 12:12:46,CNC-03,H,297.5011961691305,311.38391909540167,1307.359851684239,51.2394502797602,85.74626620420102,2.1392945648584702,12.302864739568966,56.54541630276301,0,2026-09-03 06:23:53
2026-09-03 00:42:00,CNC-02,M,303.6823845263285,310.73078332044184,2552.666698468164,19.03391238623554,145.0570901145467,3.305184764634039,9.207883757632,43.239012948878276,0,2026-09-03 06:23:53
2026-09-03 00:25:00,CNC-02,M,298.1357508038424,310.258205947578,2783.0258722187104,13.612929028635683,127.01479419416746,3.4841291119213014,7.05974215667788,60.50377659496242,0,2026-09-03 06:23:53
2026-09-02 13:59:00,CNC-02,M,298.22652050222075,312.2658264596382,1440.5732524158273,51.56115262978696,14.036302596124528,2.119791660338617,118.72452042333833,52.64395389211949,0,2026-09-03 06:23:53
2026-09-02 21:16:00,CNC-02,M,299.21503782458666,313.06240593908154,2573.5920839702158,23.502535481778068,150.85241535513694,3.4662851216787263,11.511235249774938,52.334716866326765,0,2026-09-03 06:23:53
2026-09-02 08:56:00,CNC-01,L,301.6079790978866,310.8824507804686,1700.4105835667576,48.09707201894088,234.2902883024909,3.7661810017872646,15.134728742502581,49.914002058875234,1,2026-09-03 06:23:53
2026-09-02 16:18:00,CNC-01,L,299.29434201486015,313.4522840382731,1746.1948680200164,41.90690109686447,43.90657319240402,2.420276525069445,13.674230340376738,53.35993957456608,0,2026-09-03 06:23:53
2026-09-02 23:09:06,CNC-01,L,299.30856388910837,311.49430317310976,2711.249359880873,15.824451877552521,106.43387273267007,3.3787107623119184,7.993313905948926,49.95425186048652,0,2026-09-03 06:23:53
2026-09-02 15:43:00,CNC-02,M,299.0872363415098,313.50000793047064,1621.4412460547703,42.37252673387651,173.03420385741498,2.7166296764048843,12.876031643562515,54.82935633174385,0,2026-09-03 06:23:53
2026-09-02 23:55:00,CNC-02,M,298.272090333047,310.627313240558,2653.142537342661,16.512920308747525,,3.278966545326416,8.326957252382257,49.9183796085183,0,2026-09-03 06:23:53
2026-09-02 16:09:00,CNC-01,L,299.19711589013,313.0122835960276,1682.1909780746907,41.61560491082685,30.81796582346864,2.326093597191997,13.115433205537478,53.57895621577247,0,2026-09-03 06:23:53
2026-09-03 05:56:00,CNC-02,M,22.119109332229016,35.91777514252624,2080.890000000045,31.131182327558754,,2.6288257353585553,12.015414327173715,63.790120365583185,0,2026-09-03 06:23:53
2026-09-02 15:17:00,CNC-02,M,298.6022408129765,312.81706817609233,1381.2053621754449,51.828749003926504,134.3565568926934,2.2075835416756933,13.475056323640217,56.8318339574674,0,2026-09-03 06:23:53
2026-09-02 19:44:00,CNC-02,M,26.441857596804027,39.391874918889414,2393.387747676363,23.145505365626686,43.310536645857034,2.9488108890813,10.20641211599715,46.14310244793288,0,2026-09-03 06:23:53
2026-09-02 13:53:00,CNC-01,L,297.816290380024,311.3132886696285,1362.3127041921277,49.395545545570705,17.360620731498322,2.0813213188784547,12.657281626569247,59.118503121186485,0,2026-09-03 06:23:53
2026-09-02 23:26:00,CNC-02,M,298.1629721379005,308.9957968950454,2775.3324378057396,9.468194226589278,64.1864526162815,3.3847013951418616,4.790284218019149,52.1208469130107,1,2026-09-03 06:23:53
2026-09-03 06:16:00,CNC-02,M,295.44891684606034,309.74286229870916,2023.7032352196582,34.46527363148948,55.65478547450256,2.6463474704893484,13.08047917431354,58.19540804639323,0,2026-09-03 06:23:53
2026-09-02 22:13:00,CNC-01,L,299.15236429545917,311.6992713434863,2670.6786465386904,18.771090311088017,47.27949637748115,3.165569955185215,9.137234797243329,57.482384905561204,0,2026-09-03 06:23:53
2026-09-03 02:36:00,CNC-02,M,297.018611648248,309.26691419305104,2474.1463027990444,18.43556630045462,30.156128456697406,3.146355405057284,8.66619241089154,52.93429606896323,0,2026-09-03 06:23:53
2026-09-02 06:32:00,CNC-01,L,296.13089506783757,309.56077726152523,2031.617702983555,32.06365906648547,25.669191559244236,2.6115202656552756,12.194323080200927,58.28178195007117,0,2026-09-03 06:23:53
2026-09-03 01:16:00,CNC-01,L,298.1124333409362,309.35088216218696,2792.1052517475414,12.359512158445531,19.28543515354541,3.327068179502573,6.333559365736147,49.13218129239056,0,2026-09-03 06:23:53
2026-09-02 11:28:00,CNC-03,H,297.17831983449986,310.8535889287778,1484.290806957409,46.30476091182671,15.92556653159646,2.2077985115739254,12.998006953842438,53.93507899089345,0,2026-09-03 06:23:53
2026-09-02 20:46:00,CNC-01,L,299.07735708852607,312.43667016232297,2349.93790760864,24.059342083207987,186.3179122273501,3.560959756283906,10.47152022784055,56.844769877284946,0,2026-09-03 06:23:53
2026-09-02 14:10:00,CNC-01,L,298.3738075808593,312.32630221278936,1390.9245188141094,48.936004736587265,43.890512540760895,2.1120777189904465,12.894760456352849,54.131139437232825,0,2026-09-03 06:23:53
2026-09-02 15:51:11,CNC-01,L,299.118005951258,312.47598923876427,1591.9800093323247,40.39643391706242,5.894619337940666,2.155255789416666,12.121997450961882,50.90511566479992,0,2026-09-03 06:23:53
2026-09-03 04:26:07,CNC-01,L,296.07431350523547,309.6517921940912,2301.1712501465136,28.431905224849807,18.234828846906225,28.834507108816556,12.075748759821106,55.03711978070598,0,2026-09-03 06:23:53
2026-09-02 20:08:00,CNC-03,H,300.68189237010284,313.2859763702839,2399.8589521539116,20.850719374314018,59.316108551359775,2.9603448372375656,9.376758257375863,59.606583941695156,0,2026-09-03 06:23:53
2026-09-03 03:46:00,CNC-02,M,296.5243710658373,310.4722020954303,2278.309848007166,26.230297729650605,110.65786972019689,3.0202342633111594,11.435022691775595,58.53598493424808,0,2026-09-03 06:23:53
2026-09-02 10:26:00,CNC-01,L,296.27186978537367,310.60085170917375,1389.3349583878614,51.94214157850545,137.76962373174743,2.281988249870179,13.657221915801337,58.167489071399466,0,2026-09-03 06:23:53
2026-09-02 16:01:00,CNC-02,M,298.8763601336983,314.1010506936404,1881.8096815500153,41.45477659699299,199.1564641993512,3.1796239168142835,14.698545306450157,0.0,0,2026-09-03 06:23:53
2026-09-02 15:15:00,CNC-03,H,299.14517250598556,313.3798625312221,1648.4323909888187,40.493480921566956,142.1311323296864,2.3747419917608465,12.633345250234274,53.76170285765811,0,2026-09-03 06:23:53
2026-09-02 22:21:00,CNC-02,M,299.3132911046489,312.98887187218287,2535.627311686521,22.453402922303006,222.49289569740574,3.9585425937190117,10.62714625703502,53.44572148354713,0,2026-09-03 06:23:53
2026-09-03 00:55:00,CNC-02,M,303.2723774800586,310.5604841337705,2543.3332921535875,20.814505619868218,158.91023464737225,3.3734443834477466,9.897160991532264,44.85868012943056,0,2026-09-03 06:23:53
2026-09-02 09:39:00,CNC-02,M,296.2340763221976,310.412418371527,1479.437327269232,49.50343171083915,73.77679223093416,2.1322447562662927,13.667429321960945,60.79389669009226,0,2026-09-03 06:23:53
2026-09-02 13:41:00,CNC-02,M,297.87489673212923,313.1555737326107,1552.3350197879695,49.70317709122838,209.10943643379937,2.9742063556706277,14.41493858560763,51.51418815722701,0,2026-09-03 06:23:53
2026-09-02 13:09:00,CNC-01,L,297.4104602803899,312.40809613909005,1350.8279409368054,55.668195985083955,,2.5223290031725436,14.063629232120432,55.94576501963055,0,2026-09-03 06:23:53
2026-09-02 12:11:00,CNC-02,M,297.2463563911669,311.1560724547337,1332.4554212037888,50.46037133495825,66.8768186058468,2.134311597679211,12.731015434733003,58.7055801047501,0,2026-09-03 06:23:53
2026-09-03 03:15:00,CNC-03,H,298.43359771008545,310.8556149834566,2520.562246137884,20.38548792840918,14.93653296066093,2.9398865096054183,9.65331926650073,55.39075680705729,0,2026-09-03 06:23:53
2026-09-02 14:20:00,CNC-02,M,298.3002025893823,312.3383804598288,1347.0904013289053,51.23575823769558,47.00276966485706,2.0202764660288817,12.788915871092094,55.72019097295476,0,2026-09-03 06:23:53
2026-09-02 23:38:00,CNC-01,L,298.91347473449997,311.2482889013079,2812.400164425658,15.062764851208573,138.5146292414916,3.7072251744615774,7.850903636155785,49.65698368560858,0,2026-09-03 06:23:53
2026-09-02 20:34:00,CNC-02,M,299.80396579241017,313.2212035431734,2521.092349257151,23.342165945072384,102.42934636108117,3.1319212065206283,10.966240082019796,48.35243267712371,0,2026-09-03 06:23:53
2026-09-02 17:14:00,CNC-03,H,300.1601076392867,313.5197179124856,1972.7139685218826,31.69229385093352,96.65037256323839,2.6735655831653466,11.597293502900207,49.005890144077036,0,2026-09-03 06:23:53
2026-09-02 23:09:00,CNC-02,M,298.6334593524214,310.14375713719215,2742.1594976914657,13.25172813187867,45.82954318363597,3.4139633559763327,6.883693828928702,48.858719024373315,0,2026-09-03 06:23:53
2026-09-02 08:09:00,CNC-03,H,296.4007560356247,311.6624159239496,1685.2274540444894,48.17077909152913,178.1381460418719,2.562887784164363,15.190725108612826,60.24746407660122,0,2026-09-03 06:23:53
2026-09-02 12:24:00,CNC-01,L,296.9809989590075,311.77083574388735,1416.8284689469604,53.8836187228755,112.96631824357213,2.340844286839493,14.020765230101397,55.3123494619656,0,2026-09-03 06:23:53
2026-09-02 18:37:00,CNC-01,L,299.58133070640406,313.0304399758201,2175.6728920809855,29.29226924613798,29.857910592765403,2.6193372178126904,12.107478742796578,49.4819052230615,0,2026-09-03 06:23:53
2026-09-03 00:02:00,CNC-03,H,299.78688946484857,311.69941372850116,2666.3537167689624,15.615999221672375,54.458903924403344,3.1647162713398154,7.978407092125035,,0,2026-09-03 06:23:53
2026-09-02 20:08:00,CNC-01,L,299.5200902341371,314.0745361045303,2539.1107333995037,28.13226060125872,141.88790847938702,3.3309102035447014,13.431003223653683,52.96073446087961,0,2026-09-03 06:23:53
2026-09-02 15:31:00,CNC-01,L,298.97053159000995,314.2761522318325,1778.6501857027329,45.63166783530367,167.30384513287035,2.943117627688525,15.21249828988371,47.06102125246868,0,2026-09-03 06:23:53
2026-09-03 03:28:00,CNC-01,L,,310.25967082155745,2456.87243698453,25.372048122550797,166.43539416138395,34.97690669578019,11.634769987233769,61.41010575235498,0,2026-09-03 06:23:53
2026-09-02 13:19:00,CNC-01,L,297.7474247864495,312.72703643112976,1417.5199636669838,52.65861827793489,200.09089071287866,2.9513888941449298,14.030108013629514,55.53945484583114,0,2026-09-03 06:23:53
2026-09-02 07:54:00,CNC-02,M,295.90663229598204,310.70571535790185,1624.9414416136951,48.0862549936368,133.65300713227893,2.448573408772654,14.354376415244204,57.84484924597073,0,2026-09-03 06:23:53
2026-09-02 14:12:00,CNC-02,M,298.2748668076365,312.3504349255183,1406.9645769154408,50.859010866086685,34.456062078373925,1.9696845631417632,13.235771168633306,52.48095026615543,0,2026-09-03 06:23:53
2026-09-02 21:02:00,CNC-01,L,299.4004140851498,312.6102080726163,2656.810384238866,20.38133617053484,204.62429194709276,4.059007380119611,10.02561427785075,52.410791761220246,0,2026-09-03 06:23:53
2026-09-03 01:21:00,CNC-02,M,297.67141711147787,311.0157549142056,2687.639225422342,18.8185220660695,186.7729951464192,3.7596695018877524,9.375083300928038,57.93957007144754,0,2026-09-03 06:23:53
2026-09-02 22:01:00,CNC-02,M,299.14916467136777,312.95890750787765,2622.3567196970666,21.75838235170363,200.66265922880874,3.8156889887728944,10.633798856440363,56.1991370224632,0,2026-09-03 06:23:53
2026-09-02 14:12:00,CNC-01,L,298.13026514041746,312.1380514965623,1474.858292121449,46.734618262057154,47.05040976981465,20.971574357793976,12.81125983104667,57.58766991056588,0,2026-09-03 06:23:53
2026-09-03 04:33:00,CNC-03,H,297.404439030244,311.09735186624226,2325.7986605865995,26.628965901282573,108.06470189039288,2.970802388907898,11.61304689511067,58.3658560823328,0,2026-09-03 06:23:53
2026-09-02 12:18:00,CNC-02,M,297.0808009174249,311.2301215990316,1358.1555438402495,50.39277844979628,77.9521421818097,2.047144224027013,12.64402282917937,59.85882189950741,0,2026-09-03 06:23:53
2026-09-03 04:17:00,CNC-01,L,296.34862171447924,309.604207130597,2328.3872452600017,26.891071046242978,5.999841769974591,2.901121056073482,11.531053812352068,58.62807638378239,0,2026-09-03 06:23:53
2026-09-02 09:37:31,CNC-02,M,296.2572188207038,311.1550800967144,1648.4224861287912,47.2369759007977,70.61179952738824,2.391829728245853,14.654685217290337,58.07527542072945,0,2026-09-03 06:23:53
2026-09-03 01:56:00,CNC-01,L,297.424804665353,309.35460404830036,2826.680705201269,15.651611319630224,62.412488729505625,3.2198695097403336,8.132031018911983,,0,2026-09-03 06:23:53
2026-09-03 05:35:00,CNC-01,L,22.5309966927731,36.440699656124764,1998.137437171825,33.61170351355232,104.11953531388127,2.6951411389214917,12.591134739592757,55.383522960088015,0,2026-09-03 06:23:53
2026-09-02 16:09:00,CNC-03,H,299.7666128270887,313.41643458507735,1547.7432192007043,44.61512174061203,4.398307346069144,2.114035634809069,12.725910628200628,51.16178468506998,0,2026-09-03 06:23:53
2026-09-02 18:52:00,CNC-02,M,299.48983486323345,313.9574556694217,2107.9564583655597,33.13905343913152,197.57859343793115,3.360017506656023,12.953253983471724,53.47024648288592,0,2026-09-03 06:23:53
2026-09-02 21:18:00,CNC-01,L,299.2852382325533,313.4980072576866,2519.8424580301075,25.865983877813367,222.75796468205237,4.226324551984774,12.171584475648462,54.82588053432745,0,2026-09-03 06:23:53
2026-09-03 02:29:00,CNC-01,L,297.09271861289517,309.1236273969182,2381.7093080647114,18.312907749728645,98.9350491635895,3.072002634082686,8.444073233397793,56.963134967003334,0,2026-09-03 06:23:53
2026-09-02 11:34:14,CNC-02,M,297.1759934141293,0.0,1437.9886990461941,47.29796225289808,9.583301706469982,2.1766592788208396,12.794264478266253,53.248684358516705,0,2026-09-03 06:23:53
2026-09-02 22:51:00,CNC-03,H,300.3677035628525,314.2586143753228,2665.3323081892286,21.936105977379412,241.81811228830017,4.017139642485255,11.11842999468986,49.17714406467204,0,2026-09-03 06:23:53
2026-09-02 21:44:00,CNC-02,M,,313.01104371824266,2628.3592787183175,21.56986111032457,181.9211852284929,3.6427689363997353,,53.65495124020275,0,2026-09-03 06:23:53
2026-09-02 12:33:00,CNC-01,L,297.0682776586042,311.0497679160852,1335.618392051202,50.90458626092711,127.2138775522254,2.1708794642478724,12.63394649365846,58.609390686641014,0,2026-09-03 06:23:53
2026-09-02 09:52:00,CNC-02,M,296.4607920631893,310.5249457814747,1623.1574512103348,42.71122857323242,93.91883422688831,2.283656632086578,12.966623357808702,62.00737038814629,0,2026-09-03 06:23:53
2026-09-02 13:23:00,CNC-02,M,297.8434524191389,312.8748480834267,1415.2150991751494,54.59259636835171,180.861479946933,2.4646191575216703,14.216198210659124,55.480109305413045,0,2026-09-03 06:23:53
2026-09-02 18:25:00,CNC-02,M,299.3888996713207,313.62586835327113,2123.866945811279,31.279804528041492,162.96371715093295,3.0378869998239777,12.552417736360134,52.37518575797886,0,2026-09-03 06:23:53
2026-09-02 15:46:00,CNC-03,H,299.66503032338386,314.4220718695519,1629.502530422496,45.17264060850456,188.40679369182246,2.5930271690495075,13.47003509593836,55.01720581662677,0,2026-09-03 06:23:53
2026-09-03 02:44:00,CNC-03,H,298.08358167760133,311.7668417131533,2480.713050360397,23.434410267010126,230.03978567174093,3.817527291124831,10.903754119663454,53.82343830701439,0,2026-09-03 06:23:53
2026-09-02 22:15:00,CNC-02,M,298.9275002638011,312.704457756636,2558.614713946384,23.668361189125594,215.95690967381842,3.8804785293988675,11.212405708221123,52.47511562933516,0,2026-09-03 06:23:53
2026-09-02 20:43:00,CNC-02,M,299.5798676056181,312.06938622467953,2462.570403638141,18.617045023372736,112.89180299152252,3.091423275800474,8.556286146753704,51.722179071948766,0,2026-09-03 06:23:53
2026-09-02 09:05:00,CNC-01,L,296.1963475091856,309.91116654473774,1445.9963548005726,48.03650941910019,12.115665211633747,2.1011546243430117,12.793295712479631,58.341612501694804,0,2026-09-03 06:23:53
2026-09-03 03:01:00,CNC-03,H,297.9190689839358,312.29117749729727,2499.108442817436,25.83609629741815,249.47371371196306,3.9704401285525326,12.08268700793798,55.45212150156016,0,2026-09-03 06:23:53
2026-09-03 00:33:05,CNC-03,H,299.27777184203154,311.39491341125824,2652.028749767336,16.5854415206001,88.61227349781906,3.285010459445094,8.51591271786334,51.372229837706016,0,2026-09-03 06:23:53
2026-09-02 22:07:00,CNC-03,H,300.6481508317349,313.43570816909426,2677.656472295684,17.354900210933824,194.01543251189327,3.598975955187322,8.825101624212655,48.21617209518733,0,2026-09-03 06:23:53
2026-09-03 02:06:00,CNC-01,L,297.44865062847555,309.33765734308594,2654.090652430767,15.004340034605104,73.45052704003037,3.268675414192728,7.463927634011659,59.80408341684234,0,2026-09-03 06:23:53
2026-09-02 22:48:00,CNC-02,M,298.90309104393987,311.03651959092514,2755.2191670348957,14.96160584267991,23.366591352655316,3.339815912551348,7.701443422091646,53.317937017094714,0,2026-09-03 06:23:53
2026-09-03 03:07:00,CNC-02,M,296.5858008420644,308.56863222669955,2577.4904726472787,14.776677084213393,65.38464239542563,3.087673678376636,6.7060967142374475,54.72050557677352,0,2026-09-03 06:23:53
2026-09-02 13:55:00,CNC-03,H,297.9890265391015,311.9098124356479,1444.4980207088604,48.63291021256881,18.92981227900701,2.0613079123643216,13.019778970610043,49.12553296518386,0,2026-09-03 06:23:53
2026-09-02 09:09:00,CNC-03,H,296.69242438994723,310.5423440564201,1643.835056375688,42.43848431078159,33.44455183687957,21.377085910476392,13.266231157626125,56.17296411244171,0,2026-09-03 06:23:53
2026-09-02 16:19:00,CNC-02,M,298.9442119072289,314.2111433047516,1763.6694237884851,44.36935573762406,225.16916296479474,3.325187369831708,14.615245794471868,49.690207127369405,0,2026-09-03 06:23:53
2026-09-02 17:12:00,CNC-01,L,299.20268620441277,314.06204242466004,1860.1839222022752,41.02610984537481,120.52311576655507,2.630302245892287,14.444387091363042,53.109652757831626,0,2026-09-03 06:23:53
2026-09-02 08:05:00,CNC-02,M,295.83321188760226,309.7310389566679,1671.0466276494399,40.75725796944493,149.9699903304079,2.5474537288597787,12.733927578987485,56.15442855560132,0,2026-09-03 06:23:53
2026-09-02 15:29:00,CNC-02,M,298.8562722005494,,1556.0187756868665,47.96412873412352,152.29968987933574,2.4137105809512347,13.714882420775972,52.56813232845036,0,2026-09-03 06:23:53
2026-09-02 15:37:00,CNC-03,H,299.73847372862224,314.8500726483136,1664.737020027049,45.16955051831359,174.9691531102827,2.6516916389877667,14.295818693480806,52.735272648062015,0,2026-09-03 06:23:53
2026-09-03 02:33:00,CNC-02,M,296.70997992088087,309.7066616881524,2451.4709934689536,21.979960608542367,26.795902798637872,2.974686188900774,10.20787032161243,58.128232232405594,0,2026-09-03 06:23:53
2026-09-03 00:14:00,CNC-03,H,300.01602124111866,311.3843378311787,2745.309569107242,11.537443082805378,67.13564361913132,3.2775756365957025,5.7529742553426795,53.608526279383675,1,2026-09-03 06:23:53
2026-09-02 09:02:00,CNC-02,M,295.7704636385501,309.4542125948995,1621.8429951040716,42.023455172582324,16.723884772009054,2.3392314142910084,12.835235786136343,51.11628994226638,0,2026-09-03 06:23:53
2026-09-02 13:46:00,CNC-01,L,297.6831935153065,311.1401143480156,1403.7889290205553,48.3005648569868,6.248599300770566,2.0602409153305303,12.946172121793706,60.65618396667555,0,2026-09-03 06:23:53
2026-09-03 04:53:42,CNC-03,H,296.9471542792334,0.0,2123.740008001971,29.207272413651875,135.18985320203214,2.8813089992928127,11.535252515403945,53.956684751929444,0,2026-09-03 06:23:53
2026-09-03 01:11:00,CNC-01,L,298.2895314327998,309.881199052751,2758.166868047292,14.917425805797205,13.882608552903902,3.188998707036476,7.748124970380698,59.847484937287334,0,2026-09-03 06:23:53
2026-09-02 19:30:00,CNC-03,H,27.841581761210875,41.08026312267276,2292.77104493574,26.849733385850413,13.545878089901766,2.786749263210063,11.487862198078016,50.436358814883526,0,2026-09-03 06:23:53
2026-09-02 22:22:00,CNC-02,M,299.013168234748,312.3784590769904,2610.772671836334,19.41482567947771,223.6008608661436,4.159092479471774,9.594785903319936,52.00054493016408,0,2026-09-03 06:23:53
2026-09-02 14:21:39,CNC-03,H,298.4563107478259,312.48343063965353,1587.5943434555202,43.775431568566596,59.630335731829305,2.1307762993836734,13.244430520746263,54.749023643241344,0,2026-09-03 06:23:53
2026-09-02 13:52:00,CNC-02,M,298.1910659288552,312.1359538392719,1365.1741152452998,50.772274067884815,3.163722628254604,2.0370777954411796,12.79213736430939,54.48683786772035,0,2026-09-03 06:23:53
2026-09-02 12:35:00,CNC-01,L,297.19260932622433,311.61372059221947,1367.7074856305137,53.219786315358604,130.35532798054308,2.336509665806455,13.354800210584331,56.90250833250916,0,2026-09-03 06:23:53
2026-09-02 09:28:00,CNC-01,L,296.314535087813,309.9942924908908,1483.964888711575,45.08829568659851,47.193441318588796,2.178080190430649,12.279784698528028,57.24384619941232,0,2026-09-03 06:23:53
2026-09-02 22:10:00,CNC-01,L,299.41856484907026,311.6608400049967,2590.70512875369,18.565906625527692,43.98520260800488,3.2276338457964866,8.845868375679277,52.573794450481,0,2026-09-03 06:23:53
2026-09-03 03:34:00,CNC-01,L,296.4272240540079,310.45614909132763,2519.026766790608,25.491445344997757,173.41666982086198,3.491934246122037,11.75535731392358,65.310551933196,0,2026-09-03 06:23:53
2026-09-02 10:51:00,CNC-02,M,296.31556197572854,311.04700266317764,1427.9202167428093,50.4310446578226,186.6295162360298,2.5959998198303538,13.639892092052108,57.41009960261393,0,2026-09-03 06:23:53
2026-09-02 22:31:00,CNC-01,L,299.35258834782013,312.0644356025811,2616.0835138189864,20.030493636352233,66.59245411198992,3.0619704039584557,9.502624163889413,54.60002631040543,0,2026-09-03 06:23:53
2026-09-02 12:39:42,CNC-01,L,297.2249466885305,311.74518806438664,1364.1004224760889,54.45084535591028,138.31755911868615,2.25442692218194,14.168253687089857,57.17543960069365,0,2026-09-03 06:23:53
2026-09-03 01:19:24,CNC-03,H,305.0841457876187,312.4631427796969,2827.1315688605914,20.52441959846366,136.74213222887724,3.4979905396116244,10.878568394318815,42.37002119782884,0,2026-09-03 06:23:53
2026-09-02 12:26:00,CNC-02,M,297.35934454945664,311.1269943433052,1327.9098643134555,50.00760870999871,90.73726806504668,20.35072823531866,12.482179250901336,53.8840783975208,0,2026-09-03 06:23:53
2026-09-03 02:47:00,CNC-03,H,298.4429454203921,312.301525091279,2569.5631218753197,23.423888020713296,233.51269699721345,3.971352800699665,11.28711082616409,52.09134838010589,0,2026-09-03 06:23:53
2026-09-02 14:30:00,CNC-01,L,298.4968978446336,312.5787784495225,1484.4338722687362,48.757452369413215,74.95767344884838,2.171225226718777,13.239884016831363,53.153448854091806,0,2026-09-03 06:23:53
2026-09-02 13:32:00,CNC-03,H,297.9062744219989,312.0590938726377,1278.4044664796465,50.9871317698031,212.3727180829335,2.6066254331371543,12.128122560553432,57.367425022091034,0,2026-09-03 06:23:53
2026-09-02 23:48:00,CNC-02,M,298.25448831410813,310.6498385576187,2719.3447055479533,16.85520144176272,87.42984902942915,3.3200662991265872,8.767466641800254,55.868715986234406,0,2026-09-03 06:23:53
2026-09-03 05:50:00,CNC-03,H,23.196600549196376,37.688893346663804,1860.2086154786468,36.84153956979331,206.514321578831,3.1438152732072497,13.120474474165556,59.77383532583964,0,2026-09-03 06:23:53
2026-09-02 08:37:00,CNC-01,L,301.71842125461205,311.2084281698989,1661.2434675003742,49.41693842884342,205.72675700393435,3.139983493787806,,50.138542687309894,0,2026-09-03 06:23:53
2026-09-02 17:00:00,CNC-01,L,299.4182809106747,313.4558907165536,1833.6482477215661,37.53038915444799,103.71846262645306,2.5035674291776444,13.075161853674317,50.668735794503135,0,2026-09-03 06:23:53
2026-09-03 05:35:00,CNC-02,M,22.58248208029363,36.427515579829446,2061.8366991246635,31.734065378407223,1.332689659315331,2.6798240226698327,12.317482263860363,59.54971843146887,0,2026-09-03 06:23:53
2026-09-02 22:43:00,CNC-02,M,298.9042481075319,0.0,2554.365696157247,18.364284746148456,18.027257806367636,3.189034035167337,9.023720010392765,56.586214069873755,0,2026-09-03 06:23:53
2026-09-02 11:43:00,CNC-01,L,296.4519527891988,310.55890130735764,1447.2878914335338,50.69110686351945,47.68023236982904,,13.793250885148387,56.188500862195376,0,2026-09-03 06:23:53
2026-09-03 05:25:00,CNC-03,H,23.651249165820957,37.32689419735675,2014.669573973918,29.9936988381209,173.58873555487466,2.982772050498459,11.244901035959131,55.40631340050409,0,2026-09-03 06:23:53
2026-09-02 21:04:00,CNC-02,M,299.89988912393676,313.9099069199121,2416.7337209980437,26.628861187054948,137.08133107950366,3.187232194015651,12.246502606792129,56.78775811487364,0,2026-09-03 06:23:53
2026-09-03 02:28:00,CNC-02,M,296.8106117879619,309.06753384640655,2572.8665931215223,17.94021593496426,21.136043018699105,3.015029066114701,8.802035327281441,55.07664972922299,0,2026-09-03 06:23:53
2026-09-02 18:40:00,CNC-02,M,299.34795006756474,314.43716117214757,2218.457865570862,34.368097539443994,182.2554289516316,3.1983968555323514,14.143721547058794,50.01712670932603,0,2026-09-03 06:23:53
2026-09-03 05:39:00,CNC-03,H,23.349738737375276,38.02928357128786,2005.2638180526383,37.56760701486549,191.78970796882288,3.0724285670843052,14.033075269907458,57.76216523688225,0,2026-09-03 06:23:53
2026-09-02 14:08:01,CNC-02,M,298.3074168918441,311.9537767829754,1431.3219991797944,46.95108647754317,29.66289382160968,2.091814058877819,12.67368682655197,51.5261279951978,0,2026-09-03 06:23:53
2026-09-02 18:00:00,CNC-01,L,299.5761628621067,314.1886764205327,2009.6613540196388,35.34490239459027,185.58535445491415,3.298337036759982,13.293467101267725,49.177534988719565,0,2026-09-03 06:23:53
2026-09-02 22:31:00,CNC-03,H,300.4138531981226,313.7183320571195,2822.0635891036313,19.04279721607251,220.23793297199637,4.080386398384578,10.067687658280343,48.00208003318622,0,2026-09-03 06:23:53
2026-09-02 17:45:00,CNC-03,H,300.0910121570332,313.96643282351994,2095.3300644487526,31.424574878114854,139.09593108265392,2.8951749277641885,12.439897946551941,48.98690483024222,0,2026-09-03 06:23:53
2026-09-02 10:15:00,CNC-03,H,296.63763755051355,310.899201386656,1384.9348254576207,51.6434236441351,135.8114476062673,2.2674950691049194,13.353817883426323,58.96284014986668,0,2026-09-03 06:23:53
2026-09-02 19:43:00,CNC-02,M,26.374353171410576,40.02831116564971,2289.995605095307,26.380878904570768,42.12469714628974,2.8048039920168715,11.354856825633851,49.526937332900545,0,2026-09-03 06:23:53
2026-09-02 17:21:00,CNC-03,H,300.20879562662697,314.5540705508376,1914.7429253416901,36.796637026963054,106.19528992031996,25.71565010855851,13.077906123937412,51.16632899732693,0,2026-09-03 06:23:53
2026-09-02 12:22:00,CNC-02,M,297.2147677074759,311.0210307822094,1344.754691473446,49.75610496736145,84.35214218180968,2.0257941665251096,12.721794301622817,54.66451510923058,0,2026-09-03 06:23:53
2026-09-03 00:06:00,CNC-03,H,299.90128757393126,310.95826452115494,2770.8794423578943,10.80114801950251,58.63088151500636,3.3778457094475254,5.707955685422502,49.47049044068953,1,2026-09-03 06:23:53
2026-09-03 06:01:00,CNC-01,L,22.495172809186613,36.51204788291176,2044.9961707671066,33.10781762952478,138.03303519917466,2.91877139366238,12.851980308467974,57.02481055117653,0,2026-09-03 06:23:53
2026-09-03 01:37:00,CNC-02,M,297.2732994060197,310.986161257185,2488.883582256798,22.586804422716874,204.09472359294995,3.705935562823333,10.78816311550091,0.0,0,2026-09-03 06:23:53
2026-09-02 23:40:00,CNC-01,L,299.10804670111554,311.84914276932597,2816.3127105720523,17.3308950273111,140.60558293653682,3.5589479040202456,9.14205263055464,56.67730036097435,0,2026-09-03 06:23:53
2026-09-03 02:52:00,CNC-02,M,296.68576527420566,309.87576235235645,2594.045178656904,20.99170823081357,48.19641365539741,3.1177786848950175,10.013217121558462,57.35907208863805,0,2026-09-03 06:23:53
2026-09-03 02:57:00,CNC-01,L,296.9063246740644,310.14095093725854,2454.764692609327,22.979374570893064,130.62020015994807,31.528053835399128,10.44377892688359,57.60969880398291,0,2026-09-03 06:23:53
2026-09-02 15:54:00,CNC-03,H,299.578308725987,314.89877076199616,1701.4043730595533,46.636624508588234,200.27374651273885,2.9055128181104966,14.812348398178978,47.65325752621621,0,2026-09-03 06:23:53
2026-09-02 12:20:00,CNC-01,L,297.09709736846753,310.82485533487494,1315.893180032386,50.045424782733186,106.58557224430041,2.103322941796194,12.439575004557446,55.54999046582324,0,2026-09-03 06:23:53
2026-09-02 16:09:00,CNC-02,M,299.0910607990178,314.22424909799327,1792.0804721363713,43.073507775391306,210.63844830346906,3.2302800904564997,14.559179618620615,59.169944942306685,0,2026-09-03 06:23:53
2026-09-02 08:04:00,CNC-02,M,295.9069955328887,311.0347606964511,1548.5114265470907,50.77039211237469,148.48442767137735,2.463467652108693,14.829780107389698,61.44862644524654,0,2026-09-03 06:23:53
2026-09-02 14:12:00,CNC-03,H,298.29174439318433,312.38924349421006,1492.5837331176506,48.782127665936706,45.56271398432518,21.30369521791648,13.357583084859508,53.29815103787951,0,2026-09-03 06:23:53
2026-09-03 03:51:00,CNC-03,H,,311.4688837058642,2446.843052236991,25.894121468016532,57.08319927675672,2.9771654960408775,12.01147369206738,51.95541756385078,0,2026-09-03 06:23:53
2026-09-02 20:02:00,CNC-03,H,27.899609578955506,40.393881646479485,2374.755242665257,21.425507310434043,52.198695741233216,3.040594358402019,9.398513377491463,48.92058925649374,0,2026-09-03 06:23:53
2026-09-02 08:25:00,CNC-03,H,296.1972626020122,311.08798842344265,1547.2975034850765,46.626884826717024,201.913067414837,2.7078504669896826,13.395610916089023,59.34189994566629,0,2026-09-03 06:23:53
2026-09-03 02:59:00,CNC-03,H,298.14248659240315,312.83088946697694,2434.4577451537616,29.258358434329367,247.21461964612382,3.976567084610493,13.360113783842532,52.97794643200993,0,2026-09-03 06:23:53
2026-09-02 09:17:00,CNC-02,M,295.7798206852894,309.2932051241697,1568.4476402291266,41.24571654257241,39.81412698197708,2.1420677323769413,11.815593639012363,60.05479183461317,0,2026-09-03 06:23:53
2026-09-03 05:13:00,CNC-03,H,23.941631720711996,38.1491003084991,2069.707632616627,33.31378562531232,158.04820035139022,3.016989401767424,12.703281179185367,57.37752389679548,0,2026-09-03 06:23:53
2026-09-02 07:51:00,CNC-03,H,296.08251351600205,310.4643089077679,1579.8948205547583,45.32336882204097,151.65736713217188,2.472706653376147,13.206107641759974,60.53895506465873,0,2026-09-03 06:23:53
2026-09-02 09:55:00,CNC-01,L,296.3784193358498,309.93567445391625,1417.8072216310761,43.350638476533646,89.0788899494589,2.0620806350440386,11.029106876761649,58.735010675143236,0,2026-09-03 06:23:53
2026-09-03 03:03:00,CNC-02,M,296.5911542034488,309.0286324594371,2702.2829752679936,16.963840261237447,60.77031945335526,3.211189351565366,8.31708648010046,51.008178021686625,0,2026-09-03 06:23:53
2026-09-03 02:30:00,CNC-03,H,303.6095349595201,311.2395611347991,2591.8041845260755,21.626642244611343,214.51660104788533,3.735703890351752,10.554908081946792,48.370259274757984,0,2026-09-03 06:23:53
2026-09-02 22:29:00,CNC-02,M,298.76927404265894,309.0997808772022,2728.1930045396657,7.4359079855810215,3.1770024679295643,3.2903545569326065,3.6811431406975363,55.03760747632148,1,2026-09-03 06:23:53
2026-09-02 21:36:06,CNC-01,L,299.5323444827724,311.4977500546636,2485.6265537252343,19.114808499710538,5.488407672180734,2.998901068317962,8.973652132573303,51.64423777446805,0,2026-09-03 06:23:53
2026-09-02 18:47:00,CNC-02,M,299.36878658417305,313.8536497889014,2135.762616903402,31.00737959506056,191.17805824665552,3.2923771698801962,12.480179786647717,51.46038839304515,0,2026-09-03 06:23:53
2026-09-02 18:47:00,CNC-03,H,300.5691245817394,315.1838844146124,2225.2920535255485,30.74475614159336,220.1215481393905,3.533562114682627,12.928800629082073,50.42714410201123,0,2026-09-03 06:23:53
2026-09-02 18:53:00,CNC-01,L,299.8441714766418,312.48837743861776,2252.584285113096,23.487402826571177,50.12347807902041,2.754127703318564,10.015763882054786,46.85229117043299,0,2026-09-03 06:23:53
2026-09-03 00:46:00,CNC-01,L,298.5549088804289,312.0279613354923,2659.3348255374935,20.732937368890138,210.8434237461409,4.150179347696151,10.089839923847945,51.95600272486101,0,2026-09-03 06:23:53
2026-09-02 09:31:00,CNC-01,L,295.9832476167322,310.10925905336364,1367.3905937122975,50.43149780850915,51.90257055813665,2.0786263913208747,12.88929752514946,56.09606428479612,0,2026-09-03 06:23:53
2026-09-02 19:55:00,CNC-01,L,26.570919979589235,40.33147519229698,2184.5186069889683,30.160138574185403,126.30574798282098,2.9880081866874355,12.175519301613791,55.49264612335487,0,2026-09-03 06:23:53
2026-09-03 05:03:00,CNC-02,M,23.18528409162934,38.684129689239796,2286.6909073340466,33.28171929076432,204.87872400515465,3.5722449364171185,14.114719822398083,63.11396175373483,0,2026-09-03 06:23:53
2026-09-03 06:08:15,CNC-02,M,295.23690405804496,309.39061036033735,1964.4790290152569,35.692621930623815,44.81925030794092,2.601380547312863,12.96028542864166,61.27278503965983,0,2026-09-03 06:23:53
2026-09-02 18:33:00,CNC-01,L,299.67682101515453,312.4555998654829,0.0,25.471503723844314,24.587213934336127,2.6554094038033247,10.466570966717963,48.84953543637164,0,2026-09-03 06:23:53
2026-09-02 15:16:00,CNC-02,M,298.8147481422932,313.91238348150995,1526.3168031274106,51.21388020231839,132.7715496760269,2.4032017932881007,14.970134819282077,53.92108884228769,0,2026-09-03 06:23:53
2026-09-03 06:20:00,CNC-02,M,295.29944692685484,309.92971903426263,2002.9467697396758,35.495901656073,61.24307581381372,2.7212605113838406,13.22185938342656,60.90446504348811,0,2026-09-03 06:23:53
2026-09-02 16:08:00,CNC-01,L,299.04650586381376,312.63554845825035,1612.722813526235,41.05344236757624,29.340222599312987,2.280384367858792,12.562109044696825,57.111164994187824,0,2026-09-03 06:23:53
2026-09-02 06:43:00,CNC-02,M,295.7914132173758,310.119681595076,1786.774923387465,42.77506672029903,32.4510038704096,23.737211004161377,14.530562616689158,61.44087460259889,0,2026-09-03 06:23:53
2026-09-03 04:31:28,CNC-03,H,297.4186953563537,311.09642272361185,2145.0752739111385,29.322356828528008,104.38189384767048,2.7825922500095865,11.857616673977363,54.813072387542604,0,2026-09-03 06:23:53
2026-09-02 08:13:00,CNC-02,M,295.7071197652648,309.9943775551181,1696.8208850010046,41.63340037404102,161.77498930710527,2.589387121020293,12.960488972703317,59.301528294959176,0,2026-09-03 06:23:53
2026-09-02 21:31:00,CNC-01,L,299.14120071643674,310.659619328198,2649.7117651227013,14.683633152811627,1.1032804372596012,3.24061922257135,7.082524411415908,52.2957650197721,0,2026-09-03 06:23:53
2026-09-03 02:58:00,CNC-02,M,296.8145734385271,310.56670446084314,2383.5152235910195,26.482821072816126,55.094016669496064,2.8331958573310825,11.64832450775204,54.866289710538375,0,2026-09-03 06:23:53
2026-09-03 00:37:00,CNC-01,L,298.2560535743198,310.9220824903803,2795.4475324994473,16.58194313353198,201.24390781578046,4.144507693250603,8.78454671984396,54.719162370969194,0,2026-09-03 06:23:53
2026-09-02 21:15:00,CNC-01,L,0.0,313.6237985725499,2406.5170655340075,26.593021489656124,219.34884025766547,4.155730724613718,12.13892064441865,55.158797381490096,0,2026-09-03 06:23:53
2026-09-02 23:23:00,CNC-01,L,299.4116584345811,311.5394466920683,2602.863158510823,16.1190117352772,122.56157771640373,3.25909090059553,7.935840283270511,53.969941826306936,0,2026-09-03 06:23:53
2026-09-02 13:57:00,CNC-01,L,298.2527370727505,311.95852412471294,1514.685973518234,44.95888297941206,23.584471424087,2.2114528953656123,12.843619974558592,52.204885316356865,0,2026-09-03 06:23:53
2026-09-02 20:15:00,CNC-02,M,300.0314449122178,312.69823515041384,2378.925114258479,21.425589975725224,80.3857090107106,2.928466320006216,9.595849066203522,53.57240150430306,0,2026-09-03 06:23:53
2026-09-03 04:01:00,CNC-02,M,296.39798241669234,310.4031432539422,2226.0603840418526,28.091004463856933,128.52214018656335,2.9693945953073104,11.923958378441618,56.036148767241386,0,2026-09-03 06:23:53
2026-09-02 09:23:00,CNC-03,H,296.84490264387915,311.0741306816581,1568.2108678700533,48.45901030228141,55.05142989189733,2.187149760912383,14.319115344747557,56.19323138860233,0,2026-09-03 06:23:53
2026-09-02 13:42:00,CNC-01,L,297.65025589839564,311.09303090949044,1470.438119843448,44.87092314143605,0.0,2.1130565507524084,12.479870712761107,55.81260735984424,0,2026-09-03 06:23:53
2026-09-03 03:20:00,CNC-03,H,298.2453785705839,309.6514263578261,2531.167321664308,,20.617397362142245,3.0282880646436765,7.353296761577346,50.5255391456402,0,2026-09-03 06:23:53
2026-09-02 09:30:00,CNC-03,H,296.67136319627355,311.1861767979396,1505.0185749431785,48.908310050996334,65.84006664013691,2.0826382606013003,13.726735637942106,57.90888637635466,0,2026-09-03 06:23:53
2026-09-02 12:51:00,CNC-03,H,0.0,312.10201535335636,1320.4628479227401,52.372007167163304,147.39203886961408,2.199298129515141,13.005598252207312,54.380306518293516,0,2026-09-03 06:23:53
2026-09-02 10:49:00,CNC-03,H,296.86247171963544,311.58551927565435,1493.5617007319877,50.317903535072716,189.14208396297286,2.534794210756713,14.080037446206076,52.08492529755065,0,2026-09-03 06:23:53
2026-09-03 05:51:00,CNC-01,L,22.52013057914968,36.18653023330302,1978.94907829227,31.333120239549732,124.82991686168242,2.817563636265171,11.823109779601426,60.696368825094254,0,2026-09-03 06:23:53
2026-09-03 04:38:00,CNC-03,H,297.1279908440944,311.13444476296684,2260.6916460822254,28.15865135142951,114.14278324458994,2.8990305795712707,11.943920485702053,59.528571800291445,0,2026-09-03 06:23:53
2026-09-02 18:50:05,CNC-03,H,300.6634946432566,315.7731873237679,2177.6618321312176,35.90233536322199,223.89003248797738,3.3802781424944763,14.884067308989016,50.27047046734126,0,2026-09-03 06:23:53
2026-09-02 10:19:00,CNC-01,L,296.4811179966504,310.6954616407524,1332.8772428308005,52.49409614459483,126.76059519358708,2.2198964074956473,12.70703511119424,59.126767150841445,0,2026-09-03 06:23:53
2026-09-02 09:45:00,CNC-02,M,296.1204602062504,310.35505888898325,1464.4175323625316,49.84276811146988,83.13950012819316,2.1911221719304406,13.724329872485656,56.528818891180855,0,2026-09-03 06:23:53
2026-09-03 03:19:30,CNC-02,M,296.6548193936115,310.2089680947447,2484.996582814196,23.76735492319449,79.14968882369595,3.102310501651317,10.991740628762335,56.78881391166737,0,2026-09-03 06:23:53
2026-09-02 07:02:00,CNC-02,M,296.21717176117954,310.47233517307774,1939.822117320487,38.253158371251665,59.002898384805434,2.635800871418406,13.906529894525116,57.65115638024897,0,2026-09-03 06:23:53
2026-09-02 22:54:00,CNC-03,H,300.1087117434187,313.906179058999,2571.1335959249172,22.561507555742924,245.16599703644826,3.8763798040415502,10.760146504516145,54.533821495214404,0,2026-09-03 06:23:53
2026-09-02 22:59:00,CNC-02,M,299.0101212385281,311.46919930993135,2731.1238130005195,18.17748971466955,35.1675025454488,32.13686969694614,9.397593297433056,53.44264354676757,0,2026-09-03 06:23:53
2026-09-02 07:04:00,CNC-03,H,296.30616946752053,311.3920603347862,1878.3626266240517,43.06024331262881,84.14272680220093,2.6335835654001714,15.031346675943976,59.33522212631166,0,2026-09-03 06:23:53
2026-09-03 05:45:00,CNC-01,L,22.66638646656145,36.685108762800155,2059.5540248994666,31.650358111014505,116.93612712697653,2.873189015368402,12.210480388166374,53.63220070682049,0,2026-09-03 06:23:53
2026-09-02 13:35:00,CNC-03,H,298.00350350595534,312.6785234708296,1336.8853776827,53.024049704459465,217.05463782610465,25.294509706806227,13.45265573927351,52.63358460427001,0,2026-09-03 06:23:53
2026-09-02 20:57:00,CNC-02,M,299.6748792233933,312.563173449335,2575.939003807944,18.706786819973242,129.02914505459964,3.3024350216645724,9.074927155187178,50.182804044982156,0,2026-09-03 06:23:53
2026-09-02 22:02:00,CNC-03,H,300.24922138212855,313.3121352553079,2745.2290496054434,18.846889687702422,188.636062269263,3.6517768278806786,9.890723820243364,52.76360077892677,0,2026-09-03 06:23:53
2026-09-02 15:21:00,CNC-02,M,298.61400532944873,313.55319669458106,1659.8959390841478,45.768547476562226,140.32392700877998,25.193148294031655,14.310824120036047,52.43796590180791,0,2026-09-03 06:23:53
2026-09-02 11:49:00,CNC-02,M,296.8603622786289,311.0261960902869,1459.025681739865,48.16241910494355,31.880298469411777,2.133352091659212,13.097967928302511,54.287967021238565,0,2026-09-03 06:23:53
2026-09-02 18:39:00,CNC-02,M,299.7113325099319,314.75494022169,2175.754507308017,34.73872204096674,180.96862935933373,3.1878321049983622,14.048379416258536,51.89327281053211,0,2026-09-03 06:23:53
2026-09-02 13:10:00,CNC-01,L,297.5428785199546,312.0943369650874,1368.7785948313615,50.16468320416214,185.9401042770257,2.631735480651552,12.574146653656554,55.05107706678779,0,2026-09-03 06:23:53
2026-09-02 21:49:00,CNC-02,M,299.1848219081268,312.0290468039565,2720.0708327680036,16.1574347929405,187.50201787541496,3.774885185131188,8.089097345263456,51.71466954085926,0,2026-09-03 06:23:53
2026-09-03 01:45:00,CNC-03,H,304.1159304545845,311.8717335635381,2530.5654014767897,24.05862793592183,164.76802269596394,3.3646603343871866,11.335509836163137,42.14763250945168,0,2026-09-03 06:23:53
2026-09-02 08:16:00,CNC-01,L,301.4991943728518,309.80694543640624,1588.1368278550972,43.09236125316085,174.39960011770188,2.706777534483529,12.834167654109661,47.14278640400981,0,2026-09-03 06:23:53
2026-09-02 18:30:00,CNC-01,L,299.5691394878377,313.11164081157744,2111.647159105263,30.985369503911915,20.742161267794177,2.5780247103824108,12.13005987997758,53.037274260611554,0,2026-09-03 06:23:53
2026-09-02 23:40:45,CNC-01,L,298.9677387992152,310.7765267984054,2662.6942702451634,14.965907733018147,142.74504124971753,3.500210925148441,7.482143880418747,49.29404057244355,0,2026-09-03 06:23:53
2026-09-02 21:52:00,CNC-02,M,299.0498286902283,312.0135737120865,2729.6765982416005,15.741349026903226,190.68083680892778,3.769136514852332,7.853779788658482,50.410301188117785,0,2026-09-03 06:23:53
2026-09-02 06:36:00,CNC-03,H,296.2723546756402,310.16416749400514,2114.718462443261,33.564121597586194,45.1947684999494,2.7162673745406507,13.283091988038976,53.79212962632731,0,2026-09-03 06:23:53
2026-09-02 19:44:00,CNC-01,L,26.4193655372859,39.88581643775774,2270.5322645258734,26.290639032102117,113.00673146248009,3.0291043942401688,11.190153462542602,56.35217610498195,0,2026-09-03 06:23:53
2026-09-02 22:04:00,CNC-02,M,299.2241640040503,313.7069396571707,2471.0768902631035,26.459135064343794,203.9901703550532,3.68842133494237,12.53326399668438,51.95222895067384,0,2026-09-03 06:23:53
2026-09-02 23:56:00,CNC-01,L,298.71433605955446,311.9864216328874,2627.041676532225,20.70653423527819,157.7647335722496,34.929164096102504,9.997530898324476,58.050528753326056,0,2026-09-03 06:23:53
2026-09-02 12:38:25,CNC-02,M,297.394878642965,312.1049975719379,1378.4893842877602,57.73821223395649,108.1138624672974,2.0962433637493834,14.935585857611086,59.56500492472672,0,2026-09-03 06:23:53
2026-09-03 04:23:00,CNC-02,M,296.4083161500942,310.41004412670054,2268.749482002895,26.851510545039332,155.18100626240476,3.1727619974889825,11.115442454445501,56.44385606893513,0,2026-09-03 06:23:53
2026-09-02 06:23:00,CNC-02,M,296.282377485583,309.12991207972703,1995.3049242846898,30.7793421745282,5.218256282694421,2.5990828001313186,11.342591631955925,54.802215550470564,0,2026-09-03 06:23:53
2026-09-02 12:48:00,CNC-03,H,297.5326657409256,312.26055790853036,1327.0003085472,55.624756949325274,142.60466713763316,2.143596991152392,13.715851596852225,57.92120694544944,0,2026-09-03 06:23:53
2026-09-02 12:27:00,CNC-03,H,297.6425704515613,312.10030022098897,1446.290392472898,50.78602641330515,109.40932969845043,2.133465156349324,13.923306092406367,54.26497634261057,0,2026-09-03 06:23:53
2026-09-02 07:41:00,CNC-02,M,295.9340772272531,310.8293058851569,1638.8765344750038,46.71318107510909,114.65879155848033,2.385965542361333,14.382104694198807,58.62394190267875,0,2026-09-03 06:23:53
2026-09-02 19:22:00,CNC-02,M,26.36635813668073,39.42681154426327,2291.5955652117864,26.71245648038231,16.266204113000565,2.8969640766617633,11.48858375923497,55.352516833570924,0,2026-09-03 06:23:53
2026-09-03 06:07:00,CNC-03,H,296.4552776764635,311.72222067795656,1842.1769312016659,41.19937343409349,229.32202727661402,3.236689536881068,14.309436945100051,57.29369665282072,0,2026-09-03 06:23:53
2026-09-02 15:55:00,CNC-03,H,299.6156421766823,314.3451425615095,1573.3277286396635,48.72126254866744,201.78359016248083,2.723961575639634,14.400708461632085,53.0449574351762,0,2026-09-03 06:23:53
2026-09-02 08:09:00,CNC-01,L,301.38108260870155,310.34059391141994,1753.107861615115,45.305985944487816,163.87496985287407,2.719561774199998,14.85157481744063,50.06446508591243,0,2026-09-03 06:23:53
2026-09-02 19:50:00,CNC-03,H,27.6852874409023,40.729981133062665,2400.846933797861,24.00477000596807,37.92070873344949,2.9184059460741425,10.864812912996305,50.94295717670073,0,2026-09-03 06:23:53
2026-09-02 21:19:00,CNC-03,H,300.86691314808934,314.64708702585705,2536.7317696985233,25.48388901232672,141.26139798793,3.299678340000626,12.035720977805312,49.85976723544643,0,2026-09-03 06:23:53
2026-09-02 12:35:00,CNC-02,M,297.2868110339301,311.8331829637203,1341.4336736404125,52.716191684051886,104.9138624672974,1.9643286371316964,13.230244213510908,55.14728180636491,0,2026-09-03 06:23:53
2026-09-02 15:23:00,CNC-03,H,298.8241809548365,313.6318229732427,1653.2702483962585,46.131261510655115,154.035476102886,2.485394359576726,14.420510276377145,48.77997569043349,0,2026-09-03 06:23:53
2026-09-03 03:13:00,CNC-01,L,296.5271757687881,309.93175307025933,2444.282498444569,24.165341937224444,148.91704078778156,3.347782357704739,11.108795117472035,57.16829575534017,0,2026-09-03 06:23:53
2026-09-02 11:45:00,CNC-02,M,297.0033386943649,310.7622440651478,1353.4119407926644,51.17151406243087,25.514853417758417,2.088168017208482,12.67440736459662,55.17639656810796,0,2026-09-03 06:23:53
2026-09-02 13:08:00,CNC-01,L,297.55734537754347,312.18254883703025,1481.4638657571586,48.485236987391836,,2.8188490967972366,13.364508821848691,55.0891269796928,0,2026-09-03 06:23:53
2026-09-03 05:31:00,CNC-03,H,23.45593864695053,37.71772254965401,2066.3274197769983,34.43582164538775,181.33399401437347,3.0715644357176357,13.296586317110144,55.43816946640467,0,2026-09-03 06:23:53
2026-09-02 10:01:00,CNC-01,L,296.1591370604112,310.3392534926795,1308.770106149733,53.521297494310915,98.43999575025191,2.078718358863804,13.143277501686192,61.23051168347671,0,2026-09-03 06:23:53
2026-09-03 05:36:00,CNC-02,M,22.572977666309725,,1816.8014036552013,38.40472020985054,2.7397302904883327,2.3884335999994253,113.41389652540678,64.04769854814373,0,2026-09-03 06:23:53
2026-09-02 17:10:00,CNC-01,L,299.32586661035606,313.5399407191095,1951.4125587954566,34.969788044089036,117.73457016835407,2.7131333575127194,12.631189377206416,46.95572170548344,0,2026-09-03 06:23:53
2026-09-02 13:21:00,CNC-03,H,297.8396680594984,312.93783726750786,1497.2951905261398,51.12854270167209,194.91971689488236,2.5622810883121465,14.461350083539108,56.22009757081977,0,2026-09-03 06:23:53
2026-09-02 18:44:00,CNC-01,L,299.4258601147564,312.6424887413764,2079.1312671813716,31.58609409882145,38.84534980274679,2.6880300013011826,12.347482749476509,51.40716724105552,0,2026-09-03 06:23:53
2026-09-02 13:11:00,CNC-01,L,297.41867126559293,312.0577492077396,1404.7753646091646,53.04544197766752,187.52644022037308,2.702166546096708,14.130404027660031,52.50490454032343,0,2026-09-03 06:23:53
2026-09-02 14:13:00,CNC-02,M,298.3405654704423,312.5760502094754,1422.8694008155398,51.38287282521668,36.046425382451396,2.082631697688792,13.665748122263155,59.24160370620261,0,2026-09-03 06:23:53
2026-09-03 04:18:00,CNC-03,H,297.4096147959798,311.16241524617897,2419.2227289015846,25.878975228903265,89.7043109603998,2.9177841646630194,11.698351331952574,51.16655813035215,0,2026-09-03 06:23:53
2026-09-02 21:53:00,CNC-01,L,299.24982288590127,311.80337166493797,2687.375254233394,20.124408949305185,25.427406722090314,3.300681748099402,10.186259643617495,53.07863231033151,0,2026-09-03 06:23:53
2026-09-02 16:22:00,CNC-01,L,299.4858423303499,0.0,1819.775063564277,40.49526564046069,49.691906343453354,2.4027268745475276,13.902620158863838,54.4821880980477,0,2026-09-03 06:23:53
2026-09-03 04:15:00,CNC-02,M,296.22104549458095,310.35090433061566,2310.29403701353,27.078716721475878,145.42555233285395,2.9985146476877444,11.977935171167148,61.61803539357159,0,2026-09-03 06:23:53
2026-09-02 07:53:00,CNC-02,M,295.876395998315,310.1174475845964,1742.8286759148846,40.176745692053956,132.1576567790771,2.5013820723992968,12.908547788757117,57.22791757351135,0,2026-09-03 06:23:53
2026-09-02 12:25:00,CNC-01,L,297.1525512449934,311.55811924254346,1409.9026534945776,51.83866168394245,114.56631824357213,2.2460187283762796,13.414752583629767,56.62601152190217,0,2026-09-03 06:23:53
2026-09-03 05:26:00,CNC-02,M,22.543443193149585,37.689883552690844,2061.7898842230006,36.121632591105985,234.26571194100586,3.6566864712536162,14.072503090001792,62.15684664373565,0,2026-09-03 06:23:53
2026-09-03 05:00:00,CNC-03,H,24.068432262050976,38.803955965794955,2209.679747403393,34.84210187920989,141.6055654358463,3.065933991979813,14.298105917820308,53.59882575531003,0,2026-09-03 06:23:53
2026-09-02 12:23:00,CNC-01,L,296.83730828185304,310.6971667012384,1449.2886618907396,46.17896578680866,111.37239957312735,2.1371024213030267,12.65438368686935,58.83375334919156,0,2026-09-03 06:23:53
2026-09-02 13:26:00,CNC-03,H,297.38856701196283,312.59537402661186,1541.6577299538988,48.811520676338475,202.8516921016005,2.758319839144584,14.178449264778179,55.56302013057999,0,2026-09-03 06:23:53
2026-09-02 15:29:00,CNC-01,L,298.6623587820387,313.6910692510565,1674.1909951172563,47.06876505391694,164.35364401317452,2.655236462615822,14.800421123783128,54.840464603142806,0,2026-09-03 06:23:53
2026-09-02 14:25:00,CNC-03,H,298.4728139342175,312.58700456087,1474.4144077418268,46.48432943773727,65.79494698380614,2.0924492550730847,12.534286161441393,57.440671413032796,0,2026-09-03 06:23:53
2026-09-02 15:38:00,CNC-03,H,299.7715407858968,314.75307810144125,1561.2502794772402,47.98368411267783,176.48595423755637,24.89737369522403,13.81345682878285,53.32849201394028,0,2026-09-03 06:23:53
2026-09-03 01:41:00,CNC-01,L,297.50274178105053,309.38629788205446,2782.6416454818313,15.610928783622391,46.36138999581327,3.3063358814948205,8.046039797598482,58.53773356496774,0,2026-09-03 06:23:53
2026-09-03 04:29:00,CNC-03,H,297.1525262313952,310.76666384343713,2269.833543257887,26.17169527411925,103.13072129705361,2.894060420888318,11.070894212102974,57.83124058958012,0,2026-09-03 06:23:53
2026-09-02 16:14:00,CNC-01,L,299.185772969738,312.3207091645295,1793.7972427218863,33.41545982394636,38.100467420095164,2.401356873236819,11.177996074691714,56.569376206367906,0,2026-09-03 06:23:53
2026-09-02 08:15:00,CNC-02,M,295.58112448864057,310.3541541472314,1627.1940159450355,48.01027985204746,164.75469985687448,2.6221280568066954,14.534501092218377,55.572250196800596,0,2026-09-03 06:23:53
2026-09-03 03:53:00,CNC-02,M,296.34732803587434,309.37630838395216,2419.83972675674,21.776087643339512,118.83838330721954,3.0076031980432516,9.808241509323366,54.544319765569654,0,2026-09-03 06:23:53
2026-09-02 10:03:00,CNC-01,L,296.02122166944355,310.1951586939544,1437.4570310907663,49.30729147849719,101.57186600771242,2.1871388441339055,13.37190742469161,56.13706531440179,0,2026-09-03 06:23:53
2026-09-03 00:39:00,CNC-02,M,303.453180419315,310.35779703294185,2693.902946494951,18.457022899523558,141.85430661214104,3.40687300707986,9.38102613558432,46.93914740296537,0,2026-09-03 06:23:53
2026-09-02 06:53:00,CNC-02,M,296.0007895260172,310.1762810666104,1878.4858394622818,37.910864725036745,46.46967702668491,23.919135525177783,13.361234950849436,56.0001734471925,0,2026-09-03 06:23:53
2026-09-02 17:46:00,CNC-03,H,300.22296118754093,314.1711115260849,2176.0810663318566,31.18641318204605,140.39305661746414,2.9634614984819243,13.043558579617596,54.99127792997435,0,2026-09-03 06:23:53
2026-09-02 20:30:00,CNC-03,H,301.0789706517125,314.7284852286705,2435.452485238593,24.657278905010926,85.13179866509995,3.039668140135891,11.17950269638557,47.7227489708904,0,2026-09-03 06:23:53
2026-09-02 19:23:00,CNC-01,L,26.206551277493247,39.39237596929411,2200.5910322519767,26.443019688664194,87.38021155003771,2.966261209324522,10.769099094550343,50.71684260186455,0,2026-09-03 06:23:53
2026-09-02 21:48:00,CNC-01,L,299.03352166549166,311.18353831094436,2461.7275689762255,20.389012806970975,19.934595217247363,3.063757272168337,9.502038854766539,55.67619798367451,0,2026-09-03 06:23:53
2026-09-03 05:10:19,CNC-02,M,22.606071937119168,37.22165313823024,2251.051926095379,29.223872341404395,215.04653724518363,3.6218734239370534,12.36892241155207,59.74904027295688,0,2026-09-03 06:23:53
2026-09-02 22:24:00,CNC-02,M,299.0831470802305,312.6786575206024,2582.6760407516413,20.787917430670117,225.78208716129245,4.094696510504028,10.263203776534656,52.0506648092395,0,2026-09-03 06:23:53
2026-09-02 16:10:03,CNC-02,M,298.91106715772975,314.0915083170725,1905.6078552401407,38.774803110582994,,3.3172250690161422,13.75888469605247,54.19666976439085,0,2026-09-03 06:23:53
2026-09-02 10:04:00,CNC-01,L,296.1691006686879,310.014902227132,1346.9356659917103,49.064774016538465,103.168423266939,2.1966919605232285,12.176063437903245,60.98908506953209,0,2026-09-03 06:23:53
2026-09-02 13:41:00,CNC-03,H,298.02996405682,313.179000126722,1498.446788433224,50.23048489311807,226.5626573833627,2.945818813543041,14.118493236403575,58.11688011516401,0,2026-09-03 06:23:53
2026-09-02 08:48:00,CNC-03,H,296.15786815200374,309.94716079193506,1515.5849946243334,45.946668291886354,1.521330766734231,2.2669397791372017,12.933365971506252,57.89638817325451,0,2026-09-03 06:23:53
2026-09-02 12:48:00,CNC-02,M,297.44311779066106,312.2387908596653,1435.940738525986,52.180396701385455,125.60447668013865,2.1954326137260143,13.978214773982073,54.769795174407896,0,2026-09-03 06:23:53
2026-09-02 19:51:00,CNC-03,H,27.904663913340016,41.50342929403848,2219.332709102916,29.318902927202775,39.16949493096563,2.7252139506904935,12.107485482189826,50.83190390895859,0,2026-09-03 06:23:53
2026-09-02 06:55:09,CNC-02,M,296.4095903951779,310.36321381780664,1929.8939716090206,35.58164513841473,47.84723187909802,2.5007458215147285,12.96676798151672,62.86078524857682,0,2026-09-03 06:23:53
2026-09-02 09:20:00,CNC-03,H,296.48092471823736,310.4408567163217,1626.5863786182902,42.8525962408602,50.460973278401674,2.2381140911466355,12.959752554116728,64.18742397615355,0,2026-09-03 06:23:53
2026-09-03 00:16:00,CNC-02,M,297.96740903726504,311.2948070424315,2653.5678038297974,20.57415284486516,117.39467099415336,3.3301991970825804,10.292241394331564,53.385429145564885,0,2026-09-03 06:23:53
2026-09-02 11:50:00,CNC-01,L,296.71525953279985,311.12450180824436,1368.7493676221213,55.05725157335546,58.83713105118307,2.087663698912349,14.227869287754093,60.865940720051086,0,2026-09-03 06:23:53
2026-09-02 21:17:00,CNC-01,L,299.59799917123974,313.7225129831489,2347.02165469236,26.863689769903466,221.6211616906412,3.8647560403877406,11.926982632925958,56.9277430412859,0,2026-09-03 06:23:53
2026-09-02 19:35:00,CNC-01,L,26.338824898928635,39.20584368437784,2327.3469284207767,24.08319990273818,102.12686439948446,3.0078030661085187,10.4396874839495,52.99219994381644,0,2026-09-03 06:23:53
2026-09-02 22:16:00,CNC-02,M,299.05055310154376,312.4700479947474,2664.793240088589,18.461880979190852,217.01722538307106,4.01916643325851,9.145406382632393,58.51841362368081,0,2026-09-03 06:23:53
2026-09-02 12:21:00,CNC-01,L,296.98002943229324,311.0014454386679,1318.3182333820637,52.54080187047768,108.1855722443004,2.032805733166758,13.136782285101972,57.39090719539323,0,2026-09-03 06:23:53
2026-09-02 07:57:57,CNC-03,H,296.15917052663343,311.03060574744853,1716.6633484423567,43.85960948480304,160.42106756595388,2.547657132840318,14.2828417090996,63.129464370357844,0,2026-09-03 06:23:53
2026-09-02 14:30:00,CNC-02,M,298.5196556415887,312.9430495980253,1529.7592555206563,47.907919370959526,62.673102313085266,2.141872362715164,13.825682691108371,55.24030467770249,0,2026-09-03 06:23:53
2026-09-02 12:06:35,CNC-03,H,297.10304385737606,310.9996584532762,1389.5574628597608,49.219126515662964,77.87420092367292,2.0942970496540654,12.797220686947561,55.49505119442941,0,2026-09-03 06:23:53
2026-09-02 15:48:17,CNC-03,H,299.6246380359001,314.3313926425264,1582.412245911512,45.896625470483194,191.41981388777918,2.7156130143537145,13.46402326257786,53.618853911254405,0,2026-09-03 06:23:53
2026-09-02 14:16:00,CNC-02,M,298.5255822607314,312.6305313349823,1440.3585192356975,50.2325021914255,40.74305301245796,2.0735327656632974,13.518121083960548,58.82673984435706,0,2026-09-03 06:23:53
2026-09-02 22:42:41,CNC-02,M,298.6114567594684,310.52613729693593,2816.6746019980687,14.841637927789149,16.92531407184036,3.397769337635197,7.591329901722946,51.84090162689026,0,2026-09-03 06:23:53
2026-09-02 18:18:00,CNC-03,H,300.5372325355559,315.3270854489724,2168.164299705815,35.3929987893824,182.75272472670414,3.0674447512174043,14.46418492163628,50.647089966695376,0,2026-09-03 06:23:53
2026-09-02 09:04:00,CNC-02,M,295.8528965953046,309.5745430286718,1479.2201351061583,47.28850022726774,19.780376165796394,2.2427263304676104,13.144598647545738,54.0662794691702,0,2026-09-03 06:23:53
2026-09-03 00:52:00,CNC-02,M,303.4539225906111,310.60409391910724,2467.140147889311,21.239720581004416,155.67863450068776,3.229924524471694,9.736258385014947,44.25416640954758,0,2026-09-03 06:23:53
2026-09-02 18:37:00,CNC-03,H,300.5864349448624,315.6717551514941,2121.1352795062276,36.80947483233915,207.37483892944326,3.303664648285585,14.731336940650381,51.94670292051353,0,2026-09-03 06:23:53
2026-09-03 02:40:00,CNC-01,L,297.1165618497331,309.8300349989062,2516.8916212973068,20.34082876435202,111.28869274177818,3.2308248903405796,9.596244738699273,61.11163488819986,0,2026-09-03 06:23:53
2026-09-02 23:41:00,CNC-03,H,300.11650828298264,,,11.466845400158567,32.018551091716695,3.3675328673154046,5.967912661485185,53.57174785847157,1,2026-09-03 06:23:53
2026-09-02 08:10:00,CNC-03,H,296.1444135501281,310.74208970910223,1553.7255787373522,45.947414111147026,179.65262531970026,2.686589541347664,13.38042629804695,57.34893754573798,0,2026-09-03 06:23:53
2026-09-03 06:16:00,CNC-01,L,295.4037734310246,309.8335330639473,1935.9097359032291,37.476971904804095,158.16901825781832,2.8817993480621893,13.567914761966609,56.52326513149091,0,2026-09-03 06:23:53
2026-09-03 00:04:00,CNC-02,M,298.25628326605994,310.5707483604595,2811.66374739233,14.912456597879979,104.50741299062695,3.3736577224790647,7.840179061659636,57.48283875342552,0,2026-09-03 06:23:53
2026-09-02 15:36:00,CNC-02,M,298.3412320841963,313.56332832595325,1585.0594899623072,49.83819024173621,162.75162636876294,2.596781668373241,14.887061803419495,52.53109451523147,0,2026-09-03 06:23:53
2026-09-03 05:16:00,CNC-02,M,22.75445609845201,38.034828317713675,2202.5057545085756,34.42580291888821,221.3877766692737,3.808296187162897,14.274967087203754,59.518941328835744,0,2026-09-03 06:23:53
2026-09-02 23:43:00,CNC-02,M,298.40906768437,311.26033219043603,2660.659373697956,18.837285790369616,82.21302408243209,3.2542303300415676,9.265042229379004,55.9749264544239,0,2026-09-03 06:23:53
2026-09-03 01:50:00,CNC-01,L,297.6373876437662,309.55803643595044,2618.4678376512975,15.249144880783312,55.961676711233544,3.176456899129585,7.712746619970221,57.10820279140783,0,2026-09-03 06:23:53
2026-09-03 06:06:00,CNC-01,L,295.51389834145925,309.68146021230524,2076.462402452678,32.99855136688723,144.69553011498147,2.9494903973280513,12.797701092970193,59.98476385522597,0,2026-09-03 06:23:53
2026-09-03 02:48:00,CNC-01,L,296.94252608323467,309.1979642627248,2620.3391163036717,16.287508409814496,120.35390691133821,3.3155763167908505,7.8356498331911455,51.46547035478837,0,2026-09-03 06:23:53
2026-09-02 19:42:00,CNC-03,H,27.417693169116376,40.62861019012223,2257.111532632752,26.6658870787009,28.190998021092756,2.7942220395744632,11.14651891179901,51.68672149635725,0,2026-09-03 06:23:53
2026-09-02 17:40:00,CNC-03,H,300.53446572305535,315.01912459279686,1962.4652965810874,38.58442251222172,132.32282190191117,2.7479351347474,13.876770031539554,51.40140835162893,0,2026-09-03 06:23:53
2026-09-02 19:18:00,CNC-01,L,26.36876311936686,39.747797642579485,2289.947056031502,25.7663927696124,81.2159662716619,2.9609167654913087,10.898928162033556,53.526157512929785,0,2026-09-03 06:23:53
2026-09-02 14:15:00,CNC-01,L,298.6287792988246,313.0200331942884,1573.5105075948309,48.708689315868405,51.73337679356549,2.1896995716887977,,50.94490146203278,0,2026-09-03 06:23:53
2026-09-02 11:29:00,CNC-03,H,297.2368864443088,310.91951682633106,1377.744463091524,51.1030159764926,17.5190947629541,2.04178912826558,13.01166651449644,56.02555585532298,0,2026-09-03 06:23:53
2026-09-02 11:30:00,CNC-03,H,297.1214492005612,310.429062078968,1364.7434509861162,45.39634535241049,19.119094762954102,1.9422990839121408,11.414370117434904,60.00618022093969,0,2026-09-03 06:23:53
2026-09-02 21:56:00,CNC-02,M,299.0135448824272,312.6776213498194,2449.5953059913572,22.20945449078749,195.1433150161334,3.5034157639012515,10.207468225271807,56.44792802645166,0,2026-09-03 06:23:53
2026-09-02 22:59:00,CNC-03,H,299.89698621579197,313.2706079350361,2679.765716397018,19.15526263495435,250.60876552549382,4.27539140687747,9.792362406419752,53.40281122631403,0,2026-09-03 06:23:53
2026-09-03 00:19:00,CNC-01,L,298.50853055938194,312.0745709093438,2669.777920993056,21.374403250665765,182.2281349891655,3.8498192523364354,10.638628042296398,57.90306068779123,0,2026-09-03 06:23:53
2026-09-02 18:11:00,CNC-01,L,299.5608347418684,314.8348618654554,1961.3580548328564,38.045836244417856,200.33814420029267,3.3214968562242224,14.196995449248227,50.38348257918792,0,2026-09-03 06:23:53
2026-09-03 02:15:00,CNC-01,L,297.32546293358934,310.43696785881457,2788.44780892451,19.482040350159885,83.33052592078158,3.47147526495202,10.021191633922568,56.911802129108764,0,2026-09-03 06:23:53
2026-09-02 23:16:00,CNC-02,M,298.42677228500975,310.60765453211,2810.09054100227,15.550984064970974,53.47104819071799,3.2493301512156605,8.061833653399091,54.39322486781972,0,2026-09-03 06:23:53
2026-09-02 10:00:00,CNC-01,L,296.15365325957896,310.1949478067517,1413.6415522982436,48.53595362422878,96.83999575025192,2.2056945588841774,12.988137342858945,58.35971401388486,0,2026-09-03 06:23:53
2026-09-03 03:46:00,CNC-01,L,296.32271835793574,311.2481459337423,2238.5675653462135,33.062338502220626,187.5303242964501,3.4910886381668877,13.881006713693493,53.64858912890581,0,2026-09-03 06:23:53
2026-09-02 23:24:00,CNC-02,M,298.3606077496396,310.8922808218654,2663.345311646286,17.166121425183476,,3.210554933187123,8.507573974663964,47.92733675539064,0,2026-09-03 06:23:53
2026-09-03 03:24:00,CNC-02,M,296.5466026625718,308.91857788642426,2564.8131935318397,17.414417610987115,84.90747356893924,,71.67883290138668,59.09690464470785,0,2026-09-03 06:23:53
2026-09-02 20:14:00,CNC-01,L,299.303668747408,313.2559018155568,2433.1953869114836,26.89056258307626,149.05001334504018,3.3561566608531286,12.19944672068797,51.48468245332732,0,2026-09-03 06:23:53
2026-09-02 08:06:00,CNC-02,M,295.92890909556195,310.3324893378561,1663.5324278178698,42.40273890332669,151.43785162900218,2.5473745120251055,13.353632003478982,58.213580306461644,0,2026-09-03 06:23:53
2026-09-02 08:10:00,CNC-01,L,301.5047261986523,310.6256560216302,1762.3649377655054,44.940682516337,165.339051573354,68.64514327652705,14.656124840863425,46.767290807415016,0,2026-09-03 06:23:53
2026-09-03 00:56:00,CNC-03,H,304.93058050745253,310.861554556662,2777.029265524354,14.416625386375657,112.0975517236408,3.442924394025519,7.303382817921066,47.07663078749423,0,2026-09-03 06:23:53
2026-09-02 13:15:00,CNC-03,H,297.9476197162637,312.99913205824237,1526.9916688997669,50.98445014525751,185.47981431423625,2.7196561910475037,14.601015778068673,51.3075156914223,0,2026-09-03 06:23:53
2026-09-02 19:36:00,CNC-02,M,26.676904965390975,39.577951572532584,2352.799830288937,22.421150110523683,33.501901374000575,2.900368418818154,9.676406604280984,53.075854729827064,0,2026-09-03 06:23:53
2026-09-02 12:52:00,CNC-03,H,297.7419945938534,312.0200862793078,1369.3795292405314,50.50083077771678,148.99203886961408,2.2767423721671776,12.980141462486058,50.562488760427954,0,2026-09-03 06:23:53
2026-09-02 19:38:00,CNC-02,M,26.400351266366897,39.38838786879393,2214.036307736343,25.73416438611168,36.03271365555561,2.7388368228394873,10.771916528058686,53.47157333817098,0,2026-09-03 06:23:53
2026-09-02 19:45:00,CNC-02,M,26.449786035424268,40.42313358665763,2397.7124347384656,28.05120963262079,44.51836880303111,,12.58937884403255,53.0110047712874,0,2026-09-03 06:23:53
2026-09-02 08:37:00,CNC-02,M,295.6952042346129,310.71389340895,1583.4201368679198,47.05247669189001,197.71185991777446,2.9130850752758684,14.09088275743189,58.52941331496286,0,2026-09-03 06:23:53
2026-09-03 04:26:00,CNC-02,M,296.05285320369785,311.069231218203,2161.0603441810244,34.65930444778704,158.8628767406871,3.111330655192531,14.030562260961473,56.966792994468946,0,2026-09-03 06:23:53
2026-09-02 18:15:00,CNC-01,L,299.46935032721893,312.5946024079996,2095.823923509861,29.17937109758358,1.305747184899987,2.597857460716441,11.479012445712584,52.517371749884724,0,2026-09-03 06:23:53
2026-09-02 23:33:00,CNC-02,M,298.44368843245246,310.5988826963741,2669.3795214575407,16.339323869481174,71.60317463056616,3.267537450499243,8.071994468424014,54.45927652294111,0,2026-09-03 06:23:53
2026-09-02 14:39:00,CNC-03,H,298.63695649021497,313.21857996428224,1607.313813336954,47.48260358809109,87.41393116112124,2.3037919193865974,14.3925493205018,53.628426173910086,0,2026-09-03 06:23:53
2026-09-03 05:44:00,CNC-02,M,22.569205973286557,36.33437092317189,2074.2800271428523,31.144839201065025,13.198698098963435,2.589843416815885,11.925749888606916,62.22615838659476,0,2026-09-03 06:23:53
2026-09-02 20:09:00,CNC-02,M,299.64183339762843,312.48525373621055,2348.3674397888904,21.726519280069123,73.36360006115527,2.9614956903450658,9.336795071054278,54.01050278033511,0,2026-09-03 06:23:53
2026-09-02 17:30:00,CNC-03,H,300.09212828117137,313.86552974149606,1873.6708940507217,33.41716815797543,118.67334965152915,2.653066511616796,11.764704653338672,49.131806456102154,0,2026-09-03 06:23:53
2026-09-03 05:49:18,CNC-01,L,22.57799124554299,37.14450573772871,2136.433453078841,34.030203597255614,123.47197173864724,2.8341333170555956,13.611947730388971,58.35342130907802,0,2026-09-03 06:23:53
2026-09-02 22:08:00,CNC-02,M,298.93792384054507,312.86706794626826,2564.8070046237044,22.78379684181983,208.3147644740007,3.84113399113147,11.100179981971204,51.69939361507585,0,2026-09-03 06:23:53
2026-09-02 06:46:00,CNC-01,L,296.1451811216652,310.1423104252925,1797.6840427693035,40.05269126603554,45.13280317601748,2.3624924455849268,13.581207379278768,59.99011014692667,0,2026-09-03 06:23:53
2026-09-03 00:00:25,CNC-02,M,298.4427946238923,311.1066483769309,2688.3591116275793,17.396281602023695,100.29717827511638,3.3559235215335614,8.646271568449068,52.543543385924174,0,2026-09-03 06:23:53
2026-09-02 22:55:00,CNC-03,H,300.4654029019376,314.63202299439365,2553.994796392785,24.37431183123644,246.2900230556871,4.033693816306758,11.335727687023937,56.19876317457008,0,2026-09-03 06:23:53
2026-09-02 21:04:00,CNC-03,H,300.9609262311602,314.8283549805538,2432.6322744275885,25.822131677776625,124.23261530297401,3.0697360188313825,11.785620028677757,48.485841273256504,0,2026-09-03 06:23:53
2026-09-03 04:14:00,CNC-03,H,297.4642172543912,310.51347048487327,2190.8658750325917,26.08952527253871,84.80853121118572,2.8292710175211964,10.690147897696088,59.27423656868602,0,2026-09-03 06:23:53
2026-09-02 12:19:00,CNC-02,M,297.12530648514684,311.17076723037064,1332.6974693571897,51.764602316232676,79.5521421818097,2.011250955805834,12.855796577211695,57.691102364676865,0,2026-09-03 06:23:53
2026-09-02 16:07:00,CNC-02,M,298.8891125927523,314.13988346583403,1833.107971315422,42.08171555922758,207.75616427606442,3.128558455345687,14.585944640698955,56.893005541079575,0,2026-09-03 06:23:53
2026-09-02 13:14:00,CNC-03,H,297.89940774198544,312.5461572136995,1424.345023663666,52.74219642831026,183.91466145806234,2.454532650838863,14.1584677948501,53.743664765961405,0,2026-09-03 06:23:53
2026-09-02 21:08:00,CNC-02,M,299.6042581929527,313.8645015320916,2310.443632019011,28.07438115548401,141.69441535794218,3.058496733312174,12.366407917871769,56.838725321538604,0,2026-09-03 06:23:53
2026-09-03 02:44:00,CNC-01,L,296.8607286540818,310.07729091360267,2565.971847804901,21.847370803882697,115.73938376805093,3.2196245092732125,10.215585706212938,59.1894982981878,0,2026-09-03 06:23:53
2026-09-02 12:29:00,CNC-01,L,296.8729144686689,311.6571001781896,1357.516006271063,56.062842583873326,120.8515356997956,2.1573518736737616,14.325527139078464,60.1847735602936,0,2026-09-03 06:23:53
2026-09-02 12:52:00,CNC-01,L,297.2325222896934,312.2033448737242,1575.5824379513276,50.26621712066963,157.34408940661834,2.613919952969288,14.686184589825569,56.33980806257411,0,2026-09-03 06:23:53
2026-09-02 14:58:00,CNC-01,L,298.72790245108047,313.14389471023856,1647.5326860888756,44.491081157364064,117.59574971129192,2.415884868794609,13.713871244182409,47.15238540065111,0,2026-09-03 06:23:53
2026-09-02 09:56:00,CNC-01,L,296.20045215314974,310.30210553563296,1478.191907668804,47.24579851402683,90.61952173459765,2.1836006068519707,13.150112824403644,52.426315603146456,0,2026-09-03 06:23:53
2026-09-03 05:31:00,CNC-02,M,22.508648239938225,38.051087902469874,2099.8146590884935,35.69705327270564,240.76395696019094,3.884658447170549,14.223425151459244,59.21709420506199,0,2026-09-03 06:23:53
2026-09-02 12:32:00,CNC-03,H,297.6430325752382,311.73495876451517,1459.2120864856872,48.3575211483186,117.3143920636417,22.25131999676547,13.077490296481578,58.08729207300958,0,2026-09-03 06:23:53
2026-09-02 10:27:00,CNC-02,M,296.42030472666454,311.1243822099287,1474.1467274843264,49.572924340944674,148.58585755025274,2.281974758261532,13.72549357645346,53.88759780835461,0,2026-09-03 06:23:53
2026-09-02 19:12:00,CNC-03,H,27.34139962294745,41.940282928085935,2436.200680560629,28.10097742646261,251.34943670842713,3.962750091273184,,49.277576835381076,0,2026-09-03 06:23:53
2026-09-03 03:30:00,CNC-03,H,297.9475685634943,309.62705881305766,2360.912138871602,17.495843953189425,32.36449453438446,2.913980356737234,7.465581765367424,51.68355280191732,0,2026-09-03 06:23:53
2026-09-02 13:09:00,CNC-03,H,297.5352714327582,312.44927153741,1350.9771084758113,54.85365213857272,176.0113048096498,2.430772004930049,13.596527396642808,54.073573341334,0,2026-09-03 06:23:53
2026-09-02 22:40:00,CNC-03,H,300.1916225313662,314.446462131038,2568.499850643043,24.560928290755673,230.04402807062033,3.958700885921055,11.788481924175349,50.282419398717074,0,2026-09-03 06:23:53
2026-09-02 07:07:00,CNC-01,L,295.81332560977097,310.3501618481355,1923.0942177641707,39.51374346606646,74.3311209137714,25.086271080872198,14.301874971518252,61.96190033590141,0,2026-09-03 06:23:53
2026-09-02 12:28:00,CNC-01,L,297.0775634917,311.44407185970044,1400.557004096282,50.77431575411044,119.25153569979561,2.279565080680032,13.16996377199774,57.491244038402534,0,2026-09-03 06:23:53
2026-09-03 03:15:00,CNC-01,L,296.51224492614546,309.57840360506157,2595.097851848211,19.473617070444828,151.17676532118153,3.3751832546053113,9.432690342356606,57.504122883279855,0,2026-09-03 06:23:53
2026-09-03 04:47:00,CNC-03,H,297.0987037021132,311.4505656431524,2260.1497035920897,30.196171435981764,125.36129057311983,2.983525954874742,12.646492272317097,54.362614772818745,0,2026-09-03 06:23:53
2026-09-02 12:17:00,CNC-03,H,297.44774321567695,311.60260893514106,1347.6587520295375,52.451906014187784,93.6362147131956,2.009712721297155,13.31214922356896,58.25216294314843,0,2026-09-03 06:23:53
2026-09-02 12:56:00,CNC-02,M,297.52691320474406,312.1433709749299,1294.7341467107285,57.90021669544264,138.20185942855525,21.22977799276297,,57.43102011763321,0,2026-09-03 06:23:53
2026-09-02 18:40:00,CNC-03,H,300.5377310527037,314.77916368766773,2049.18816270891,31.66426688188498,211.25983996080552,3.231378111823891,12.13119116911975,50.3228384481502,0,2026-09-03 06:23:53
2026-09-03 01:17:00,CNC-03,H,304.7664880200026,311.664371824973,2726.158464843853,19.25092749780506,134.60327541262484,3.3621026498329085,9.633939326203812,41.16795723922964,0,2026-09-03 06:23:53
2026-09-02 09:50:00,CNC-02,M,296.3618542854591,310.7292809183704,1458.8077546259947,51.80273851798761,90.8502078998547,2.2401463830466537,14.374426719453599,60.837244988996645,0,2026-09-03 06:23:53
2026-09-02 12:50:00,CNC-01,L,297.18660680504047,311.7868724794043,1420.43220020728,52.40888675005497,154.2355715080511,2.508332704019909,13.947247571108418,58.035500083570646,0,2026-09-03 06:23:53
2026-09-02 16:05:03,CNC-03,H,299.64977777136687,314.98952033995874,1879.6219574897293,42.11256861854262,214.93133463606202,3.138538424435838,14.772590757585801,48.93180735535077,0,2026-09-03 06:23:53
2026-09-03 01:50:00,CNC-03,H,304.52756059346973,312.0289999012198,2666.5929390400524,22.155690703750498,170.2317366808142,3.4952780598402615,10.79299323908677,43.365459572259375,0,2026-09-03 06:23:53
2026-09-02 08:30:00,CNC-01,L,301.38840749541015,310.3094370339555,1571.2591906956945,46.64176098866214,195.078164791135,2.884737432603363,13.781669586268375,47.76556852695543,0,2026-09-03 06:23:53
2026-09-02 09:51:00,CNC-03,H,296.5390524755513,6805.326698364587,1377.7524113347558,52.830947237738904,98.35751630868687,2.162811120004145,13.708263312358987,58.483754809995865,0,2026-09-03 06:23:53
2026-09-03 04:20:00,CNC-01,L,296.47802029001673,310.0654562462857,2401.478647958732,27.609564551812756,9.623493371687822,2.8726405866998412,12.283280341497923,55.44420309007576,0,2026-09-03 06:23:53
2026-09-03 04:15:00,CNC-01,L,296.0090240639425,309.14242274369616,2209.388524917001,28.12208162530016,3.572449616644877,2.8125265219262294,11.461735415644128,60.371736519659024,0,2026-09-03 06:23:53
2026-09-02 08:08:00,CNC-02,M,295.9582915538376,310.4971634599645,1769.9879995990877,41.5992189938667,154.31755123418648,2.648095670792899,13.796371156726545,54.31977533639275,0,2026-09-03 06:23:53
2026-09-02 22:44:00,CNC-01,L,299.28643801727344,311.4888513645842,2533.894281057585,17.54704969527711,80.75718281988568,3.1004729710428545,8.576665396433112,57.17469881522279,0,2026-09-03 06:23:53
2026-09-03 05:52:00,CNC-03,H,23.515699659937354,37.83314146161234,2080.206748844659,32.16960800701506,209.21998745596892,3.1973829914377596,12.792414001842685,55.308375252680946,0,2026-09-03 06:23:53
2026-09-02 18:20:00,CNC-02,M,299.47832546835707,314.37029658014865,2173.304940804431,34.59688819899551,156.48821028651798,3.088337616383873,14.129118176822507,50.04444112628843,0,2026-09-03 06:23:53
2026-09-03 06:06:00,CNC-03,H,296.37001952809163,311.60037194444305,1910.2782326864442,40.45087523770684,227.9109202754639,3.3846075053310467,14.390340182509723,55.21574502972355,0,2026-09-03 06:23:53
2026-09-02 13:30:00,CNC-02,M,297.98085924363,313.05420291408683,1488.1394036359898,51.17024278986858,191.88387881520248,26.47164702980223,14.227361189642654,56.70354535633173,0,2026-09-03 06:23:53
2026-09-03 02:28:00,CNC-03,H,303.90337448491,311.5630959324745,2576.3215332821733,22.833772548075224,212.2603594306501,3.8026048945503383,11.032307954878053,46.3071869666557,0,2026-09-03 06:23:53
2026-09-02 08:23:00,CNC-03,H,296.4743225280153,311.9152619354943,1610.1858329696377,48.97397447190762,198.88759251767917,2.815957786695167,14.890558350152496,52.887636796197434,0,2026-09-03 06:23:53
2026-09-02 14:18:00,CNC-02,M,298.3288684631854,312.6615629966844,1445.1162736415874,51.426192717108115,43.86430237923284,,13.935215552938313,53.900838261419246,0,2026-09-03 06:23:53
2026-09-02 23:25:00,CNC-01,L,299.42207164951674,311.7833445515164,2833.792404560183,14.891505019432946,124.72365861937126,3.5880241118297267,8.015097326937608,47.57505277641191,0,2026-09-03 06:23:53
2026-09-03 06:10:00,CNC-03,H,296.53821018925305,310.98910666874923,2083.1554209259166,32.995476897958255,233.3207730003827,3.635525442586825,13.203739404903544,59.183228716216874,0,2026-09-03 06:23:53
2026-09-03 05:29:00,CNC-01,L,22.72730203097109,36.70390666180839,2053.2222913907976,32.180859364308226,96.27894992480724,2.7377473572351385,12.58590620947226,55.68981629763263,0,2026-09-03 06:23:53
2026-09-02 13:50:00,CNC-03,H,298.16586281748926,312.28920656989317,1398.7893494502084,52.2290218222921,11.055495991432757,2.0688140785845865,14.098074876750252,54.27220951791996,0,2026-09-03 06:23:53
2026-09-02 07:03:00,CNC-01,L,295.93492834268994,310.00538474521045,1891.4019945375032,37.69242234468462,68.7497171612485,2.550440520773806,13.649585542373298,61.70113515762484,0,2026-09-03 06:23:53
2026-09-02 12:08:00,CNC-02,M,297.0850827540269,310.9167330565394,1326.951735677794,50.46393558632664,62.078361687886805,1.9283133511809045,12.559629874240596,55.75372964881879,0,2026-09-03 06:23:53
2026-09-03 02:18:00,CNC-02,M,297.126615717777,309.49841498151346,2538.7399605144196,19.483084701578008,9.954232953129969,3.1371436012914904,9.180753021224646,56.2522441589657,0,2026-09-03 06:23:53
2026-09-03 03:58:00,CNC-02,M,296.49896033496907,309.9817546445955,2351.009008230437,23.286818856061092,,3.13607801111229,10.183606062463681,55.115454597554965,0,2026-09-03 06:23:53
2026-09-02 21:25:00,CNC-02,M,299.21344922511685,311.97701705337164,2595.836408315346,17.58754220763173,160.90142121529038,3.451539288865147,8.451994872965464,55.01455152455766,0,2026-09-03 06:23:53
2026-09-03 03:55:00,CNC-01,L,296.06162351146475,310.2557832637009,2367.9691436358157,26.910457612476947,198.17183095329997,3.6716720468533435,11.960101933761303,55.16079720622194,0,2026-09-03 06:23:53
2026-09-02 18:35:00,CNC-01,L,299.3793445675268,312.86780610289645,2068.085033335883,32.21803866190658,27.213202925214972,2.705339909358645,12.357565571239075,54.811299724663904,0,2026-09-03 06:23:53
2026-09-02 16:01:00,CNC-03,H,299.9833770746105,314.2941686015731,1737.9088263195201,38.40094188916222,210.59673663474916,3.0510970757211364,12.551599253590627,48.58002408329891,0,2026-09-03 06:23:53
2026-09-02 23:03:00,CNC-01,L,299.3831345219955,310.87919310139114,2675.3767039135587,13.54182856242684,101.06917360290373,3.348648989918621,6.819918019063018,53.598385369099184,0,2026-09-03 06:23:53
2026-09-02 20:31:00,CNC-02,M,299.5564544097959,312.42683313695636,2472.4491898507204,20.950806135059636,98.98949917863438,3.1434380046724866,9.875003756895598,53.19126557121859,0,2026-09-03 06:23:53
2026-09-03 03:17:00,CNC-02,M,296.682872770719,309.68415652124173,2518.4712650957517,20.82380029312908,76.8600660854836,3.109874080000793,0.0,55.44782732161678,0,2026-09-03 06:23:53
2026-09-03 00:57:00,CNC-02,M,303.5773314930596,310.06104862172936,2658.3366409181854,15.732708913160954,161.04800087646137,3.530815172296641,8.031727967408893,43.85372056663571,0,2026-09-03 06:23:53
2026-09-02 19:14:00,CNC-01,L,26.453342560676163,39.820473035757516,2385.785464107006,24.566691274899355,76.2293888945709,3.047464664295449,10.841341543521546,53.44378776104167,0,2026-09-03 06:23:53
2026-09-03 06:00:00,CNC-03,H,23.548895853136457,38.326610699952994,1952.2677404818492,,219.8686379007445,,13.872589530045998,56.30704028731059,0,2026-09-03 06:23:53
2026-09-02 12:04:00,CNC-01,L,297.0484306321431,311.35760054056357,1413.7292269730567,50.350002615992345,81.13993389555081,2.1219032298022724,13.21193116474602,58.059263905635255,0,2026-09-03 06:23:53
2026-09-03 01:25:00,CNC-02,M,297.4616745122891,310.97139519612205,2593.4340221267253,20.385232007374128,191.12251909542462,3.668816645098291,9.794100011810684,60.79536456683405,0,2026-09-03 06:23:53
2026-09-02 22:59:32,CNC-03,H,299.8678829294219,313.1647802084844,2782.592356253255,17.84335453469131,252.71009451664887,4.37117317136368,9.392450715123523,55.67700639972688,0,2026-09-03 06:23:53
2026-09-02 08:39:00,CNC-02,M,295.6809461932287,310.6114289034367,1568.283011359616,48.34674826513877,200.70266844493133,2.8700875514006534,14.019635427777544,65.6463048144517,0,2026-09-03 06:23:53
2026-09-02 10:14:00,CNC-02,M,296.5454764656322,310.758382218002,1474.6717806170132,48.008595091589044,128.18915571609782,2.153523306905606,13.162231599854493,59.68723941233331,0,2026-09-03 06:23:53
2026-09-02 20:10:00,CNC-03,H,300.81545158527507,313.83647439238854,2363.300457826254,22.75287955487934,61.65708379033406,3.01677178317132,9.856856205037559,49.138807508356116,0,2026-09-03 06:23:53
2026-09-02 15:33:00,CNC-01,L,299.1974516319231,314.37126830536874,1683.347314244949,47.82341793332821,170.2516103992946,27.75711967331878,15.036695288614737,54.22723210740337,0,2026-09-03 06:23:53
2026-09-03 00:17:00,CNC-03,H,300.1284166379161,312.5784286718509,2564.681590176166,19.28784802891165,70.38563099467284,31.645403153010776,9.06652291538992,45.691401217048146,0,2026-09-03 06:23:53
2026-09-02 17:11:00,CNC-01,L,299.35956709383,313.2452182794931,1822.2761039817128,35.85875059622903,119.1212469111469,2.591215027486879,12.250403296478401,53.30011040771229,0,2026-09-03 06:23:53
2026-09-02 07:00:00,CNC-01,L,295.9801846951432,310.0783076419724,1936.9220364091618,36.90190481821419,64.53542745852167,2.5529819977307433,13.320709494881967,58.73053800649631,0,2026-09-03 06:23:53
2026-09-02 22:36:00,CNC-01,L,299.49760929186556,311.87013270346904,2608.256660320838,18.87404877514209,72.06915565255707,3.017927650130239,9.292116718703452,51.33378181132726,0,2026-09-03 06:23:53
2026-09-03 01:39:00,CNC-02,M,297.3944438409635,310.9777717783558,2662.2090146049113,19.904414124944346,206.26526841483886,3.8176391228942776,9.861382211088227,57.27779362238766,0,2026-09-03 06:23:53
2026-09-02 11:57:00,CNC-01,L,296.4213061071112,310.6522932784194,1374.707758171396,54.410256140540056,69.98385668136011,2.076823001651806,0.0,57.36179444014839,0,2026-09-03 06:23:53
2026-09-02 10:29:00,CNC-03,H,296.54704989513436,311.0984256140443,1467.5123144750448,49.02250534272486,157.8120447147264,2.385870741388105,13.448268962667706,60.75951908449947,0,2026-09-03 06:23:53
2026-09-02 06:57:00,CNC-01,L,296.0474102858551,309.7046352143343,1721.9979569065015,37.12002952546947,60.37207642388453,2.3658989164006394,11.802143188422201,59.65607018941726,0,2026-09-03 06:23:53
2026-09-03 03:40:00,CNC-03,H,297.7524795326561,310.53740390280757,2334.3073584136664,24.777022593783258,44.04025613479783,2.899268601060212,10.7059800767533,55.64891166122479,0,2026-09-03 06:23:53
2026-09-03 03:00:00,CNC-03,H,298.50247730357194,312.3913995956288,2475.4591301034257,24.56801334556091,,4.061379079174664,11.276855023564405,56.28732612726116,0,2026-09-03 06:23:53
2026-09-02 22:26:00,CNC-03,H,300.35348890431953,313.742443171967,2491.8832685787997,22.186446394621715,214.70196367385734,3.7249844312163,10.18459654974104,49.145238116971655,0,2026-09-03 06:23:53
2026-09-02 14:14:00,CNC-01,L,,312.4401988809818,1608.0035847739273,46.745873360881625,50.1760848323754,2.2824146553847826,13.976939243525056,54.31656186448611,0,2026-09-03 06:23:53
2026-09-02 20:25:00,CNC-02,M,299.8148498688303,312.60769449700956,2421.5159894817757,20.91998828819361,92.13284277346557,3.132226360496656,9.470539293036223,49.71289486769788,0,2026-09-03 06:23:53
2026-09-02 23:00:00,CNC-03,H,300.1859820534132,313.89980204581025,2729.20281611892,19.722895063292615,251.65841106317094,4.343113785584985,9.960369744111032,53.9304238140575,0,2026-09-03 06:23:53
2026-09-02 20:41:00,CNC-01,L,298.8673608109625,312.24664207512456,2452.6802262678643,22.42012840273084,180.58868308819848,3.600996805767782,10.141606863122192,58.46637435394611,0,2026-09-03 06:23:53
2026-09-02 19:50:00,CNC-01,L,26.708268558941313,40.02372995834634,2539.6108428914913,22.94645048023281,120.23358380665836,3.183007751308842,11.009490803367408,49.26885163174187,0,2026-09-03 06:23:53
2026-09-02 09:18:00,CNC-03,H,296.10763599258365,309.9845008542549,1534.3708375562915,45.65144386702166,47.38248554921729,2.180554460861335,13.020620250489495,61.06279099713261,0,2026-09-03 06:23:53
2026-09-02 08:32:00,CNC-01,L,301.71130845575357,311.26144368851317,1769.2772516238683,47.01326076510696,198.06997631473473,3.1993193544880527,15.533511370161717,51.93217018301654,0,2026-09-03 06:23:53
2026-09-03 02:40:00,CNC-02,M,296.80101302162154,309.2023515564053,2617.906890536549,17.41783520940729,34.62783008382094,3.2501984343899424,8.643744460781486,58.347767074114735,0,2026-09-03 06:23:53
2026-09-03 05:20:00,CNC-03,H,23.533712075669087,38.17106310561343,2196.9644875020945,33.56244048928572,167.1176957179506,3.11160068585803,13.978714656010107,58.72476093626635,0,2026-09-03 06:23:53
2026-09-02 11:31:00,CNC-02,M,296.8056035285768,310.2665708909862,1372.0504566550687,47.05098172035065,3.1946059760200085,2.044423232922238,11.921316945804177,56.45520737489607,0,2026-09-03 06:23:53
2026-09-02 21:15:00,CNC-03,H,300.7356607251286,314.35929200099235,2543.3910107309966,23.52358295231475,136.66959602796666,3.283899278680219,11.069090644497118,45.85225342534542,0,2026-09-03 06:23:53
2026-09-02 06:56:00,CNC-02,M,296.06351020075994,309.7671308274859,1870.3536833228502,36.41045490498132,50.60994027614616,2.47433843447922,12.569071178943414,58.72308097939007,0,2026-09-03 06:23:53
2026-09-03 03:47:00,CNC-03,H,297.8395572707515,310.7204339667555,2257.613478808944,24.79466440843531,52.34983212749948,2.904596126327955,10.674939111006973,60.223363424169506,0,2026-09-03 06:23:53
2026-09-02 14:23:00,CNC-01,L,298.41470070917717,312.0199336018772,1472.7713893492432,45.27753234229999,64.21866912566334,2.194804356250648,12.53802511120563,50.30758695732823,0,2026-09-03 06:23:53
2026-09-02 19:37:00,CNC-01,L,26.709745761562317,40.200860587755756,2460.022143362595,24.8897770536909,104.51007648995217,3.0436714183959728,11.658807630790504,51.29679411383021,0,2026-09-03 06:23:53
2026-09-02 09:00:00,CNC-03,H,296.3913710845496,310.08646308403496,1532.537783278172,45.33947750131886,19.754761303577197,2.158783918559452,13.104857436074322,59.68925219605125,0,2026-09-03 06:23:53
2026-09-02 10:44:07,CNC-03,H,296.83522728021046,311.74232877329155,1411.6365173078834,53.49396887569479,179.80842875053156,2.449513517064451,14.154878370811414,58.07502542350979,0,2026-09-03 06:23:53
2026-09-02 08:18:00,CNC-02,M,295.8877032154381,310.72576525989535,1654.3767513432213,45.941856488894615,169.23102705320707,2.73188328185198,14.263094534045353,55.06540296525049,0,2026-09-03 06:23:53
2026-09-03 05:01:00,CNC-03,H,23.625553718677622,38.087102119826795,2095.9808765013527,33.56780211287382,142.89959287003686,2.878710013580348,12.997854272431805,57.49543478884516,0,2026-09-03 06:23:53
2026-09-02 22:20:00,CNC-03,H,300.3433396262104,313.35116726757207,2578.3990659504802,18.83325642317634,208.1495197493408,3.7450475004744774,9.145316524219806,55.60068042781435,0,2026-09-03 06:23:53
2026-09-02 12:09:00,CNC-02,M,297.2315890468424,311.43838351258256,1380.1852828187211,50.29799743809446,63.678361687886806,2.014359170592843,13.0035833110732,50.2557386297029,0,2026-09-03 06:23:53
2026-09-03 00:53:00,CNC-01,L,298.3167167667274,311.16300849411493,2682.257110970733,17.49161390385797,218.32997424092784,4.267755301497982,8.789067022955685,52.96160244288056,0,2026-09-03 06:23:53
2026-09-03 01:18:00,CNC-01,L,297.85998568333093,310.16260107510766,2501.7682324121442,20.823404910553414,21.504246082443355,,9.90526769125,56.71318767465961,0,2026-09-03 06:23:53
2026-09-02 19:18:00,CNC-03,H,27.677609774424866,43.026998386814,2253.9649410855804,34.79840332291936,258.7030729521494,4.017178134744174,14.714171257746944,50.209293629383126,0,2026-09-03 06:23:53
2026-09-03 02:30:00,CNC-01,L,297.1356764557659,309.8613166128549,2567.6012026005324,19.656399976265465,100.0545196898654,3.271018757615393,9.399149315997342,58.30197724949747,0,2026-09-03 06:23:53
2026-09-02 18:10:00,CNC-02,M,299.6345918314788,314.19866106641064,2028.456424611262,36.175147987130075,143.24390245102674,2.8359098433667094,13.525050503547936,51.615847144788,0,2026-09-03 06:23:53
2026-09-02 17:05:00,CNC-01,L,299.3468960642836,313.9846755406169,1784.4032391334686,42.908453122189144,110.77462366162155,2.5392824263973615,14.613265650358372,51.684575555648344,0,2026-09-03 06:23:53
2026-09-02 16:24:12,CNC-01,L,,313.26886963421487,1615.7256661672711,45.72876796295228,51.18965804754428,2.1919736710989,13.837640565495478,51.47703039012702,0,2026-09-03 06:23:53
2026-09-02 09:23:00,CNC-02,M,295.91259909569544,309.3727622067722,1394.3603990292602,45.8912512925132,49.0246922904471,2.1169924487717213,12.065893208081588,60.503701173927986,0,2026-09-03 06:23:53
2026-09-02 22:41:00,CNC-01,L,299.3806824166989,311.0994665381086,2724.603261694072,13.741510968336836,77.46016251114276,3.2650979267283557,6.836888358494608,48.55594502193003,0,2026-09-03 06:23:53
2026-09-03 03:32:00,CNC-01,L,296.36787575881687,310.5167619431639,2214.4782526069025,28.862412536049312,171.12390851632063,3.2577673204215833,12.341991603130976,57.14592307391018,0,2026-09-03 06:23:53
2026-09-02 21:26:00,CNC-01,L,299.4986662909687,313.46243626814305,2474.0676952496897,25.127643210133122,231.9078726563748,4.256531417176094,11.751458352099066,46.363208236544956,0,2026-09-03 06:23:53
2026-09-02 21:28:00,CNC-01,L,299.45454456112844,312.1592694288114,2738.3926131327826,16.990411309853297,234.08019409469608,4.5048882627019955,8.799772629158406,53.36847513021601,0,2026-09-03 06:23:53
2026-09-02 11:43:00,CNC-02,M,297.0175882718964,310.4702020254449,1355.6142982583494,49.38004161058357,22.33476442309682,2.024264101091648,12.48384270304582,60.64500846422156,0,2026-09-03 06:23:53
2026-09-02 10:36:00,CNC-01,L,296.1909429180676,310.85328991185213,1326.6055565587737,54.31041279197463,153.303564714805,23.658415826751423,13.566762515157267,57.63100035632989,0,2026-09-03 06:23:53
2026-09-03 02:01:00,CNC-01,L,297.4621216146013,309.51992673632077,2599.033434317019,17.47096610949586,67.91430908362577,3.1379705628799526,8.673086175788631,56.50918571105197,0,2026-09-03 06:23:53
2026-09-02 12:26:00,CNC-03,H,297.65344382005804,311.8038124035457,1409.510386989819,50.42501780987967,107.84809057124643,1.9927848652821165,13.283851279655188,55.4360868019521,0,2026-09-03 06:23:53
2026-09-03 03:30:00,CNC-01,L,6394.05052100136,310.1819120956204,2433.739566597857,24.982890958685495,168.7518365852406,3.3963782890611633,11.111669117171163,59.13356382036318,0,2026-09-03 06:23:53
2026-09-03 03:15:00,CNC-02,M,296.77580991164956,310.65267140127776,2538.590073422393,25.151230190728498,74.55344084874861,3.094422014723009,12.020924464172747,59.77981284017612,0,2026-09-03 06:23:53
2026-09-02 10:44:00,CNC-02,M,296.5005643569244,311.092404676731,1381.0474711637632,51.560914349536304,175.54529020383418,2.3721332967659503,13.366484153397229,60.02521298334392,0,2026-09-03 06:23:53
2026-09-03 04:13:00,CNC-02,M,296.45104667398846,310.6395339083248,2293.08807610311,27.519527542306665,143.01667415872376,3.029213942667905,11.805127484589093,61.58963425386298,0,2026-09-03 06:23:53
2026-09-03 04:00:00,CNC-02,M,296.253882203324,311.14492946980965,2323.8004304180886,31.234406158820896,127.27104542098523,3.07559081306318,13.554621982246369,61.07572378105305,0,2026-09-03 06:23:53
2026-09-02 12:29:00,CNC-02,M,297.13556284736154,311.7199756863238,1489.7922740143856,50.67926604093737,95.44719701916345,2.171384582988996,14.096740399358008,58.953918308460445,0,2026-09-03 06:23:53
2026-09-03 06:13:00,CNC-03,H,296.37007128692704,311.55290706625453,2010.7605565760405,36.71797298324786,237.33586664448438,3.403796427862781,13.741522480716387,61.27609402766253,0,2026-09-03 06:23:53
2026-09-02 10:11:00,CNC-02,M,296.476148700945,311.0840445039185,1409.4350761788455,51.45377867814997,123.48145657886887,2.231005521017436,13.300782380953049,61.206407871589754,0,2026-09-03 06:23:53
2026-09-02 16:04:00,CNC-02,M,298.82479484786955,313.59787473012153,1701.5317000378393,42.69119519322257,203.44350699260258,2.938299523405963,13.785510768917243,47.58860368251713,0,2026-09-03 06:23:53
2026-09-02 17:38:00,CNC-03,H,299.9742344486733,314.0679551255452,2024.5420502581012,32.280858603729236,129.61142220927266,2.7351127676520446,12.194428001782779,54.02771755184654,0,2026-09-03 06:23:53
2026-09-02 17:02:00,CNC-02,M,298.8941895026975,312.83871959033195,1858.8893243249158,36.23939611183613,50.881029946026814,2.467729411553088,12.501268977892664,53.854605138392316,0,2026-09-03 06:23:53
2026-09-02 16:17:00,CNC-03,H,299.6587796312446,313.6914816590324,1694.718165503162,42.833084373981556,16.027905088726925,2.391547876237227,,56.647881087272495,0,2026-09-03 06:23:53
2026-09-03 05:51:00,CNC-02,M,22.584222048800086,35.93037033849123,2134.391689092478,27.590243958064043,22.33509860550466,2.623534999887267,11.070357923988405,58.8658456304532,0,2026-09-03 06:23:53
2026-09-03 05:41:00,CNC-02,M,22.61303789718022,36.4965120364331,1926.252073205874,34.79302669252991,9.266409630320998,2.5963296417545902,12.834020117943744,56.27796982961304,0,2026-09-03 06:23:53
2026-09-02 22:57:00,CNC-03,H,299.8987174889435,313.50509962926776,2516.25889269158,21.54157400776458,248.4410250570022,4.086009783592189,9.846188479768083,53.45518098808332,0,2026-09-03 06:23:53
2026-09-03 03:53:19,CNC-02,M,296.3942780533913,309.8338121206397,2471.873444803745,21.785225526211196,119.99580171675457,3.1834802354484695,10.194065024502166,58.51704903094617,0,2026-09-03 06:23:53
2026-09-03 03:47:00,CNC-01,L,296.54355478071955,310.3743237538542,2483.050349728258,25.289360104227757,188.68264581681512,3.6878265640057966,11.935593037976423,59.13097601593041,0,2026-09-03 06:23:53
2026-09-02 13:48:00,CNC-03,H,297.894620039334,310.91074422737324,1327.688080057192,47.406671938914776,7.918537758576458,1.975771012157872,11.911715123942038,53.83886123000228,0,2026-09-03 06:23:53
2026-09-03 01:03:00,CNC-02,M,303.4902601082708,311.1703721708641,2556.858651883468,22.860938819473713,167.57384917093586,3.564295791707063,11.012326804289938,45.52713544178512,0,2026-09-03 06:23:53
2026-09-02 17:09:00,CNC-03,H,300.19490017085354,314.35505398174354,2011.5721940487933,35.74935442776594,89.69523295794113,2.737329655088524,13.389523100595415,47.549125076272034,0,2026-09-03 06:23:53
2026-09-02 23:06:00,CNC-01,L,299.4403792585387,311.504766847474,2733.4561852656216,14.380973284758296,104.27407042675202,3.3628964942254176,7.164806482835274,51.743374208751916,0,2026-09-03 06:23:53
2026-09-02 13:29:00,CNC-03,H,297.89827897603357,312.54131176707574,1324.1964980206035,55.140657688686886,207.64074992139683,2.4807057448153698,13.695085180612958,54.16550233510297,0,2026-09-03 06:23:53
2026-09-02 18:42:00,CNC-02,M,299.25167721460593,0.0,2336.264875182172,26.970965916124015,184.72771078735505,3.43941139139415,11.610251917589544,54.70722710358305,0,2026-09-03 06:23:53
2026-09-03 01:23:00,CNC-01,L,297.89694018186714,308.7621375714332,2864.4718951397676,11.203511941608761,26.855211626677697,3.4144411629363653,6.209579864698391,55.323596687083615,1,2026-09-03 06:23:53
2026-09-03 03:25:00,CNC-01,L,296.6559217365399,309.918833012849,2384.106648287133,23.013630514946477,162.90896421937256,3.5237854475082866,10.569288282701821,53.56439772680857,0,2026-09-03 06:23:53
2026-09-02 09:18:00,CNC-02,M,296.05779845607304,309.79425190245524,1409.9796266066396,46.56253880818012,41.386771551739834,2.074345262639206,12.560605780493049,57.05447244951812,0,2026-09-03 06:23:53
2026-09-02 09:00:00,CNC-01,L,301.7362557632061,309.4775538395119,1420.7894544811193,48.84166807838523,4.53592840668128,2.0964921133438095,13.127639825208144,51.94859182145412,0,2026-09-03 06:23:53
2026-09-03 05:16:00,CNC-01,L,22.386795800734603,35.78891095066791,2239.953313737599,26.877303036880203,79.55279736073543,2.6534056326579747,11.274638436327598,62.264419503424584,0,2026-09-03 06:23:53
2026-09-02 23:47:00,CNC-01,L,299.34014429709896,312.55849469529994,2755.3766065246864,18.844261001316706,148.08358706508227,3.550840122256168,9.824698117051902,52.10719442207356,0,2026-09-03 06:23:53
2026-09-03 05:21:00,CNC-01,L,22.61271071833511,36.1441361698856,2125.4913746518987,30.228252969627132,85.90813760041296,2.8143741372143496,12.022267486513503,55.26185396462787,0,2026-09-03 06:23:53
2026-09-02 16:15:28,CNC-02,M,298.823367020211,314.474987745262,1794.3981801915672,44.97069970943018,217.88300157614034,3.2582276093573257,15.24128652495015,52.57854139809946,0,2026-09-03 06:23:53
2026-09-02 20:39:00,CNC-03,H,300.9204853870488,313.72529052612,2537.748431509792,21.68509788767277,95.50313211712286,3.1067512427904935,10.171514189838337,51.160909490399696,0,2026-09-03 06:23:53
2026-09-03 03:05:00,CNC-03,H,298.13033576200866,310.9054919582515,2461.7672709732783,22.68514297295855,3.5376800486557745,3.055394223369177,10.52527962476568,51.12909445164843,0,2026-09-03 06:23:53
2026-09-03 05:10:00,CNC-01,L,22.5624642428794,36.05622745221308,2119.618897580093,29.05227282386132,71.87636821890769,2.800244486180232,11.472951775557046,57.393881703573875,0,2026-09-03 06:23:53
2026-09-02 20:54:00,CNC-03,H,300.69327192794134,313.16785170447866,2447.242948473796,19.076084268702193,112.84233206786404,3.108322071324456,8.573037037760097,52.89819900787401,0,2026-09-03 06:23:53
2026-09-02 21:39:00,CNC-02,M,298.953696195719,313.3950235302736,2610.0864323898877,24.42526025245327,176.46630805748975,3.5443813227465175,12.070146821047802,55.22795363019944,0,2026-09-03 06:23:53
2026-09-03 06:12:00,CNC-02,M,295.18539701810045,309.2233244713968,2152.1917896913833,30.388015610885468,50.23833362924351,2.7938285058752297,12.303612365099728,60.99882914816586,0,2026-09-03 06:23:53
2026-09-02 16:58:00,CNC-02,M,298.9870436108643,312.612465770581,1845.4105154169893,33.25760981793963,45.26965363239253,2.5407170005220188,11.594440543229489,57.79242136151971,0,2026-09-03 06:23:53
2026-09-02 10:05:00,CNC-02,M,296.0312401509306,310.7446603807816,1514.5223270436031,51.8290673910212,114.07093906634726,2.1987847802083933,14.76296115264059,56.122351945629866,0,2026-09-03 06:23:53
2026-09-02 19:32:00,CNC-03,H,27.50967481210546,40.80951892837453,2216.162426635685,27.639866824661098,15.983969728943107,2.808594228818193,11.475093754327588,51.24312911922844,0,2026-09-03 06:23:53
2026-09-03 04:31:00,CNC-01,L,296.26015307712674,6778.628919431139,2390.610972175622,27.433576126807303,,2.9436851381053133,12.254588044513612,60.16802048427504,0,2026-09-03 06:23:53
2026-09-03 02:42:00,CNC-02,M,296.62815578273296,309.13653654736595,2520.090316672464,,36.87834216926422,2.9688889416065667,9.274050332092788,58.34839806721086,0,2026-09-03 06:23:53
2026-09-02 16:21:00,CNC-02,M,298.9130932684121,313.82633693089167,1676.0530183420476,42.87638574596788,228.02229869750212,3.245733968762931,13.366917172231435,54.395623083252225,0,2026-09-03 06:23:53
2026-09-02 16:24:00,CNC-03,H,299.8180723650732,313.68257057353543,1849.9959551692914,39.35288695894596,26.012024078268453,2.4489021605090517,13.511970910112215,48.96270255568053,0,2026-09-03 06:23:53
2026-09-03 00:48:00,CNC-01,L,298.2725733067693,311.91202258695904,2663.477548147563,22.164515023074166,212.9670363177951,4.168080000806716,10.981128516030914,53.70353041298577,0,2026-09-03 06:23:53
2026-09-02 23:20:00,CNC-01,L,298.90471800720485,312.4413087666121,,23.34068017056217,119.35155855403006,3.280039391537389,11.236734908608913,51.92509653407282,0,2026-09-03 06:23:53
2026-09-02 19:49:00,CNC-01,L,26.350218653967147,40.38369836464091,2249.372266294311,29.983828986572576,119.08951790769835,2.9681287151178117,,50.68590650541455,0,2026-09-03 06:23:53
2026-09-02 13:12:00,CNC-03,H,297.73280835640765,312.76595441771923,1386.467054752619,55.37510062394461,180.7938124521163,2.4777108289811913,14.394197472614639,55.68395334038446,0,2026-09-03 06:23:53
2026-09-03 05:47:00,CNC-01,L,22.33336210187514,36.03675348882513,2164.989470910696,28.64294739235426,119.55552370271072,2.9710440932439424,11.386691776101934,59.037600056176686,0,2026-09-03 06:23:53
2026-09-02 12:13:00,CNC-02,M,297.1442645233414,311.1067917725168,1476.6498111663623,48.173199198573556,70.03974222050819,2.2388942412764226,13.129381154588303,53.92279063955693,0,2026-09-03 06:23:53
2026-09-02 22:19:00,CNC-02,M,298.98110278691826,313.0010031898441,2743.857732830144,22.485466419705535,220.2967493442706,4.123863257297654,11.43336151022872,52.31404821733499,0,2026-09-03 06:23:53
2026-09-02 22:16:00,CNC-01,L,299.25567711046716,311.5288950804105,2698.9270455243604,18.09147576263953,50.469205318540176,3.2633544908214236,9.151159891434576,53.7224118722048,0,2026-09-03 06:23:53
2026-09-02 22:22:00,CNC-01,L,299.3817781769588,311.66086012098594,2679.5470660046467,17.730995973458242,56.89350446890551,3.2993883191745774,9.00615853932296,53.27869426349843,0,2026-09-03 06:23:53
2026-09-03 04:52:00,CNC-03,H,296.85214469820914,310.5314083185151,2344.547630214758,27.48322648876696,131.47515086945376,3.055077619781168,12.067860378145651,60.27929803021071,0,2026-09-03 06:23:53
2026-09-02 17:16:41,CNC-03,H,299.9660545269116,314.2728401906596,1906.0007565799315,37.03158346854462,102.13442104312213,2.623903427424263,13.01639321141163,49.33913235530413,0,2026-09-03 06:23:53
2026-09-02 21:30:00,CNC-02,M,299.53920796049795,313.4150265754723,2568.420403756056,21.788089388370427,166.39916335652987,3.6037599740800217,10.726212731162299,48.50619050324633,0,2026-09-03 06:23:53
2026-09-02 22:45:00,CNC-01,L,299.2905863031499,310.18935034506757,2812.614265000728,11.501969030500389,81.78718281988569,3.3556967774979927,5.9873396453603265,48.88989377972929,1,2026-09-03 06:23:53
2026-09-02 06:37:00,CNC-01,L,295.9492056259338,310.25818848269597,1852.0774153130349,39.797040388931485,32.60729909826168,2.463896862795546,13.701706514621797,60.57510246260191,0,2026-09-03 06:23:53
2026-09-02 23:26:00,CNC-03,H,300.49343521795464,310.9361008522824,2760.7449177322037,9.911679902277571,16.01848743510735,3.423930682040975,5.044724958958322,50.407598875349244,1,2026-09-03 06:23:53
2026-09-02 23:20:00,CNC-03,H,299.9793878191494,311.26098805337364,2666.4437920557552,14.356057267727946,9.705521589004299,3.1468778932893224,7.462391673295065,51.619721458849924,0,2026-09-03 06:23:53
2026-09-03 00:51:00,CNC-02,M,303.70932823957617,310.49199541917403,2750.0547725929555,15.72294186799023,154.54843080947433,3.5075865864490203,8.089044151786693,44.24767627511495,0,2026-09-03 06:23:53
2026-09-02 18:26:15,CNC-02,M,299.2708097284954,314.4666329414202,2048.3919346693533,37.45498611833278,164.2961436468823,3.0602121115540806,14.396861487751746,53.31396114360966,0,2026-09-03 06:23:53
2026-09-02 07:05:00,CNC-02,M,296.0919486495535,310.45395742794307,1816.5505401490864,42.343290658207565,63.27927427547897,2.4407587883644015,14.404814301750376,57.29261656221881,0,2026-09-03 06:23:53
2026-09-02 13:14:00,CNC-01,L,297.5173509363113,312.5421076671705,1392.1523865364566,54.15294223171487,192.1994420752172,2.829229897050547,14.137728887330546,54.14648194412276,0,2026-09-03 06:23:53
2026-09-02 18:37:00,CNC-02,M,299.7023179771891,313.9855665169751,2126.2847808330143,31.08730766403824,178.4019508209854,3.1988920165703374,12.442678629776498,50.027650952925626,0,2026-09-03 06:23:53
2026-09-03 01:24:00,CNC-01,L,297.8663041354054,308.9192489174269,2772.9613351989865,11.914307645484053,27.902114136580416,3.294975397010359,6.055688875939076,54.10654192740832,1,2026-09-03 06:23:53
2026-09-02 12:36:43,CNC-02,M,297.4724848980487,311.5637537233279,1315.3844479038617,51.27964006256357,109.69983220057986,2.214801969231603,12.511702300203538,56.60754001979625,0,2026-09-03 06:23:53
2026-09-02 15:24:07,CNC-02,M,298.50374996592643,313.65861859067326,1739.1866461376542,44.57017203254395,144.73678014390399,2.7037591417219664,14.619959618904035,52.167947156088665,0,2026-09-03 06:23:53
2026-09-02 21:14:00,CNC-03,H,300.92609605752335,314.2929125610004,2539.465578414965,,135.5430132312232,3.2785394863012844,10.680761879193916,48.99526078115308,0,2026-09-03 06:23:53
2026-09-03 01:43:00,CNC-02,M,297.10440991435183,311.1965283777241,2460.5141062121043,23.45957863685409,210.73419782211568,3.7599707042202173,10.845637379829144,55.67846638224059,0,2026-09-03 06:23:53
2026-09-03 00:37:00,CNC-02,M,303.59755411271794,310.04242951056125,2763.030208817339,15.065884718030638,139.70134105116037,3.4813425109236875,7.606819017516479,44.94103282228443,0,2026-09-03 06:23:53
2026-09-02 10:41:00,CNC-02,M,296.40435406749356,311.22936196238027,1517.2678860790254,49.27557714217112,170.77953068039315,2.5700377826169327,14.046736622880752,57.6998748339547,0,2026-09-03 06:23:53
2026-09-03 06:03:00,CNC-02,M,295.25060948438005,308.4449295145112,1975.6718534460074,28.71252917019365,38.13073996686361,2.592670713321964,10.642824593889621,59.26729924952839,0,2026-09-03 06:23:53
2026-09-03 01:16:00,CNC-03,H,304.345602700786,310.05487218157094,2677.443070146374,14.208887243687782,133.55688935280057,3.2700089829654995,7.235676842650797,44.13057606081317,0,2026-09-03 06:23:53
2026-09-02 19:36:00,CNC-03,H,27.664249736178363,40.24478377503766,2360.6567268244644,22.80015211264588,20.878041343832578,2.912241472737259,9.938928984518963,48.1455161955975,0,2026-09-03 06:23:53
2026-09-02 19:16:13,CNC-03,H,27.69663899766101,41.85301213240143,2314.935315000504,27.77565664228263,256.25602113420734,4.070551890876472,11.973288931826314,51.884098224752144,0,2026-09-03 06:23:53
2026-09-03 00:23:00,CNC-03,H,299.6968085400931,310.7540149639888,2798.7928380497647,10.31216436429781,76.72323430739736,3.4427814749733447,5.2867086533730205,54.48182605550079,1,2026-09-03 06:23:53
2026-09-03 05:06:22,CNC-01,L,22.63346592309091,35.83758826218565,2231.26444444071,27.50021082674778,65.55424367165057,2.87104394677114,11.64598438403521,59.066730523559286,0,2026-09-03 06:23:53
2026-09-02 17:28:00,CNC-01,L,299.1035065845787,313.0598007296753,1888.1341301101556,35.64279686740152,142.51916913975148,2.772168757720799,12.71985432941992,57.34915270601039,0,2026-09-03 06:23:53
2026-09-02 07:47:00,CNC-02,M,295.8627375908952,310.42084064864895,1686.7655740202065,43.158326609869896,123.37778082217595,2.5131377048825665,13.652011602039385,56.3419675451985,0,2026-09-03 06:23:53
2026-09-02 10:20:00,CNC-03,H,296.8481833021769,311.01523976173235,1353.3521064278698,52.556620522787114,143.73090426392903,2.2165796427818467,13.24524326111162,54.679918230377545,0,2026-09-03 06:23:53
2026-09-02 21:01:00,CNC-03,H,301.09716184288925,313.53811287206685,2536.3658394332483,18.048700424488406,120.84544744173303,3.178065590993894,8.352080594603166,49.13506312602881,0,2026-09-03 06:23:53
2026-09-02 17:19:00,CNC-02,M,298.98079085457846,313.77382699404654,1910.6949382700086,39.66804121341041,74.3512373295447,2.6234937146031525,14.121923321621342,52.158496006256264,0,2026-09-03 06:23:53
2026-09-02 20:17:00,CNC-01,L,299.24415162495114,313.58678165679595,2397.155997460473,28.547594598663636,152.6262356550488,3.3189169764315656,13.070669839238608,57.21117022831287,0,2026-09-03 06:23:53
2026-09-02 21:26:00,CNC-02,M,299.5343213693439,312.14168984226114,2686.335826566614,15.945759342139212,161.98468632242898,3.505772591807806,8.044626589715369,56.14388618976354,0,2026-09-03 06:23:53
2026-09-02 14:21:46,CNC-03,H,298.28249748323447,312.3437959636331,1570.4059759115157,46.84492252078768,0.0,2.261910506348192,13.509441138454877,57.942605039758725,0,2026-09-03 06:23:53
2026-09-03 06:05:00,CNC-03,H,296.4046097800254,311.26367588397676,2123.3372466774917,34.124637738050154,226.52870783239442,3.4771296775544864,13.501900274885898,56.03744823017543,0,2026-09-03 06:23:53
2026-09-02 22:30:00,CNC-03,H,300.39914882520526,313.6796220200901,2537.4259066382474,20.147811536596727,219.19026174412153,3.7584025982885745,9.65025767650226,50.804278004274906,0,2026-09-03 06:23:53
2026-09-02 22:52:00,CNC-03,H,299.9773527410069,313.6764763755483,2626.9544010109926,21.554542360157445,242.92760677168258,4.064121655881618,10.641035523280259,55.171534051861,0,2026-09-03 06:23:53
2026-09-02 10:42:00,CNC-01,L,296.5367629957563,311.0834982531892,1438.4050802925713,49.06456702231008,162.70789512858764,2.5552897118926388,13.375958531166491,56.63951159355842,0,2026-09-03 06:23:53
2026-09-03 04:48:00,CNC-02,M,296.0732618362056,310.8746914656125,2338.8399373871302,29.96038333291235,185.96235320258586,3.4253333029849093,12.969109555336715,53.18726986719012,0,2026-09-03 06:23:53
2026-09-03 02:54:00,CNC-02,M,296.835784250017,309.0239291502611,2602.935994048135,15.829455821433191,50.47919970621486,3.158286248631033,7.649192923324979,57.80097866539435,0,2026-09-03 06:23:53
2026-09-02 13:50:00,CNC-02,M,298.0753315645167,311.26032040807854,1405.5820039283556,47.68601532593605,0.0,2.0136862555804025,12.793691240204936,57.002526872361344,0,2026-09-03 06:23:53
2026-09-03 02:30:00,CNC-02,M,297.02873654589155,309.08554010845916,2614.517269257231,17.50630410664107,23.340973449290125,3.0181866210798063,8.396469576695022,54.7683427488202,0,2026-09-03 06:23:53
2026-09-02 09:57:00,CNC-01,L,296.00791711565995,310.2784498535126,,45.78732207692152,92.14395776340181,2.2202290095397497,13.684921912375716,56.84788393356302,0,2026-09-03 06:23:53
2026-09-02 11:44:00,CNC-03,H,297.1134793397976,310.99783548936415,1446.92825576334,48.66898212061957,41.38784838617653,2.1526461707904136,13.303685346936286,54.216358181531724,0,2026-09-03 06:23:53
2026-09-02 17:31:00,CNC-02,M,299.3952462801461,313.67462606932446,1927.4708115448045,36.34813885910982,90.84189754331415,2.592680863223651,13.18726899633776,53.96191261772391,0,2026-09-03 06:23:53
2026-09-03 06:12:04,CNC-02,M,295.2636288766049,309.1755525306129,1862.0933645806763,35.94662005696777,51.61316549870325,2.4373980961881028,12.218624039633019,59.11954481576095,0,2026-09-03 06:23:53
2026-09-02 11:59:00,CNC-02,M,297.05909087434145,311.0186680634383,1439.1447665847618,48.578708749409586,47.80517452425804,2.1564918287515416,13.192443161799794,62.03989994083794,0,2026-09-03 06:23:53
2026-09-02 07:53:00,CNC-03,H,296.23748231964737,311.4155824581728,1926.7686150131412,40.899820668160906,154.48655212471573,2.8320517073366624,14.902015340421402,57.00931291849862,0,2026-09-03 06:23:53
2026-09-02 23:54:00,CNC-01,L,298.8297519328057,310.84094243855736,2644.881182815733,14.391626725529429,155.644971456697,3.482262475366066,7.145521586717425,51.094501680276636,0,2026-09-03 06:23:53
2026-09-03 01:59:00,CNC-03,H,304.3970337231658,311.4036127243001,2615.947624594837,19.06770875670378,180.0759244947901,3.4928959623211475,9.29536169702302,44.14930707586932,0,2026-09-03 06:23:53
2026-09-02 17:07:00,CNC-01,L,299.09282360132414,313.28734819615175,2080.319282305447,33.88382362188639,113.54080906454998,2.9272736859132737,13.198677722652219,50.10062952385946,0,2026-09-03 06:23:53
2026-09-02 22:12:00,CNC-03,H,300.51824645025323,313.1532274598483,2634.2532165091143,17.084546822271953,199.42322345027816,3.725048687385314,8.461353923191412,52.55525780873789,0,2026-09-03 06:23:53
2026-09-03 00:31:00,CNC-01,L,298.4514230354239,312.007558283468,2652.345155390421,21.251708572420704,194.90688439389038,3.932496463830213,10.437467867606816,53.007465958833556,0,2026-09-03 06:23:53
2026-09-02 15:59:00,CNC-01,L,299.0809383740994,312.5961109763793,1641.5692853463665,40.42823823375853,16.15246210160325,2.335865959132218,12.552856541351462,58.36728541590303,0,2026-09-03 06:23:53
2026-09-02 09:21:00,CNC-02,M,296.1031700280813,309.6616634364705,1444.3443333941912,45.536016535516005,45.96931914383914,2.0344965040829712,105.55687809508039,57.461677444012516,0,2026-09-03 06:23:53
2026-09-02 08:02:00,CNC-01,L,301.33755975226325,309.8487802024249,1603.2487574197842,45.15049398284479,153.64936004115822,2.6484231309081414,13.438158547375265,48.43892098304223,0,2026-09-03 06:23:53
2026-09-02 21:37:00,CNC-03,H,300.61733122692584,314.26570968866196,2494.121033556991,22.876059945324336,161.43547486509692,3.2285775488087887,10.637699350553387,47.68205831616199,0,2026-09-03 06:23:53
2026-09-02 15:25:00,CNC-03,H,298.89778396913914,313.7250433807093,1633.097785490254,46.45599377579306,156.962375534403,2.453547381881929,14.434024775735509,50.650581522119005,0,2026-09-03 06:23:53
2026-09-02 18:18:00,CNC-02,M,299.5508500483043,314.1174434259029,1964.3065626772113,36.083311034862106,153.84940209954925,2.8248830992300613,13.099864774172701,52.84716927493905,0,2026-09-03 06:23:53
2026-09-02 20:21:00,CNC-02,M,299.4967953197961,312.83246002976443,2505.6865307723974,22.569508414612322,87.44687482587072,3.067890749762544,10.772072994886589,56.32725371760428,0,2026-09-03 06:23:53
2026-09-03 04:00:00,CNC-03,H,297.8911951025633,311.18212149369134,2327.0712483132056,26.128098518547215,68.03393802739626,2.8730102619466797,11.733061582404591,59.32488954138425,0,2026-09-03 06:23:53
2026-09-02 17:32:00,CNC-02,M,299.2320219696446,313.5359985996384,1906.855854737081,37.384777774006146,92.245016849408,2.576993567636429,13.356525052557346,54.58276989618957,0,2026-09-03 06:23:53
2026-09-03 04:50:00,CNC-02,M,296.2365625226856,6804.324950687267,2266.9334410732354,29.173643394767442,188.50904336831815,3.3596984657077367,12.358399364404946,58.61447484066004,0,2026-09-03 06:23:53
2026-09-02 09:51:00,CNC-01,L,296.05172836213546,310.61122400665386,1671.2736695628194,46.17893804485959,82.92969527071061,2.349329371650976,14.344589557043278,57.666666292165075,0,2026-09-03 06:23:53
2026-09-02 18:22:00,CNC-01,L,299.7137447294155,313.6895296695687,2110.059539951078,33.76297898547861,10.36932312974902,2.6097833284266247,13.608233751766845,52.89521305571609,0,2026-09-03 06:23:53
2026-09-02 13:07:00,CNC-01,L,297.19663219238606,311.9247502104591,1342.2674960401796,55.02824671573652,181.2579737780905,2.4831194371364838,13.86522971284817,53.669920732588025,0,2026-09-03 06:23:53
2026-09-02 10:27:00,CNC-03,H,296.6486951462009,310.93051414217825,1450.5056909744137,48.52047837569735,154.68108543511866,2.3655045507179007,13.253948624835079,58.476356939750765,0,2026-09-03 06:23:53
2026-09-02 20:57:00,CNC-03,H,300.9973107689132,313.69240349731297,2593.1547510040386,18.99823217503357,116.25894784793915,3.2140086798489436,9.12927673905574,49.9562673064519,0,2026-09-03 06:23:53
2026-09-02 13:05:00,CNC-01,L,297.4412354553065,312.1627145396921,1406.940195134473,52.55903226421029,178.08609924706158,2.661511939728651,13.810371831971713,56.59669704372303,0,2026-09-03 06:23:53
2026-09-03 00:17:00,CNC-01,L,298.3552016867735,310.9685622427831,2769.08173941967,16.0668472033016,180.09514690897802,3.855955414376957,8.460080817895014,50.87255683812786,0,2026-09-03 06:23:53
2026-09-03 03:20:00,CNC-02,M,296.5774617563688,309.55367617104724,2451.4510452435597,21.227995990457536,80.33100565437591,2.9639881343043553,9.76132232266835,59.03565537294525,0,2026-09-03 06:23:53
2026-09-02 21:33:00,CNC-02,M,299.6526391639702,313.64717767262755,2534.329907648196,23.777627440634085,169.78258497931816,3.446563382170204,11.08248538860927,47.20574210803928,0,2026-09-03 06:23:53
2026-09-03 01:01:00,CNC-03,H,304.9324479696068,311.43172191476293,2652.4409223588927,502.5771015296666,117.53156168229161,3.2415071609984554,9.005456667001376,39.33675313799135,0,2026-09-03 06:23:53
2026-09-02 19:33:00,CNC-03,H,27.530710748899878,40.927232357386856,2305.447290402624,27.799902236048723,17.224474013709624,2.810995036145601,12.21531486539627,47.89607972171287,0,2026-09-03 06:23:53
2026-09-02 13:43:00,CNC-02,M,298.02514700763936,313.2170082474784,1410.6581160338208,55.36354803180552,212.29498092444385,2.685091846781649,14.747746230487541,55.986640126206076,0,2026-09-03 06:23:53
2026-09-02 12:44:00,CNC-03,H,297.7291649910774,312.41082319778445,1532.9842484221099,48.74476510927657,136.2551128931694,2.422558705932574,14.35045081605984,53.44292473867836,0,2026-09-03 06:23:53
2026-09-02 19:17:00,CNC-03,H,27.263952386409812,42.10085748798775,2376.5775698962184,29.848872390901793,257.4478400749277,3.979437829457207,13.259164017263732,51.65097504838766,0,2026-09-03 06:23:53
2026-09-02 21:54:00,CNC-01,L,299.5517692911778,311.7648571248527,2697.3906608313864,17.675059501843293,26.50035804519996,3.3472768624046454,8.923461072300467,54.03209203767798,0,2026-09-03 06:23:53
2026-09-02 09:57:00,CNC-03,H,296.61774727207256,311.36684562051283,1406.9425584371218,53.793477033037576,107.71389520135773,2.2503616204233006,14.384032443727993,55.265615026160056,0,2026-09-03 06:23:53
2026-09-02 08:00:00,CNC-01,L,301.35123463479766,310.59640741245585,1634.5172125848974,48.89924663963728,150.72974968955037,2.78132631781482,14.877176586365803,47.37960924294695,0,2026-09-03 06:23:53
2026-09-02 12:22:00,CNC-03,H,297.7575609404758,311.6783163941926,1443.931136678702,45.94791599733389,101.47744551978852,2.1035723768983385,12.23727208687534,53.07516305772863,0,2026-09-03 06:23:53
2026-09-02 06:25:00,CNC-01,L,296.46740747533397,309.8561671625794,1899.1129390183478,34.851673983148174,16.152787991698045,2.6079894656074307,12.32928957730041,56.074323906970086,0,2026-09-03 06:23:53
2026-09-02 20:17:00,CNC-03,H,300.8654012908287,313.38191279683144,2566.3812991622844,19.83940669325205,69.82369993015024,3.197734459371454,9.558022013347966,49.718829729600415,0,2026-09-03 06:23:53
2026-09-03 01:04:00,CNC-03,H,304.970925378048,311.48133770153726,2619.723588448297,,120.70223583138133,3.257481603934407,8.81103058414298,41.62523712645762,0,2026-09-03 06:23:53
2026-09-02 11:55:00,CNC-03,H,297.32877075046815,311.3415596538937,1330.76164645481,51.258618398276596,58.882148218457104,2.0482054008326664,12.558340292145887,54.81044114620006,0,2026-09-03 06:23:53
2026-09-02 22:34:00,CNC-02,M,298.90515125824885,310.7608643442943,2861.7447088895224,14.914427325328468,305.0348368068269,3.4665371618427576,8.05674419258263,51.423417414639125,0,2026-09-03 06:23:53
2026-09-02 18:19:00,CNC-03,H,300.3017915966092,313.98195042295515,2086.1415604065633,29.70381041221039,184.04249829757856,30.71481969295258,11.485031499440673,57.32184956527769,0,2026-09-03 06:23:53
2026-09-02 22:56:00,CNC-02,M,299.0855727028133,311.66315038834813,2597.385888212561,19.113336203416395,31.91769503800222,3.138902381100981,9.640570626203457,57.99170209440937,0,2026-09-03 06:23:53
2026-09-02 21:50:00,CNC-02,M,299.451099853885,6825.99502964423,2578.097858326156,15.396896507617978,188.5748741550394,3.643554032394344,7.3503924539008265,52.14045474746592,0,2026-09-03 06:23:53
2026-09-02 08:47:00,CNC-02,M,295.80256701632425,311.34365624019046,1652.3869967162998,49.589696791252386,212.85472957419677,2.9669073829322268,15.593454715306665,61.09229708369381,0,2026-09-03 06:23:53
2026-09-02 22:27:41,CNC-03,H,300.3953082000314,313.9564770407013,2447.984020518904,23.040695962374812,218.0626045003995,3.622263186127502,10.431787862895193,51.733472209085015,0,2026-09-03 06:23:53
2026-09-02 23:18:00,CNC-01,L,299.2895249586164,312.26568939378274,2643.9662011747587,20.566609404853914,117.17497234015696,3.3234687178962776,10.435619071247038,55.112734078626566,0,2026-09-03 06:23:53
2026-09-02 15:30:00,CNC-01,L,298.6068586723798,313.1663648774272,1639.0844049733807,42.75482762311184,165.83933099915745,2.700355564877758,13.155744148060519,51.80031208799362,0,2026-09-03 06:23:53
2026-09-03 05:40:00,CNC-03,H,23.413841492561346,37.93824734166134,2075.9931247132813,33.12690556060109,193.08199860816603,3.126537070562165,12.696104893820241,59.86799435863349,0,2026-09-03 06:23:53
2026-09-02 09:09:00,CNC-01,L,296.1704658644252,310.2192841900648,1771.125527267724,40.757560788268314,18.133378466585338,2.4250150651044464,13.849591538232383,56.97782771146712,0,2026-09-03 06:23:53
2026-09-02 16:10:00,CNC-01,L,298.7485549811381,312.5629693051186,1657.3562957732438,42.204114656279145,32.317533523174085,2.1667680731717875,13.26119059301855,56.7652394348508,0,2026-09-03 06:23:53
2026-09-03 05:09:00,CNC-02,M,22.439755920238383,37.7750300123563,2226.400765333749,35.34352203656378,212.49706451598186,3.5322661520047225,14.743529726694176,58.77642068708744,0,2026-09-03 06:23:53
2026-09-02 17:20:00,CNC-01,L,299.27434586613,314.04544483308484,1953.8791572918276,38.74763934671249,131.5563078458314,2.798702000141304,14.202948345800491,49.62493234833126,0,2026-09-03 06:23:53
2026-09-03 05:46:00,CNC-02,M,22.507749147995753,35.72606515127654,2110.9831016525686,27.579442289601214,15.806406828678297,2.747892860723252,10.674874767611563,61.52402905196482,0,2026-09-03 06:23:53
2026-09-02 22:04:00,CNC-03,H,300.3580670417564,313.65761908782315,2569.421484748089,21.014859536605016,190.84942262742118,3.5055265079392566,10.082571582517463,50.33036702188667,0,2026-09-03 06:23:53
2026-09-03 01:29:00,CNC-01,L,297.84348523728147,310.01477825068224,2713.8668806856967,17.536452627081857,33.36310676567676,3.1035904789107556,8.838400036759193,51.58334341811826,0,2026-09-03 06:23:53
2026-09-02 21:18:00,CNC-03,H,300.8884508427049,313.745208322329,2595.8768068333097,19.655069628500023,140.1240406669237,3.310267255655104,9.449528054042329,47.61478613674306,0,2026-09-03 06:23:53
2026-09-02 21:26:00,CNC-03,H,300.83929299715703,314.62423707571634,2618.853951026436,24.241873273174587,149.01069074476447,3.368628764619387,11.991454833148172,47.01882159388674,0,2026-09-03 06:23:53
2026-09-02 07:02:00,CNC-03,H,296.0160955938283,,1770.2098099392656,39.99168420690197,81.30301270361238,23.477387262916018,13.396888861088858,60.697762542381284,0,2026-09-03 06:23:53
2026-09-02 19:32:00,CNC-01,L,26.34362514731413,39.752696100546245,2259.508887754598,25.23298800847199,98.42906251171362,2.9358458784420804,10.63983831755029,54.87521183437014,0,2026-09-03 06:23:53
2026-09-03 01:40:00,CNC-03,H,304.63593327767217,310.32327150924965,2682.7907735372596,13.38156592221646,159.35357895723254,3.4393826760120105,6.694951221339359,45.6594236353405,0,2026-09-03 06:23:53
2026-09-03 04:41:00,CNC-03,H,297.2636655692241,310.50987194657773,2238.4939261089203,26.060027800868927,117.85580870679325,2.9415324744444815,10.920148684708039,59.12474329950781,0,2026-09-03 06:23:53
2026-09-02 10:17:00,CNC-03,H,296.48549296689754,311.28025086155094,1414.5964353864617,54.30888245373494,138.95629346112884,2.2398803939243055,14.391793797812785,58.12427967118875,0,2026-09-03 06:23:53
2026-09-02 08:51:00,CNC-03,H,296.37024911668607,310.811540919733,1651.3609039058815,48.51051850373303,6.082428734708925,2.3487001920957793,14.764853996809185,55.84348776256332,0,2026-09-03 06:23:53
2026-09-02 09:18:00,CNC-01,L,296.33310852059043,310.4266926755967,1550.0571044025755,47.888280209491775,31.94502053340797,20.825181240416004,14.051389941933772,61.56502052385256,0,2026-09-03 06:23:53
2026-09-03 06:18:00,CNC-01,L,295.53162719241016,309.8141702773089,2055.132541952057,34.16873946640746,160.86903208470483,3.0155595283260688,13.388324065537319,62.060227302174106,0,2026-09-03 06:23:53
2026-09-02 22:14:00,CNC-02,M,298.78471881908473,311.5938560267471,2569.6284094086045,17.6130868129557,214.85384729541386,3.99226660283542,8.584867632490642,56.92036042121292,0,2026-09-03 06:23:53
2026-09-03 05:08:00,CNC-03,H,23.672233307365673,37.956180225623314,2235.548731345976,30.88766454434075,151.64208584483325,2.987950875528377,12.721575941092718,51.45079973862542,0,2026-09-03 06:23:53
2026-09-02 18:01:00,CNC-03,H,300.0720456974214,315.00990672309155,1917.172513761189,39.197774408028636,160.46968083932904,2.8409101658710134,14.013573584391388,48.48397083581172,0,2026-09-03 06:23:53
2026-09-02 10:02:00,CNC-03,H,296.70642343589844,311.2293465803652,1657.6202978054532,44.78753985619797,115.51723154224808,2.3367818110052587,13.784710587206563,52.31215548665921,0,2026-09-03 06:23:53
2026-09-03 02:36:00,CNC-03,H,303.9224369080443,311.2444686126849,2649.836183808869,20.480330895115102,221.1512931602573,3.8733397353810775,10.181236085043743,42.9954915746109,0,2026-09-03 06:23:53
2026-09-02 14:09:00,CNC-03,H,298.25792953410735,312.01706076980895,1388.1693804753156,48.5326561260299,40.8575964453164,2.0834414167909774,12.432606067205157,54.720787245052,0,2026-09-03 06:23:53
2026-09-03 01:41:00,CNC-02,M,297.37368005241296,310.8143063744641,2501.40497051397,20.308897782053997,208.465827144076,3.648224423143587,9.299360468272605,55.51692327780163,0,2026-09-03 06:23:53
2026-09-02 14:24:00,CNC-03,H,298.0816225096336,312.2721927085255,1535.3727089577171,46.503647699524734,64.23663849138157,2.221829572521513,13.27389660949792,54.349841681461506,0,2026-09-03 06:23:53
2026-09-03 04:02:00,CNC-02,M,296.237904967553,309.8109361693045,2414.5295774030396,23.78528605333573,129.67387368020866,3.298582145332568,10.726466134910929,63.772863896668056,0,2026-09-03 06:23:53
2026-09-02 17:47:00,CNC-03,H,300.32511743052044,314.37934687752863,2085.720676822609,32.2430033424454,141.68205754127277,2.8861489937017724,12.75745845230494,49.626046731178555,0,2026-09-03 06:23:53
2026-09-02 18:41:00,CNC-01,L,299.4959081717234,312.98802404212796,2087.748728716544,31.320285774961697,35.06808971641568,2.712546010205377,12.320482115897878,50.84289545094553,0,2026-09-03 06:23:53
2026-09-02 20:27:00,CNC-01,L,299.2434806443671,312.0843270536326,2613.8646227349486,19.58427666095638,164.28546482138117,3.5002894774281454,9.757084043574098,58.602410442152156,0,2026-09-03 06:23:53
2026-09-02 21:22:00,CNC-02,M,299.4259597484866,312.1753649187739,2640.3167891243634,16.301560794583803,157.54739320235674,3.4858220900837713,8.11959312518785,54.20139503854907,0,2026-09-03 06:23:53
2026-09-02 17:55:00,CNC-01,L,299.3603057482749,313.5356497157559,1986.1291218385475,32.96826312429318,178.90215892114102,3.0470776277086875,12.349349358080199,55.27213316531212,0,2026-09-03 06:23:53
2026-09-02 19:52:00,CNC-01,L,26.379149554080414,40.18119241226037,2570.6996647820724,24.63612445083306,,32.5786365886513,11.91573230784421,49.083192173739924,0,2026-09-03 06:23:53
2026-09-03 04:04:00,CNC-03,H,297.7034463239593,310.7147136533979,2505.15049309715,22.478677233549575,72.71790887635933,3.185326503223964,10.514515716769251,52.880386751174946,0,2026-09-03 06:23:53
2026-09-02 23:51:00,CNC-03,H,299.9101202870564,312.42063382803036,2711.537787806089,18.73466532672946,42.724708549444365,3.258073396526565,9.613667071783116,50.358116716236204,0,2026-09-03 06:23:53
2026-09-03 03:16:00,CNC-03,H,298.15092873376716,310.42902263391625,2358.418154117869,21.201892595992607,16.082914242488453,2.7815763971008485,9.445092762911434,55.65162812283671,0,2026-09-03 06:23:53
2026-09-02 19:29:00,CNC-02,M,26.472050148469066,39.186576005606014,2286.0671410350524,23.169423127583613,25.011766902658472,2.840422043330034,9.925781568595852,54.838200790468576,0,2026-09-03 06:23:53
2026-09-02 22:56:00,CNC-03,H,300.06250015094554,312.8045117066844,2714.059821248999,16.28850260792514,247.33552232265558,42.10863922764871,8.416451781043605,54.60455757743824,0,2026-09-03 06:23:53
2026-09-03 02:35:27,CNC-03,H,303.9842678379814,312.2599851703445,2537.463279065556,27.051498024237567,219.00965347069442,3.7834641964675333,12.937909944771869,43.73095683000019,0,2026-09-03 06:23:53
2026-09-02 17:14:26,CNC-02,M,298.9189615302208,313.1376372992129,1847.9940852519399,38.109769524611025,67.51303802855325,2.545266637854618,13.30075610294582,52.5218652383693,0,2026-09-03 06:23:53
2026-09-03 02:53:00,CNC-03,H,298.43355254746007,312.4244284099521,2583.5736125430185,24.712494039005495,240.31795683053915,3.9420861755799756,11.820894993928983,54.98702686194057,0,2026-09-03 06:23:53
2026-09-02 19:36:00,CNC-01,L,26.5236628095671,40.70565932416645,2414.1273539936565,28.446210118873545,103.31772316346861,3.098287450140597,13.195548496685108,51.182025288605004,0,2026-09-03 06:23:53
2026-09-02 08:55:00,CNC-01,L,301.72944279852885,311.3018415930599,1656.864180849002,48.966143285236114,232.81715440577346,3.618093715999727,15.202403798155759,48.81514698529721,1,2026-09-03 06:23:53
2026-09-02 21:07:00,CNC-03,H,300.55916238534746,313.386507948312,2681.1192580767897,19.272197808948427,127.65362750942028,3.3262722512843887,10.024566760977223,52.605809525387144,0,2026-09-03 06:23:53
2026-09-02 08:33:55,CNC-03,H,296.5132734198289,311.51386110290713,1586.1948956555834,48.04746066198481,216.98370461850544,2.8483084725332906,14.35046128813873,54.071040507133574,0,2026-09-03 06:23:53
2026-09-02 17:42:00,CNC-01,L,299.6291297916939,314.1428540140505,1971.5010735759518,36.055485903485945,161.5424187487699,3.04544766488653,13.282076028342322,52.45775309794721,0,2026-09-03 06:23:53
2026-09-03 01:44:00,CNC-02,M,297.2033170029374,310.6249658451107,2675.834770386688,19.150392737344962,211.80660825509273,3.8687727371300755,9.611524092406617,55.39772590730287,0,2026-09-03 06:23:53
2026-09-02 23:17:00,CNC-02,M,298.6346832199954,311.9646901424086,2630.364839313425,21.53164038498718,54.59935799030813,3.1226643246787082,10.493174068395716,52.772801636933345,0,2026-09-03 06:23:53
2026-09-03 02:08:00,CNC-01,L,297.3679125963352,309.6871432111369,2670.4745054322025,17.570635812586186,75.68039173323825,3.173396086468793,8.630024991297185,58.29439772031673,0,2026-09-03 06:23:53
2026-09-02 22:54:00,CNC-01,L,299.700164889992,311.92787026715536,2672.526233243123,16.65568671548595,91.45360293878893,3.2597585579182646,8.403344856056691,51.38901677177978,0,2026-09-03 06:23:53
2026-09-02 18:18:00,CNC-01,L,299.5462438064352,312.59473098674323,2144.8399740742047,27.567603940105315,5.211896712959328,2.7150868434866977,11.147100776269964,52.09966306209158,0,2026-09-03 06:23:53
2026-09-03 01:35:00,CNC-03,H,304.5966321892855,311.8350791669886,2691.6631031925763,19.77504726278609,153.9539310408887,3.386038537369511,9.884714984189564,42.571666910926446,0,2026-09-03 06:23:53
2026-09-02 21:48:33,CNC-03,H,300.6314750400487,314.1941467300911,2698.4027054291455,21.49563872153126,174.55048144960523,3.540851221531998,10.656517043994269,45.21091064894664,0,2026-09-03 06:23:53
2026-09-03 05:58:00,CNC-01,L,22.36201567339748,36.67048351295472,2142.0804176986403,31.717482105862835,134.1094962021287,2.955778704741415,12.681067218869632,59.93246098915977,0,2026-09-03 06:23:53
2026-09-03 00:52:00,CNC-01,L,298.30470197175055,310.4137425072641,2734.2834109051605,13.365187810564553,217.2689241878235,4.227358122687007,6.861000794576487,58.513249345692074,0,2026-09-03 06:23:53
2026-09-02 20:33:00,CNC-02,M,299.5263560711218,312.0352276548353,2525.4501498014306,17.426158330620922,101.26512299395496,3.191650626734757,8.112793758330637,49.69824916018961,0,2026-09-03 06:23:53
2026-09-03 02:11:00,CNC-03,H,304.5884095570352,312.52946619433675,2653.253165836107,23.171613036553214,193.23210256530402,3.66873011309891,11.34151359602068,44.01120200501688,0,2026-09-03 06:23:53
2026-09-03 03:01:00,CNC-02,M,296.810438897362,309.8160290427797,2576.417364456541,19.50493846644505,58.4800041447946,3.1107741669800606,9.609309635043662,53.57653975174265,0,2026-09-03 06:23:53
2026-09-03 03:36:00,CNC-01,L,296.2324107097767,310.25157939136375,2372.058110257355,26.984950308204905,175.73212369482013,34.79095814553722,11.87432209375694,56.29177255261564,0,2026-09-03 06:23:53
2026-09-02 21:01:00,CNC-01,L,298.96640589465534,313.0512433626176,2462.5695311670042,26.36526778672269,203.54133508544837,3.9281305874998984,12.100428965271375,49.03892275179754,0,2026-09-03 06:23:53
2026-09-02 22:53:14,CNC-02,M,299.11350039917386,311.456910915155,2585.282514271235,17.536374723442915,29.757664029975334,3.091164605564776,8.685961917549077,56.465096398827164,0,2026-09-03 06:23:53
2026-09-02 20:54:00,CNC-02,M,299.68531604454404,313.3554350378194,2473.2765347579025,24.556927445330217,125.5766110285741,3.2490400736948737,11.256379004357102,51.50272002376248,0,2026-09-03 06:23:53
2026-09-02 18:20:00,CNC-03,H,300.33990562568573,314.6583322629833,2159.9159089664236,31.872133696674588,185.33548870108444,3.10997291067321,12.736599700726675,52.81478074838573,0,2026-09-03 06:23:53
2026-09-02 08:48:00,CNC-01,L,301.6919790850497,310.5494078058979,1312.9997917154692,55.01392429063355,222.2202702302751,2.9843853776924987,13.682761188887493,49.620913570207264,1,2026-09-03 06:23:53
2026-09-03 04:12:00,CNC-01,L,296.31252345176785,308.71205048762744,2257.765417586481,23.079903237937305,0.0,2.7911651436970533,9.851411772530264,60.13681360050018,0,2026-09-03 06:23:53
2026-09-02 18:21:00,CNC-01,L,299.82561669674334,312.80898764019844,2172.1268524462857,28.074867275932917,9.080554553030517,2.8042018178106853,11.609764268190562,53.37482443294449,0,2026-09-03 06:23:53
2026-09-02 17:52:00,CNC-02,M,299.4697955281643,313.4777629519698,1951.368948885456,32.41993012560636,119.336348576799,2.741100693771997,12.142724171350347,57.05892924172244,0,2026-09-03 06:23:53
2026-09-02 23:43:00,CNC-01,L,298.8138536347088,311.3563938548801,2698.0467038414,17.781550276054194,143.81331603546323,3.4944275486931176,9.051360254043017,53.34059958515899,0,2026-09-03 06:23:53
2026-09-02 22:58:00,CNC-01,L,298.9317733244913,310.2116304484634,2698.3411765325677,12.827393412181848,95.6650507434373,3.3298756919531374,6.544577927841361,,0,2026-09-03 06:23:53
2026-09-03 05:18:00,CNC-01,L,22.61761400484704,35.83124245583741,2193.7390865508364,26.171668919599824,82.12426018880709,2.8422519273567928,10.574395770176801,57.23067137218958,0,2026-09-03 06:23:53
2026-09-02 18:16:00,CNC-03,H,300.1995934497174,314.39048843504236,1930.5343565695423,35.38808217114312,180.18313506244257,2.902649392957288,12.828446960268964,51.432029443462476,0,2026-09-03 06:23:53
2026-09-02 13:02:00,CNC-01,L,297.5203218471479,311.46223833371533,1259.4181168997857,50.94845446134452,173.30773632437393,2.4126121711726856,12.113063046533853,56.79346230605272,0,2026-09-03 06:23:53
2026-09-02 17:59:00,CNC-03,H,300.3611206635825,315.1413679238777,2119.901679072962,33.99398344949102,157.78844283567193,3.0082611967935065,13.716723255385407,52.81170676915808,0,2026-09-03 06:23:53
2026-09-02 21:17:00,CNC-02,M,299.31938431387215,313.64801871053896,2652.7049446405736,25.23969373407534,151.9897711645085,3.502610435079668,12.493182985029302,50.978697273578625,0,2026-09-03 06:23:53
2026-09-02 20:42:00,CNC-03,H,300.77187821666325,314.40191770991675,2522.819585050946,25.896201868162585,98.98268311451285,3.173213117032688,12.10584435891829,46.718910766485216,0,2026-09-03 06:23:53
2026-09-02 09:11:24,CNC-02,M,296.0398636410569,310.28642503751195,1621.4504838836178,44.44784210414795,30.585269083933717,2.2842234370379746,13.385261475503654,60.15381600204443,0,2026-09-03 06:23:53
2026-09-02 21:29:11,CNC-02,M,299.2722961444747,313.26251379678183,2630.7638017724194,23.417138350650493,164.15142666002808,3.470257519018298,11.315212386264077,53.10308650646548,0,2026-09-03 06:23:53
2026-09-02 17:54:00,CNC-02,M,299.42028068593135,314.195937524402,2124.7417316151027,34.596138940292775,121.98225636455217,2.8549125514258242,13.98355821123961,51.60180590417818,0,2026-09-03 06:23:53
2026-09-02 21:20:00,CNC-01,L,299.42221553066196,313.2367174100391,2466.6562668051183,22.95883964479371,224.9786592681945,4.179252816442098,10.488154555573336,51.233447934746536,0,2026-09-03 06:23:53
2026-09-02 20:06:16,CNC-02,M,299.8223504965883,312.80768302521017,2466.9799642903977,21.210414230433344,69.75629492133922,3.1556408871785653,9.842529071352,49.35878542286628,0,2026-09-03 06:23:53
2026-09-02 07:33:00,CNC-02,M,295.8728223089137,310.7633967584736,1885.5714932774883,41.90287837189263,103.11111175361852,,14.88397898274917,59.321831065985975,0,2026-09-03 06:23:53
2026-09-02 14:26:00,CNC-03,H,298.73515541031065,312.7147326041212,1455.741995433183,48.88369184608165,67.37797109968926,2.00588287672154,13.460012282526849,51.6059471715804,0,2026-09-03 06:23:53
2026-09-02 23:29:37,CNC-02,M,298.1254305942155,310.55274177211555,2707.3547435623927,16.041161717757863,69.48842121188437,3.3266328932422238,8.091653002901086,58.96894695038803,0,2026-09-03 06:23:53
2026-09-02 13:47:00,CNC-03,H,298.2186060291813,311.8699736641885,1329.3540494829783,51.774878889679016,6.321637945447986,1.9478711817670908,13.023739767452284,49.24460089208996,0,2026-09-03 06:23:53
2026-09-02 18:17:00,CNC-03,H,300.3663488828727,314.77864439588075,2214.8451264238315,29.406698103405223,181.46784190434406,3.1160948015960845,12.314661013834428,51.76337336769521,0,2026-09-03 06:23:53
2026-09-02 14:01:00,CNC-01,L,297.90697067184226,311.5803078373381,1508.7524108188225,45.93688506142212,29.84730632905693,2.206436247029325,13.00177995329879,55.567881760899105,0,2026-09-03 06:23:53
2026-09-03 03:41:00,CNC-02,M,296.6387821197098,310.2902728257204,2424.145807213123,23.36157540545553,104.7829207282186,3.0836481012909607,10.722647574306105,56.170379342814186,0,2026-09-03 06:23:53
2026-09-02 20:44:00,CNC-03,H,301.06419992723437,,2410.5913987202894,25.04251669381307,101.30360053770802,3.062914798820876,11.256888388380414,49.78170331607947,0,2026-09-03 06:23:53
2026-09-02 22:11:00,CNC-02,M,299.1629939811545,312.64340008254806,2653.8077134720947,20.047426980758136,211.5882678262916,,9.683300170529515,53.307679092794395,0,2026-09-03 06:23:53
2026-09-02 08:01:00,CNC-01,L,301.3060590291668,309.8521185487797,1846.8637797690958,40.22316865028348,152.15994123931554,2.8340047430592508,14.030125564699059,48.92962391467342,0,2026-09-03 06:23:53
2026-09-03 01:19:00,CNC-01,L,297.9132484928673,310.5723922264085,2564.3464123956896,20.50761174143396,22.651631992137357,3.1072693459424903,9.635955298852686,59.951988562497334,0,2026-09-03 06:23:53
2026-09-03 03:26:00,CNC-02,M,296.64564398736167,309.64880160588655,2520.933393775885,19.371285664893865,87.22571275224155,3.1646636222554694,9.309255023962574,65.27759092527528,0,2026-09-03 06:23:53
2026-09-03 05:28:00,CNC-03,H,23.448656692584336,38.17253415999579,2164.924264876877,35.56089042410031,177.42556091644488,3.1346310220310585,14.454700019292483,56.92769331510713,0,2026-09-03 06:23:53
2026-09-02 10:50:00,CNC-01,L,296.28494069457446,311.1840169245199,1426.1917997901082,52.48111016938497,175.43400603688573,2.6521916016074893,14.195702312614216,,0,2026-09-03 06:23:53
2026-09-02 10:28:00,CNC-02,M,296.77917387946746,310.84737159940363,1427.9249274589265,47.17565591111692,150.17330892106338,2.374515717505178,12.643154039265443,55.5090920123526,0,2026-09-03 06:23:53
2026-09-02 13:44:00,CNC-01,L,297.6567373048047,311.5072734032882,1487.8412953684476,49.10718400282369,3.1376515941767367,2.19131010660857,13.877222510084302,55.70835245393027,0,2026-09-03 06:23:53
2026-09-02 22:02:00,CNC-01,L,299.61284088295326,310.9977879017558,2559.8568587284444,14.339877881746599,35.355696365317606,3.1595459933998185,6.5290367816011985,51.825142524808136,0,2026-09-03 06:23:53
2026-09-02 14:35:00,CNC-02,M,298.39522295385825,313.1028365506444,1481.7559364392198,51.44435048906182,,2.136673253317624,14.241337608181482,1764.7661130836627,0,2026-09-03 06:23:53
2026-09-02 17:15:00,CNC-01,L,299.31595967221523,314.1337280357229,2051.6389049159443,36.30091571339993,124.63564853030508,2.8077423247440736,13.763042951559644,52.28102882124702,0,2026-09-03 06:23:53
2026-09-03 04:46:00,CNC-03,H,297.13437653541763,311.0454275398998,2170.989087294587,30.140346632425327,124.09878981116687,2.930576372767638,12.262680057569645,59.79865380952648,0,2026-09-03 06:23:53
2026-09-02 23:12:00,CNC-01,L,299.317944847914,310.7411403561734,2730.96978676565,12.57165315999284,110.71872027729523,3.323236186847167,6.188883014981297,49.145592632921115,0,2026-09-03 06:23:53
2026-09-02 06:28:00,CNC-02,M,296.15077976252456,309.8252815425317,2143.725773156545,31.725364323402633,11.972244201226692,2.7378907697321395,12.900274983500243,56.18321658861609,0,2026-09-03 06:23:53
2026-09-02 10:32:00,CNC-02,M,296.635577151359,311.1650352846102,1371.8401097192811,52.44558240134056,156.57186567065898,2.3339027077531718,13.83373524234967,55.9401607288974,0,2026-09-03 06:23:53
2026-09-02 23:22:00,CNC-01,L,299.03893654630446,311.50677365527645,2706.177953640589,17.668194432407784,121.50273542699779,3.3048516561529464,8.69581107657306,56.92499872266864,0,2026-09-03 06:23:53
2026-09-02 11:29:00,CNC-02,M,297.01095537071296,310.6102487779602,1327.4767143401173,50.716619002200616,0.0,2.001743459278352,12.612568656958738,55.27996913036549,0,2026-09-03 06:23:53
2026-09-02 15:42:00,CNC-03,H,299.5156329026968,314.25390041000753,1647.7229545861464,45.88213844453309,182.39040458810726,2.7174032569212954,14.194052643650762,54.544385293658046,0,2026-09-03 06:23:53
2026-09-02 10:20:00,CNC-01,L,296.41067038493054,310.19777235724683,1416.1820326077998,46.385230880001494,128.28038589039804,2.3145640586249274,12.171981998680852,57.79564925351427,0,2026-09-03 06:23:53
2026-09-02 19:53:00,CNC-02,M,26.666689034288993,39.89413137525821,2432.6958770198225,23.203917094038474,54.11382113694616,3.023626625087513,10.653361172605322,51.15256212479543,0,2026-09-03 06:23:53
2026-09-02 11:58:00,CNC-02,M,297.1904751263122,311.30178476038475,1429.4907727028146,50.90832006276595,46.21736939808983,2.180982435088286,13.678327488171682,56.03219567249963,0,2026-09-03 06:23:53
2026-09-02 07:56:00,CNC-03,H,296.3107408991558,311.07312394989776,1647.802078468247,46.12012421718168,158.95742171028638,2.4219277146438865,13.995588580729878,60.08612961006344,0,2026-09-03 06:23:53
2026-09-02 08:50:00,CNC-01,L,301.64655145634055,311.2086949419809,1539.6637622502376,52.00299256147179,225.2310942854613,33.3575633771811,15.161551166113991,45.358833606004154,1,2026-09-03 06:23:53
2026-09-02 11:55:00,CNC-01,L,296.8422988934643,6801.4910038461285,1439.4382664245147,48.108074257111,66.78907186993098,2.0788978097141566,12.9639837941298,57.232169763523636,0,2026-09-03 06:23:53
2026-09-03 05:48:00,CNC-01,L,22.466554293722368,37.38484273570384,2028.7985201917884,37.97646513589286,120.89915452409292,2.7731455807842895,14.364910850069833,59.28122214696573,0,2026-09-03 06:23:53
2026-09-02 18:49:00,CNC-01,L,299.51711708379025,,2293.8879461900933,24.4747266704258,45.15193896239596,2.83820761899746,,53.175716623124146,0,2026-09-03 06:23:53
2026-09-02 23:53:00,CNC-02,M,298.19485062627166,311.5379564769059,2669.3858364974244,21.12697091248347,92.80990469484165,32.44188677447579,10.529041551594352,57.395248758627496,0,2026-09-03 06:23:53
2026-09-02 17:16:00,CNC-02,M,299.1410706943775,312.8311735085233,,32.43734806973963,70.2341976852121,2.641038668330475,12.123456692114619,57.020137874558294,0,2026-09-03 06:23:53
2026-09-02 18:09:00,CNC-03,H,300.4078414424422,314.79745539621615,2177.50196245685,31.721732879011554,171.03238955602293,3.065369001090431,12.87356224290296,49.724258598609794,0,2026-09-03 06:23:53
2026-09-03 04:09:00,CNC-01,L,296.3117944964142,310.0739357625831,2231.470687674952,25.61916145745352,215.09459962924942,3.796438330308211,10.616203330650954,61.458773064623465,0,2026-09-03 06:23:53
2026-09-02 12:53:00,CNC-01,L,297.5906305127062,311.7836796597747,1383.4506566773734,51.7345659322546,158.94408940661833,2.486375195394715,13.186840879606212,57.429386236132395,0,2026-09-03 06:23:53
2026-09-03 01:09:00,CNC-03,H,304.70761513094396,311.1337646247291,2724.258900412314,16.010627781141462,125.9544771686399,3.4014131325351995,8.019410024908039,43.42056561799731,0,2026-09-03 06:23:53
2026-09-02 09:30:00,CNC-02,M,296.26173047567386,309.99842497400755,1516.5944559817776,44.35389226229496,59.84552535185821,2.1291127869260413,12.216941046866648,56.92765344801923,0,2026-09-03 06:23:53
2026-09-02 08:54:00,CNC-02,M,295.7574076518982,309.60571026286595,1541.6178791855036,44.390257399303614,4.615274600291448,2.12216047322599,12.585239881939865,61.449205243111095,0,2026-09-03 06:23:53
2026-09-02 08:58:00,CNC-02,M,295.8230126094476,309.65656948471667,1510.6100786748973,44.327717711588306,10.708897485271704,2.1106809983016595,12.48469498259979,54.49000711282124,0,2026-09-03 06:23:53
2026-09-02 22:19:00,CNC-03,H,300.1680309374096,313.7293222040022,2673.8126926411883,21.424826544177144,207.0309747923472,3.7666516748621066,10.60539993612785,52.422307581109735,0,2026-09-03 06:23:53
2026-09-03 03:00:00,CNC-02,M,296.1081488828362,309.4920548962135,2516.474287889634,23.00476096263473,57.34861234243855,3.057933469976925,10.868584745353132,53.635029397279546,0,2026-09-03 06:23:53
2026-09-03 02:50:00,CNC-03,H,298.15713674920585,312.0028968212988,2607.2045007077586,22.85652287415196,236.8496942837123,4.05971148806431,11.095232647013686,54.98431292105381,0,2026-09-03 06:23:53
2026-09-02 21:30:00,CNC-01,L,299.4930082652981,311.3028609460676,2705.9705164306783,16.59276738526037,0.0,3.2660852336000987,8.307877018377035,51.197415068617524,0,2026-09-03 06:23:53
2026-09-02 06:50:00,CNC-01,L,296.36066076640867,310.17995013797434,1756.6513432655763,38.68086407905196,50.6325341079398,2.3859900997848507,12.39560703615996,64.17598420745738,0,2026-09-03 06:23:53
2026-09-02 15:18:00,CNC-03,H,299.14364514670274,313.72663273299884,1657.55089573477,45.991667059186305,146.61791559440846,2.4705649843475412,14.157411594586588,53.82791734391669,0,2026-09-03 06:23:53
2026-09-02 14:10:00,CNC-02,M,298.2458092577181,311.98419336345154,1341.0817929003179,48.66942650998466,31.26289382160968,2.009118945482719,12.032042002938605,56.65369157267925,0,2026-09-03 06:23:53
2026-09-02 10:00:00,CNC-03,H,296.62677856370055,310.187480582892,1444.8730469588104,45.94128553107333,112.44254440503076,2.259389164080662,12.162578740884783,59.24340272078576,0,2026-09-03 06:23:53
2026-09-02 18:24:00,CNC-02,M,299.43487596794023,313.62002804742906,2184.5693887986527,29.50695025905317,161.68111351711022,3.0378952654694644,12.053511979653623,49.46452457863786,0,2026-09-03 06:23:53
2026-09-02 08:29:00,CNC-03,H,296.5299583110049,311.1765581414741,1502.2029420399974,48.69612260993701,207.99097624399502,2.7598311538711857,13.8166761088677,55.014344247666145,0,2026-09-03 06:23:53
2026-09-03 03:03:00,CNC-01,L,296.9436415865842,310.1166294386609,2517.024995834733,21.78767200216218,137.4957807808888,32.76802477808616,10.38103231179671,59.512323598644485,0,2026-09-03 06:23:53
2026-09-02 13:27:00,CNC-03,H,297.995811522587,312.7458090531388,1402.4275006387834,51.64064218092532,204.44074992139684,2.650242943409975,13.653976830796116,54.02096229118265,0,2026-09-03 06:23:53
2026-09-03 05:19:00,CNC-03,H,23.760424350085543,38.31189875565741,2129.802959073257,33.28517801708816,165.83344601902195,3.055544712545148,13.216909930632635,58.058548788196916,0,2026-09-03 06:23:53
2026-09-02 12:30:00,CNC-03,H,297.512403192419,311.4907567271964,1409.8638548325714,49.38244374702697,114.1705396183488,,13.009185677312093,55.40497632701154,0,2026-09-03 06:23:53
2026-09-03 00:58:00,CNC-02,M,303.4508746315609,310.18335737325697,2698.461309789867,16.095700097255218,162.10201873683292,3.6074040146076563,8.14801629530249,47.24371939208187,0,2026-09-03 06:23:53
2026-09-03 04:09:00,CNC-03,H,297.6487272509254,311.3381545597397,2337.891587407577,27.546024306722746,78.78019439494369,2.922775588156977,12.31565267358275,57.55982082683226,0,2026-09-03 06:23:53
2026-09-02 23:13:18,CNC-02,M,298.7944787348059,311.1774110632556,2725.0280659221025,16.272858473679197,49.11714810581148,3.264019159770646,8.198790875358778,52.360697450212534,0,2026-09-03 06:23:53
2026-09-02 14:10:00,CNC-03,H,298.0506077578841,312.3838165692839,1444.3748214092036,52.503202341091324,42.44520766786363,2.1493323904068116,14.289272632499324,56.04553675229899,0,2026-09-03 06:23:53
2026-09-03 04:22:00,CNC-02,M,296.10341349174354,310.64538563999554,2284.7735406697775,30.23616686359333,153.9465465519071,3.1640375823164,12.986192839573379,62.73278840919271,0,2026-09-03 06:23:53
2026-09-02 20:32:00,CNC-02,M,299.6823460659176,312.92397819862805,2552.829329577335,20.589418522078944,100.11957278863977,3.124329708065368,10.064741507046266,53.96792261036274,0,2026-09-03 06:23:53
2026-09-02 08:08:00,CNC-03,H,296.2545468764213,310.7640614756688,1674.2173336187086,41.73575561112179,176.64898854347834,2.6695400004450107,12.952742459917486,65.879864933685,0,2026-09-03 06:23:53
2026-09-02 19:09:00,CNC-03,H,27.36311497755497,41.36936050128941,2194.8449624015666,26.882271783482707,247.64236289715942,35.852785160494236,11.020361135485825,50.66907324649043,0,2026-09-03 06:23:53
2026-09-03 02:42:00,CNC-01,L,297.04504104684264,310.8097557708818,2493.7245023671644,26.9949482414414,113.50325547457805,3.243264351540715,12.74722866417749,58.78161005072792,0,2026-09-03 06:23:53
2026-09-02 22:43:00,CNC-01,L,299.0925187775752,311.4837911108418,2541.112034701922,18.917272750948513,79.64769413082414,3.039798669705673,8.902947637805312,57.217351949433905,0,2026-09-03 06:23:53
2026-09-03 02:09:00,CNC-03,H,304.28689548388763,311.8213023855535,2708.1171115406414,21.035316336643906,191.01436693270372,3.67218568911121,10.701597842439472,40.73723380495136,0,2026-09-03 06:23:53
2026-09-02 12:32:00,CNC-01,L,297.158621777957,311.96866513759403,1483.8910792035601,51.014744962400044,125.6138775522254,2.342262460577955,14.31549167786469,57.220030702737986,0,2026-09-03 06:23:53
2026-09-02 21:29:00,CNC-01,L,298.76955368043247,313.4054360993673,2481.2906971378347,27.222254642553956,235.24096049977004,4.286031852430019,12.609933138376034,53.354993356787546,0,2026-09-03 06:23:53
2026-09-02 08:11:00,CNC-02,M,295.830433378059,310.4189049651091,1703.6463518216685,44.037679684998324,158.7928319073024,2.665061129498483,13.887283308263859,62.26221964859443,0,2026-09-03 06:23:53
2026-09-03 01:29:00,CNC-02,M,297.7248328461143,310.5846046173747,2741.0403809608015,16.63051878406458,195.36143197035975,3.9405628796914844,8.39602366954981,49.25907845505772,0,2026-09-03 06:23:53
2026-09-02 21:46:00,CNC-02,M,299.435050886208,313.2213243193743,2465.900361077619,23.015661395952602,184.20113841486926,3.440590624113291,10.646506782408574,51.841258980180754,0,2026-09-03 06:23:53
2026-09-02 17:07:00,CNC-03,H,300.10132017586955,314.39439174617763,1829.2165252631305,38.091545177675755,86.87927602305535,2.5734396681605256,13.16622157000108,48.50888229890319,0,2026-09-03 06:23:53
2026-09-02 08:34:00,CNC-03,H,296.3710453935892,310.9988913021922,1506.07796338536,47.903887416059355,215.47790068817412,2.8923386039208405,13.533262778529666,58.93291466400048,0,2026-09-03 06:23:53
2026-09-02 10:38:00,CNC-02,M,296.22203230745123,310.95148136278414,1459.0798912458213,49.50167797405249,166.01369671530543,2.4296778258787217,13.434505108030882,55.639891394945465,0,2026-09-03 06:23:53
2026-09-02 23:07:00,CNC-02,M,298.61340339406195,310.7539769645663,2746.271668277589,14.857789591858129,43.73105960352815,3.2707555965283173,7.629170800475029,56.13891131104962,0,2026-09-03 06:23:53
2026-09-02 22:40:00,CNC-02,M,298.8332014636036,310.65019214276526,2564.1562023354363,16.649641446132204,14.776133275908636,3.1217399133533488,7.959698736072357,53.824367159422074,0,2026-09-03 06:23:53
2026-09-03 00:59:00,CNC-01,L,298.3407114832527,309.67758764645174,2735.562510664254,14.48601166430394,1.0585727295981664,3.212564865962671,7.4896114642214116,55.96163059694327,0,2026-09-03 06:23:53
2026-09-02 10:22:45,CNC-03,H,296.2943529916912,310.87890537796494,1407.8875286087634,52.006146957695385,149.95978578635567,2.3425063274447173,13.51952994155183,58.14649429747184,0,2026-09-03 06:23:53
2026-09-03 02:58:00,CNC-03,H,297.9674405991298,312.22550026904594,2393.5007583765587,27.66076916564076,246.03850307588655,3.9584831874546142,12.441752615590879,59.367339133248805,0,2026-09-03 06:23:53
2026-09-02 19:55:00,CNC-02,M,26.75759739322757,40.36764556896577,2439.40048381991,25.929325002691332,56.50203720668336,3.034720999785471,11.567491385093886,47.787289687673045,0,2026-09-03 06:23:53
2026-09-02 21:06:00,CNC-03,H,300.7357810316572,314.2737603110929,2537.46325528875,23.98143517828353,126.57700314535454,3.187207876045407,11.386899829846229,52.39047591955974,0,2026-09-03 06:23:53
2026-09-03 01:11:00,CNC-02,M,303.1122231659097,310.0097409473039,2599.3150546660254,17.204334009941217,176.0728201839467,3.530993191673186,8.364115685543755,43.32152361644738,0,2026-09-03 06:23:53
2026-09-02 22:30:00,CNC-02,M,299.187722232047,311.09895590712034,2720.7138393231917,14.640824606393554,4.237040305360129,3.237387673679707,7.48915901234365,51.90139368266996,0,2026-09-03 06:23:53
2026-09-02 14:41:00,CNC-02,M,6435.712425575422,313.22521014347933,1564.643953775663,49.63758799495469,79.67522917099348,2.371322681794699,14.706453264736243,60.847946095920115,0,2026-09-03 06:23:53
2026-09-02 18:04:00,CNC-03,H,300.44306916337365,314.98287060981335,2153.3555584336787,33.34625313118694,164.45651056518227,73.71922696730513,12.972802294620635,48.31019988058492,0,2026-09-03 06:23:53
2026-09-02 23:20:00,CNC-02,M,298.44292986172655,310.41814270878825,2702.7558307218874,14.18127868514965,57.82680159176728,3.213641760128618,7.283524433028707,56.50826047120462,0,2026-09-03 06:23:53
2026-09-02 15:49:00,CNC-01,L,298.95503171762107,312.59450030919106,1560.41228580292,42.966018172845324,1.4872445223822923,2.0883447351499305,12.416161228923494,53.42495172282279,0,2026-09-03 06:23:53
2026-09-02 17:54:00,CNC-01,L,299.3228041799016,313.84796477655914,1933.024554997104,37.45488131735454,177.5533359592647,3.0662153572934856,13.626921483147079,54.13661982234689,0,2026-09-03 06:23:53
2026-09-02 10:13:00,CNC-01,L,296.3013493850099,310.6146320457313,1392.4257588403957,49.29521023555637,117.30299236747129,2.1281012880942676,12.618834080056232,57.69374971240241,0,2026-09-03 06:23:53
2026-09-03 06:15:00,CNC-02,M,295.61105520959205,309.9392475188701,1872.9096124408861,37.56470321663879,54.32783103019874,2.4392640322898433,13.374660157315612,60.48717975259259,0,2026-09-03 06:23:53
2026-09-02 09:16:00,CNC-02,M,295.9684249221727,310.16771941234913,1585.7871902924567,46.107888875232405,38.311281478056046,2.2400469863729597,13.710322057281266,59.32070951038365,0,2026-09-03 06:23:53
2026-09-02 09:03:00,CNC-01,L,295.99986361218356,309.8838873657349,1686.5935962720491,40.86513399752478,9.082800834985079,2.4319042405855966,12.75160956631064,58.12693327419197,0,2026-09-03 06:23:53
2026-09-02 17:16:00,CNC-03,H,300.0860293302419,314.1365861240775,1886.914225923501,36.116272122078406,99.35894199849425,2.5631563253664034,12.741671797385093,47.87814657367687,0,2026-09-03 06:23:53
2026-09-02 22:23:00,CNC-03,H,300.2063724041842,313.0103273947212,2664.063763018333,17.21209802020409,211.37680405288623,3.750052786971704,8.386126985825756,47.70841806318621,0,2026-09-03 06:23:53
2026-09-02 10:38:00,CNC-03,H,296.7389437884644,311.8739690088438,1437.2828740647951,54.30432669068871,171.92118556799986,2.3362916760626273,14.518657830161654,58.629408214675536,0,2026-09-03 06:23:53
2026-09-03 00:31:00,CNC-03,H,299.8684075579889,311.87157657633537,2713.6167509538213,15.527907746412856,85.43533358814983,3.3482264317886035,7.8342308746861935,50.166135778334855,0,2026-09-03 06:23:53
2026-09-02 07:33:00,CNC-03,H,295.8990192735541,310.52322707190064,1752.5748040781436,43.65878761070478,125.42372249291753,2.4862765219690233,14.367781333423153,58.971599203833,0,2026-09-03 06:23:53
2026-09-02 23:21:00,CNC-01,L,298.9299605754662,310.53586300324366,2653.2050907412477,13.45234241660608,120.42448114307176,3.4558329214171755,6.5984957250905065,49.26905392036725,0,2026-09-03 06:23:53
2026-09-03 04:50:59,CNC-03,H,297.34188217860435,311.54859216682695,2347.321375210368,29.29122269717368,130.25593706672987,3.0196286981809672,12.70069356997822,54.961674949332185,0,2026-09-03 06:23:53
2026-09-03 03:41:00,CNC-01,L,296.17827633876254,309.25172351243043,2479.972072950547,21.470738564537168,181.59407637850282,3.568878118869731,9.934787612803298,60.088491583868446,0,2026-09-03 06:23:53
2026-09-02 17:45:00,CNC-01,L,299.1322037793944,314.0036625254422,2132.589807301101,35.63099783608874,165.54032492829268,3.103778856910154,14.206453950171904,53.658117552191705,0,2026-09-03 06:23:53
2026-09-02 19:28:00,CNC-03,H,27.698136883598067,40.81833886006012,2202.542850856517,26.60925443840633,11.099696670195527,2.785321971424774,10.937457485985782,49.42669556356805,0,2026-09-03 06:23:53
2026-09-02 18:27:00,CNC-01,L,299.61187384703624,312.8798507819612,2214.4504899922085,28.730453502840003,16.921142899250015,2.7593067131861884,11.955324559307169,51.66497268903698,0,2026-09-03 06:23:53
2026-09-02 13:38:00,CNC-01,L,297.566713875197,312.95405806414743,1465.3544025011588,53.40240017126345,229.9764555529361,3.3609386974285496,14.567306665163878,58.27536546187307,1,2026-09-03 06:23:53
2026-09-02 22:36:00,CNC-03,H,300.3754976990307,313.9915865234286,2664.2820711670174,21.0170172699452,225.6522408540192,3.9381031722959117,10.409521219716195,49.59991328378693,0,2026-09-03 06:23:53
2026-09-02 08:42:00,CNC-03,H,296.5032069931605,311.2289520533342,1642.1832606077571,44.28672779187187,227.52648786845916,3.1290102660694408,13.776325496709857,56.47962058538388,0,2026-09-03 06:23:53
2026-09-02 20:59:00,CNC-03,H,301.0872647528217,313.793957682611,2432.8981780359236,20.189918600043477,118.59366941636297,3.1545135920932443,9.328248849530173,47.82906510197416,0,2026-09-03 06:23:53
2026-09-02 19:10:00,CNC-01,L,26.534625872626975,40.013733071118395,2162.6077108977074,29.755395838774877,71.25640636869095,2.8470142981335567,11.907624508305778,48.5057186476713,0,2026-09-03 06:23:53
2026-09-03 01:14:00,CNC-02,M,302.8855792887588,309.7275578479101,2671.6551272749302,16.901379639321377,179.27794827530846,3.6741223540094046,8.42750684164393,46.82442325748039,0,2026-09-03 06:23:53
2026-09-02 17:26:00,CNC-02,M,299.0001571910343,312.97808087569086,2005.7688236872166,33.389739287037855,83.9326517584141,2.6545929466446436,12.493748200009911,57.31936080263467,0,2026-09-03 06:23:53
2026-09-02 19:57:19,CNC-01,L,26.217819539829122,40.01833009828323,2325.397831429919,27.68251990181398,127.52537235209269,3.0081887683892425,12.012909898629097,48.713772779445286,0,2026-09-03 06:23:53
2026-09-02 12:57:00,CNC-03,H,297.9793174383144,312.4407817837163,1296.622261468699,53.837900606260575,156.89348715645355,2.2771483986655694,12.97651184945639,59.94578880494031,0,2026-09-03 06:23:53
2026-09-03 02:25:00,CNC-02,M,297.11989543246574,309.5604920183014,2553.6624390816105,18.52455231246075,17.761806815607226,3.2277194310189743,8.859323245903003,56.56148318639704,0,2026-09-03 06:23:53
2026-09-02 22:41:00,CNC-03,H,300.64251576328763,314.2461036850151,2699.118639992392,20.16444401595045,231.10096081074647,4.004667077175498,9.990871107997654,48.58423884799273,0,2026-09-03 06:23:53
2026-09-02 22:57:00,CNC-02,M,299.1037447561286,311.9681117795162,2651.606366006327,20.73318710267753,33.01340946785412,3.1813543355413025,10.294623808932801,56.13256822476045,0,2026-09-03 06:23:53
2026-09-02 23:28:00,CNC-01,L,299.31748897977974,312.2491479930355,2687.29448676139,20.185667722793436,127.92697398161111,3.3536350084501225,10.158775188362881,54.46951634696929,0,2026-09-03 06:23:53
2026-09-02 09:20:00,CNC-01,L,296.03381268865866,309.45010229718616,1339.8523007917142,46.55563039897055,35.027220394622404,2.0171283706919394,11.539526082626937,60.4480428460572,0,2026-09-03 06:23:53
2026-09-02 14:38:00,CNC-02,M,298.6665283099438,312.9747098673658,1436.385763405394,48.4251817971842,75.10157822251162,2.149699945621401,12.998411417974761,54.72716153824706,0,2026-09-03 06:23:53
2026-09-02 09:25:00,CNC-03,H,296.32503046320164,310.93085340432333,1634.4368202133526,45.94903721390265,,2.2613872988791126,14.097474817058245,62.933801341323395,0,2026-09-03 06:23:53
2026-09-02 08:04:00,CNC-01,L,301.2689084312437,310.6491726101967,1802.8309150937705,44.978267412991315,156.57859679683096,2.7402796022351135,15.366812313456466,47.68341536708244,0,2026-09-03 06:23:53
2026-09-02 08:19:00,CNC-02,M,295.74644187913395,310.9031815677182,1722.0743393751952,44.22209807864549,170.6821581729619,2.760252165525012,14.30825250945377,61.60924060106633,0,2026-09-03 06:23:53
2026-09-02 13:58:00,CNC-03,H,298.08844217740574,311.89201403981485,1426.033773050402,48.98743355306817,23.578303826428872,2.0487779559341543,12.962621012198646,54.42816732010141,0,2026-09-03 06:23:53
2026-09-02 22:02:00,CNC-02,M,299.1507889019617,312.28578350437243,2523.7314014778153,19.392902012097522,201.75788306184174,3.8114451821540536,9.224238873775166,51.94976687325362,0,2026-09-03 06:23:53
2026-09-03 06:07:00,CNC-02,M,295.7085327654887,6777.417460370846,2047.6740553857055,31.024858257431372,43.46969372863899,2.620636499201503,11.982251576765218,55.650658042535134,0,2026-09-03 06:23:53
2026-09-02 13:15:41,CNC-01,L,297.64160108199843,312.7492861020022,1361.3702335960813,57.343304011063786,193.78822131663787,2.6499806376943877,14.799183052903825,56.00771173015148,1,2026-09-03 06:23:53
2026-09-02 06:53:00,CNC-03,H,296.48493332138264,310.7042081691369,1874.0094257342062,38.44648648358445,68.68902965417425,2.4968324383059683,13.669898556285299,57.43245152588082,0,2026-09-03 06:23:53
2026-09-02 10:35:00,CNC-01,L,296.33006753656093,311.1018106425721,1479.7791490645982,51.16068258256775,151.70563940969376,2.4417053319552204,13.887644983741632,56.60805754724257,0,2026-09-03 06:23:53
2026-09-02 11:45:00,CNC-03,H,297.0591762781369,311.1854414873466,1396.5493389061392,50.86827538700557,42.98784838617653,1.951808589256392,13.249096416202997,54.68574320707958,0,2026-09-03 06:23:53
2026-09-02 14:32:00,CNC-03,H,298.47511426253226,312.3305714121913,1574.3999129224057,42.390056602597525,76.6725785023889,2.2581047090138906,12.34847916060731,55.1060048020359,0,2026-09-03 06:23:53
2026-09-02 06:48:00,CNC-03,H,296.26930364176536,309.85568480624494,2009.5934990843452,32.26174377892249,61.69195173917523,2.572837485246767,12.17218875689459,63.154598587717516,0,2026-09-03 06:23:53
2026-09-02 20:58:00,CNC-01,L,299.0698754536231,313.30233911389223,2442.246370647292,27.351940102121223,200.09509301682232,3.827634501795342,12.348015187043956,50.98366689258958,0,2026-09-03 06:23:53
2026-09-03 01:55:10,CNC-01,L,297.64498736402413,309.52174352356553,2721.8368061502806,16.795395772269316,61.382488729505624,3.2959543902245905,8.542907902037207,54.87528912940571,0,2026-09-03 06:23:53
2026-09-02 15:57:00,CNC-01,L,298.95370865430846,312.75586842183907,1888.6129759898283,37.34358070129251,13.197862867252187,2.476633327620756,13.535158687753698,52.006203543850944,0,2026-09-03 06:23:53
2026-09-02 10:25:00,CNC-03,H,296.86718868786465,310.7900070123346,1303.2861964047693,50.31780146927009,151.55978578635566,2.2572614589422533,12.318977104887813,56.600928028332866,0,2026-09-03 06:23:53
2026-09-03 03:21:00,CNC-03,H,298.10661360907386,310.4999147464332,2371.1223645256255,21.002901013742182,21.801749921319576,2.97803511979668,9.327188978728028,55.325045678569225,0,2026-09-03 06:23:53
2026-09-02 23:05:00,CNC-02,M,298.6935934320563,309.57619232163023,2751.7703640505715,10.01060785714546,41.62536812393566,3.2700864696218,5.1772724756818205,55.03255627560158,1,2026-09-03 06:23:53
2026-09-03 04:16:00,CNC-02,M,296.3826634144811,310.8638740735591,2372.350331665785,28.186912000817102,146.6343837162023,3.227256167637633,12.711156010720151,56.14930590157633,0,2026-09-03 06:23:53
2026-09-02 11:47:00,CNC-01,L,296.5090638902621,310.4799738679088,1371.2473147548144,49.46359553250495,54.05578668617378,2.0369832720592007,12.609245241712088,59.6924829827325,0,2026-09-03 06:23:53
2026-09-03 03:37:00,CNC-02,M,,309.8134251596356,,24.05931763319201,100.15712152221235,3.0206153732669376,10.468596577443106,55.43070727087152,0,2026-09-03 06:23:53
2026-09-02 15:57:00,CNC-02,M,298.80869964903144,314.34203130841786,1936.5250412068722,40.88718886847055,193.34815225879967,3.1956540273955842,14.675321082262176,50.31746190277291,0,2026-09-03 06:23:53
2026-09-02 19:59:00,CNC-03,H,27.611241682302875,40.23471823881391,2504.213839117944,21.82526770210929,48.738188010201675,3.0284995772547156,10.183111251479927,50.3696659012248,0,2026-09-03 06:23:53
2026-09-02 23:54:00,CNC-03,H,299.7734797890868,311.3045364444357,2711.9641721969483,,45.89460335066265,3.2675085884870327,6.403531544105897,52.373956161881864,0,2026-09-03 06:23:53
2026-09-02 20:19:00,CNC-01,L,299.33641212407855,312.5357035761478,2541.915463865693,21.476293880531703,154.9735812888652,3.4088419593674466,10.493564047034093,49.134111831522155,0,2026-09-03 06:23:53
2026-09-03 05:27:00,CNC-03,H,23.558198062250426,38.002249062107296,2160.4726742738403,31.86281196871731,176.0956296938187,30.32367333885907,12.833138377220104,57.61133657414335,0,2026-09-03 06:23:53
2026-09-02 12:35:00,CNC-03,H,297.6072840336067,312.0993508718392,1447.7976274649045,51.32591711060939,122.09508383508654,2.2394206971306474,13.924305189708551,59.13085662402798,0,2026-09-03 06:23:53
2026-09-02 09:19:00,CNC-03,H,296.23439699154505,309.8648258730638,1356.0527477030926,48.333603307973505,48.95994584353265,2.1065301558928153,12.079543770866284,58.47886222672205,0,2026-09-03 06:23:53
2026-09-03 01:47:00,CNC-02,M,297.31223191986896,310.82289798566444,2652.530533535917,18.968279912119808,215.06611920148708,0.0,9.25015873659986,54.856616662258546,0,2026-09-03 06:23:53
2026-09-02 17:58:00,CNC-01,L,299.25157213418976,313.41184503402576,2013.1545792997813,33.657986902861566,182.9095831290688,3.230181442094912,12.541360333483649,49.986889271339344,0,2026-09-03 06:23:53
2026-09-02 20:32:00,CNC-03,H,300.70829634023426,314.3216287719228,2376.8850796636752,26.99027224960491,87.4913292013968,3.047350006718997,12.225343733911068,49.651871759966156,0,2026-09-03 06:23:53
2026-09-03 03:12:00,CNC-02,M,296.65080403018754,309.446049764231,2640.426025264256,18.28374972525243,71.15408561127462,31.556609851619132,8.768022315193985,59.24990687730828,0,2026-09-03 06:23:53
2026-09-02 18:38:00,CNC-03,H,300.505143640939,314.76474002781487,2286.949987939395,29.205008626503584,208.63552578465413,33.59819777726731,12.477261949682307,48.99874426277949,0,2026-09-03 06:23:53
2026-09-03 03:04:00,CNC-02,M,296.861734263055,310.55810366182874,2398.5679886996745,26.61760144925846,61.96315057769178,2.977795722721045,11.688376222588941,52.88877226378127,0,2026-09-03 06:23:53
2026-09-02 22:28:00,CNC-03,H,300.5659242327278,313.67114650826545,2517.283407077046,20.179820410395873,216.89622274964827,3.689680356283792,9.500149104122638,53.45759619255992,0,2026-09-03 06:23:53
2026-09-02 23:30:00,CNC-01,L,299.1217203152512,311.4098149722218,2791.863777136119,16.019988774466388,130.00175956513732,3.455561487752401,8.271483542661652,55.50783503459109,0,2026-09-03 06:23:53
2026-09-03 01:05:00,CNC-01,L,298.4239610951639,309.174907911426,2768.241300266445,10.822154534098747,7.440691263007938,3.375088719361274,5.644966857968785,55.869590442058744,1,2026-09-03 06:23:53
2026-09-02 12:43:00,CNC-02,M,297.25038602608686,311.6280439400973,1375.640829268386,50.92485651143157,117.6595544975717,54.81018904103111,12.935753299768631,54.37267190891541,0,2026-09-03 06:23:53
2026-09-03 02:05:00,CNC-03,H,304.28340768267446,310.5810821346081,2697.7715293591336,14.751782064660256,186.64363538084297,3.686085979295476,7.5903289182677565,41.465210260966806,0,2026-09-03 06:23:53
2026-09-02 10:46:00,CNC-01,L,296.183968134338,310.86263300274874,1436.129905726168,51.74246472231012,169.08393143241554,2.5569969234838896,14.034729211403008,58.38662048333774,0,2026-09-03 06:23:53
2026-09-02 15:32:00,CNC-01,L,299.05783574581955,313.5449895479617,1655.1464551688211,42.725374349487794,168.76160595417883,2.8552291666254574,13.263744326869448,49.04879473178973,0,2026-09-03 06:23:53
2026-09-02 07:04:00,CNC-02,M,296.18396316249795,309.98503688164425,1570.8561952446867,43.909076632311816,61.84773403261869,2.2173626243513254,13.155990182979947,55.70520376766912,0,2026-09-03 06:23:53
2026-09-03 04:01:00,CNC-03,H,297.88424041383854,311.2271322434906,2369.055529571532,24.56272613054772,69.21410164807742,2.968903437913764,10.974516210709497,52.468245996479396,0,2026-09-03 06:23:53
2026-09-02 08:30:00,CNC-02,M,295.9677629071906,310.6866803019557,1769.962814467842,39.93908640444677,187.0610631400133,2.9737583165282477,13.126192116629541,53.70223084849074,0,2026-09-03 06:23:53
2026-09-02 19:33:00,CNC-01,L,26.402525678985683,40.39323269261041,2243.8623096624283,29.558393693465405,99.6982730017873,2.993512077901313,12.460979824864156,53.67023439329547,0,2026-09-03 06:23:53
2026-09-02 17:44:00,CNC-01,L,299.3468682831843,314.1210324219486,2089.3837250811407,36.7868018382624,164.22653825585874,3.081230509786164,14.522178501938473,49.94300599396015,0,2026-09-03 06:23:53
2026-09-02 17:08:00,CNC-03,H,299.79384374545015,314.7525534878285,1767.1798137532692,46.45953451254292,88.33547438870322,2.4405409372003466,15.399281709673131,52.48460483731138,0,2026-09-03 06:23:53
2026-09-02 11:48:00,CNC-03,H,297.1767710167525,311.18340581715313,1431.3246984307054,50.01932120403497,47.700807243290626,2.255856808224707,13.377900953613102,52.96047599941047,0,2026-09-03 06:23:53
2026-09-03 04:49:00,CNC-02,M,296.09683973836724,310.9237110553566,2205.257361071268,31.687797398341015,187.2451424598686,3.327059374369144,13.148635963506624,59.73374912109473,0,2026-09-03 06:23:53
2026-09-02 23:47:00,CNC-03,H,299.9872966436086,311.0283555941022,2772.065251780548,12.559387631100519,38.43336248907164,3.320746100937257,6.511823571898084,,0,2026-09-03 06:23:53
2026-09-03 00:28:00,CNC-01,L,298.55160505198984,312.1382184841902,2706.3675710040084,20.57474558742082,191.68019866922245,3.831335785179859,10.534724868827398,53.195636453452124,0,2026-09-03 06:23:53
2026-09-03 04:21:00,CNC-01,L,296.2124341753107,309.81684693545174,2309.0864934076294,29.087683957503454,10.859861945922221,2.888975413963566,12.744944224041424,59.324624861704486,0,2026-09-03 06:23:53
2026-09-02 11:28:00,CNC-02,M,296.83904846493846,311.8146472668058,1395.002966244774,53.29628948128514,245.391169668966,3.2256349379537688,13.87534457709408,59.09844281328527,1,2026-09-03 06:23:53
2026-09-02 11:42:00,CNC-03,H,296.992475224252,311.29858766696765,1322.7018126172775,54.593628532158824,38.20693391979402,2.004457973201319,13.728391696371693,57.64006158823831,0,2026-09-03 06:23:53
2026-09-03 02:10:00,CNC-03,H,304.3915289500392,311.80993233383765,2579.0794326036257,21.019981376374467,192.12611000495306,35.300700796453754,10.406945907619502,44.48647316938509,0,2026-09-03 06:23:53
2026-09-02 15:37:00,CNC-02,M,298.684992126532,313.4783451049061,1608.2118457354804,45.0765263499558,164.25989700028802,2.6442890215603647,13.438100255658435,49.375660161944204,0,2026-09-03 06:23:53
2026-09-02 12:48:00,CNC-01,L,297.41822587253444,311.9735788270094,1433.2937901457283,50.6592379410167,151.05316987759997,2.3632133394344352,13.25545260798041,56.76174003723279,0,2026-09-03 06:23:53
2026-09-02 15:40:00,CNC-01,L,298.985982318132,313.40791503095346,1726.6803573947868,42.33929308112178,180.7216398197649,2.9447180442233196,13.466012669445433,56.8273100016926,0,2026-09-03 06:23:53
2026-09-02 09:47:00,CNC-03,H,296.5745425187561,311.2152862433061,1535.9643319776553,51.12716431454334,92.07963892397957,2.266919038821449,14.719805225509473,61.385307618716894,0,2026-09-03 06:23:53
2026-09-03 04:42:00,CNC-03,H,297.0951048715243,311.4540863098552,2353.5463912195783,30.22367703572097,119.08141380230967,3.050603023609991,13.459466498200413,55.36680508423305,0,2026-09-03 06:23:53
2026-09-02 19:41:00,CNC-03,H,27.72122204039806,40.45305131631767,2432.946728150702,23.65929254662827,26.965850492930365,2.9671468421844267,10.922165458842459,49.72077334307698,0,2026-09-03 06:23:53
2026-09-02 19:25:00,CNC-02,M,26.547132267786765,39.5870410529385,2176.102918322477,26.29811519808333,20.06156368720422,2.6904234997365166,10.63999164694029,54.8660785105461,0,2026-09-03 06:23:53
2026-09-02 20:36:00,CNC-01,L,299.21065974739497,312.00240147428997,2517.4422127127473,20.229024705416023,174.74610559224996,3.527568101366088,9.576051564005104,57.484887985307275,0,2026-09-03 06:23:53
2026-09-02 22:45:00,CNC-03,H,300.3112503892243,313.78237246567306,2604.5317731844752,20.48464956820802,235.36345966436826,40.18421146631395,9.959744098914987,51.62899806149735,0,2026-09-03 06:23:53
2026-09-02 23:33:00,CNC-01,L,299.0708901613338,312.1758251698581,2742.767163278528,20.60373602860864,133.24226494532547,3.5589116468405537,10.371528959832405,51.98487591300051,0,2026-09-03 06:23:53
2026-09-02 06:40:00,CNC-01,L,296.15836628840725,310.24679505885445,1910.9700583721574,36.57304756465812,36.77913166713791,2.4702527548450135,12.986970304958003,60.829745387487655,0,2026-09-03 06:23:53
2026-09-03 04:12:00,CNC-02,M,296.60271270206476,310.9229035181721,2301.7736352365437,28.713491080280964,141.79581419660065,3.1083239712804387,12.15318580793561,54.52326232134559,0,2026-09-03 06:23:53
2026-09-03 04:38:00,CNC-01,L,295.6728982271791,308.81571337499196,2284.8746942668186,26.65130778950206,,2.8571445455140525,11.345814499545199,55.501540168164496,0,2026-09-03 06:23:53
2026-09-03 00:12:00,CNC-01,L,298.73471962317166,310.71456386467224,2598.34095220063,15.611089129677776,174.82299235775096,3.7677597678776755,7.640399994320231,52.614056209806336,0,2026-09-03 06:23:53
2026-09-03 02:36:00,CNC-01,L,296.88846536998796,309.5366982721243,2606.500564955391,19.1871567562374,106.78712467701891,3.311034117521173,9.445191654852236,57.51778636832951,0,2026-09-03 06:23:53
2026-09-03 05:25:00,CNC-01,L,22.598089931894094,35.96918071635366,2352.7870131207424,26.405063405789022,91.00344764971874,3.0781996387998385,12.037230224767411,59.12067342804401,0,2026-09-03 06:23:53
2026-09-02 22:01:00,CNC-01,L,299.1635988794843,310.0872861411871,2646.7662905687366,10.552633575687006,34.26065984324026,3.239404393271611,5.121074039559621,50.79596612844857,1,2026-09-03 06:23:53
2026-09-02 12:29:00,CNC-03,H,297.6093924277313,312.1751455521894,,53.84488900087641,112.60428521222775,2.1607636914929618,14.18027341755965,55.20946094135754,0,2026-09-03 06:23:53
2026-09-03 01:12:00,CNC-03,H,304.8178526789209,311.19352757502327,2656.1725838218586,17.709909434517687,129.20298948831558,3.287954353908867,8.989409182472585,39.56774263155012,0,2026-09-03 06:23:53
2026-09-03 00:24:00,CNC-01,L,298.76371539627024,312.21819162536707,2825.905694610508,19.56912549004112,187.49002478681055,3.9189676374185174,10.484688136554615,55.539177864981006,0,2026-09-03 06:23:53
2026-09-03 04:12:56,CNC-01,L,296.2180960194261,308.54088580184765,2384.194106962133,20.5730974385072,1.181068098125153,2.987598761365478,8.956757149068528,57.11510890574116,0,2026-09-03 06:23:53
2026-09-02 07:43:00,CNC-02,M,296.22886851251445,310.2630459948494,1804.4945537980864,38.60776450366092,117.52033278987459,2.4897662698082597,13.03400802388795,57.95064209518579,0,2026-09-03 06:23:53
2026-09-02 22:26:16,CNC-02,M,298.8226518181507,311.2311903757042,2663.4362127161353,17.795614052001554,1.084638239707784,3.3195587223302487,8.898287570928032,56.17361459921141,0,2026-09-03 06:23:53
2026-09-02 19:26:00,CNC-03,H,27.827046397223683,41.669459757533275,2320.938546781436,29.18098333927552,8.604346654555478,2.8360229091369598,12.678473408416144,49.310359097496665,0,2026-09-03 06:23:53
2026-09-02 21:12:57,CNC-02,M,299.48296298410594,312.9068345514269,2629.9266647871164,20.94196469357984,147.43144395340366,,10.35921830969423,49.58450662270341,0,2026-09-03 06:23:53
2026-09-02 20:22:00,CNC-02,M,299.7466472651619,313.4363282405544,2309.8477501032444,25.758198650680193,88.64310849544958,2.9427786068189494,11.125030708980848,52.28572650383935,0,2026-09-03 06:23:53
2026-09-02 14:44:00,CNC-02,M,298.57483810456097,312.91141967854486,1485.468836412674,46.4851624977627,84.33197348293731,2.220925044144175,12.87032379872595,54.89252108381818,0,2026-09-03 06:23:53
2026-09-02 14:43:00,CNC-03,H,298.6830554202434,312.94635047469626,1432.900941408224,50.40747677354561,93.58087002624971,2.143494207571022,13.57900680916899,53.85158582937714,0,2026-09-03 06:23:53
2026-09-02 20:55:00,CNC-01,L,299.2857983952478,312.35843205236404,2535.172860084033,19.603748173695145,196.646865236136,3.81410079726158,9.197321925877075,51.68137255486128,0,2026-09-03 06:23:53
2026-09-03 02:17:00,CNC-01,L,297.1006756536395,309.10428110002624,2610.544511927228,16.11615956885419,85.51068493114124,3.2372833484574324,7.774007857779099,56.70835142380343,0,2026-09-03 06:23:53
2026-09-03 03:45:00,CNC-03,H,298.05561913012923,311.3844788677146,2409.967929888612,25.725815435951155,49.919682679784735,2.9523221325373212,11.88045769743742,58.25716073212339,0,2026-09-03 06:23:53
2026-09-03 01:57:00,CNC-02,M,296.92487054681146,310.44717119690205,2595.2315088650416,20.484398889993166,225.990198992186,4.023278818324373,9.489599188345224,55.836201561473764,0,2026-09-03 06:23:53
2026-09-02 20:24:00,CNC-02,M,299.66601460219084,312.8587869637967,2487.060078773875,21.814596880242178,90.98142638437979,3.0892169564048806,10.022436832158663,50.218019193931895,0,2026-09-03 06:23:53
2026-09-02 14:06:00,CNC-01,L,297.9278047582333,311.5892563986905,1453.589594663946,47.72624213762875,37.63789612217276,2.0208355440216534,12.728973611999807,57.09663572619705,0,2026-09-03 06:23:53
2026-09-03 06:15:00,CNC-03,H,296.66490657798516,311.9166532680082,1988.1036453545319,38.35873426840015,240.0145549934672,3.468295852165072,14.266505238541745,62.02130015531243,0,2026-09-03 06:23:53
2026-09-03 00:16:00,CNC-01,L,298.52770729122017,311.56364055777885,2677.5006258067738,18.25048829538262,179.0609589344254,3.7710855422099816,9.214719260532927,54.6543600642148,0,2026-09-03 06:23:53
2026-09-03 03:56:00,CNC-02,M,296.33759427298475,310.2498727986423,2242.1858872123244,27.488486378960655,122.40634463543294,3.044304664190168,11.559734008972097,55.1368979851307,0,2026-09-03 06:23:53
2026-09-03 01:25:00,CNC-03,H,304.6323425780455,311.59000194420815,2562.9373327558965,20.261939907075558,143.166036729325,3.30529035504318,9.81257920697594,43.82192343167506,0,2026-09-03 06:23:53
2026-09-02 07:45:00,CNC-01,L,301.59480558802426,310.04555624160605,1592.858532434789,45.53588525040043,128.75522986609576,2.521437769262229,13.87436270516494,46.47676359961178,0,2026-09-03 06:23:53
2026-09-03 05:10:00,CNC-02,M,22.797492296859957,37.91441712512324,2135.1782253175743,32.22457153186895,213.7861548604298,3.561821525002559,12.784073482127413,59.2782177320042,0,2026-09-03 06:23:53
2026-09-02 22:18:00,CNC-01,L,299.0927507367211,311.25258753560416,2609.4749019748388,17.532183023901673,52.634837041839084,3.1403054984977197,8.647351040842361,48.57735535134476,0,2026-09-03 06:23:53
2026-09-02 19:48:00,CNC-01,L,26.42013446716453,40.03523798401386,2321.502934976871,26.476052213800617,117.83976479982962,3.047183053374971,11.268052818814684,51.99789070789721,0,2026-09-03 06:23:53
2026-09-02 06:57:00,CNC-02,M,296.0280670540289,310.3373662767124,1809.506928764653,41.43318704159111,52.012279212269796,2.5474821767863145,14.239445623428864,59.84769392458831,0,2026-09-03 06:23:53
2026-09-02 11:35:00,CNC-01,L,296.65444672360593,310.764377016079,1387.2262563176992,50.4401404536018,35.02010595414931,1.911367726364511,13.105561279737291,60.219969595189816,0,2026-09-03 06:23:53
2026-09-02 15:22:00,CNC-02,M,298.56121900921215,313.68181262293564,1713.4862293809542,45.930021718896796,141.7811941550366,24.84304241050416,14.773140958460134,53.13913123710322,0,2026-09-03 06:23:53
2026-09-02 21:48:00,CNC-03,H,300.4231973172023,313.0779295512399,,17.977312036972673,173.47516682471817,34.15092996574284,8.766312521988194,53.03282570371661,0,2026-09-03 06:23:53
2026-09-02 18:32:00,CNC-02,M,299.43225818060387,314.0555857342446,2142.8659412471757,31.85547706655317,172.0527127038811,3.1466486272596406,12.749031711850774,54.827100672462215,0,2026-09-03 06:23:53
2026-09-02 15:22:14,CNC-03,H,299.46786014843593,313.45280585684515,1548.7139361700524,44.17340120085271,152.5677046407515,2.4488889884946543,12.777299111126121,56.74281078469668,0,2026-09-03 06:23:53
2026-09-02 18:28:00,CNC-03,H,300.35679281914184,314.60833299933313,2249.318111874133,29.00798860587537,195.79621394554272,3.287217412458013,12.32041387525556,50.05626316028214,0,2026-09-03 06:23:53
2026-09-02 09:31:00,CNC-02,M,296.0427939637734,310.15740752715436,1441.3318832417235,48.710268247118705,61.41368050598682,2.0104612448262107,12.994820382789575,56.427107840832804,0,2026-09-03 06:23:53
2026-09-02 14:42:00,CNC-02,M,298.51821756547673,313.00427971904037,1443.1127656012957,49.35072715750749,81.23672565392893,2.1969234299702283,13.407943919483147,57.6520555447086,0,2026-09-03 06:23:53
2026-09-03 01:31:00,CNC-03,H,304.7302828005906,311.6634651290435,2502.9860713465505,19.41545322116638,149.61900064764703,3.0848280010605076,9.31362053826055,39.06150250926042,0,2026-09-03 06:23:53
2026-09-02 18:49:00,CNC-03,H,300.63005769105774,315.54235244607924,2145.960989208865,32.99998134618637,222.61297539568827,3.4338336849061126,13.249093451560435,46.4398048197292,0,2026-09-03 06:23:53
2026-09-02 20:13:00,CNC-01,L,299.27518451507655,312.83848125721545,2262.7504075390334,25.99987021434823,147.87644139847205,3.2111609530406264,10.687042850669238,50.640859027034345,0,2026-09-03 06:23:53
2026-09-03 04:48:00,CNC-01,L,296.05119703848453,309.01542126748393,2430.2019462055528,23.77135628695712,44.11826081351697,3.003407421680276,10.758855615490463,54.06879846861621,0,2026-09-03 06:23:53
2026-09-03 05:24:00,CNC-03,H,23.62306203237648,38.10611482701154,2112.3951400629835,33.168451622593686,172.27896780969593,2.9362112025673484,13.198595483732685,55.232202313819684,0,2026-09-03 06:23:53
2026-09-02 14:40:00,CNC-01,L,298.49687145898054,312.878011443662,1588.5132687851162,47.2564290374421,90.16809559960467,2.341534128947918,13.762030579719553,53.91425254276388,0,2026-09-03 06:23:53
2026-09-03 04:25:00,CNC-01,L,296.0109516152811,308.33986501436465,2201.9333862397752,23.693010106460832,15.781894484610419,2.7363047300184093,9.99096412639132,59.782570936180164,0,2026-09-03 06:23:53
2026-09-02 22:53:00,CNC-03,H,299.9572809945808,314.0103408095617,2621.852108019449,23.102902298988038,244.0516948527469,4.14691093044261,11.190622445317397,51.360653064311734,0,2026-09-03 06:23:53
2026-09-03 03:46:00,CNC-03,H,298.12181029230635,311.7709867914519,2316.1631633470965,27.342406997798037,51.12365052070598,2.894377179112928,11.976156569693162,53.44261239086853,0,2026-09-03 06:23:53
2026-09-02 14:57:00,CNC-01,L,298.50136968517603,313.0204429373006,1558.9045113978727,48.44477248075262,116.08756340949715,2.354998148330526,14.103081744940987,53.22613643880883,0,2026-09-03 06:23:53
2026-09-02 14:31:00,CNC-03,H,298.5589927786324,313.238937145989,1441.5285467983012,53.31101741483633,75.14719679212412,2.2678979005596873,14.565400136126934,52.377139594578495,0,2026-09-03 06:23:53
2026-09-02 08:25:00,CNC-02,M,295.6502769625027,310.28794388884376,1610.4413193540265,46.43697263723931,179.65072166810626,2.693441781902702,13.767925954685083,59.29176604440069,0,2026-09-03 06:23:53
2026-09-02 20:51:00,CNC-01,L,299.2327599945965,312.55347546901646,2574.089311582386,21.593659677338835,192.02055773688724,3.7934306566509486,10.445509116050156,58.15261949575237,0,2026-09-03 06:23:53
2026-09-02 11:57:00,CNC-02,M,296.9180221126573,310.7188081017068,1390.995796361616,51.3517223513027,44.61736939808983,2.087022825315001,13.396962163889624,55.0680873884994,0,2026-09-03 06:23:53
2026-09-02 19:51:00,CNC-02,M,26.673702122476357,39.05311989742643,2415.904125690807,20.887875900171068,51.753853218823295,2.9738956421776694,9.163839752293333,50.88661447353791,0,2026-09-03 06:23:53
2026-09-02 20:48:00,CNC-03,H,300.98682805166,314.2036904064266,2368.8139559084134,23.73880589586841,106.01042361008989,3.005695408697813,10.582422304249734,51.33268007378539,0,2026-09-03 06:23:53
2026-09-02 23:04:00,CNC-01,L,299.27818748870567,311.1640945282501,2726.8409531158545,15.293119449640006,102.13396668053694,3.3502471004198147,,50.88671092122387,0,2026-09-03 06:23:53
2026-09-03 03:36:00,CNC-03,H,297.91594614350566,310.89488469634114,2447.408897362507,22.934042714518707,39.38839654841606,2.9519328602615253,10.462793163616547,53.07160837519423,0,2026-09-03 06:23:53
2026-09-02 23:38:00,CNC-02,M,298.4038319054664,310.57854083441947,2668.8116835179876,16.681437549049964,76.89335129922053,3.2163678457909213,8.211918806179641,58.514067975014314,0,2026-09-03 06:23:53
2026-09-03 04:56:41,CNC-01,L,22.62385536667972,36.30301722530447,2189.54698106548,30.502058697096373,55.50306393584837,2.8052143251463466,12.370395739511444,61.04009173603164,0,2026-09-03 06:23:53
2026-09-03 04:37:00,CNC-03,H,297.30204357532983,310.7922461921624,2324.4500471493798,25.763020910845892,112.92363951212656,2.9197612065394627,11.157548616720138,57.04750196273343,0,2026-09-03 06:23:53
2026-09-03 02:37:25,CNC-03,H,298.1103603087512,311.3170232442603,2486.581811556622,20.831894978323835,222.27645654426104,3.846595535020044,9.656741662989369,52.60724391435348,0,2026-09-03 06:23:53
2026-09-02 23:30:00,CNC-02,M,298.26900862546944,310.68922460329304,2749.5839463803486,15.812037575684716,,3.2086059341285798,8.322601785476392,52.229686897072106,0,2026-09-03 06:23:53
2026-09-02 21:52:42,CNC-03,H,300.79695644600986,314.141603079179,2680.130027162867,20.779729729649322,178.90750941619052,3.726835918563989,10.639460249039617,50.50656172371219,0,2026-09-03 06:23:53
2026-09-03 06:01:33,CNC-02,M,22.38040676886999,35.37200702290414,2044.4759684758997,25.83653286842622,35.50577973510324,2.696356956314914,9.996751111492568,59.27571433825722,0,2026-09-03 06:23:53
2026-09-02 07:06:00,CNC-03,H,296.0652375635666,310.4682413819223,1862.7250796834774,38.90493720005813,86.88291843448873,2.453951008084532,13.688637833227554,59.39419584912562,0,2026-09-03 06:23:53
2026-09-02 12:06:00,CNC-01,L,296.9575543920839,310.6819831827618,1266.6605276646476,51.4110637873915,84.30137205746648,2.050244216649286,12.308307543344084,55.239249972584,0,2026-09-03 06:23:53
2026-09-02 18:10:00,CNC-01,L,299.71826425454014,314.68272252029755,1937.7742973636452,38.653605476189576,198.9890163555171,3.2384251810273725,14.130118185318036,46.21662955890512,0,2026-09-03 06:23:53
2026-09-02 22:04:00,CNC-01,L,299.0747050041472,310.6265743710304,2663.8352748067937,14.229651099136902,37.49329083451269,3.2630561755828853,7.112059944629599,57.291900425120346,0,2026-09-03 06:23:53
2026-09-02 06:48:00,CNC-02,M,296.0507019070445,310.01056937484714,1832.3023960655862,39.058086539990114,39.4053608926324,2.5561503484823387,13.436781742646154,59.450525575368495,0,2026-09-03 06:23:53
2026-09-02 18:35:00,CNC-02,M,299.69894171096786,313.6595577732658,2166.4561548309853,27.473591889502543,175.86597079727733,,10.87540943701985,52.19357181259827,0,2026-09-03 06:23:53
2026-09-02 09:05:00,CNC-03,H,296.4537170462567,310.23815940645176,1667.8155464904787,43.24441049761513,27.395092291226153,2.249196826991763,13.51323661720386,63.14581794896323,0,2026-09-03 06:23:53
2026-09-02 13:00:00,CNC-01,L,297.2474572686825,311.4519239085546,1315.3993754717415,52.67898936044191,170.10773632437395,2.388584377726641,13.124586113198754,58.19832262674144,0,2026-09-03 06:23:53
2026-09-02 23:00:00,CNC-02,M,298.88301164139745,310.8241399357076,2688.2354712154147,15.840799001773615,36.26830031773874,3.1725309704124034,7.95406792744656,45.47486017238388,0,2026-09-03 06:23:53
2026-09-03 03:29:00,CNC-01,L,296.4346371822945,310.43278798008924,2533.1832159580877,25.421307237722335,167.59172799072536,3.512162540273882,12.157219485494647,59.14328232460096,0,2026-09-03 06:23:53
2026-09-02 07:52:00,CNC-02,M,296.136389701864,310.4800616618942,1675.8028885682552,43.92606018157358,130.71470288064265,2.4926792162016005,13.86803040989146,61.51925369138166,0,2026-09-03 06:23:53
2026-09-02 12:24:00,CNC-02,M,297.1314757258489,311.3198661143177,1380.7358039717515,51.30110878381281,87.55214218180967,2.0770295282430262,13.414548282738421,57.16776222320979,0,2026-09-03 06:23:53
2026-09-03 00:47:00,CNC-03,H,304.8981909457406,310.41527806161685,2698.209215125454,13.801106312180508,102.40883428888824,3.2455251437814403,6.76725645470183,41.937297686020884,0,2026-09-03 06:23:53
2026-09-02 18:13:00,CNC-02,M,299.4967489736927,314.2830429736401,2092.513114474907,35.631802791181805,147.27575531239614,2.9419523299233106,14.00428387754784,47.72994649641231,0,2026-09-03 06:23:53
2026-09-02 21:40:00,CNC-01,L,299.5683608499485,311.32838329653157,2506.589771618066,18.475238427638413,11.102042592404759,3.050153952786609,8.669518377401358,52.39090506036573,0,2026-09-03 06:23:53
2026-09-02 12:05:00,CNC-03,H,297.5641592697372,311.30917193632314,1372.3818701248708,49.457890978542835,74.67420092367293,2.009569611444546,12.770571040923674,57.29458556432359,0,2026-09-03 06:23:53
2026-09-03 03:19:00,CNC-01,L,296.75945277391895,310.05640315063107,2524.6117320964386,21.16118345745328,155.90049941938608,3.4852425991211207,9.927668885823886,57.304393179414376,0,2026-09-03 06:23:53
2026-09-02 18:44:00,CNC-03,H,300.6396986699588,314.5289750692236,2128.003455677507,29.029119465848556,216.31748219996962,3.4361650715524514,11.615585580463232,48.21719639839819,0,2026-09-03 06:23:53
2026-09-03 03:18:00,CNC-01,L,296.64967317726706,310.98902697516024,2366.4396912794195,28.545138604579684,154.75084536463103,3.2956641094197217,12.749454331757416,57.03232933250298,0,2026-09-03 06:23:53
2026-09-03 04:24:00,CNC-01,L,296.2893394247822,309.3626359625306,2288.1590671571525,26.656801323483297,14.533467438762205,2.899732938959693,11.508933368243607,58.92436448825866,0,2026-09-03 06:23:53
2026-09-02 11:56:00,CNC-02,M,296.6910961517536,310.2775338331483,1337.03723463007,48.69856955234504,43.017369398089826,2.064701531088022,12.073335123470132,57.93521363283683,0,2026-09-03 06:23:53
2026-09-03 01:09:00,CNC-01,L,298.184920943664,308.96851816542573,2668.0631459231918,11.471399593835203,11.754698532680482,3.3000253971125324,5.623099823216443,54.4132325512791,1,2026-09-03 06:23:53
2026-09-02 11:46:00,CNC-03,H,297.050277556261,310.4663031612272,1427.1014240994612,45.86430806767083,44.5452528087169,2.114586889157676,12.386798965128891,53.5046226653619,0,2026-09-03 06:23:53
2026-09-03 01:06:00,CNC-01,L,298.1047024913203,309.8168616031559,2575.3942860975476,16.673112769549885,8.518460266416556,3.168398839083535,8.16912882552594,53.958962937796116,0,2026-09-03 06:23:53
2026-09-03 03:45:00,CNC-02,M,296.409709277807,310.2718571253304,2407.749068007081,26.128425077819582,109.44819722511815,3.1480057480917107,11.725155329389755,55.789641401244054,0,2026-09-03 06:23:53
2026-09-02 09:45:00,CNC-03,H,,310.9377164521643,1520.47268147132,46.143614049842064,89.0060141009914,2.257645952572425,12.966715829126327,61.16038013025826,0,2026-09-03 06:23:53
2026-09-02 15:39:00,CNC-03,H,299.80141577722395,314.5184653623059,1732.655169891298,43.001285729974136,177.94938360596413,2.7845424174632245,14.054304321595566,52.88762155631883,0,2026-09-03 06:23:53
2026-09-02 21:16:00,CNC-03,H,301.0702426027559,314.9454323204237,2515.1600758112345,26.88665877935118,137.81182420221285,3.335395378911826,12.578592744031157,49.56782166004913,0,2026-09-03 06:23:53
2026-09-02 22:46:00,CNC-03,H,300.44407226266725,314.42850502009986,2659.814292958415,23.070361254346512,236.44877047486082,4.080348032523551,11.52694072446263,55.62088057040512,0,2026-09-03 06:23:53
2026-09-02 12:13:00,CNC-01,L,296.8738346190537,311.3037849944758,1399.5046791199609,53.07444573570684,95.49549660760226,2.1632855033232956,14.157834717419677,58.38940740462691,0,2026-09-03 06:23:53
2026-09-02 22:51:00,CNC-01,L,299.34393161334543,310.7978215036123,2727.5239144300594,13.059104290274462,88.18352378957019,3.2525582025548827,6.230679584866189,48.28561908301682,0,2026-09-03 06:23:53
2026-09-02 08:03:00,CNC-03,H,296.2901416650415,310.8689893051152,1772.979558377898,40.83716380305099,169.28758385305343,2.6930780607943707,13.73068129845247,54.84529830873855,0,2026-09-03 06:23:53
2026-09-02 19:55:00,CNC-03,H,27.3214311744822,39.897232952377635,2449.478544588811,22.19588798619039,44.00250049110533,3.0801109751749776,10.394181475233772,50.765337253210255,0,2026-09-03 06:23:53
2026-09-02 20:03:00,CNC-02,M,26.51392964255848,39.97747798182769,2436.6017610040226,23.46095009132733,66.18451011880259,3.041685932039285,10.398010669877387,55.09588766411943,0,2026-09-03 06:23:53
2026-09-02 16:12:16,CNC-02,M,298.74121663777385,314.16382467157047,1769.0042864913817,43.73211382536184,214.91658118719286,3.052999583504593,14.63841167626874,56.06399348681664,0,2026-09-03 06:23:53
2026-09-02 22:23:00,CNC-01,L,299.44862712507967,311.8177599031461,2548.9976512812996,19.76480895701342,58.011258393671845,3.107643763128066,9.3937645252372,51.426796312170815,0,2026-09-03 06:23:53
2026-09-02 17:01:00,CNC-01,L,299.1739623239865,313.6287524639645,1876.8939118064563,40.084447321510055,105.12259112786431,2.603321938255745,13.939357181749799,50.392924295605646,0,2026-09-03 06:23:53
2026-09-03 02:51:00,CNC-01,L,297.12475254607875,310.74109723551413,2420.2503097236445,25.11742169613626,123.79139279628718,3.241015620026086,11.49793898790728,56.62698775434613,0,2026-09-03 06:23:53
2026-09-02 15:47:00,CNC-02,M,298.8698341019349,313.67764327810164,1898.2528778203123,38.74146633340199,178.81916252387003,2.9693524250071897,13.7794430335459,53.01429449820269,0,2026-09-03 06:23:53
2026-09-02 21:24:00,CNC-02,M,299.2447270243857,311.9097622737508,2627.7825692145384,17.440931232672487,159.8122054003637,3.526207741851638,8.583262511082204,50.78823335443805,0,2026-09-03 06:23:53
2026-09-03 00:17:00,CNC-02,M,297.97667817172277,311.14157814164696,2651.4977185340344,19.862031423940536,118.4981908162198,3.2955744480792895,9.87624896597873,53.436812567248744,0,2026-09-03 06:23:53
2026-09-03 03:37:00,CNC-03,H,297.6605232237565,309.648257427045,2570.635999730363,18.077080464201856,40.526104036813614,3.1532719232461357,8.631759299661095,59.56244836905087,0,2026-09-03 06:23:53
2026-09-02 11:55:00,CNC-02,M,297.0238995410871,310.6705366507802,1398.8017080512936,49.43191607441583,41.418172853869955,2.057967490725182,12.864776787058705,62.285395294741136,0,2026-09-03 06:23:53
2026-09-02 09:33:00,CNC-01,L,295.9667199904044,310.52960002904996,1622.437265146433,47.1385129257115,54.98524152390763,2.2837240184872414,14.050837687550148,59.76103103259416,0,2026-09-03 06:23:53
2026-09-02 09:08:00,CNC-03,H,296.28948829847525,310.2837628319246,1696.2528982839488,41.77756712673939,31.93221109411189,23.16888134635399,13.134721716637998,55.51649344354046,0,2026-09-03 06:23:53
2026-09-02 21:42:00,CNC-02,M,299.09566581959405,312.21741568558195,2474.2102917654233,20.12990072669955,179.76045514599318,3.516886567259332,9.318081284048459,54.98251822676314,0,2026-09-03 06:23:53
2026-09-02 17:39:00,CNC-01,L,299.4998474232566,313.7555725103769,1853.3695750600189,37.107378349476335,157.51282639952078,2.890430653018327,12.695982942604193,48.414034355313596,0,2026-09-03 06:23:53
2026-09-02 18:30:00,CNC-03,H,300.48558497651703,315.0476383790358,2090.2286705552997,32.83001974387557,198.37629062812888,30.459093197640392,12.965129148666723,49.51142866365136,0,2026-09-03 06:23:53
2026-09-02 19:26:00,CNC-02,M,26.59427577407058,40.21494769641777,2252.5947401263556,28.941438423199585,21.32876857709381,2.738451385033767,12.086329541582465,52.672358422744345,0,2026-09-03 06:23:53
2026-09-02 12:00:00,CNC-02,M,296.97690791741684,311.2016424718394,1452.8916971200179,50.849703677446804,49.37986269371898,2.237819090442952,13.803662991180774,56.57227256529764,0,2026-09-03 06:23:53
2026-09-03 02:19:00,CNC-02,M,297.16108362126437,308.80079933121993,2579.734303861758,14.527772603314773,11.064617587906142,3.0845102482292024,7.105265239041581,52.187782019280775,0,2026-09-03 06:23:53
2026-09-02 19:25:00,CNC-01,L,26.407922309789967,39.872799765045386,2269.9714495710064,25.16166628423452,89.86500782800599,2.9365955412628497,,51.76945098889289,0,2026-09-03 06:23:53
2026-09-02 12:38:00,CNC-03,H,297.7820147876905,312.7488317333324,1526.4970136157208,52.791998591640336,126.8655166733679,2.3460168070623935,15.001511741318481,57.03852536046576,0,2026-09-03 06:23:53
2026-09-02 08:38:00,CNC-01,L,301.4702165844349,310.390014486701,1617.195637840233,45.92247396204025,207.20525596681068,3.216700422955153,13.65375860232766,47.34157231158026,0,2026-09-03 06:23:53
2026-09-02 07:59:00,CNC-02,M,295.7709728524053,310.29461521820406,1626.8711482071583,43.92993708079947,141.077518829476,2.561932331577009,13.466940535299566,58.3429110868055,0,2026-09-03 06:23:53
2026-09-02 15:25:00,CNC-01,L,298.7531905006722,313.28734490608275,1512.8792147437584,47.38623234826381,158.45103681326503,2.4204434315068526,13.43497271931151,55.13126565487104,0,2026-09-03 06:23:53
2026-09-03 03:38:00,CNC-03,H,297.7872167879334,309.75124193124753,2506.365373541552,18.62423950403098,41.68490659834016,3.0398975433506177,9.117530726700585,56.020303916050885,0,2026-09-03 06:23:53
2026-09-03 03:39:00,CNC-03,H,297.9602919818736,310.55430596815955,2459.0607058868463,21.17435434876287,42.85059308208073,3.084925455886149,9.802557969875732,53.374250568480136,0,2026-09-03 06:23:53
2026-09-03 00:05:00,CNC-03,H,299.98889307846247,311.62242141665513,2722.962915812249,14.36252053672729,57.60056385373022,3.2958727599961515,7.505779236389698,50.67526766795503,0,2026-09-03 06:23:53
2026-09-02 06:47:00,CNC-02,M,296.11422862677534,310.02119325658776,1889.088061717502,36.18478640910727,37.993014396681716,2.562692671878574,12.933754797567437,59.252131787840426,0,2026-09-03 06:23:53
2026-09-02 23:25:00,CNC-02,M,298.35958377153446,310.869389753742,2640.2785140098244,17.957012147239624,63.1564526162815,3.2333889903595954,8.66273722056603,57.18423829015258,0,2026-09-03 06:23:53
2026-09-03 01:34:00,CNC-02,M,297.5105213841143,310.25166100054776,2651.606951733612,15.590051163817632,200.7726609795359,3.832156581739559,65.49534579061775,54.29721659799379,0,2026-09-03 06:23:53
2026-09-02 22:06:00,CNC-02,M,299.1963198977017,312.9130169168577,2782.1470552627106,20.71830896651969,206.09435316592396,3.9614845565915626,10.809993179640605,51.95435449437726,0,2026-09-03 06:23:53
2026-09-03 05:57:00,CNC-01,L,22.456207953857813,37.59166368957301,1866.7681313182336,43.355918859605424,132.8328213279,2.6489200977827285,15.24136164549725,56.53671760477029,0,2026-09-03 06:23:53
2026-09-02 23:58:00,CNC-02,M,298.18283046433436,310.97441796400096,2804.783149989843,,98.15051035159857,3.45651053887203,9.633225687105424,55.75159235083984,0,2026-09-03 06:23:53
2026-09-02 16:14:00,CNC-03,H,299.5513709065262,313.1009631851792,1819.540156222699,37.93076521781748,11.718659628733615,2.45783977655217,13.050912149667992,54.61641375224587,0,2026-09-03 06:23:53
2026-09-02 10:10:00,CNC-03,H,296.7047751793879,310.6243850750748,1264.6285914941936,51.102442895446806,127.96703762852566,2.0223075232987644,12.098874037898577,55.80412602930971,0,2026-09-03 06:23:53
2026-09-02 18:21:00,CNC-03,H,300.5194862013689,314.9559784740788,2020.1067245451948,34.42810991897057,186.66708615590227,29.94372334841196,12.930507428301087,49.035770853028076,0,2026-09-03 06:23:53
2026-09-02 18:48:00,CNC-02,M,299.69654603363523,314.93270907109206,2164.8326280222054,35.07984378686546,192.45663042853175,32.16759841196102,14.291346290377065,50.74758575926556,0,2026-09-03 06:23:53
2026-09-02 19:20:00,CNC-01,L,26.403125725174164,39.1809111217691,2370.8144980706024,22.25709973813093,83.66535676631412,2.9757904110043945,10.04202127882865,52.76346385328204,0,2026-09-03 06:23:53
2026-09-03 01:14:01,CNC-01,L,298.13323166925034,309.8367433047747,2608.8844316731593,,17.118121011346545,3.1118527158602385,8.006138968418938,61.05484594104077,0,2026-09-03 06:23:53
2026-09-03 02:21:00,CNC-03,H,304.3299805180796,310.76070353184593,2706.1649987812666,16.584274434006495,204.32887848702939,3.7966793475997163,8.322119016637494,39.568065630424364,0,2026-09-03 06:23:53
2026-09-02 21:07:39,CNC-02,M,299.66852322563767,313.1826149267583,2514.830335460172,21.943652010515116,140.48070570168323,3.295010670524664,10.315288242126181,51.964856670198266,0,2026-09-03 06:23:53
2026-09-02 06:40:00,CNC-03,H,296.36376528631564,310.12584626333717,1937.1966439190583,35.57039496600176,50.64913531608086,2.5594798571585984,12.994933625482954,56.48754847753902,0,2026-09-03 06:23:53
2026-09-03 05:46:00,CNC-03,H,,38.4141489772947,2010.3105103681921,36.397158865143716,201.08898607062423,3.079567164386655,13.563564501056176,60.896308842748134,0,2026-09-03 06:23:53
2026-09-03 01:01:00,CNC-02,M,303.2871154059294,311.0721193061747,2750.0612955270067,20.911882639589205,165.41285849483762,3.6035532672201507,10.569437134078274,47.53229301130662,0,2026-09-03 06:23:53
2026-09-02 12:05:00,CNC-01,L,296.87275161216604,310.86124852714306,1462.6261605685909,48.15706385077772,82.70137205746649,2.131227844313335,13.250747701849642,55.31665160032502,0,2026-09-03 06:23:53
2026-09-02 08:43:00,CNC-03,H,296.2359205057415,311.1886699138485,1573.9702074224097,48.60078092901067,229.01689505477785,3.0735998616618923,14.269574244766362,57.57288488742966,0,2026-09-03 06:23:53
2026-09-02 20:33:00,CNC-01,L,299.64781431972557,312.5537378787152,2503.8908834265258,19.605389166614245,171.25831541347935,3.5232544879711933,8.958592210282209,52.41661533847226,0,2026-09-03 06:23:53
2026-09-02 06:45:00,CNC-01,L,296.0882818330076,310.0310537790913,1946.958157249303,35.63313348175127,43.71422198066177,2.638048666107663,12.992452545572144,59.064321836994516,0,2026-09-03 06:23:53
2026-09-03 01:51:00,CNC-03,H,304.447668729647,310.9887919623149,2665.364965308913,16.748110123931625,171.29613875980445,3.456644905885926,8.291029837963622,41.6550137388074,0,2026-09-03 06:23:53
2026-09-03 04:36:00,CNC-01,L,296.16728050464945,308.7820144477562,2346.3951554534383,22.452471530520572,29.2987566302967,2.8946458294429473,9.795951215769035,60.3701456554827,0,2026-09-03 06:23:53
2026-09-02 23:49:00,CNC-03,H,299.8081613167325,311.2330666556072,2648.6053747548917,15.231054594164803,40.587992824442104,3.1347000877515225,7.609603145270232,50.980910668020606,0,2026-09-03 06:23:53
2026-09-02 09:05:00,CNC-02,M,0.0,309.6442001943074,1344.4511454956478,48.675996924922096,21.36850362941519,0.0,12.490470504430315,58.37562539115417,0,2026-09-03 06:23:53
2026-09-03 00:47:00,CNC-02,M,303.5203892988518,310.6095018847242,2683.503089624436,18.874582719706677,150.3282137814155,3.5241824337811396,9.561996105482523,44.92963647514381,0,2026-09-03 06:23:53
2026-09-02 17:28:50,CNC-02,M,298.91798190846197,313.5406829067974,1783.4753854044966,40.50141663108888,86.76162390916691,2.443275321408332,13.639174273463675,55.227396646827266,0,2026-09-03 06:23:53
2026-09-03 00:34:00,CNC-02,M,303.45273211854277,310.22024568247355,2764.418513448011,16.993899892592356,136.5948573953472,3.574140236949037,8.786166365282185,48.20030595984196,0,2026-09-03 06:23:53
2026-09-02 21:29:00,CNC-02,M,0.0,312.928572852302,2498.727562000577,21.430403288528638,165.2728562127788,3.461062950258391,9.982534807540366,52.94467213042804,0,2026-09-03 06:23:53
2026-09-02 22:25:00,CNC-01,L,299.2293858395747,,2699.0718404458094,13.356713347430865,60.210378681620405,3.2117492074967777,6.823797714366892,55.269965325438164,0,2026-09-03 06:23:53
2026-09-03 05:28:00,CNC-01,L,22.810067642344222,36.00620920615387,2055.5875991450207,28.14033844226102,94.95335873307388,2.7090517570198243,10.969154526216029,57.981666508406576,0,2026-09-03 06:23:53
2026-09-03 02:11:00,CNC-02,M,296.9679946159255,309.5188742536527,2490.7621526560015,19.758394659727166,2.197211012852608,3.0320173826888324,9.206123649225843,57.376704966446134,0,2026-09-03 06:23:53
2026-09-02 19:47:00,CNC-03,H,27.662338524351526,41.359327507199,2378.9687556048007,28.23409055827087,34.306674377506496,2.8996740751169465,12.441756867082747,49.52520381403009,0,2026-09-03 06:23:53
2026-09-03 03:05:00,CNC-01,L,296.83574846201174,309.39179868464305,2426.130255553212,19.293026393584327,139.72807732484975,3.2383037892154345,8.606209460095124,55.99469923115552,0,2026-09-03 06:23:53
2026-09-03 06:02:00,CNC-01,L,22.544217586751188,37.433659545902344,1969.5620555566693,37.18285195691152,139.40650707462297,2.809185738686946,13.855964546995954,61.21920405431089,0,2026-09-03 06:23:53
2026-09-02 19:20:00,CNC-03,H,27.71303400002074,39.67840375827535,2332.2380119573522,20.936263470430355,1.1939659131812157,2.8973659294917993,9.221062255366657,,0,2026-09-03 06:23:53
2026-09-02 08:42:00,CNC-01,L,301.51375546324647,310.22260944607444,1584.986889934402,47.944922812157124,213.20289826880918,3.2768065901769647,14.450604708462173,50.67325307182103,0,2026-09-03 06:23:53
2026-09-03 01:54:00,CNC-03,H,304.3567876721224,310.828819785477,2630.3621541378197,17.407890835101707,174.57226909951518,3.460921579867715,8.80517531287549,44.40149632277847,0,2026-09-03 06:23:53
2026-09-02 08:00:00,CNC-03,H,296.33609013701664,311.0394342233826,1714.3834305712492,41.11246113176917,164.8698764949094,2.647706737589458,13.21815659703598,61.57507674666784,0,2026-09-03 06:23:53
2026-09-02 12:55:46,CNC-03,H,297.8932095826294,312.56109802154197,1467.7209615358368,48.52554851593068,153.70168947212994,2.353352929303577,13.106838615461305,57.13430766861487,0,2026-09-03 06:23:53
2026-09-03 04:56:00,CNC-03,H,23.79184375471897,37.72358083678648,2048.37863211228,32.3173445528059,136.51129773885572,2.820707361895772,12.37032721359515,56.804308731129176,0,2026-09-03 06:23:53
2026-09-02 19:10:00,CNC-03,H,27.343939497204644,42.445100410196346,2098.611542833083,36.81579654827562,248.9258242161139,3.7340607589516153,14.0748778095352,52.26809514063472,0,2026-09-03 06:23:53
2026-09-03 02:46:00,CNC-03,H,297.97709593739535,312.3458845790102,2540.8607824903447,26.111983176223227,232.3917979503036,38.68620934372389,12.508092271507053,53.249206244105544,0,2026-09-03 06:23:53
2026-09-03 02:56:00,CNC-02,M,296.5593249301277,309.2694342519273,2506.0164793942618,19.82145585846211,52.7478150276501,3.033518051110288,9.343176023069965,57.61903950941765,0,2026-09-03 06:23:53
2026-09-03 00:56:42,CNC-03,H,304.8162729900226,311.98170691592804,2595.003440856515,21.20995292217098,114.2936949944902,3.254115142973459,10.399963480279736,47.59322343991909,0,2026-09-03 06:23:53
2026-09-02 06:33:00,CNC-01,L,296.0360705000462,309.82571907642955,1883.4497704067032,35.68863102187319,27.04217947542353,2.5472758957758805,12.479965503971304,55.83077599802299,0,2026-09-03 06:23:53
2026-09-02 14:25:00,CNC-01,L,298.06305844967443,311.59010465417015,1436.1318212654312,46.855335086484516,67.37363333526345,2.0718126541113517,12.799847363228373,55.114240468927065,0,2026-09-03 06:23:53
2026-09-03 06:08:00,CNC-03,H,296.19820522354803,310.9995976739023,2141.4762190949195,33.64071421465324,230.61185883293643,3.494489644441539,13.400625249541106,58.36142076452067,0,2026-09-03 06:23:53
2026-09-02 19:42:00,CNC-02,M,26.523547395811534,40.284938992138166,2269.6264370984613,28.892452644257002,40.88629940648064,2.748444785401962,12.166920500307803,55.787224800221985,0,2026-09-03 06:23:53
2026-09-02 13:31:00,CNC-03,H,297.79803977978526,312.7502832797399,1408.8217587088222,52.672386454509365,210.77821258800964,2.707618135103911,13.723614119010021,55.5227081175344,0,2026-09-03 06:23:53
2026-09-02 20:28:00,CNC-02,M,299.7575071534497,312.6461088973256,2316.3070843712485,21.564737233316357,95.60180443068423,3.0630626379092645,9.475596920432489,53.32281865792329,0,2026-09-03 06:23:53
2026-09-02 20:29:00,CNC-01,L,299.29256207508973,0.0,2608.2535931941998,22.78210146488716,166.6118139239993,3.6320960845012022,11.146737219028966,49.97128034572849,0,2026-09-03 06:23:53
2026-09-03 06:01:00,CNC-03,H,23.528494712973213,39.004108098237054,2004.1607696169444,39.71896299701008,221.2150434727388,3.252554719022489,14.970224158122363,50.838730623037826,0,2026-09-03 06:23:53
2026-09-02 08:53:00,CNC-03,H,296.08276647108045,309.8174839940296,1778.792978600386,40.69907916538327,9.08711534998691,2.372477454717509,13.576957715072492,57.70041319708495,0,2026-09-03 06:23:53
2026-09-02 22:53:00,CNC-02,M,298.6557380692622,309.7367895877131,2764.579724599852,10.39438116285325,28.669231414496142,3.3509485631982203,5.263040075535008,53.08572181623841,1,2026-09-03 06:23:53
2026-09-02 13:51:36,CNC-01,L,297.8950031249019,311.39307136401817,1361.9776053110368,48.21521822340369,14.182757373239417,2.0236535939132096,12.19225444189603,57.99008936803625,0,2026-09-03 06:23:53
2026-09-03 03:45:00,CNC-01,L,296.2938397660931,310.86898727492456,2416.9789524391967,30.077223563319727,186.27930617879267,3.6517194310937118,13.580502918553353,57.318061637881556,0,2026-09-03 06:23:53
2026-09-02 19:32:10,CNC-02,M,26.218738512238986,38.69820429609382,2384.087430429639,20.946674430945045,28.612968361474348,3.0456820816958072,9.21644152004218,47.443954779973446,0,2026-09-03 06:23:53
2026-09-02 09:25:00,CNC-02,M,296.0546655907484,309.98839549466,1553.5519693744568,45.76279113274735,52.06718976951831,2.1200379782896337,13.291356513218906,57.0394819704227,0,2026-09-03 06:23:53
2026-09-02 23:07:00,CNC-01,L,299.4628865155339,311.90651861869577,2518.78251489729,18.659191326880915,105.36939702195261,3.1892994019145755,9.041738862294565,53.020132249817216,0,2026-09-03 06:23:53
2026-09-02 23:34:00,CNC-02,M,298.1934673741269,310.9770747641676,2778.7727426860274,17.71556976934443,72.64571321471318,3.439240432777729,9.19533873482265,55.409541586958035,0,2026-09-03 06:23:53
2026-09-02 14:41:00,CNC-01,L,298.3190350815034,312.3728584511079,1486.4808440781744,46.083637540558456,91.68190034128641,2.1146762534148644,12.637534925198032,51.45393395047762,0,2026-09-03 06:23:53
2026-09-03 04:25:00,CNC-02,M,296.2119263596003,309.6280665257497,2372.544853657144,22.82557923524203,157.590202475178,3.3112873340411473,9.739732757099057,58.22990457535085,0,2026-09-03 06:23:53
2026-09-02 19:31:00,CNC-01,L,26.207314169576478,39.87566446413905,2241.689084865769,29.18235194714771,97.18444134869961,2.839432321541856,12.303540609475647,52.861192186460194,0,2026-09-03 06:23:53
2026-09-02 17:14:00,CNC-01,L,299.34537111803525,313.4617277616856,1765.2912495368028,39.2143997373108,123.29340161920372,2.5495025007081864,13.124984234176974,52.965721766216085,0,2026-09-03 06:23:53
2026-09-02 12:11:00,CNC-03,H,297.50589719809955,311.9588531481227,1416.603796603754,53.080293486765946,84.14626620420103,2.115659594556023,13.998883362585147,53.21665303188628,0,2026-09-03 06:23:53
2026-09-02 14:57:00,CNC-03,H,298.4923793543909,312.75873607994475,1551.6942183088577,45.693623978287114,114.95268771812273,2.337808412130228,13.481121318863684,48.715819730212914,0,2026-09-03 06:23:53
2026-09-03 00:27:00,CNC-03,H,299.9341417656679,311.6304245434341,2580.2377181323372,16.311139490175552,81.03675287722143,3.2153351242072943,7.805866856380279,51.449388132998294,0,2026-09-03 06:23:53
2026-09-02 17:34:00,CNC-02,M,299.2993813723232,313.70407610304494,1962.2538458204674,36.37045059407791,94.98069331302882,2.6952301671956294,13.328464373115061,56.36740067449905,0,2026-09-03 06:23:53
2026-09-02 08:00:00,CNC-02,M,,310.32867628400965,1791.0488414776125,38.3883601031381,142.5099914357905,2.582692136673577,12.874323726774806,55.97790682872564,0,2026-09-03 06:23:53
2026-09-02 16:25:00,CNC-01,L,299.1529153103839,313.1952612885842,1768.0279952041678,40.745907614910465,54.09138461563248,2.406237932325613,13.535460549229377,58.80442143684662,0,2026-09-03 06:23:53
2026-09-02 23:59:00,CNC-03,H,0.0,311.9445514821993,2651.625450451893,16.341471579657604,51.28365114635318,3.2138885896507547,8.09212841615584,50.05158757410789,0,2026-09-03 06:23:53
2026-09-02 18:17:00,CNC-01,L,299.42147565279373,313.0637124443783,2196.2242846385675,31.225544501091456,3.9075919044599723,2.7340124662757357,13.057463140006018,52.81972116831032,0,2026-09-03 06:23:53
2026-09-02 22:49:00,CNC-02,M,298.9837779893368,310.428746186698,2537.1390255792535,14.477912540867703,24.44238886469264,3.0322811471291358,6.842668597830545,52.76997496095459,0,2026-09-03 06:23:53
2026-09-03 03:10:00,CNC-03,H,298.5430926423316,311.1959821566542,2532.1262283054048,21.877245358556706,9.246136116127063,3.0512507648143967,10.432444474326742,51.03113601989903,0,2026-09-03 06:23:53
2026-09-03 05:05:00,CNC-02,M,23.060525696118532,38.49833745771326,1913.0397491646984,40.33157722739585,207.4429323024568,3.276401145105012,14.310137814177214,54.59323044424699,0,2026-09-03 06:23:53
2026-09-02 17:44:00,CNC-03,H,6475.427626425063,314.8029421175757,1939.9063908586113,39.68888565758863,137.79660504175988,2.6333573746691683,14.557278749031262,50.90924768309324,0,2026-09-03 06:23:53
2026-09-03 04:23:00,CNC-03,H,297.33022752474534,310.4468914676682,2382.176461441985,24.748574142771254,95.80971984808177,3.1277650827468566,11.195549411664372,56.95224620337811,0,2026-09-03 06:23:53
2026-09-02 21:40:00,CNC-02,M,299.1401371250581,312.1997247388844,2527.3377845922946,19.64399644197641,177.5845112073076,3.6408737811801704,9.61906230023617,50.70112302551388,0,2026-09-03 06:23:53
2026-09-02 19:39:00,CNC-03,H,27.611878260525373,40.50143893383358,2319.752314908757,25.15980749182984,24.559280423781328,2.837833829904435,11.06283736022886,47.22245549178805,0,2026-09-03 06:23:53
2026-09-02 13:53:00,CNC-02,M,298.3646379555183,312.779280259309,1557.7962819156573,47.981708038688666,4.7055782458995115,2.2222976742524563,14.067515665409543,53.807200503699576,0,2026-09-03 06:23:53
2026-09-02 06:28:00,CNC-03,H,296.0570404450509,309.60979472447775,1955.5202200575743,32.77365053907366,34.257188987745266,2.491909668145149,12.006954191422619,61.83272280384126,0,2026-09-03 06:23:53
2026-09-02 23:52:00,CNC-02,M,298.139356736084,310.5974135530802,2714.42907913874,16.084823026067998,91.71340786211842,3.3100087742304414,8.050008441853784,54.28949976568767,0,2026-09-03 06:23:53
2026-09-03 04:11:00,CNC-02,M,296.192389236615,310.4776186278239,2314.851476393691,28.38027784054788,140.5533527118142,3.1222289281473916,12.433103516529934,60.97424486605533,0,2026-09-03 06:23:53
2026-09-03 05:02:00,CNC-03,H,23.78865420512119,37.70959049397709,2234.2646920284246,29.499143148010628,144.13560231170334,2.9920576323650994,12.406869947552002,61.104080967482815,0,2026-09-03 06:23:53
2026-09-02 16:21:00,CNC-01,L,299.4286514667108,313.6483522842327,1705.2552538295415,44.97068969942804,48.26399113013435,2.3842300738589297,14.34671456355725,55.32074373783476,0,2026-09-03 06:23:53
2026-09-02 13:49:00,CNC-03,H,298.2856659494696,311.96622672243933,1433.9826346974658,49.459379333356466,9.47052847154187,2.1387741079939677,13.230145540721418,56.27747451087356,0,2026-09-03 06:23:53
2026-09-03 00:36:00,CNC-01,L,298.24120840639006,310.4650997639966,2726.2573930418152,14.058859245407094,200.21390781578046,4.029322947981324,7.2902375026263995,55.36937786237449,0,2026-09-03 06:23:53
2026-09-02 21:57:00,CNC-03,H,300.9665138210304,313.84879206937546,2627.8921744967056,18.576002715701332,183.28299385987057,3.5674254205317704,9.081455472172907,51.25823613507059,0,2026-09-03 06:23:53
2026-09-02 13:50:00,CNC-01,L,297.6145092700137,311.2066658043782,1342.292291605815,48.716241008050886,12.582757373239417,2.067413707892589,12.383402249754317,57.99631316350572,0,2026-09-03 06:23:53
2026-09-03 03:23:00,CNC-01,L,296.4265702199853,309.95227591360214,2324.6878108368005,23.977107675888064,160.50685744269515,3.206991854049805,10.557126857017161,60.3062829614176,0,2026-09-03 06:23:53
2026-09-03 05:53:00,CNC-01,L,22.714834113992083,37.5172149511767,1986.3062241105085,39.04620748527469,127.49425860738367,2.7080249405649512,14.463254617288497,64.74875588343828,0,2026-09-03 06:23:53
2026-09-03 05:53:00,CNC-02,M,22.31012889886415,35.515475077715394,1995.3779230679884,28.691353727214228,24.929630331371786,2.4676455771982653,10.78370912699842,60.33485314225986,0,2026-09-03 06:23:53
2026-09-02 20:12:00,CNC-02,M,299.697814235104,313.13079293425204,2337.714269010918,25.039310866199752,76.85542102534623,2.8550267051455154,10.676380035866446,52.9957382138184,0,2026-09-03 06:23:53
2026-09-02 22:53:00,CNC-01,L,299.4986505603711,312.4053057444382,2629.1714218485836,,90.34872732797598,3.249366745953472,10.280144503705491,52.49216200943457,0,2026-09-03 06:23:53
2026-09-02 10:12:00,CNC-03,H,296.7917502641953,311.56882730346905,1543.8096240047967,49.81246862744295,131.09039490313475,2.271535972050139,14.189916789812278,58.153964954498065,0,2026-09-03 06:23:53
2026-09-02 06:35:00,CNC-03,H,296.35988824413425,310.5233156704747,1848.5380762338193,39.50963381721826,43.87401202056314,2.4881041358150022,13.836849934682329,56.59044537674455,0,2026-09-03 06:23:53
2026-09-02 08:59:00,CNC-02,M,295.76182784815165,308.9822924509278,1381.276439051156,43.28122105570143,12.26557230144799,2.0777239931283757,11.240651418592883,56.77210547328415,0,2026-09-03 06:23:53
2026-09-02 21:03:00,CNC-01,L,299.135158583235,313.2044254583261,2461.4926006547926,24.982724494887005,205.77125047190327,3.810926338980889,11.438390825366076,51.93737553681886,0,2026-09-03 06:23:53
2026-09-02 19:15:00,CNC-01,L,26.432860353186356,39.29515816318167,2252.2179484830735,24.10716645526615,77.45880424887446,2.9484397439418557,10.038654316380885,52.412914516632476,0,2026-09-03 06:23:53
2026-09-03 05:59:00,CNC-03,H,23.57682668637119,37.74520261373988,2123.5709577484363,31.93626482432681,218.5028079586514,3.328528355647844,12.772399842522784,55.95056033547002,0,2026-09-03 06:23:53
2026-09-02 18:07:00,CNC-01,L,299.75173853823395,314.2523828146266,2012.578070318692,34.30988363966378,194.91350204003774,3.2766847704396556,13.067925163434662,50.77689258394231,0,2026-09-03 06:23:53
2026-09-02 12:58:00,CNC-01,L,297.7584563886382,312.28921083038705,1357.102927748085,54.10143177568855,166.91013049167765,2.571158362053785,13.7366811585861,58.231146687943635,0,2026-09-03 06:23:53
2026-09-02 15:40:00,CNC-03,H,299.60608795541316,314.09778132929347,1657.2348088571719,43.568134401062345,179.4295339462008,26.671272936210766,13.340726347158913,51.67370641366009,0,2026-09-03 06:23:53
2026-09-03 03:51:00,CNC-01,L,296.25553645576093,309.5224976300755,2471.5740360998907,22.054512372109073,193.37418639834524,3.67561356050583,10.136337329527015,56.371555605100234,0,2026-09-03 06:23:53
2026-09-03 04:17:00,CNC-02,M,296.1431305202509,310.6748871087863,2377.471868875343,29.173892402198035,147.83932352106308,3.220761239748125,12.953818698753427,55.45672177439182,0,2026-09-03 06:23:53
2026-09-02 16:23:00,CNC-02,M,298.978116129115,314.6506068661551,1791.0486232356602,44.896023669601256,230.93689119866715,3.4184385564988475,14.989480614131132,54.20306542155187,0,2026-09-03 06:23:53
2026-09-03 04:22:00,CNC-03,H,297.0074298193488,310.52436448609006,2211.1013624302523,28.178429869362986,94.61677267695187,2.968435432543013,12.043119549986418,56.283031425954526,0,2026-09-03 06:23:53
2026-09-02 06:34:00,CNC-02,M,296.06180769081567,309.49333975813863,1960.8408743532466,32.81988470080447,20.17971245489147,2.466152020290541,12.16080342634753,54.653475521565085,0,2026-09-03 06:23:53
2026-09-03 00:19:25,CNC-02,M,298.04011577179665,309.47223978561834,2763.6179990713813,11.45207046620482,119.5281908162198,3.3820358121054874,5.943882726722633,53.220140025434496,1,2026-09-03 06:23:53
2026-09-02 09:08:00,CNC-01,L,296.24661116801,310.410299291976,1605.4342128632838,46.64379401300886,16.671401397789435,2.341570389427379,13.54695945763022,59.07571118817384,0,2026-09-03 06:23:53
2026-09-03 03:31:00,CNC-02,M,296.49594401287294,310.05741487574466,2410.7213314072796,23.340402608210297,93.1133340029626,3.1146628676505403,10.418174357171868,58.05869552489272,0,2026-09-03 06:23:53
2026-09-02 23:39:00,CNC-03,H,299.8611754925533,311.7254870536358,2622.5671484850695,16.704030840412642,29.958551091716693,3.1622119190532714,8.383847587860057,52.870122060950656,0,2026-09-03 06:23:53
2026-09-03 00:12:00,CNC-03,H,299.9579650956102,312.3832247033615,2646.7154477571435,18.099483878444605,65.01572825036038,3.234779159664627,8.97771744665823,50.2935306853733,0,2026-09-03 06:23:53
2026-09-02 15:58:00,CNC-01,L,299.1215746641874,312.89336144678896,1716.7968096075565,42.3779379500481,14.665938821827291,2.214569692324548,13.583959087364978,51.71320781021781,0,2026-09-03 06:23:53
2026-09-02 17:00:24,CNC-02,M,299.2736174607577,312.9612267216726,1851.3558769472481,35.98116647108764,46.67154147736152,2.598423316053586,12.571103864677784,50.79734174635576,0,2026-09-03 06:23:53
2026-09-02 13:11:00,CNC-02,M,298.0427685927671,312.63756897133885,1386.2551304113601,52.01404343101495,162.00521487989576,2.4346395035566606,13.519860125088892,57.0643714972769,0,2026-09-03 06:23:53
2026-09-03 04:27:00,CNC-03,H,297.25554210529054,310.90447702020094,2305.30689166301,27.611357993106893,100.68027147318874,2.792087461845656,11.96176037493193,55.702261374457564,0,2026-09-03 06:23:53
2026-09-02 12:12:00,CNC-01,L,296.60022199554004,310.7841679797445,1332.7364087565427,53.01887410141144,93.89549660760227,1.988438207452687,13.154105860639811,57.515511747502806,0,2026-09-03 06:23:53
2026-09-02 23:27:48,CNC-03,H,300.146924281961,311.98128620587744,2785.865893913241,14.982921183846354,17.088053628862262,3.3005522027378564,7.677540302318062,49.243443091143575,0,2026-09-03 06:23:53
2026-09-02 11:32:22,CNC-03,H,297.16980601148146,310.79873672286504,1457.1047011378266,46.42925428494119,22.263576411132927,20.700627769682114,12.59522078859796,58.557876894793004,0,2026-09-03 06:23:53
2026-09-02 12:27:00,CNC-02,M,297.320103392903,312.2595091044054,1476.999921304759,53.248894325146445,92.3276531593367,2.283539596040203,14.765424002803348,56.403569932410555,0,2026-09-03 06:23:53
2026-09-03 06:11:00,CNC-03,H,296.4451646760214,311.55702642907875,2072.3654109714066,36.70675908611467,234.6401573160085,3.44192042135324,14.330919220440537,57.77106516470744,0,2026-09-03 06:23:53
2026-09-02 09:44:00,CNC-01,L,296.2475532190329,310.5640039200198,1565.6074950882296,48.41724911262201,72.01237814088049,2.333578356993684,14.173546286221024,58.96989630110139,0,2026-09-03 06:23:53
2026-09-02 13:42:00,CNC-03,H,298.1250225141545,312.9616093468207,1459.937339167261,50.7562724731634,228.09637732296036,2.8817627772951053,13.784035609608647,53.96231682793735,0,2026-09-03 06:23:53
2026-09-02 15:15:00,CNC-02,M,298.7656477811591,313.6526845622326,1615.8520256164925,45.83835364460346,131.22088438826088,23.534081890596937,117.63567624260756,53.76798856181509,0,2026-09-03 06:23:53
2026-09-02 22:27:00,CNC-03,H,300.5728277565482,313.55487490534716,2701.363986141947,18.97983911523091,215.7633411569024,3.9640969434131788,9.349069401907753,52.594062958682,0,2026-09-03 06:23:53
2026-09-03 03:39:00,CNC-01,L,296.35613728790645,309.110226975857,2487.4197912130903,19.68053464746602,179.2538750645263,3.6315518412099177,9.266207412974204,53.52089577451544,0,2026-09-03 06:23:53
2026-09-02 15:16:00,CNC-01,L,298.69925090176247,313.0616255072724,1595.3392858907127,44.52553529517874,144.72643371034394,2.525883512687909,12.926374192357217,56.16672336164319,0,2026-09-03 06:23:53
2026-09-02 17:58:00,CNC-02,M,299.18511122644156,313.01054170085325,1977.447998356801,32.615351261457086,127.47318943730608,2.838972213464439,12.257008233167008,51.35297128696117,0,2026-09-03 06:23:53
2026-09-03 06:09:00,CNC-03,H,296.4956696196337,311.5788218553987,1766.6053050635144,42.61551074523707,232.02481917818406,3.099008875503468,14.323678704089893,56.42944336355276,0,2026-09-03 06:23:53
2026-09-02 17:01:00,CNC-03,H,299.8724084507542,314.47126001767737,1840.2781443721426,40.727341622448094,78.60286354177182,2.445947687499706,13.78653158150462,49.60866899462772,0,2026-09-03 06:23:53
2026-09-03 04:19:00,CNC-03,H,297.5064016281926,311.4082783155289,2372.0403776823546,27.511208710394676,90.92001113627583,2.990194837363121,12.1655372937743,55.83287035874058,0,2026-09-03 06:23:53
2026-09-02 21:11:00,CNC-03,H,300.7662186243085,313.6376278983998,2673.147655650089,18.767436078100115,132.20049504263926,3.417996559299347,9.59330273783751,48.156888885614144,0,2026-09-03 06:23:53
2026-09-03 06:06:00,CNC-02,M,295.7204601847166,309.628667962347,2030.4859623855407,32.67173362221212,42.17459863457831,2.699364025168454,12.30685619088604,56.50186285185865,0,2026-09-03 06:23:53
2026-09-03 02:16:00,CNC-03,H,304.3629077401502,312.02951015010626,2440.2949997633596,23.405905697708953,198.85741779668524,3.4604817347751045,10.700625483500096,38.509859183648146,0,2026-09-03 06:23:53
2026-09-02 08:11:19,CNC-02,M,295.8637386042669,310.1886909457307,1543.547157377227,44.419242289890406,157.32655836902774,2.4535175189908465,12.76316066564577,59.27370821614841,0,2026-09-03 06:23:53
2026-09-03 03:42:00,CNC-03,H,297.7796577799795,309.89467648229623,2515.5365302745613,19.099514960715734,46.38308028274798,,8.945611700184083,52.19362579360974,0,2026-09-03 06:23:53
2026-09-03 02:04:00,CNC-02,M,296.97698948399386,310.9955192707475,2741.934264802644,21.553388236676327,233.75931840017824,4.196292970208109,11.064022920851412,55.27478616370036,0,2026-09-03 06:23:53
2026-09-03 01:58:00,CNC-01,L,297.7335915110463,308.9784190381603,2699.0107569510806,11.902635495763105,64.60470871669321,3.2707602733971983,6.134295784467863,59.93748871480537,1,2026-09-03 06:23:53
2026-09-03 00:57:00,CNC-03,H,305.0634590966393,311.7101304139793,2627.4580447785515,18.318079220219513,113.20152237083668,3.336031850109631,9.105431612039036,40.08510255579432,0,2026-09-03 06:23:53
2026-09-02 22:33:01,CNC-03,H,300.80541118059085,314.5948387809713,,23.34602250058042,221.34112311607223,3.85715624120379,11.410350583349324,48.83073091681549,0,2026-09-03 06:23:53
2026-09-02 12:49:00,CNC-03,H,297.62395195166135,311.5398754471083,1302.7591590309244,50.03747869855559,144.20466713763315,2.211076475464606,12.40967880437635,53.76121202923684,0,2026-09-03 06:23:53
2026-09-02 13:28:00,CNC-01,L,297.96062832484097,312.8164243500608,1363.6131360345905,52.155636165215775,214.24429354260275,2.960580464347161,13.302884100072932,57.64750998350138,1,2026-09-03 06:23:53
2026-09-02 23:03:00,CNC-03,H,300.091777805094,313.348203403405,2837.293510959033,17.535763275796267,254.8230001254942,4.4587784116877796,9.36137801988182,52.40199624715243,0,2026-09-03 06:23:53
2026-09-03 00:01:00,CNC-03,H,299.61813412616016,310.4261717737117,2820.3480218652494,9.250535460918385,53.3602360120361,3.336103488396344,4.969456489664968,53.26794794894393,1,2026-09-03 06:23:53
2026-09-02 19:38:00,CNC-03,H,27.685765833917287,41.32091692804801,2307.3784519455075,28.69049845784059,23.343548442572093,2.832758406933944,12.460427539790038,52.98784335320928,0,2026-09-03 06:23:53
2026-09-03 05:56:00,CNC-01,L,22.484611984858702,37.08478795561757,1969.6251563078602,37.70147885275298,131.42163631866921,2.82363730494099,14.033523428856775,59.92717961399333,0,2026-09-03 06:23:53
2026-09-02 17:43:00,CNC-01,L,299.45950715414926,313.9352253831858,2037.7052884318125,34.538045458783046,162.90055334938444,3.0478700292144865,13.405374954885547,54.25117371095243,0,2026-09-03 06:23:53
2026-09-02 07:55:00,CNC-03,H,296.2925578713818,310.5443869845997,1510.2421589275266,47.43646044145012,157.48424116328752,2.4837091818848314,13.39598347658715,55.78461177876735,0,2026-09-03 06:23:53
2026-09-02 08:36:00,CNC-02,M,295.47867220097385,310.306208324873,1586.7615485363617,46.02936522497806,196.19236661942833,2.78077404474811,13.630620457388417,58.20049235837356,0,2026-09-03 06:23:53
2026-09-02 23:02:00,CNC-02,M,299.0464227909245,312.0581921604236,2535.088485016179,21.738169764705358,38.473404562803736,3.1956756005484035,10.366346965517508,57.01073870178597,0,2026-09-03 06:23:53
2026-09-03 03:23:00,CNC-03,H,298.0336868776085,310.45732135914784,2423.30498470675,21.110843194585478,24.090231206815012,2.969973124439976,9.454980324510853,59.467682443393294,0,2026-09-03 06:23:53
2026-09-02 17:05:00,CNC-03,H,300.0730930270776,313.78304545145136,2047.750585320531,32.732091250873935,84.08942857875768,2.675256387732281,12.511308573702133,49.27747008589352,0,2026-09-03 06:23:53
2026-09-03 02:11:00,CNC-01,L,297.1665544171468,309.4416452015127,2696.46253851132,18.05532223834969,78.97016504540136,3.3044708858476666,9.163228146624059,56.82204831641758,0,2026-09-03 06:23:53
2026-09-03 03:33:00,CNC-03,H,297.94710841655933,310.4503178293344,2575.8479746830703,20.03422612186246,35.85362869304987,3.191372963596529,9.60675827895741,55.39750324632762,0,2026-09-03 06:23:53
2026-09-02 16:17:00,CNC-02,M,298.8564791675529,313.62645671394205,1559.0857774463313,47.319489000186074,222.2811054206651,3.016806945021346,13.925868320601632,51.10218509499523,0,2026-09-03 06:23:53
2026-09-02 17:33:00,CNC-03,H,300.11558884666243,314.0207526002761,2033.1018513311137,32.29106133049447,122.73274761999907,2.7169273799726392,12.387146722844715,49.39218544761559,0,2026-09-03 06:23:53
2026-09-03 03:58:00,CNC-03,H,297.71557679945033,311.2368806131774,2157.257760059567,28.711148455237407,65.58098364897495,2.7922624170179966,11.843647511266116,57.583547898589046,0,2026-09-03 06:23:53
2026-09-02 17:30:00,CNC-01,L,299.61850254096095,313.76918152438196,1912.839753350426,35.34466228484211,145.2254554850726,2.6948923775579945,12.721253576437519,52.60017188591352,0,2026-09-03 06:23:53
2026-09-02 22:31:00,CNC-02,M,298.91584637450023,310.6071675538067,2695.301468332382,15.459083950492563,5.317574255521192,3.1555022972528657,7.69571021064814,56.05263312241941,0,2026-09-03 06:23:53
2026-09-02 13:29:00,CNC-02,M,297.59480497009633,312.80998381166006,1568.0434872409578,49.61522098664751,190.3085466870969,2.7100545886056895,14.383671564431625,59.20306369703295,0,2026-09-03 06:23:53
2026-09-02 17:35:00,CNC-01,L,299.36900168880106,313.158403498923,2020.9293207592377,30.6959554601386,151.9825993694185,2.9420713151371602,11.624928847797724,53.858294719491255,0,2026-09-03 06:23:53
2026-09-02 06:59:52,CNC-03,H,296.299872639557,310.30650705757745,1794.542072802148,38.24697856395483,77.1496013379241,2.445158363093044,12.77041222338639,62.22972006099495,0,2026-09-03 06:23:53
2026-09-02 07:03:00,CNC-02,M,296.11192600335147,309.9534033926447,1911.5763702587262,35.85341830186659,60.37973997397834,2.5080195796402722,12.858552036819416,59.18418969213936,0,2026-09-03 06:23:53
2026-09-02 15:33:00,CNC-02,M,298.6920491532322,313.05481661042586,1610.5205165110012,42.518950332882056,158.2803685192052,2.5143415806274176,12.785816246964547,54.32278145318795,0,2026-09-03 06:23:53
2026-09-02 14:06:00,CNC-02,M,298.4703108126445,311.94252662738154,1377.6951534637278,45.8276036897341,24.931849121864417,1.9632972676572376,11.775182977324103,52.22472551434235,0,2026-09-03 06:23:53
2026-09-02 17:35:00,CNC-02,M,299.6481653568616,314.23207928613874,2078.455952610291,34.26462189998846,96.29598178892208,2.6830470468003105,13.127197254838684,52.02749615744653,0,2026-09-03 06:23:53
2026-09-02 20:58:00,CNC-03,H,301.1060458930197,314.57861365269906,2439.56333338555,24.317166709402112,117.4349586130731,3.0819131809697153,11.275938699199962,49.81254858136853,0,2026-09-03 06:23:53
2026-09-03 05:43:00,CNC-03,H,23.21466787272152,37.45002271978069,1857.741919197176,36.29221442163486,197.0894131713563,2.915874143510355,12.727141594482452,56.53283071295244,0,2026-09-03 06:23:53
2026-09-02 06:26:00,CNC-02,M,296.41031579481324,310.15828056976727,1954.4895558396056,35.63568119901577,9.29377318218955,2.511146061550176,13.00107253181337,60.9097866816698,0,2026-09-03 06:23:53
2026-09-02 13:36:00,CNC-03,H,297.78387548426974,312.82599271841593,1412.2445461790333,53.47261548356166,218.65463782610465,2.757711322086665,14.52554310433765,50.366066470392106,0,2026-09-03 06:23:53
2026-09-02 08:41:00,CNC-02,M,295.82933795008836,310.87667692626536,1580.6863724180218,48.73246212902377,203.7659750293138,2.8552978439037457,14.349488930648507,62.48752627243284,0,2026-09-03 06:23:53
2026-09-02 13:32:01,CNC-01,L,297.7386854126897,312.5642337487254,1378.5853605900277,54.883021506864935,218.9760657842545,3.1194615017478133,13.803174047473084,60.41173646553006,1,2026-09-03 06:23:53
2026-09-02 10:05:00,CNC-03,H,296.49499241202477,310.9198606876079,1612.8349282785312,46.59217792745868,120.13779946657955,2.406088190946858,14.12784650611381,58.099301189636726,0,2026-09-03 06:23:53
2026-09-02 20:37:00,CNC-03,H,301.13567714748626,313.6555918619845,2443.756611891212,19.870798149254966,93.22534924312286,3.0192427191379765,9.05855275836083,46.9093820621971,0,2026-09-03 06:23:53
2026-09-02 19:21:00,CNC-03,H,27.5760151852175,40.79291704203854,2289.5497307473665,27.72255384668806,2.4238202193103553,2.804012380238091,11.799138964591455,50.551593394013615,0,2026-09-03 06:23:53
2026-09-03 04:40:00,CNC-03,H,297.15133870383704,311.2454954547508,2301.58439055603,28.72833032283724,116.64894378036418,2.974008485600027,12.349076370039876,59.24576089594898,0,2026-09-03 06:23:53
2026-09-02 15:32:00,CNC-03,H,299.5598704611409,314.0772847789802,1591.8135861482917,46.09228264799277,167.4941147639622,2.5286301890785388,13.652424421017752,51.661196233538064,0,2026-09-03 06:23:53
2026-09-02 12:28:00,CNC-03,H,297.7790946990028,312.379150113212,1416.151371492495,53.97422293525058,111.00428521222776,2.158751933292585,14.343710013559935,61.00029438184438,0,2026-09-03 06:23:53
2026-09-02 21:57:00,CNC-01,L,299.21850394382847,312.2334735030129,2559.1597423030175,22.479132447367935,29.815023071189394,3.169683506073146,10.642499032044794,52.04514364502721,0,2026-09-03 06:23:53
2026-09-02 19:28:00,CNC-02,M,26.35329273309202,40.239376192763075,2312.2365157298836,28.17441298523614,23.77365668710857,2.8110059416046327,12.090333105215723,50.729931372132214,0,2026-09-03 06:23:53
2026-09-02 21:57:00,CNC-02,M,299.3236728325374,312.53562593116067,2631.549941143313,18.948325376348283,196.25677515732554,3.732565195635246,9.468055477908822,53.355981422887666,0,2026-09-03 06:23:53
2026-09-03 00:11:00,CNC-02,M,297.9318743573983,310.5545726808929,2720.6415980750294,16.50323522308891,112.03168163385341,3.4019215620214895,8.617763292142222,53.576025924705824,0,2026-09-03 06:23:53
2026-09-02 11:40:00,CNC-01,L,296.2857474318901,310.9762395736209,1397.3481016119686,57.36519474406659,42.88902157447488,2.019556827487503,15.057353368366948,60.35809580352571,0,2026-09-03 06:23:53
2026-09-03 03:09:00,CNC-03,H,298.1174871473948,310.16289506965626,2595.722076180811,17.928617852608912,8.094433727525587,3.179470265968172,8.9871620132314,57.355022000583766,0,2026-09-03 06:23:53
2026-09-02 23:48:20,CNC-01,L,299.0920888308583,312.1446524650748,2537.652390326414,20.696300538373137,150.27899182900327,3.4926264768656803,9.832347758271968,53.48789211575443,0,2026-09-03 06:23:53
2026-09-03 02:19:00,CNC-01,L,297.1683745927174,309.4844872615406,2652.3260219986146,17.59960250504049,87.71369073726963,3.2862102346001802,8.57779609503682,56.86628142521379,0,2026-09-03 06:23:53
2026-09-02 19:47:00,CNC-01,L,26.375819669864256,40.153193068052815,2422.4772792389304,27.28136467988521,116.59746827973305,3.162284568136602,12.220384194261952,53.72633605027446,0,2026-09-03 06:23:53
2026-09-02 22:21:44,CNC-02,M,299.04838291700264,312.7876282060399,2660.0563677325013,19.21265630692804,224.68139089330703,4.037997788686604,9.837184399347919,54.77124632427168,0,2026-09-03 06:23:53
2026-09-03 01:41:00,CNC-03,H,304.4652745513949,311.990006418025,2655.6615741867013,21.409132524157542,0.0,3.3994785639838456,10.637582378656196,43.102173160299614,0,2026-09-03 06:23:53
2026-09-02 20:23:00,CNC-01,L,299.482230082028,312.8717029251,2442.611046871098,22.534381793558836,159.60429515282564,3.4486411486413626,10.391204362509782,52.37271494873577,0,2026-09-03 06:23:53
2026-09-02 16:20:00,CNC-03,H,299.55934990649774,312.8467348560093,1770.9186420655747,36.759606967228386,20.3417377331063,2.353707261503355,12.263020275476254,51.253763752356896,0,2026-09-03 06:23:53
2026-09-03 03:49:00,CNC-03,H,298.00965159363756,311.2554333222706,2323.3858093559766,26.078493624863842,54.73128648399064,2.9406254289529548,11.366002741704946,56.50947374701232,0,2026-09-03 06:23:53
2026-09-02 19:46:00,CNC-03,H,27.51355687433204,40.70618740225973,2384.1145416529484,24.954655421773136,33.0907184039934,3.0116388352365697,11.094194130476572,51.39505101370427,0,2026-09-03 06:23:53
2026-09-02 21:47:00,CNC-03,H,300.5418916422002,312.43081601482237,2675.449108277273,13.534197648753807,172.3643578198875,3.5130153128927253,6.746093054026044,53.161502538366,0,2026-09-03 06:23:53
2026-09-03 01:43:00,CNC-01,L,297.5823866845118,308.55069398417646,2583.0367745036992,11.752865244884617,48.489225943963646,3.0341198106556933,5.43774847219969,55.219352224582984,1,2026-09-03 06:23:53
2026-09-03 00:34:23,CNC-02,M,303.41581961274915,308.9953462124931,2717.2153937279923,12.43737583647736,135.52883668748925,3.471205266575451,6.223269882312498,47.24766270607486,0,2026-09-03 06:23:53
2026-09-02 23:55:00,CNC-01,L,298.89831421016083,310.3565744165615,2737.2309751951534,12.274519333954313,156.68378264224015,3.6967850403140843,6.469524433727786,50.8291883221603,0,2026-09-03 06:23:53
2026-09-02 08:17:00,CNC-02,M,295.5927453247311,310.2561744975831,1549.6022056663448,46.97894652607927,167.73098060410115,2.611765423812592,13.400271686195342,60.023051633988835,0,2026-09-03 06:23:53
2026-09-02 15:28:00,CNC-02,M,298.63212178492586,313.12846466104793,1412.568158412152,48.622924755126974,150.79131910352623,2.3905404033483144,12.991339476722118,54.13936301303647,0,2026-09-03 06:23:53
2026-09-02 13:17:00,CNC-03,H,297.8271067146181,312.4103238052351,1392.1281656042047,52.01729423082002,188.62697197078813,2.581387359578738,13.66139766366515,56.87681550247577,0,2026-09-03 06:23:53
2026-09-03 02:35:00,CNC-01,L,297.0529047494375,310.33338456767683,2462.168483864645,23.365440034126937,105.67254152907887,3.2167299883473044,10.728786294547595,54.82042604508696,0,2026-09-03 06:23:53
2026-09-02 22:48:00,CNC-01,L,299.4085025328104,312.4040822549181,2594.6949572175777,21.788227096559197,85.00774071449747,3.175809301218254,10.383050005222612,56.56442894477395,0,2026-09-03 06:23:53
2026-09-03 01:59:00,CNC-01,L,297.4636833849985,309.35145430826196,2709.9137038120766,15.124321875004851,65.67771208844307,3.2658374888005595,7.775399056777104,52.4735711204925,0,2026-09-03 06:23:53
2026-09-02 14:34:00,CNC-01,L,298.42664393972024,312.50688846542,1576.2515102338618,45.61218765003309,81.04362462613527,2.247858164497373,13.498480806240394,54.271338826139946,0,2026-09-03 06:23:53
2026-09-03 04:05:00,CNC-03,H,297.51209770175967,310.7512400637518,2191.701095960023,28.06572110384322,73.94469476127628,2.7786688520923577,11.436806674689599,58.699012258559534,0,2026-09-03 06:23:53
2026-09-02 12:37:00,CNC-03,H,297.88567597943705,312.29340690547696,1363.11842823501,53.55622948748932,125.28324399056017,2.185766399273941,13.793065207561954,56.20931116655245,0,2026-09-03 06:23:53
2026-09-02 18:41:00,CNC-02,M,299.755204315489,314.65537128179017,2169.362053529134,34.24766217405681,183.52811511681742,3.3518962546911517,13.819861644634502,49.59763323163217,0,2026-09-03 06:23:53
2026-09-02 11:34:00,CNC-02,M,297.0260942126495,310.6087070583121,1299.5558800952924,51.83572431447359,7.994605976020008,1.981031058957139,12.470727615631787,55.07723164489906,0,2026-09-03 06:23:53
2026-09-02 18:36:00,CNC-02,M,299.35137313079304,313.2384762479952,2198.8258184522065,26.80362571974683,177.11280987136982,3.2247194970331874,11.058318964077575,51.63481681041845,0,2026-09-03 06:23:53
2026-09-02 17:53:00,CNC-02,M,299.27812064071605,313.2886006072068,2037.1029659434025,32.47694156845189,120.6663614759984,2.662188401882524,12.504214915564262,54.001652473959254,0,2026-09-03 06:23:53
2026-09-03 03:26:00,CNC-01,L,296.5754600262707,310.21250387316525,2457.520436973071,24.411809616603946,164.0738961305586,3.528492469472985,11.26194006898127,64.13310553049476,0,2026-09-03 06:23:53
2026-09-02 13:35:00,CNC-01,L,297.57362486374893,313.02297910047866,1516.285938026948,50.42088536458604,225.23089227827253,3.276044084769639,14.130172893180315,52.90190764637614,1,2026-09-03 06:23:53
2026-09-03 02:38:00,CNC-03,H,298.44320166029854,311.6972227570037,2692.3832806925075,19.393769992244383,223.36603619258614,3.8972534267968757,9.610629810732602,57.084774369995856,0,2026-09-03 06:23:53
2026-09-02 19:35:00,CNC-02,M,26.559484099231383,39.144077308817145,2333.8619043031745,21.471219242095593,32.28448689261486,2.922940442022653,9.452206729067468,55.52749918250286,0,2026-09-03 06:23:53
2026-09-03 04:41:00,CNC-02,M,296.1532731377404,311.086216559971,2187.3896341108375,32.56243263587189,177.35710367498774,3.177396464141279,13.255139768843415,59.43791806973215,0,2026-09-03 06:23:53
2026-09-02 22:39:00,CNC-03,H,300.5121912654913,314.0250918749348,2557.7513368750742,21.66666989346823,228.9259165664759,3.8819011250584388,10.267887034579516,49.37142734677526,0,2026-09-03 06:23:53
2026-09-02 20:55:00,CNC-02,M,299.72434916347163,314.16183532250807,2441.7468957346864,28.15619142715651,126.7251237977053,3.2036690204599263,13.005107880169579,51.77886953964833,0,2026-09-03 06:23:53
2026-09-02 16:13:00,CNC-01,L,298.8023033734378,312.6526648767067,1639.4952565025974,42.25393502027589,36.69413647554722,2.2633183271984847,13.020449235950926,49.79507878773886,0,2026-09-03 06:23:53
2026-09-03 04:06:00,CNC-03,H,297.61986093441203,310.962758772526,2232.05168117678,27.01318203403198,75.18449794028457,27.57664470792424,11.092079734834682,53.000366465694185,0,2026-09-03 06:23:53
2026-09-02 15:55:00,CNC-02,M,299.1065119501309,314.2148065521109,1903.033087699678,40.30862339872519,190.50913335800394,3.042421368569622,14.434820075711192,54.69503557050066,0,2026-09-03 06:23:53
2026-09-02 07:50:00,CNC-01,L,301.34746914738696,309.75293162536207,1713.0716889097816,41.799847318536294,135.97565011758073,2.659753486883248,13.265158413410749,45.91689805373357,0,2026-09-03 06:23:53
2026-09-03 04:48:00,CNC-03,H,297.10651577537226,311.1639586042047,2233.2157976895824,30.1208538681818,126.5915390358687,2.875810707116244,12.403126942938576,56.38443869450514,0,2026-09-03 06:23:53
2026-09-02 22:51:00,CNC-02,M,299.00800212012746,311.56462000282687,2594.4156587970365,19.291146864064796,26.59644070363278,3.1268452831158733,9.230142448266655,51.72629300612999,0,2026-09-03 06:23:53
2026-09-02 11:36:00,CNC-02,M,297.0829132164673,310.67483034043875,1331.1153339076798,50.46520526095221,11.183301706469981,1.9403497618681638,12.650001819889205,53.59520340358736,0,2026-09-03 06:23:53
2026-09-02 20:04:00,CNC-03,H,301.0997003756617,314.1329766253284,2489.84198135544,23.434857777349094,54.59463350145194,3.0037754755241535,11.036170249800291,46.33441309157988,0,2026-09-03 06:23:53
2026-09-02 13:53:00,CNC-03,H,297.9753868075167,311.4706929689968,1386.4231005710046,47.811447741054316,15.794703044689452,2.1261180035308844,12.432357423733498,53.371000060813984,0,2026-09-03 06:23:53
2026-09-03 04:28:25,CNC-03,H,297.5509866391188,310.86743445150006,2295.5793679260414,26.527717377933424,101.91226626414172,2.9019455720923633,11.377867643348514,53.07428499514121,0,2026-09-03 06:23:53
2026-09-02 19:41:00,CNC-01,L,26.28159119497542,39.52678614822423,2305.441909632412,24.88339165872095,109.39861094721041,3.0578429503292592,10.889643380672299,49.953265677415665,0,2026-09-03 06:23:53
2026-09-02 15:44:00,CNC-03,H,299.72043669449664,314.4220376251962,1502.722429948885,48.49803972020225,185.41539364623452,2.591445695511498,13.480043347012616,52.67697919743699,0,2026-09-03 06:23:53
2026-09-02 18:19:00,CNC-01,L,299.81024946992744,313.0678276581227,2096.5997654586067,30.423704851657476,6.521323333834536,2.7047067600263124,12.142870896772914,50.32990923451578,0,2026-09-03 06:23:53
2026-09-02 06:44:00,CNC-02,M,295.9463061868052,309.83169299200335,1950.1126146522026,35.62600000963801,33.82334127298991,2.5167220093005382,12.84972944484698,55.89440786160511,0,2026-09-03 06:23:53
2026-09-03 06:10:00,CNC-01,L,295.6603543550151,309.853938858807,1806.4440831549673,39.21881527300081,150.13774768773453,2.7167733376045895,13.46066522711053,59.97724429036768,0,2026-09-03 06:23:53
2026-09-02 11:51:00,CNC-03,H,297.19122708826086,310.88858392963806,1364.0291502452435,48.160984049513786,52.490550103284306,2.158587504492989,12.325077556912179,53.146438722399104,0,2026-09-03 06:23:53
2026-09-02 14:14:00,CNC-02,M,298.49008766559956,312.4678246879041,1496.756879971624,45.60533807004546,37.5731731598046,2.185498733596398,12.803457687719714,49.93376617763741,0,2026-09-03 06:23:53
2026-09-03 03:16:00,CNC-01,L,296.6136907350766,310.5218966883833,2357.3429415810947,26.747225498992986,152.38519495631814,32.14685479556952,11.87014244316698,51.73614602908881,0,2026-09-03 06:23:53
2026-09-02 21:38:00,CNC-03,H,300.7023989710615,313.1562002158091,2602.7304415687763,17.90646929659524,162.5379961241966,3.442264547558481,8.847600892594917,45.67821724444985,0,2026-09-03 06:23:53
2026-09-02 17:59:00,CNC-01,L,299.4190460212469,314.63005443213723,31715.03033580043,39.32956548183495,184.25658875775193,3.156324558463422,14.781864385677183,49.59076944422477,0,2026-09-03 06:23:53
2026-09-03 04:10:00,CNC-02,M,296.4141767149941,309.53052472980994,2522.773074792223,20.11384576341348,139.34675704371094,3.4350126121952744,9.5255861364854,56.88793280189964,0,2026-09-03 06:23:53
2026-09-02 18:11:00,CNC-02,M,299.4661389822999,313.833295197657,2069.7134182030004,32.86354015416794,144.5697519074089,2.8963889434539225,12.662543096487692,53.753447251301864,0,2026-09-03 06:23:53
2026-09-02 08:33:00,CNC-02,M,295.948200948122,310.81697424174536,1554.9722825173333,48.911209114974206,191.57063020428424,2.7426105285458324,14.33295469432186,59.31642098254434,0,2026-09-03 06:23:53
2026-09-02 08:12:00,CNC-03,H,296.36846642823093,311.1185673738324,1678.6956718428087,45.32850809166576,182.63200769702672,2.69360905854937,13.829213815297964,57.451960573851764,0,2026-09-03 06:23:53
2026-09-03 04:54:00,CNC-01,L,295.9826061713769,309.7003998345168,2205.448875800781,29.406051521220192,51.65576907859393,2.6703270615470176,12.02147381255491,58.80607130901313,0,2026-09-03 06:23:53
2026-09-02 19:23:00,CNC-03,H,27.516823470930547,40.72892777953251,2149.4029108107784,29.861528005416332,4.9217425393345415,2.688529130752405,12.035763635552598,48.42101945969587,0,2026-09-03 06:23:53
2026-09-03 05:49:00,CNC-02,M,22.48582202712771,36.12024986760349,2182.8685055612423,28.222542711728448,19.73291925873715,27.329935463624157,11.46529276304881,59.56280400101909,0,2026-09-03 06:23:53
2026-09-02 23:02:00,CNC-01,L,299.0112979805665,311.32649853832436,2617.283674645674,18.830363268804163,100.03412750738255,3.1809607592880442,9.177064476464826,56.24589113492615,0,2026-09-03 06:23:53
2026-09-02 19:57:00,CNC-02,M,26.356149445576023,39.97962373154701,2343.9981085931395,26.09548955340823,58.88709280061138,2.9771478149797588,11.27696281127508,49.909352300792435,0,2026-09-03 06:23:53
2026-09-02 06:59:00,CNC-01,L,296.14054541494454,309.56417505401515,1748.436570638266,34.98773817044589,63.16003843695987,2.4208442762434506,11.721363673601346,57.208631179705606,0,2026-09-03 06:23:53
2026-09-02 11:28:00,CNC-01,L,296.57344385274934,309.9173825154659,1320.723768170906,50.25779438901988,23.9156378149263,2.0456217042349496,12.568745980164927,55.20332267028037,0,2026-09-03 06:23:53
2026-09-03 01:02:00,CNC-02,M,303.2668398822443,310.08189965703735,2764.2696342264207,16.502744942558927,166.46917938776213,3.736219411563556,8.412625358220927,43.42132345328515,0,2026-09-03 06:23:53
2026-09-03 00:48:00,CNC-02,M,303.3392984171678,310.4947022224812,2613.8009791955824,18.634771050112807,151.4104914048724,3.3204742921859203,8.783801648852744,44.24894866805483,0,2026-09-03 06:23:53
2026-09-02 21:17:23,CNC-02,M,299.21503782458666,313.06240593908154,2573.5920839702158,23.502535481778068,150.85241535513694,3.4662851216787263,11.511235249774938,52.334716866326765,0,2026-09-03 06:23:53
2026-09-02 08:45:00,CNC-01,L,301.5753109658129,310.6370246627817,1683.3458619166713,46.38907430052239,217.66643499491056,3.2902957299661098,14.878486678240051,52.558754016926954,0,2026-09-03 06:23:53
2026-09-02 13:16:00,CNC-02,M,297.9552856702368,312.938830662391,1432.1446530705937,52.651110198044,169.90461243417084,2.5193394973207512,14.153281880429901,56.13417759954873,0,2026-09-03 06:23:53
2026-09-02 21:43:00,CNC-02,M,299.141545167746,311.73623500716207,2712.5637870128503,14.73134486313611,180.82196359960977,3.7744279916986727,7.655885314768812,53.698801516126466,0,2026-09-03 06:23:53
2026-09-02 19:50:00,CNC-02,M,,39.922705160776616,2408.7351074534495,24.473629589676783,50.586994574522244,3.002223919988412,11.05518396149438,57.33571552319424,0,2026-09-03 06:23:53
2026-09-02 23:19:00,CNC-02,M,298.5863431998876,311.1445607949639,2628.350534841169,,56.74944685833524,3.1943084895530682,8.295784409446867,52.0135956950395,0,2026-09-03 06:23:53
2026-09-03 03:59:00,CNC-03,H,298.08393849076543,311.34461850957024,2224.6823036392643,27.00887610871715,66.81168892549063,2.8970444130311757,11.150338313226138,57.70884014916776,0,2026-09-03 06:23:53
2026-09-02 22:55:00,CNC-02,M,298.7140613911837,0.0,2775.1414543778437,13.946098317430378,30.80864560370315,33.582240691646746,7.413901306545136,53.27192656189636,0,2026-09-03 06:23:53
2026-09-02 08:05:00,CNC-01,L,301.412251533106,310.1855775538946,1734.097487178605,43.285282242145286,158.04235134103266,2.740733173944612,14.249231220795611,46.094534284875735,0,2026-09-03 06:23:53
2026-09-03 04:01:00,CNC-01,L,296.2329738041905,309.79499358594546,2424.1110919026128,23.965002250878445,205.28161516017698,3.844868063151129,10.83414860636844,60.91946618364877,0,2026-09-03 06:23:53
2026-09-03 02:53:00,CNC-02,M,296.50566847322045,310.08596135058633,2381.791020326182,25.05607186979902,49.3816719818224,2.9522745743972285,11.248303262222915,56.37125573194472,0,2026-09-03 06:23:53
2026-09-03 00:05:00,CNC-02,M,298.19512278751563,311.0569250412198,2688.429233654195,18.03636895075121,105.59553386774884,3.385115033447039,9.072300540048676,55.78962389251996,0,2026-09-03 06:23:53
2026-09-02 18:39:00,CNC-03,H,300.69741856864056,315.5860661592352,2051.1201956753116,36.20439860406606,209.97397185689883,3.262368274977564,13.922187067038017,50.193462983490186,0,2026-09-03 06:23:53
2026-09-02 19:19:00,CNC-02,M,,39.62722750170707,2246.425302050117,25.886092630344894,12.548706861771041,2.882878767779377,10.71034113435103,52.99504414301021,0,2026-09-03 06:23:53
2026-09-02 19:45:00,CNC-01,L,26.310581939840972,40.309603792506834,2355.139753434492,28.321971337013515,114.22051966217796,3.1563085671500977,12.657126007922361,51.361326778220956,0,2026-09-03 06:23:53
2026-09-02 15:59:00,CNC-02,M,298.84470202704995,313.61250309250676,1523.7645970250974,46.996432252809704,196.30975987466243,2.816808760209856,13.473479533692108,55.63185715075829,0,2026-09-03 06:23:53
2026-09-02 09:13:00,CNC-02,M,296.1516546921492,310.69219164776564,1571.2606682273263,49.08353639310603,33.69597363337092,,14.503374775428886,60.058648694811176,0,2026-09-03 06:23:53
2026-09-03 04:03:00,CNC-03,H,,310.3719586033234,2391.866084845928,19.570239247819877,71.55937612291544,2.9731017652365037,8.87988244019348,57.68612906555016,0,2026-09-03 06:23:53
2026-09-02 22:16:00,CNC-03,H,300.028050047863,314.29773371481576,2660.6205509645147,24.510113159778008,203.7601659486646,3.7252244757896564,12.097205834093849,54.30988406113401,0,2026-09-03 06:23:53
2026-09-02 10:39:00,CNC-02,M,296.7711922225146,311.3100766476513,1358.7077704353997,53.42860207665627,167.61369671530542,58.855869301375,13.692934314851525,57.91929484687619,0,2026-09-03 06:23:53
2026-09-02 22:50:00,CNC-03,H,300.2846187524123,313.3697096507155,2678.0895410719395,17.325191705275127,240.73844915852976,4.108842628244149,8.673157844113708,49.85567933104916,0,2026-09-03 06:23:53
2026-09-02 21:37:00,CNC-02,M,299.2311132807703,313.04845070673485,2563.826748732421,24.044235225150842,174.24649805011106,3.6175715955677674,11.835907935717177,53.15734352248503,0,2026-09-03 06:23:53
2026-09-02 10:17:00,CNC-02,M,296.4219723571247,,1367.7173762177747,54.150139098212605,132.923463792311,2.1487924091046295,13.387145494612334,57.191902211755554,0,2026-09-03 06:23:53
2026-09-02 17:30:09,CNC-03,H,300.24290619574407,314.83613388305326,1879.596952848016,39.03234154078624,120.04439819542422,2.6381787723320524,13.736147537337036,52.54817631715474,0,2026-09-03 06:23:53
2026-09-02 20:07:00,CNC-03,H,300.8659580918297,314.27204361534046,2409.9539466334836,26.031709167954503,58.13674165208186,29.303388535440355,11.72298758428296,50.13834332947531,0,2026-09-03 06:23:53
2026-09-03 03:22:00,CNC-03,H,297.94976109124474,310.67593537029404,2519.534505173343,21.827911997078765,22.937082530442215,3.0182506216184963,10.389479907542356,53.563819900858384,0,2026-09-03 06:23:53
2026-09-03 05:39:00,CNC-02,M,22.51870361571912,36.05387376245545,2266.674062676579,27.27527057497403,6.546812058954629,2.878096769618464,11.588018873390732,59.64809997032388,0,2026-09-03 06:23:53
2026-09-02 11:36:00,CNC-01,L,296.2934644015208,309.87999777763116,1381.2496401491583,48.47846169952612,36.60890716607477,2.0533571596487246,12.569565878952123,52.58461648506413,0,2026-09-03 06:23:53
2026-09-02 17:48:00,CNC-03,H,300.3618315698365,314.7875187231729,1965.4912936345595,35.95929854397983,143.0433341849142,2.8389607832347488,13.297373821043287,51.5552133660991,0,2026-09-03 06:23:53
2026-09-02 20:28:00,CNC-03,H,300.8821521790893,313.2160304637616,2558.659260651028,18.580870150488703,82.76660225805327,3.171751650888284,8.819774294667358,49.70748677988478,0,2026-09-03 06:23:53
2026-09-02 09:42:00,CNC-02,M,296.1337381900279,310.2468541223351,1545.5241468841314,46.38535157013756,78.4451657818994,2.2317650697486515,13.421795044206291,58.52876010866122,0,2026-09-03 06:23:53
2026-09-03 04:05:00,CNC-02,M,296.67866104663005,310.85111210814523,2308.74797579398,28.110463232543513,133.32964096217682,3.083940619904446,12.157867620165797,58.501107260568915,0,2026-09-03 06:23:53
2026-09-02 17:47:00,CNC-02,M,299.4718415086446,314.4200674921599,1901.6296290188106,40.25394132457975,112.56938089443962,2.608186113708511,14.597687829210551,48.35884176801788,0,2026-09-03 06:23:53
2026-09-03 05:09:00,CNC-01,L,22.216708726607294,35.3691580732862,0.0,25.307602163269703,70.58211020984993,2.8385006206158665,10.920289603323514,64.43865726488927,0,2026-09-03 06:23:53
2026-09-02 19:54:00,CNC-03,H,27.617947837133272,40.541419217008354,2311.348660579097,,42.83136986102909,2.9395124862677995,11.241370161759423,51.234843108763165,0,2026-09-03 06:23:53
2026-09-02 21:50:00,CNC-01,L,299.2181992010395,310.68022287835663,2514.9440624522344,15.965318825898954,22.172718984436138,3.0301410810792153,7.429229618311098,52.7249915009549,0,2026-09-03 06:23:53
2026-09-02 12:20:00,CNC-02,M,297.31041900514805,311.41512449032837,,51.27810061432645,81.1521421818097,2.1304817061388293,13.175023364482726,54.401520444445815,0,2026-09-03 06:23:53
2026-09-02 20:15:00,CNC-03,H,300.93480630820454,314.56702847846105,2386.2144624113203,27.7605026547872,67.58538446730704,3.015861433064846,12.244798786711566,50.19611264809817,0,2026-09-03 06:23:53
2026-09-02 10:43:00,CNC-01,L,296.2104566423688,310.525596868115,1397.2399489944974,49.040165445526895,164.30789512858763,2.4914623187038205,12.879402857845667,59.455913833699924,0,2026-09-03 06:23:53
2026-09-02 14:13:00,CNC-03,H,298.2140416909864,312.00533128008175,1281.582442224972,53.36373057570617,47.16271398432518,,,54.10071659417665,0,2026-09-03 06:23:53
2026-09-03 00:11:00,CNC-03,H,300.0264343249427,312.2579281799747,2710.3572551700977,16.50295431571749,63.93341730042262,3.279768488537366,8.444971576754414,47.15459754768599,0,2026-09-03 06:23:53
2026-09-02 17:02:00,CNC-01,L,299.30941649845954,313.2942778477445,1981.6905867783364,33.65875788317299,106.48350705409179,2.6686560465238074,12.545606964583763,53.10897698298383,0,2026-09-03 06:23:53
2026-09-02 15:51:00,CNC-03,H,299.6718971873709,314.36997118187674,1599.1295425538076,45.786379887679246,195.88564727400026,2.7086010306464243,13.769009714090114,50.25040540246991,0,2026-09-03 06:23:53
2026-09-03 05:10:00,CNC-03,H,23.493298873064475,38.676226192095726,2203.723246766806,35.919420802753585,154.2079335721164,3.130228142046484,14.602459624724172,54.153437994655505,0,2026-09-03 06:23:53
2026-09-02 08:29:00,CNC-01,L,301.5266213586439,310.2852730462918,1627.7050803723303,44.07349151066318,193.54971621605512,2.905481405021107,13.541631230601732,49.3507076338877,0,2026-09-03 06:23:53
2026-09-02 07:42:00,CNC-03,H,0.0,310.815041963884,1729.4259377386607,42.72699240106253,138.50590315925118,2.586358288119852,13.826218741750159,53.70900729621391,0,2026-09-03 06:23:53
2026-09-02 18:35:00,CNC-03,H,300.4704877414772,314.4187596781067,2037.080227665376,31.173678020998164,204.7743638629777,30.982713833397458,11.97023583341357,50.93474362970605,0,2026-09-03 06:23:53
2026-09-02 19:10:00,CNC-02,M,26.568321358230946,39.24888969969692,2141.2774702270963,25.31836979280867,1.2776928695462701,2.808632729904692,10.156393097003926,54.456820095853715,0,2026-09-03 06:23:53
2026-09-02 14:05:00,CNC-03,H,298.11955754161716,312.4051523848188,1494.3167911986168,50.85349294188402,34.55522286202253,2.161594598140771,14.160678153388941,58.59593029521642,0,2026-09-03 06:23:53
2026-09-02 23:08:00,CNC-02,M,298.6378312007883,310.5237558260276,2742.5587686783174,14.716624229394428,44.78876153653245,31.843419462623928,7.580659667495978,50.98293152062813,0,2026-09-03 06:23:53
2026-09-02 19:34:00,CNC-01,L,25.917762704236452,39.90414879752035,2288.9587985658686,28.98472212941447,100.93653799201202,2.942956066011945,12.508342228729775,55.780197169118715,0,2026-09-03 06:23:53
2026-09-02 13:13:00,CNC-03,H,297.70320918007485,312.70383540909614,,51.541040658388496,182.32357405599979,2.5601530623873887,14.652037054930743,51.52965031976542,0,2026-09-03 06:23:53
2026-09-03 00:13:00,CNC-03,H,299.71145364538273,311.9928819558604,2770.5168837334886,16.237773658793117,66.0952904010287,3.271928265777122,8.453802111374827,51.96743006126698,0,2026-09-03 06:23:53
2026-09-02 17:50:00,CNC-01,L,299.62750828436845,314.46362818264316,2052.749809038375,37.86837110414779,172.26517480602843,3.1205096389075866,14.391366179142516,52.8713620229181,0,2026-09-03 06:23:53
2026-09-02 10:14:00,CNC-01,L,296.1501039263527,310.20214719124994,1338.1565151052043,50.358379472482135,118.87021815411961,2.118173512225306,12.43591197859127,58.12772420158226,0,2026-09-03 06:23:53
2026-09-02 18:27:00,CNC-03,H,300.26355866330204,315.3601050914653,1907.4093524988537,40.773202739834446,194.5293996601309,29.472170038425087,14.64784185980586,51.92466591465361,0,2026-09-03 06:23:53
2026-09-03 03:09:00,CNC-02,M,296.5925635330872,309.92742922813625,2491.9521445415007,23.63416280600854,67.66415124937167,3.0048712721298454,11.000238322991155,54.83442858233517,0,2026-09-03 06:23:53
2026-09-02 08:59:00,CNC-03,H,296.31978809765906,309.7029740968562,1437.126733087718,46.12852498391207,18.21845124495896,2.1393523741349445,12.545961685013054,59.473248355985255,0,2026-09-03 06:23:53
2026-09-03 03:24:00,CNC-03,H,298.0835853885578,311.0218893241038,2427.1490247589613,23.63354090502022,25.25156643542286,2.860583753384878,10.570598568114164,54.57498340994066,0,2026-09-03 06:23:53
2026-09-02 13:39:00,CNC-01,L,297.93143043845976,313.3582086658093,1505.7963060270565,,231.510834652135,3.277607902398679,14.974441584887357,54.84980571891187,1,2026-09-03 06:23:53
2026-09-02 09:34:00,CNC-01,L,296.3221596089027,310.5263100861325,1566.4159265787591,47.48161679332137,56.54915790803514,2.197484010620941,13.64451686622279,58.820151282307734,0,2026-09-03 06:23:53
2026-09-03 05:08:00,CNC-02,M,22.584864435305008,37.97277033480486,2199.18139588436,33.46916116084857,211.230787664598,3.5057987349345088,13.734427063833394,58.08682825901556,0,2026-09-03 06:23:53
2026-09-02 09:01:00,CNC-03,H,296.1149313052298,309.7959819317673,1556.983502684307,43.68490152108297,21.26983882251843,2.224244560362107,12.613842994816197,58.93505730260557,0,2026-09-03 06:23:53
2026-09-02 23:09:00,CNC-03,H,300.15400389024666,313.34765380830726,2614.9022026349207,19.71562571953801,261.24666255519713,4.3384179268370815,9.55274514299189,50.78240792953976,0,2026-09-03 06:23:53
2026-09-02 10:02:00,CNC-02,M,296.264259929435,310.70789031687474,1513.6439392760808,46.75359449161058,109.4176205497098,2.201896850001153,13.176983058623636,59.15728714748195,0,2026-09-03 06:23:53
2026-09-03 03:14:00,CNC-03,H,298.2628789301596,310.6612123205387,2467.0615336242663,20.235207937853808,13.783418939871153,2.859021013432244,9.32194684095441,51.54342737112676,0,2026-09-03 06:23:53
2026-09-02 13:33:00,CNC-02,M,297.9766661655017,312.7181519144771,1364.130313109186,54.222561915888555,196.66486878880718,2.6724545818515644,13.828717897214002,54.58454225208343,0,2026-09-03 06:23:53
2026-09-03 02:45:00,CNC-02,M,296.8090136918494,309.8423880965849,2444.0787042007537,23.38905921551462,40.301377230553435,3.0600075264489752,10.592067861308129,55.12096741820042,0,2026-09-03 06:23:53
2026-09-03 02:09:00,CNC-02,M,297.0167893738303,308.51882735336517,2613.161319394118,13.621453659449736,0.0,3.1694999533183488,6.663631932778636,59.371127927525905,0,2026-09-03 06:23:53
2026-09-02 10:13:00,CNC-03,H,296.6612965723199,310.6220091055566,1417.1598593576455,45.298860375275,132.65712646169897,2.2375579481179497,11.621145606716064,61.653587758131934,0,2026-09-03 06:23:53
2026-09-02 12:46:00,CNC-01,L,297.41800076022207,311.7274787770719,1343.0838069630179,52.460562099179455,147.87873363349243,2.268128173400284,12.994113650233295,54.968993757688494,0,2026-09-03 06:23:53
2026-09-02 20:29:00,CNC-02,M,300.1038192319523,313.3847001368631,2534.6671449163237,22.572211537619165,96.72892081681348,3.202741068072467,10.634271090542818,51.90545515311846,0,2026-09-03 06:23:53
2026-09-03 02:29:00,CNC-02,M,296.82321201135045,309.569526409215,2695.788248106356,19.08904763604189,22.240346819230602,3.2995372122015683,9.778904971246039,55.05061715221885,0,2026-09-03 06:23:53
2026-09-02 23:01:00,CNC-01,L,299.3232200982129,311.7100780581343,2564.9736173260007,17.950193362320483,98.93463958159617,3.301033954569622,8.724965578647312,48.86240817357918,0,2026-09-03 06:23:53
2026-09-02 21:19:00,CNC-01,L,299.0498928581041,312.96138086372275,2539.630567913902,22.635714546702296,223.8488018146779,4.255699821224657,10.781038192184843,0.0,0,2026-09-03 06:23:53
2026-09-02 06:37:00,CNC-03,H,296.2215484512105,309.94307946239405,1840.283546974769,36.889059383640195,46.58921409953945,2.5363847042588823,12.605332329412603,56.5945785159347,0,2026-09-03 06:23:53
2026-09-02 08:52:00,CNC-01,L,301.3474320866744,310.58872650225806,1607.0722034210344,48.13353430497262,228.23176539023478,3.441632651859657,14.50542261819366,0.0,0,2026-09-03 06:23:53
2026-09-03 01:12:00,CNC-02,M,303.1712523762722,309.6228430903921,2651.214910354582,14.525895912292324,177.13182178973892,3.6266180023884753,7.221418612822782,44.888773490402926,0,2026-09-03 06:23:53
2026-09-02 17:24:00,CNC-02,M,299.18038431711625,313.40281070231515,2087.03249366146,32.70971520666174,81.21790994704925,2.6966127420229893,12.939165484264576,52.03345106121077,0,2026-09-03 06:23:53
2026-09-02 18:29:00,CNC-02,M,299.63861988411446,313.67613584285397,1971.0485878760596,32.77901237691956,168.206891461871,3.0306911823718554,12.29036739145191,46.73551153251631,0,2026-09-03 06:23:53
2026-09-02 19:19:00,CNC-01,L,26.45034184153411,39.310949994670636,2141.7903554175923,26.137235530378653,82.48087022561909,2.791254756138361,10.876370619092794,49.172312181120375,0,2026-09-03 06:23:53
2026-09-02 13:43:00,CNC-01,L,297.8870623740641,311.3542789946379,1333.4552154088021,50.30909276062906,1.6,1.9678343904780387,12.45701760980984,54.30866049653047,0,2026-09-03 06:23:53
2026-09-03 02:02:00,CNC-01,L,297.4206195953889,309.99731495822687,2691.015409688147,18.011632245146366,68.98257902925806,3.2105189242174226,8.983842742537032,55.49101152397722,0,2026-09-03 06:23:53
2026-09-03 05:00:00,CNC-02,M,22.907575126597692,37.05183478639782,2263.8791260832336,27.253146446267493,201.16974383801488,3.5407694450499068,11.529303916886025,57.44910712232593,0,2026-09-03 06:23:53
2026-09-03 01:00:00,CNC-03,H,304.7940029011567,311.3714575255322,2676.3170681522397,17.675633971130676,116.45473644466963,3.2323708604220234,9.015802660857979,44.61217176465827,0,2026-09-03 06:23:53
2026-09-03 00:02:00,CNC-01,L,298.8252398282604,311.8774527928083,2698.251644151527,18.835564998580523,164.19125487617276,3.6629324460935715,9.388278628676527,59.07357640617492,0,2026-09-03 06:23:53
2026-09-02 09:54:00,CNC-03,H,296.5072211277813,310.5176172827018,1606.8409512571727,42.12322564168428,102.99968182226546,2.253047890526526,12.613426493748047,57.88063175765092,0,2026-09-03 06:23:53
2026-09-02 22:15:15,CNC-01,L,299.3997398404005,311.34659085152384,2786.912421437851,13.778464349063961,49.38477243814334,32.69032446104276,7.215221242379345,54.3882876128072,0,2026-09-03 06:23:53
2026-09-02 15:53:00,CNC-03,H,299.8380165695509,315.40601234834594,1805.7023763529035,44.23540665014959,198.8116873460948,3.0162074941432744,14.779973272923398,54.043507529484884,0,2026-09-03 06:23:53
2026-09-03 03:43:00,CNC-02,M,296.32021423572616,309.4887734183598,2381.1843939922073,21.209229372088014,107.13334926033335,3.0050384428833192,9.239651668599658,56.8303474697812,0,2026-09-03 06:23:53
2026-09-02 10:06:00,CNC-03,H,296.9756512035086,311.09276608301656,1549.282316837917,43.62838653967768,121.65566163655463,2.332795528957481,12.378385605805088,55.81554987213169,0,2026-09-03 06:23:53
2026-09-03 06:21:00,CNC-03,H,296.3024806105994,311.7444665757254,2032.0919182509476,38.37554614404945,248.1574477167823,3.619783995139932,14.344368428650181,54.60647192278243,0,2026-09-03 06:23:53
2026-09-02 10:25:00,CNC-02,M,296.70639793171875,311.55637867137153,1437.6244899258656,55.856480892890254,5232.593604336303,2.2665242595998008,15.132792975093759,55.087757571422365,0,2026-09-03 06:23:53
2026-09-02 15:35:00,CNC-03,H,299.4971051765865,314.82657963129304,1550.7057214490376,51.69578540185109,172.02646224619724,2.5141845630966038,14.993985053510666,51.52776151538705,0,2026-09-03 06:23:53
2026-09-03 02:24:00,CNC-03,H,304.1316658980116,311.89322747526296,2463.444054682227,24.643463332352056,207.7592317394294,3.569704055395826,11.04301811189773,39.599910058189394,0,2026-09-03 06:23:53
2026-09-03 01:39:00,CNC-01,L,297.4851065729248,309.0059825604633,2769.1144715893683,13.555270530575715,44.23313547509431,3.3128760328000304,6.900059721960245,55.81961304040776,0,2026-09-03 06:23:53
2026-09-02 06:52:00,CNC-01,L,296.02233884002675,310.1947734083259,1915.0104716618134,37.89221416856658,53.36947042825222,2.6087287491532933,13.651176411177127,58.393656670599015,0,2026-09-03 06:23:53
2026-09-03 00:08:00,CNC-01,L,298.7792083480301,311.14072624783574,2687.163872647806,15.94006551122416,170.549259999368,3.7510899815075,7.797813663474649,52.65828702114038,0,2026-09-03 06:23:53
2026-09-03 05:25:00,CNC-02,M,22.1663715836101,37.40388670405264,2127.64016032601,33.083069028050815,232.95785498782698,3.770046475575347,13.424430322624298,58.95241212182165,0,2026-09-03 06:23:53
2026-09-02 12:44:00,CNC-01,L,297.2641713595167,312.08502728385514,1368.4010352482978,55.739232676349765,144.67873363349244,2.2967872527959,14.685875911192372,55.567979745101354,0,2026-09-03 06:23:53
2026-09-02 20:51:00,CNC-03,H,301.1692108499586,314.345650704166,2516.7973697446037,22.33343484380585,109.41187630519958,3.1373275904635944,10.520502040983246,50.30742697471083,0,2026-09-03 06:23:53
2026-09-03 02:14:00,CNC-01,L,297.3633672370584,310.43102584493056,2560.2742485235535,21.870291075140756,82.29086692025442,3.0929771837239386,10.41319634756587,51.242326096802,0,2026-09-03 06:23:53
2026-09-02 08:14:00,CNC-03,H,296.1561900701483,311.50830851587983,1736.4482596195542,47.0549023792417,185.59044677899243,2.878278689057292,15.350725850201984,61.46265441269486,0,2026-09-03 06:23:53
2026-09-02 20:06:00,CNC-03,H,300.70491026389976,313.1767228535399,2423.079877709084,20.990115314199777,56.9487949617088,3.027730639098518,9.512493508977476,50.44956783051476,0,2026-09-03 06:23:53
2026-09-02 06:49:00,CNC-02,M,295.79005675486775,309.5067892313284,1778.0489541248012,38.9573792569187,40.850873116403115,23.467853813379673,13.02845012104769,59.612117397420384,0,2026-09-03 06:23:53
2026-09-02 21:31:00,CNC-03,H,300.94494002223956,314.75811984064643,2437.4529777248995,25.380640286096057,154.68788891473372,3.161400690817286,11.934564210265519,49.05012191046603,0,2026-09-03 06:23:53
2026-09-02 22:09:00,CNC-01,L,299.4531210588185,310.9228990464092,2632.6249607592445,15.34075770828344,42.903729348744974,3.128026017519935,7.6617361362651,50.889812008125816,0,2026-09-03 06:23:53
2026-09-02 07:38:00,CNC-01,L,301.45154824174324,310.49826679749043,1728.1493488292724,46.570076436399845,118.51918510062002,2.4487109740072155,15.14813021016657,46.83345919191663,0,2026-09-03 06:23:53
2026-09-02 15:39:00,CNC-01,L,298.85749406143896,314.34356911720425,1705.3808453237161,50.0858119268668,179.2820868150531,2.8120337226769605,16.081630952166012,52.829204392841184,0,2026-09-03 06:23:53
2026-09-02 21:47:00,CNC-01,L,299.3225823690608,311.3215355994662,2635.226481297477,18.28630660650801,18.8005257533523,3.251922298550683,8.977708566415641,54.26621045736826,0,2026-09-03 06:23:53
2026-09-02 16:08:00,CNC-03,H,299.66637147692626,312.88996213946916,1760.6993526281299,35.45390578212979,2.8802727082797293,2.414185324102406,11.632146373004307,50.4101104477858,0,2026-09-03 06:23:53
2026-09-02 17:53:00,CNC-03,H,300.5065989248068,315.58347018192904,1884.9823267676852,42.923132232250715,149.89572010418,2.643401983360995,15.332280145837974,51.58919745540922,0,2026-09-03 06:23:53
2026-09-03 05:33:00,CNC-02,M,22.488663634401632,37.88111794204508,2310.298256197091,31.78754635380718,243.28553277311977,4.015777829469273,14.11838308405769,59.011802018130496,0,2026-09-03 06:23:53
2026-09-02 09:10:00,CNC-03,H,296.3848091501254,310.0577098389433,1450.54964948279,45.466147840145254,34.9725949607453,2.164133274299185,12.174827727951438,58.3030791748843,0,2026-09-03 06:23:53
2026-09-02 18:39:00,CNC-01,L,299.62847396852436,313.35516170464956,2149.794795082343,32.146073333288605,32.476669122926296,2.8449462184873955,,53.88531524383092,0,2026-09-03 06:23:53
2026-09-02 21:43:00,CNC-03,H,300.70267894486284,313.70766001292105,2633.036629495196,17.82112613905258,168.0201586649626,3.5685698757533144,9.0690113218454,46.55576067898633,0,2026-09-03 06:23:53
2026-09-02 22:38:00,CNC-03,H,300.21618320403934,313.5709073980326,2591.454515574321,19.75633338761318,227.83391712929884,3.923835618892496,9.603639842898993,51.99869725095397,0,2026-09-03 06:23:53
2026-09-02 17:27:00,CNC-02,M,299.348002875344,313.2884379522072,1924.7510414886835,34.51006402896917,85.335117218289,2.622874814545701,12.570318206046279,51.974958787027745,0,2026-09-03 06:23:53
2026-09-03 02:19:00,CNC-03,H,304.2653847303418,311.28507105200316,2714.4466522091984,18.763680373078838,202.13973607552447,3.706835623934043,9.9188133954491,42.74770811078025,0,2026-09-03 06:23:53
2026-09-02 11:57:00,CNC-03,H,297.50788446980624,311.6203046129445,1383.2705979970233,50.5913285817817,62.06070334178524,2.0676364316940266,13.446343126119654,0.0,0,2026-09-03 06:23:53
2026-09-02 10:37:00,CNC-02,M,296.6198537255685,311.7909406806488,1463.4625430514154,53.81545818348208,164.4669575890133,2.445192767108821,14.685850433031446,62.6687956540474,0,2026-09-03 06:23:53
2026-09-03 04:39:00,CNC-02,M,296.15601882544263,310.0544848452226,2179.4013484251227,27.27444137956613,174.87640998426932,3.1623581583967604,11.450776438036348,56.49780698692065,0,2026-09-03 06:23:53
2026-09-02 18:51:00,CNC-02,M,299.585501628018,314.6620536833835,2173.3613020637763,34.45123000259941,196.291425408915,3.384213165129431,14.225453759953767,50.02290734004904,0,2026-09-03 06:23:53
2026-09-03 01:38:00,CNC-03,H,304.4327327928297,310.7478648517583,2647.0314850405475,16.434768429183613,157.16080781131922,3.4260612714172667,8.117530911298173,44.27132449063182,0,2026-09-03 06:23:53
2026-09-02 14:32:12,CNC-01,L,298.4308534015125,312.565324303941,1544.1089100618651,45.64593710989148,76.48155063695964,2.0675934035836026,12.831077858471847,57.20952546449486,0,2026-09-03 06:23:53
2026-09-02 17:42:00,CNC-03,H,300.1218885260571,314.4169552419144,2079.0103944878665,34.70806247195874,135.07028793446847,2.76108945260956,13.371387602765196,53.8728047163341,0,2026-09-03 06:23:53
2026-09-02 10:51:00,CNC-01,L,296.4482632930992,310.54434217858983,1315.3151869379906,51.05909657727976,176.99261458646959,2.4499099765693915,12.611979567844493,61.68480594817797,0,2026-09-03 06:23:53
2026-09-03 00:59:00,CNC-03,H,304.853592739741,310.94814034910837,2600.34751280938,15.842306381103695,115.39091731129305,3.2127264570423826,8.022320801603616,44.50602788559032,0,2026-09-03 06:23:53
2026-09-03 01:00:00,CNC-01,L,298.32817882717177,310.25050761985244,2614.2688655493716,17.359312849948257,2.144410165766687,3.0862947736464443,8.457629561917182,,0,2026-09-03 06:23:53
2026-09-03 00:35:00,CNC-01,L,298.2623763431621,311.60596660811154,2673.1067770954473,19.45880976884157,199.17684277680513,3.923252962520999,9.960444375074987,52.16811385913992,0,2026-09-03 06:23:53
2026-09-03 02:06:14,CNC-03,H,304.52717532197613,311.80400996429734,2646.8522202528293,19.34358914799212,188.8373112184697,3.616253176753904,9.522761900969417,45.58468466572224,0,2026-09-03 06:23:53
2026-09-02 11:32:00,CNC-01,L,296.27260825964925,310.29740112574615,1375.0335303126392,52.091439333299924,30.260072151870293,2.1048402417503818,13.266828975404229,58.697907361367534,0,2026-09-03 06:23:53
2026-09-02 16:18:00,CNC-03,H,299.768957527285,313.72424537745695,1725.6324841971225,41.017415483543026,17.46733467395338,2.3612978979334738,13.406234754062197,52.84919587186726,0,2026-09-03 06:23:53
2026-09-02 15:50:00,CNC-02,M,298.83786415785227,313.48551576932533,1737.8623655715026,41.066528025607944,183.22043549506023,2.7355566887501532,13.184819434857978,54.861115845056005,0,2026-09-03 06:23:53
2026-09-02 12:33:00,CNC-02,M,297.1597558390132,311.04588139010036,1396.0678566085792,47.372034658418976,101.77525425130409,2.1063285854676024,12.483448407057585,55.32749580656682,0,2026-09-03 06:23:53
2026-09-02 07:36:00,CNC-03,H,296.2540563014873,310.8706969054311,1787.2303971023955,41.40774970737841,129.73403618986876,2.5361866128538106,13.935533760041098,56.57967969689833,0,2026-09-03 06:23:53
2026-09-02 07:33:00,CNC-01,L,301.54810401314995,309.74875917411924,1953.7821978229983,36.352953222022926,111.382232474003,65.73813955352043,13.350645982971297,50.48379727170489,0,2026-09-03 06:23:53
2026-09-02 07:55:13,CNC-02,M,295.6131822791089,310.33296544646817,1775.5334539922542,41.55519803870785,136.59790620985953,2.5606143149567053,13.72836309714606,57.518481814338706,0,2026-09-03 06:23:53
2026-09-03 01:52:00,CNC-03,H,304.3326947542753,311.48585046154994,2764.651210050926,19.81338782895226,172.3590143041573,3.6704569025613587,10.2961145399115,41.960345748844354,0,2026-09-03 06:23:53
2026-09-03 04:34:00,CNC-02,M,296.3385294015827,310.508950255143,2366.4250273868074,27.702325123122073,168.75005623863427,3.3519284479824054,12.02285766477718,55.65161931329927,0,2026-09-03 06:23:53
2026-09-02 09:29:00,CNC-02,M,295.86744446729097,309.8471599524974,1406.0477136512393,49.41115046436697,58.31133742948906,2.066274078159431,12.984166428278355,59.83084452872713,0,2026-09-03 06:23:53
2026-09-03 04:20:00,CNC-03,H,297.26027485063236,310.94199781753616,2271.084531596377,29.193607779718356,92.14926831111282,2.8604528519145287,12.695616613195659,52.45873970062547,0,2026-09-03 06:23:53
2026-09-03 01:04:00,CNC-02,M,303.26919983394936,309.96716733335296,2680.3094541141513,16.403111559700157,168.62713641905006,3.552715743717245,7.971496045375331,45.465708284651456,0,2026-09-03 06:23:53
2026-09-02 13:28:00,CNC-02,M,297.88621575935645,312.6969248108821,1434.192636252794,50.80493175723593,188.77603112002294,2.5423233008943713,13.67755486947834,55.22053941820473,0,2026-09-03 06:23:53
2026-09-03 01:57:00,CNC-03,H,304.5226929085699,311.672661509947,2465.992577655108,20.91074337368911,177.89247971453264,3.327953375920454,9.682128776593244,43.28193099684232,0,2026-09-03 06:23:53
2026-09-02 16:00:00,CNC-03,H,299.71381238711785,314.95383445099395,1695.1684559283608,44.49975326800209,209.1603192842356,2.9150174073935267,13.99343835255794,52.48535419768743,0,2026-09-03 06:23:53
2026-09-03 01:32:00,CNC-01,L,297.51179053587117,310.25266484876556,2721.0801890657704,19.534404431147582,36.643193442479514,3.253254259276493,9.902723508924224,57.945032630493095,0,2026-09-03 06:23:53
2026-09-02 22:55:00,CNC-01,L,299.3653325175208,311.24191966544265,2789.0225931398495,14.73503441851706,92.50661447219179,3.4183732478388125,7.6770957067368295,58.25856500126548,0,2026-09-03 06:23:53
2026-09-03 01:43:00,CNC-03,H,304.5342885952451,311.3803855978263,2699.9850284925656,18.822956943784913,162.5407579109833,,9.213761076542564,38.06198671575089,0,2026-09-03 06:23:53
2026-09-03 06:00:00,CNC-01,L,22.46949096322993,36.850666583269174,2013.5376974330056,37.424967265734175,136.72043187602168,2.8929688881949747,14.062649384332873,55.31284266991569,0,2026-09-03 06:23:53
2026-09-02 16:26:00,CNC-01,L,298.9546603421119,312.3980294030234,1784.4944290337917,36.10575224808019,55.513269263142256,2.4931347147286878,11.796330926697854,57.32292320755063,0,2026-09-03 06:23:53
2026-09-03 06:22:00,CNC-03,H,296.3979884471986,311.3385467774673,1867.278257018193,38.73882833050146,249.51717683295263,3.4213955428990896,13.500059355378209,59.72905838170438,0,2026-09-03 06:23:53
2026-09-02 08:47:00,CNC-01,L,301.36822017830383,310.60097046389166,1762.4368072411803,44.75740544448299,220.62994431097056,3.4374890994837255,14.675387133549915,48.53846271390638,0,2026-09-03 06:23:53
2026-09-02 13:28:00,CNC-03,H,297.73705095897355,312.78007447233693,1415.3002437273167,53.983531109384536,206.04074992139684,2.5863286644345065,14.45871610572324,54.07875909399961,0,2026-09-03 06:23:53
2026-09-02 09:28:00,CNC-02,M,296.34396684842795,310.05459285138824,1403.1454688431434,46.371283681762975,56.75045146834426,2.108069360755131,12.065105445309712,58.43045455850504,0,2026-09-03 06:23:53
2026-09-02 12:09:00,CNC-01,L,297.1356917230635,311.05594520374603,1402.07883806969,48.986619171759806,89.10137205746646,2.086163504114324,12.931914313939442,55.80151421277248,0,2026-09-03 06:23:53
2026-09-03 01:58:00,CNC-02,M,297.2985923439088,311.6698257885347,2555.8582805078836,24.369547379612055,227.0993206997525,,11.73841457891672,59.13244554190649,0,2026-09-03 06:23:53
2026-09-02 18:26:00,CNC-01,L,299.58338878637164,312.9525363233963,2129.479084508751,29.716107371569574,15.650945026231472,2.682069224304273,11.643184754677941,52.39338068778813,0,2026-09-03 06:23:53
2026-09-02 14:07:01,CNC-02,M,298.1873478600407,311.9637394653751,1323.8558925330713,49.93396572300449,28.107886841969098,1.9351183315054616,12.159683489551735,52.9776680852068,0,2026-09-03 06:23:53
2026-09-02 11:56:00,CNC-01,L,296.6675174059964,310.750922904879,1333.8842471470566,52.490553816540945,68.38907186993097,2.0669942904585605,13.266691675049852,57.1821176296234,0,2026-09-03 06:23:53
2026-09-02 15:54:00,CNC-01,L,299.0111031956484,313.1475148407796,1694.3119889580266,44.878437620242586,8.825072992296226,2.2982196713825136,14.126649794252138,54.75474237157293,0,2026-09-03 06:23:53
2026-09-02 23:03:41,CNC-01,L,299.45334814256574,311.4785977244642,2634.3668536731216,16.23261894962654,103.22733716360075,3.22476541139615,69.00353476845476,52.882933418180045,0,2026-09-03 06:23:53
2026-09-02 21:55:00,CNC-01,L,299.425051739507,311.6120449852442,2488.7344144065255,18.340804210323103,27.62235027700149,2.980756369025133,8.712164405131357,51.7110031052415,0,2026-09-03 06:23:53
2026-09-03 06:03:00,CNC-03,H,296.44158056298767,312.0636617463368,1975.5038498178053,42.234946599852115,223.92654787859414,3.36370795834829,15.75900911450659,58.8542558268161,0,2026-09-03 06:23:53
2026-09-02 17:12:00,CNC-03,H,299.97476126202946,314.4096645297733,1737.6864344307842,43.58354178382538,93.90817765918106,2.4169515365634817,14.157684853989796,51.75232080112374,0,2026-09-03 06:23:53
2026-09-02 10:26:00,CNC-03,H,296.8865568093079,311.79001929858396,1518.966209104837,50.19098671680942,153.11555446549417,2.4114219237543906,14.251887664832536,59.06322764569988,0,2026-09-03 06:23:53
2026-09-02 23:53:00,CNC-01,L,298.8208196304237,312.208305538512,2660.191629148237,21.051280019684146,154.558718766785,3.5122201543808615,10.288099527110576,50.97526850251282,0,2026-09-03 06:23:53
2026-09-02 08:16:00,CNC-02,M,295.7529519163392,310.8066437874398,1694.323143019708,46.191687155317645,166.22667475872962,2.649412192659853,14.640343816445435,53.42282575720821,0,2026-09-03 06:23:53
2026-09-02 08:28:08,CNC-03,H,296.4486288325232,311.8522719091007,1550.5642254174504,51.12937088159773,206.44321341039003,2.6990073647051416,14.797462725790423,58.16758920599344,0,2026-09-03 06:23:53
2026-09-03 01:31:00,CNC-01,L,298.02698354323235,310.00376187005344,2604.163723332677,16.318442894926594,35.56040927297801,3.2947139785767012,7.810586891938124,53.52578212442647,0,2026-09-03 06:23:53
2026-09-02 18:02:00,CNC-01,L,299.53621782604944,314.29907796136416,2073.6618519408166,35.58441936008125,188.2029722478688,3.369869397875927,13.59817813844524,54.71449476074098,0,2026-09-03 06:23:53
2026-09-02 06:58:00,CNC-03,H,296.25623559830285,310.0223856489837,1979.867050960527,33.62703227404173,75.72889940720397,2.609718000579564,12.382255397084379,56.67065413210326,0,2026-09-03 06:23:53
2026-09-02 23:59:00,CNC-02,M,298.0369761260766,310.5972643618765,2644.7284707071562,16.847233231649337,99.21839445021521,3.2946530913503773,8.427030795749591,53.405595330067015,0,2026-09-03 06:23:53
2026-09-03 04:25:00,CNC-03,H,297.5638465893805,310.6371267439254,2285.1855113367023,24.930666682449672,98.26563667938572,2.9346624653749624,10.68904073728463,55.96018524068464,0,2026-09-03 06:23:53
2026-09-03 01:46:00,CNC-02,M,297.24267173885454,310.6818469259956,2738.4456186374673,19.171032472388145,213.98846312572798,101.26317928993885,9.756837377482531,55.5096654466005,0,2026-09-03 06:23:53
2026-09-02 23:51:00,CNC-02,M,298.2610759759889,310.00563511726716,2635.069745306451,13.252279506180074,90.65689346013014,3.1928994837436524,6.312260102094082,54.21444530690964,0,2026-09-03 06:23:53
2026-09-03 05:59:00,CNC-01,L,22.557107660798522,36.651053109787824,2137.4346089811097,30.5791721767463,135.39426788881684,3.0284929243553544,12.239245437579154,55.968106245099946,0,2026-09-03 06:23:53
2026-09-02 20:10:29,CNC-01,L,299.2435980114071,312.33589823255016,2370.7707780840774,23.301896707599166,144.27021753262707,3.213057129658842,10.072486567381178,56.25361012960359,0,2026-09-03 06:23:53
2026-09-02 10:47:00,CNC-02,M,296.4894877511436,311.06203777972206,1374.2840251241412,51.78190585976055,180.28838889249607,2.5660185829349955,13.252548423409536,55.802433502963055,0,2026-09-03 06:23:53
2026-09-02 17:16:00,CNC-01,L,299.45034799525104,313.96438355270686,2113.803097665096,35.407966652875494,125.94076925606727,2.959622106244944,13.939312973654737,51.4383150075544,0,2026-09-03 06:23:53
2026-09-02 22:24:00,CNC-03,H,300.21003716014053,312.74429344913955,2649.2889439867567,16.1491490706495,212.47006329565303,3.8621213542047417,8.012448333517339,52.44298470429584,0,2026-09-03 06:23:53
2026-09-02 08:51:00,CNC-02,M,295.81803920559406,309.20918557178703,1587.8953612263476,40.70920337324217,0.0,2.2537570095050485,11.912691409711796,55.43405872692874,0,2026-09-03 06:23:53
2026-09-02 08:34:00,CNC-02,M,295.9078408868456,310.3044100871881,1394.0673636197744,49.52601458099248,193.1198331668723,2.5348724276762646,13.040103928028579,58.453144436821745,0,2026-09-03 06:23:53
2026-09-02 17:19:00,CNC-01,L,299.4612945421222,314.1334741228624,1675.4767458111305,43.8257961711394,130.18501424023236,2.461011106765898,13.76391890632024,50.8248234003969,0,2026-09-03 06:23:53
2026-09-02 13:21:00,CNC-01,L,297.7348929549716,312.99892215199867,1433.7114715095636,55.09363886421799,203.24789659355255,2.850280284214563,14.93322631113255,54.25092608890669,1,2026-09-03 06:23:53
2026-09-03 04:37:00,CNC-01,L,295.7075758125616,308.03645344325196,2299.043660009863,21.95498223843617,30.520069072191706,2.9051064816252294,9.597371555836299,59.27854721962662,0,2026-09-03 06:23:53
2026-09-02 09:33:00,CNC-03,H,296.35274819795575,310.0027197821642,1621.1283912153044,39.542942731286374,70.35919204344164,2.301915759202925,12.257652940457044,52.68353290280322,0,2026-09-03 06:23:53
2026-09-02 23:21:00,CNC-02,M,298.89730906947824,311.0576608973145,2695.6764307441663,15.991335729833539,58.90346772748826,3.2402128367584395,7.979243484080244,51.43701462667264,0,2026-09-03 06:23:53
2026-09-02 18:16:00,CNC-01,L,299.17220158062497,312.13684689499087,2140.160442511624,26.876375026455026,2.5967387500640333,27.12767690339239,10.875432599672601,54.75671541002903,0,2026-09-03 06:23:53
2026-09-02 22:36:00,CNC-02,M,298.93302994090124,311.0006821538792,2816.7379348470567,14.315214339773988,10.541255262026654,3.341836708178374,7.446878840885023,51.85748733483233,0,2026-09-03 06:23:53
2026-09-03 01:17:00,CNC-01,L,298.37657503877494,310.9147509990662,2673.8401604749843,19.819561890988773,20.360745453224784,3.2504313354956973,10.003363848657187,60.4849755845403,0,2026-09-03 06:23:53
2026-09-02 06:55:00,CNC-03,H,6392.559921085871,310.44534310446534,1866.2574842444462,,71.51740495785052,2.5030351011090737,13.162949671315168,60.439780799562406,0,2026-09-03 06:23:53
2026-09-02 14:36:00,CNC-03,H,298.5004762853885,312.62780359339905,1361.542386327693,50.27783860709277,82.81034686319519,1.988842578799745,12.746276887315275,56.30375327781751,0,2026-09-03 06:23:53
2026-09-02 11:47:00,CNC-03,H,297.23899477120216,311.0460461664456,1378.1211762008425,50.11042921966198,46.11697862147339,2.0097005799352297,13.04136032946607,58.66516798894874,0,2026-09-03 06:23:53
2026-09-02 18:41:00,CNC-03,H,300.53726108240437,314.75294114158095,2253.751009099632,29.58594798487711,212.49961143723385,3.492058005211634,12.778423048733922,48.29811789529879,0,2026-09-03 06:23:53
2026-09-02 10:12:00,CNC-01,L,296.193544232933,310.0649881781442,1382.273865043248,47.60515170712646,115.73473845951374,2.200204067344251,12.075462975709303,55.19174437476997,0,2026-09-03 06:23:53
2026-09-03 00:23:00,CNC-01,L,298.6723658014828,311.7181166359266,2754.3116207008916,19.789929066954414,186.4416326530097,3.963147344796119,10.388747377624938,53.167418864778455,0,2026-09-03 06:23:53
2026-09-02 19:22:00,CNC-03,H,27.634185057264062,40.26220535997521,2269.6755526432685,23.63599721680564,3.6593612212579703,2.8886383304362706,10.211926617501922,48.10549052294969,0,2026-09-03 06:23:53
2026-09-03 05:55:00,CNC-01,L,22.314357305431884,36.52957690168972,2058.250822682337,33.745011946815296,130.09576602107444,2.9552392391090736,12.925988877135666,61.66742091999296,0,2026-09-03 06:23:53
2026-09-02 14:20:00,CNC-03,H,298.1962030946175,312.52321356439506,1484.5037844997332,51.13519743739768,58.117980976627656,2.1552582614041156,14.140988810560279,55.974282066719745,0,2026-09-03 06:23:53
2026-09-02 09:01:00,CNC-02,M,295.66476586294465,309.32600088290934,1685.5574700883853,41.69632957206957,15.248879858802797,2.274339790365744,13.11049192353393,58.48968482776019,0,2026-09-03 06:23:53
2026-09-02 10:24:00,CNC-01,L,296.4340383508799,310.86002152192003,1380.993921888508,52.20995078607534,134.56962373174744,2.193508504706553,13.587446088965072,58.475871916388876,0,2026-09-03 06:23:53
2026-09-02 10:16:00,CNC-01,L,296.1444837237523,310.77229741938226,1472.1040972089252,53.08327325009025,122.025810885485,2.2465023435494667,14.715360029385725,57.68250078309165,0,2026-09-03 06:23:53
2026-09-02 06:45:00,CNC-02,M,296.07762546145494,309.85409590057685,1884.4063290783415,38.09795063427907,35.220193282367745,2.57233972475155,13.705238858829007,59.664145734137655,0,2026-09-03 06:23:53
2026-09-02 06:42:00,CNC-03,H,296.14320614597324,309.9671633152151,31243.051620310496,34.32324300870949,53.36702404698505,2.6987729247532726,12.994365823049108,60.674174980760604,0,2026-09-03 06:23:53
2026-09-02 23:52:00,CNC-01,L,298.8892374346563,311.985759227799,2737.766231355607,19.49444819328353,153.46427013107447,3.6553512279290694,9.834749742957651,54.72503759752275,0,2026-09-03 06:23:53
2026-09-02 13:05:00,CNC-02,M,297.69575778632986,312.61481215434867,1501.3805947206492,50.63253125289728,152.48511240772584,2.333894738314648,14.33345570452631,54.13460201882009,0,2026-09-03 06:23:53
2026-09-02 06:30:00,CNC-01,L,295.95626221785034,309.7328452683915,1732.0503782005078,39.704492274497206,22.9931550512567,2.428796792108905,12.956722212812984,59.29948031764779,0,2026-09-03 06:23:53
2026-09-03 02:07:00,CNC-01,L,297.4850203246726,310.2128456208044,2541.4075456596606,21.221288750557004,74.58010013366393,3.119684266718278,10.138951963851987,56.66962604006548,0,2026-09-03 06:23:53
2026-09-03 01:31:00,CNC-02,M,297.6170867426777,309.9489814318,41837.50702422746,14.740925425988392,197.51085167278057,3.8669963812079478,7.281351683595191,55.78152327634234,0,2026-09-03 06:23:53
2026-09-03 01:30:38,CNC-02,M,297.42877732020924,310.87824913265814,2662.448055599911,19.401506142679647,196.44627789420716,37.915116829149795,9.57769563097646,56.41226433862035,0,2026-09-03 06:23:53
2026-09-02 20:12:00,CNC-03,H,300.8517866938475,313.69981507280386,2407.647927324225,23.09052581017177,64.06761754555465,2.8989253244925486,10.225442973021725,45.65334719625156,0,2026-09-03 06:23:53
2026-09-02 10:40:00,CNC-03,H,296.673448460049,311.2489835030244,1374.701220534696,52.62359314438331,175.1194836710494,2.434685013808309,13.50013633290624,57.85367930792299,0,2026-09-03 06:23:53
2026-09-02 17:22:00,CNC-01,L,299.3188562846433,313.27669004462336,2079.7447236380895,32.82397751359642,134.2854891109069,2.834813889757795,12.625149724940027,56.587290219975884,0,2026-09-03 06:23:53
2026-09-02 20:41:48,CNC-03,H,300.9763766537789,313.00286332715433,2515.698057616272,16.754654089162297,100.11360772168035,3.1361072735549986,7.71811795126363,52.57274143522223,0,2026-09-03 06:23:53
2026-09-02 21:04:00,CNC-01,L,299.2178349150966,313.16765391895694,2501.7873932112075,24.542678942928532,206.92137366989667,3.8971296112432334,11.51344735483477,56.99167033451298,0,2026-09-03 06:23:53
2026-09-03 01:51:00,CNC-02,M,297.46604410503704,310.51600417644994,2620.3042502093267,17.447329983385558,219.3845159850487,3.9000158611762368,8.433524482263424,56.36148628555977,0,2026-09-03 06:23:53
2026-09-02 07:59:00,CNC-03,H,296.3031727654062,310.8226574064227,1630.2126751724563,43.9161107633182,163.42735509062808,2.5362758606494777,13.35836385950077,60.73353009819678,0,2026-09-03 06:23:53
2026-09-03 02:22:00,CNC-01,L,297.5665813612811,309.75174886150734,2530.5598509412434,16.914739677572538,90.96046643509406,3.1116258144446562,8.15243707434941,55.895426880066616,0,2026-09-03 06:23:53
2026-09-02 15:19:00,CNC-01,L,298.8159691280158,313.33164722475,1488.8109028207873,47.83638002863338,149.31554402348564,2.505551179366252,13.463095125599454,52.177206015375006,0,2026-09-03 06:23:53
2026-09-03 00:15:00,CNC-03,H,299.89444525332857,311.94713961694805,2625.768859011073,16.301832631287855,68.22081697637759,3.1191429301025146,8.241414352441657,51.32437461932322,0,2026-09-03 06:23:53
2026-09-02 21:41:00,CNC-03,H,300.5944115183938,313.6602037791019,2645.3699588524396,19.890000681022062,165.82485028376215,3.496487347211379,10.013711771758741,49.15589992346939,0,2026-09-03 06:23:53
2026-09-03 05:42:00,CNC-03,H,23.531572116891198,37.818104305547365,2145.832455291086,31.86451883382152,195.7070103882615,3.2750465996935727,12.611352183921586,55.500079449478584,0,2026-09-03 06:23:53
2026-09-03 03:14:01,CNC-02,M,296.3820081945856,309.29178415129087,2548.171354136349,21.260927000954222,73.41545429344464,3.148643601245239,10.300829585938937,57.71300723083128,0,2026-09-03 06:23:53
2026-09-02 19:33:00,CNC-02,M,26.472036314700517,40.300358058220525,2215.175914494964,29.96472906265442,29.865013862009533,2.834750550520385,12.597079865987807,54.51014330624542,0,2026-09-03 06:23:53
2026-09-02 12:30:00,CNC-02,M,297.292161162557,311.2267866277043,1321.0625208269132,51.08370936099725,97.04719701916345,2.045999104274458,12.782109786275958,54.40071731550666,0,2026-09-03 06:23:53
2026-09-03 03:30:00,CNC-02,M,296.65637912249105,309.8812769751287,2283.0118990332494,23.38373883285568,91.94455031829207,2.8599058030077686,9.891604992958932,54.92868096387541,0,2026-09-03 06:23:53
2026-09-03 01:28:00,CNC-03,H,304.44748668781983,310.53686883681087,2568.510562330014,15.66213169012815,146.38143114736184,3.2814662750820007,7.6097210006610565,42.94736797466562,0,2026-09-03 06:23:53
2026-09-03 03:56:00,CNC-01,L,296.4635617081385,310.20854687191047,2457.447402127285,24.09866981591469,199.3213401432471,3.7064920923693445,11.048243699257627,57.029218771881155,0,2026-09-03 06:23:53
2026-09-02 11:59:00,CNC-03,H,297.62179327644674,311.6120802737842,1480.1891802660114,48.100577564975055,65.18708764795043,2.125241901423023,13.171299279524748,54.91216295532733,0,2026-09-03 06:23:53
2026-09-02 13:17:00,CNC-01,L,297.8552497696734,312.98842089435186,1377.7096305161297,54.77748337327189,196.93711678666074,2.8382659882103165,14.18337182881919,51.60643953935846,0,2026-09-03 06:23:53
2026-09-02 18:10:26,CNC-01,L,299.47831103762786,314.0921090557924,1886.4408378608127,38.08601213114443,197.61140692937147,3.196433268092134,13.251620930832866,54.14025335834171,0,2026-09-03 06:23:53
2026-09-02 22:20:00,CNC-02,M,298.85136796426156,313.21478058524497,2792.73998121453,22.245610297135556,221.34895602316507,4.173690707894036,11.520238174097999,55.58065850612838,0,2026-09-03 06:23:53
2026-09-02 23:00:00,CNC-01,L,299.1645575392749,311.0445365261651,2660.7860713440846,14.56998437555484,97.81947329386946,3.241967510525433,7.402098871471907,56.322222917314406,0,2026-09-03 06:23:53
2026-09-02 08:49:00,CNC-03,H,296.4816428429063,310.089277719055,1453.5382888462168,47.67043877229859,3.07938701000018,2.104327369348587,12.995740566023807,58.4913450136185,0,2026-09-03 06:23:53
2026-09-02 18:49:00,CNC-02,M,299.431531535473,314.5768887202339,2209.1487854190295,34.116424544363774,193.71627995144217,3.35400989491552,14.229616292181138,55.70286850912304,0,2026-09-03 06:23:53
2026-09-02 17:58:00,CNC-03,H,300.1957289687473,314.7715051409042,2060.334368959976,34.04979691260481,156.48977963014332,2.8545399469038677,13.217138049433515,48.77353116629802,0,2026-09-03 06:23:53
2026-09-02 09:20:00,CNC-02,M,295.9279511487203,309.93951766823955,1586.6582541491678,43.054732483848994,44.41416887288784,2.2955255494379614,12.73080037963699,61.23527794818422,0,2026-09-03 06:23:53
2026-09-02 08:40:00,CNC-01,L,301.7834684279796,311.0442660545035,1764.9046323074253,44.27545303785694,210.178741698873,33.06695594666406,14.640296671891075,48.520135310336485,0,2026-09-03 06:23:53
2026-09-02 23:11:00,CNC-03,H,300.1353666656293,311.3937735792933,2626.9555570212747,14.72975721142124,0.0,3.223113464370643,7.464378014761006,47.218289758831155,0,2026-09-03 06:23:53
2026-09-02 12:03:00,CNC-02,M,297.1801718095572,311.36975921158034,1403.7090905583516,51.797212293360715,54.12633263722781,2.1057486269074204,13.515796130509647,56.63020224683171,0,2026-09-03 06:23:53
2026-09-02 10:39:00,CNC-03,H,296.7322663661315,311.5524529496358,1370.341667593295,54.784491654278455,173.51948367104941,2.3236675922460854,14.184871339493968,57.861815589100175,0,2026-09-03 06:23:53
2026-09-03 04:18:00,CNC-02,M,296.28332156649515,309.9494884955362,2378.4053842415196,23.42812748475295,5359.734672893134,3.1759959384685996,10.288283895327105,59.769407414035086,0,2026-09-03 06:23:53
2026-09-02 13:07:00,CNC-02,M,297.75974172240467,312.1917519869033,1387.8131433643864,50.363522649450104,155.66467959477237,2.329220256298852,13.05037611221046,53.56352848073856,0,2026-09-03 06:23:53
2026-09-03 03:59:00,CNC-01,L,296.3756925310889,310.2499105194903,2395.8173144659395,25.78397012509183,202.90482453123494,3.7698996663714133,11.56633646185021,57.37054444587343,0,2026-09-03 06:23:53
2026-09-03 01:51:00,CNC-01,L,297.30830384071874,309.76404075123827,2577.470808059336,19.204232437554634,57.08587401926639,3.0999719431723953,9.34878685947249,54.73219912248897,0,2026-09-03 06:23:53
2026-09-03 01:07:00,CNC-02,M,303.3194817944065,309.54451135506605,2782.9964266762836,13.265351628654127,171.86244654748504,3.6100322638633076,7.014532267354702,43.30534576768551,0,2026-09-03 06:23:53
2026-09-02 16:16:00,CNC-03,H,299.39295116623185,,1960.6332813251367,38.73867602742646,14.536500471088862,2.659548774455266,14.23054275048961,55.5320056967272,0,2026-09-03 06:23:53
2026-09-02 16:07:00,CNC-01,L,299.1021942668653,0.0,1655.0957001364318,40.77846518462785,27.84005506860583,2.389402682965563,12.627160719699155,54.622363313495846,0,2026-09-03 06:23:53
2026-09-03 03:25:00,CNC-03,H,297.9626523902059,310.23205173029396,2240.0957706527015,21.696156696751956,26.4676038738967,2.942728339379072,9.038743082466867,49.27529804959373,0,2026-09-03 06:23:53
2026-09-03 04:46:00,CNC-01,L,295.78114512629116,309.19368927756335,2257.1565597871436,28.70206600537173,41.69129165278139,2.858134656136594,12.06163038442757,55.65700414803484,0,2026-09-03 06:23:53
2026-09-02 13:47:00,CNC-02,M,298.25690410399335,313.39915510092004,1354.6972482210704,56.733691734686694,218.6055190390287,2.9485079505223655,14.429903485420859,58.03357550881428,1,2026-09-03 06:23:53
2026-09-02 21:41:00,CNC-02,M,299.25527226328666,312.14131676204505,2736.053484694911,16.351992710624057,178.63675227831018,3.620751506091647,8.412285965090845,53.02852060390311,0,2026-09-03 06:23:53
2026-09-02 09:30:00,CNC-01,L,296.2179853122898,310.3174832551037,1504.5984257180046,48.54762085221971,50.30257055813665,2.1383674773214465,13.650749813023948,54.488096682415794,0,2026-09-03 06:23:53
2026-09-02 06:35:00,CNC-02,M,296.1333530948155,310.070018166695,1896.7563170151252,36.524194960384705,21.566000432189718,2.402190547487848,12.9453498512622,57.71534845729737,0,2026-09-03 06:23:53
2026-09-03 05:23:00,CNC-03,H,23.42196655274506,38.41966766043146,2145.5166829437585,36.006729143230274,170.97679353793927,3.098143933526392,14.35989237786137,53.91335422445747,0,2026-09-03 06:23:53
2026-09-03 01:24:00,CNC-03,H,304.6535016365037,311.13022286751146,2710.499619696879,17.27526565721043,142.04458468435632,3.395875900467342,77.45085336334851,43.66098756844353,0,2026-09-03 06:23:53
2026-09-02 22:47:00,CNC-02,M,298.92830953441205,310.8586828760363,2735.309998307541,16.04355040524712,801.8381475004682,3.387550428473243,8.158006740872635,57.60765787190405,0,2026-09-03 06:23:53
2026-09-03 04:26:00,CNC-03,H,,311.3504160075644,2422.7961954883317,25.60474849488583,99.46155011190501,3.010654529349076,11.79379359408128,52.92595374857856,0,2026-09-03 06:23:53
2026-09-02 07:40:00,CNC-01,L,301.25207082378785,310.22229719428,1786.7127269576165,44.23357933197933,121.42923790457588,2.5738464045411575,14.789438144149559,53.69995928110505,0,2026-09-03 06:23:53
2026-09-02 23:17:00,CNC-01,L,299.07160094520634,311.284831073684,2762.387730167411,15.518450331592577,116.08753896401808,3.5150956802344155,8.018647239289603,49.410276700720146,0,2026-09-03 06:23:53
2026-09-02 23:18:00,CNC-03,H,300.2781893903739,312.1955451389557,2509.9607850256434,16.87353272046105,,3.0570588608818876,7.576353310345042,53.514105042406854,0,2026-09-03 06:23:53
2026-09-03 04:57:00,CNC-03,H,23.7944733866546,38.46171891903981,2219.5469738303213,32.166927730806975,137.78296145814807,2.917878817509651,112.8725048707838,52.920839093511574,0,2026-09-03 06:23:53
2026-09-02 17:38:00,CNC-02,M,299.3081764085599,313.33043231729204,1938.3631665147132,34.077703089708294,100.30250093509777,2.551732834773647,12.383150650201236,55.40551646283455,0,2026-09-03 06:23:53
2026-09-02 10:45:00,CNC-02,M,296.60980274636364,311.22058771031004,1448.337113639534,48.575565967860584,177.08838889249608,2.5125168295788103,13.165720534228448,57.506972343316654,0,2026-09-03 06:23:53
2026-09-03 04:14:00,CNC-02,M,296.0201663326628,310.5258911933723,2351.230911201133,28.281168139556645,144.22665840164595,3.1675275381166292,12.29244548779138,57.71246018506286,0,2026-09-03 06:23:53
2026-09-02 20:35:00,CNC-01,L,299.46554926480724,313.3866786995451,2352.640976957163,26.612727513853848,173.62464134882518,3.319277577098657,11.985992123579274,50.2386952446751,0,2026-09-03 06:23:53
2026-09-02 13:29:00,CNC-01,L,297.793354274599,312.3315275480433,1321.2677686599075,54.89497395474985,215.84429354260274,3.020655811378934,13.749596812009171,55.51282327093564,1,2026-09-03 06:23:53
2026-09-02 23:39:00,CNC-02,M,298.4408049414516,311.0238406345434,2726.96006574401,16.398597577784805,77.94059322437384,3.1724972431895244,8.403545244219709,57.80083603798876,0,2026-09-03 06:23:53
2026-09-02 10:19:00,CNC-03,H,296.83584326458987,310.7090675896695,1345.9446942164468,47.29137058852793,142.13090426392904,2.288836270376593,11.757950668147837,54.28839272242297,0,2026-09-03 06:23:53
2026-09-02 15:49:00,CNC-03,H,299.9114496184049,314.82023692300777,1699.5788691195417,44.278882589320844,192.86065783926395,2.879295307621085,14.062961025955724,55.499302912317795,0,2026-09-03 06:23:53
2026-09-03 01:10:00,CNC-02,M,303.20390392097926,309.4116717583276,2711.045930963078,13.853446175349372,174.98761825420956,36.44780440157297,6.864983350008308,46.33447527809401,0,2026-09-03 06:23:53
2026-09-02 14:28:00,CNC-03,H,298.298837226305,312.10909757997626,1472.0971116859068,44.89177587509601,70.48561088828548,20.463944286714156,12.251172154550385,54.24379134560564,0,2026-09-03 06:23:53
2026-09-02 06:42:00,CNC-01,L,295.8999492155419,309.72333679136995,2125.59192453913,32.990551786786845,39.5063248799084,2.800901438030854,12.966843831458664,58.20250021900614,0,2026-09-03 06:23:53
2026-09-02 14:04:00,CNC-01,L,297.85167084824894,311.735193778188,1416.7654528068053,49.80466719386335,34.48669183119307,2.026213484778963,13.114381693269477,53.614473302443336,0,2026-09-03 06:23:53
2026-09-02 10:00:00,CNC-02,M,296.06782131208365,310.84091084252844,1510.3845113301895,51.95534535345612,106.25839831830945,2.3244639225329053,14.624966118956525,57.50504244889744,0,2026-09-03 06:23:53
2026-09-02 14:18:00,CNC-01,L,298.1043802377173,311.93566315025004,1562.1563912713937,43.16723149994899,56.3768631792185,2.241912406928665,12.880681782020837,57.64600515900654,0,2026-09-03 06:23:53
2026-09-03 02:45:00,CNC-01,L,297.1782190687726,310.211420550493,2424.654168899773,23.518577377911903,116.89196811999801,3.2116271215084717,10.306135510162427,58.27573542435586,0,2026-09-03 06:23:53
2026-09-02 19:27:00,CNC-03,H,27.709319266174248,41.0054631134588,2274.4602238172893,27.359569693557408,9.850459152467016,2.798945340178702,11.73486755682435,53.56366558136902,0,2026-09-03 06:23:53
2026-09-02 06:23:00,CNC-01,L,296.21505608571397,309.35089525059993,1989.5646851284314,30.838643339031307,13.431288266816813,2.508751770433814,11.532155088480437,54.84590998798924,0,2026-09-03 06:23:53
2026-09-02 17:43:00,CNC-02,M,299.21953605253293,313.54630867337096,1899.3048449205187,37.50713830071477,107.05992450034252,2.5066434181548534,,52.396189603288846,0,2026-09-03 06:23:53
2026-09-02 06:52:00,CNC-02,M,296.14364383455535,309.5906408662193,1777.7071715902339,34.83076408497271,45.055658564473006,2.375978599659727,11.575276850049502,58.82759097431205,0,2026-09-03 06:23:53
2026-09-02 20:09:00,CNC-01,L,299.4161617130551,312.8249670118794,2306.4154883370124,24.951001728288222,143.0812210706908,31.51933326228912,10.952627582403123,53.65627651201709,0,2026-09-03 06:23:53
2026-09-02 20:12:00,CNC-01,L,299.2578977845269,312.7210901401239,2410.1915123237422,24.386174620423095,146.64643005787306,3.2116182273365195,10.945955604501343,51.94426044708769,0,2026-09-03 06:23:53
2026-09-02 15:14:00,CNC-02,M,298.45943926769087,312.7706310663225,1448.226778135626,47.59609179640708,129.73335304008066,2.244268179234615,,55.61267055787776,0,2026-09-03 06:23:53
2026-09-02 11:33:00,CNC-03,H,297.04010128013164,310.7469569539189,1351.7172286296493,50.63293369589538,23.86357641113293,1.9684516166170778,12.980400711854857,54.03921442946771,0,2026-09-03 06:23:53
2026-09-02 14:35:00,CNC-01,L,298.39583180173537,312.87190513634727,1507.0544708986556,50.16430223921802,82.60288863977956,2.1102150215892745,13.998277189344561,54.18865389475583,0,2026-09-03 06:23:53
2026-09-02 22:32:00,CNC-02,M,298.8108602294317,311.20350284016524,2587.5559898621946,17.78450833638384,6.399639344480385,3.1363671156252484,8.464203067084567,52.05644073889268,0,2026-09-03 06:23:53
2026-09-02 18:45:00,CNC-03,H,300.80529810977146,315.4496527936002,2223.108069918263,31.27114531544027,217.57944765326698,3.5391523724432044,12.849223700619511,49.6436436091064,0,2026-09-03 06:23:53
2026-09-02 20:14:00,CNC-03,H,300.65646968887904,314.2697279541578,2396.124855659445,26.709177253050356,66.3827318061452,2.9179693977925485,11.953283193804515,52.957190246188006,0,2026-09-03 06:23:53
2026-09-03 00:54:00,CNC-02,M,303.34244220641506,310.2674389865709,2700.944304196472,17.116126219712022,157.79503228158006,3.470205769767165,8.577605836935215,42.439907189644025,0,2026-09-03 06:23:53
2026-09-02 09:44:00,CNC-03,H,296.38432070781715,311.0504651110027,1523.7826414072522,49.31926841966489,87.49132345877429,,14.231703401758134,62.14049583231506,0,2026-09-03 06:23:53
2026-09-02 13:20:00,CNC-02,M,297.59411828963135,312.7030046530359,1382.713460936995,54.66534567135158,176.18776628799378,2.533433028940769,14.217884728854225,55.00810397122992,0,2026-09-03 06:23:53
2026-09-02 20:25:00,CNC-03,H,,313.7858116159889,2447.4462867259363,22.433708795221385,79.29467577747693,3.145022304766038,10.305826430357278,54.27683437643051,0,2026-09-03 06:23:53
2026-09-02 09:13:00,CNC-01,L,296.17696823303424,309.8053030412291,1525.618304517281,42.74108137774509,24.257775995518003,2.2043121701923414,12.25456867966181,60.18496019691226,0,2026-09-03 06:23:53
2026-09-02 17:13:00,CNC-02,M,299.1952627239202,313.18991004541516,1982.6615800957006,33.89422024272587,66.12668026305802,2.6729439964541295,12.41617302756233,50.97399808925607,0,2026-09-03 06:23:53
2026-09-02 08:07:00,CNC-03,H,295.735092273899,310.30555969521663,1555.754077868525,,175.15248996783507,2.4561001204767474,13.54008784327147,59.95101173794787,0,2026-09-03 06:23:53
2026-09-02 19:38:18,CNC-02,M,26.224350444123672,39.483272982276844,2280.8221598764735,25.04614083829902,34.75549754984958,2.73802846928053,10.76526113971354,51.45569807556433,0,2026-09-03 06:23:53
2026-09-03 05:21:00,CNC-03,H,23.803662385502605,37.75405201491651,2248.2757408022067,29.287102447365516,168.37953059090924,3.2099722695423454,12.344132274871962,53.706006060248484,0,2026-09-03 06:23:53
2026-09-02 14:37:00,CNC-03,H,298.464334155528,312.51731944473084,1407.2200135963265,49.32985783275531,84.38022908602782,2.0869080590809865,13.052703109390487,55.543194737788575,0,2026-09-03 06:23:53
2026-09-03 02:35:00,CNC-02,M,296.8200755552302,309.42360456289407,2619.035814336295,18.517740356471315,28.999807625637892,3.1517292095079363,8.969526664432868,58.31781271657799,0,2026-09-03 06:23:53
2026-09-02 14:39:00,CNC-02,M,298.26469890717163,312.55117437135925,1560.5769654123094,46.5032492919681,76.61930274895319,2.2062293942262268,13.555806510446091,53.61312317110882,0,2026-09-03 06:23:53
2026-09-02 07:04:26,CNC-01,L,295.9566476784527,310.6352946092959,1837.4877715993111,42.17064565812984,70.1707881765296,2.4874694983540313,14.509051978321986,57.89769342424568,0,2026-09-03 06:23:53
2026-09-03 05:02:00,CNC-02,M,22.903786736138613,37.57029452194047,2271.87594777015,30.5382955121586,203.64882399035287,3.403750511235768,12.777686223563027,59.749113604430484,0,2026-09-03 06:23:53
2026-09-02 13:04:00,CNC-02,M,297.76449326450376,312.63288903804346,1441.904668853005,51.681882543719354,150.89554363552736,2.354768215365244,14.167494684115741,51.57790149671217,0,2026-09-03 06:23:53
2026-09-02 21:20:00,CNC-02,M,299.2410938171534,312.5409934211632,2629.2968446035356,20.238667677562756,5585.672721893163,3.4307444937850895,9.94642168149257,55.02103238785892,0,2026-09-03 06:23:53
2026-09-03 05:32:00,CNC-01,L,22.512609825919867,35.626894444288325,2126.708862957602,26.622147289704916,100.12552815663949,2.7935021605051906,10.576920868643667,61.74670654411694,0,2026-09-03 06:23:53
2026-09-02 23:14:00,CNC-03,H,300.0319116322684,310.4988637914742,2697.4378213444397,9.66739147592536,3.205209493707478,3.2674273995407175,4.70389602597404,51.058087936845695,1,2026-09-03 06:23:53
2026-09-02 17:21:00,CNC-01,L,299.3965804692731,313.82480462795064,1863.8700626852553,40.094268776890694,132.95688265956878,2.68289388843502,14.239276462667076,51.118247715281896,0,2026-09-03 06:23:53
2026-09-02 15:35:00,CNC-02,M,298.80588493989995,313.3940606054036,1745.0532976661932,40.517737201033036,161.25058677843631,2.7771560158189246,12.926259879335351,48.82943486653337,0,2026-09-03 06:23:53
2026-09-02 14:22:00,CNC-01,L,298.23964694108696,312.3577372666245,1456.9549997172312,50.33062778544964,62.68714991794581,2.056513314717779,13.960413143866148,58.09935023997754,0,2026-09-03 06:23:53
2026-09-02 21:51:00,CNC-01,L,299.257960039489,311.16550947619646,2737.192230242339,16.305419515276167,23.229329637981664,3.188718302869373,8.294195027167918,53.69988416213259,0,2026-09-03 06:23:53
2026-09-02 12:41:00,CNC-03,H,297.79298744446953,312.104806243835,1388.8715971798604,51.67206427444496,131.5965361439697,2.307455262339734,13.840319404800743,55.372262467964006,0,2026-09-03 06:23:53
2026-09-02 19:54:00,CNC-02,M,26.73327189490402,39.76224263999984,2370.4516244679558,22.79700817655628,55.309074285203415,3.0142942467317955,10.184106364087304,48.557308618646296,0,2026-09-03 06:23:53
2026-09-02 20:13:00,CNC-02,M,299.7198048877048,313.2246943384931,2482.895265834918,23.78516996982385,77.99374787196808,3.056644190825621,11.115673712783552,47.75795174725291,0,2026-09-03 06:23:53
2026-09-02 08:19:00,CNC-03,H,296.1766659311022,310.9176764893969,1802.2082884749968,39.84442272733306,192.87206945490928,2.9889147756638397,13.538229599631501,57.426454802057386,0,2026-09-03 06:23:53
2026-09-03 04:05:00,CNC-01,L,296.25670496107824,310.9011576482304,2429.2976921597465,28.360828529170554,210.15976272677273,3.920721925535622,12.84276910421017,58.133265047387646,0,2026-09-03 06:23:53
2026-09-03 02:18:00,CNC-01,L,297.23144493602547,309.88637493787945,2496.9536520384227,19.966824385693016,86.64125391733664,3.070105741947364,9.397185092180454,55.71886891983234,0,2026-09-03 06:23:53
2026-09-03 06:18:00,CNC-02,M,295.4294190006203,309.96578329872915,1871.831586624681,39.89516791600354,58.525623503827575,2.313964680514306,13.859976288488769,60.56127155712487,0,2026-09-03 06:23:53
2026-09-03 02:49:00,CNC-01,L,296.8504404411453,310.13077853867475,2522.322092603146,22.258192961644447,121.49782824482895,3.25968668065184,10.520998518875093,51.584993506901895,0,2026-09-03 06:23:53
2026-09-02 12:26:00,CNC-01,L,297.07648658653227,311.80982068702866,1515.4092174482655,49.97424353103171,116.11337211075733,2.5143217702496607,14.035781245272805,61.45172656786777,0,2026-09-03 06:23:53
2026-09-02 17:57:00,CNC-03,H,300.4108809844153,314.8546683150684,2073.3480368022624,34.61758725577566,155.17671972700265,2.9443387349672183,13.479793795416827,50.830602532006274,0,2026-09-03 06:23:53
2026-09-02 09:04:00,CNC-01,L,296.475648413619,310.78449711795946,1673.434200535551,46.09848352776145,,2.261407440918028,14.293669777063316,55.73346171267586,0,2026-09-03 06:23:53
2026-09-02 21:59:00,CNC-02,M,299.1893936139287,312.77665525606363,2730.7608495677277,19.223744246642504,198.44098722060247,37.11605440260498,9.893761538875058,53.571428764295675,0,2026-09-03 06:23:53
2026-09-03 02:06:00,CNC-02,M,297.15049492452425,311.2863937297148,2770.8402207305908,20.727937168896123,235.88587072347983,4.413773278776633,10.762960395875103,53.629178314315375,0,2026-09-03 06:23:53
2026-09-02 20:36:00,CNC-03,H,300.9529303644122,313.2815168151999,2480.525609085017,19.2496063313873,,3.1046790834655704,8.939276564616012,50.08635675823496,0,2026-09-03 06:23:53
2026-09-03 02:50:00,CNC-02,M,296.4803013535753,309.366780017324,2463.2301793521196,21.989024850958508,45.97394525896201,3.0124896355973347,10.301140530769743,65.03076036613149,0,2026-09-03 06:23:53
2026-09-03 05:29:00,CNC-02,M,22.536783106807945,38.118926419167224,2016.1893024749781,37.65432229287143,238.18733761061202,3.652681380577221,14.057156061637443,62.211705398563666,0,2026-09-03 06:23:53
2026-09-02 07:34:00,CNC-02,M,295.99828936844375,310.2994379339208,1814.4341434861892,38.290934134923916,104.54430583056809,2.5022220800337163,12.721684775993971,58.21015848568047,0,2026-09-03 06:23:53
2026-09-03 03:27:00,CNC-01,L,296.5449941990999,310.70299489758946,2398.493626665861,27.267458118919716,165.27465341571366,3.392425184883034,12.056302961062741,57.603281606840994,0,2026-09-03 06:23:53
2026-09-02 20:35:00,CNC-03,H,301.18161828606173,313.79554009356457,2581.2187696811798,18.63459388025423,90.88518444099243,3.218660917699779,8.814384450842764,54.580094374062,0,2026-09-03 06:23:53
2026-09-02 18:13:00,CNC-03,H,300.15757870285813,314.4387662724815,2058.364188740125,33.22497256125838,176.23564053702322,2.99907890688124,12.863824768574258,52.21940625115869,0,2026-09-03 06:23:53
2026-09-03 04:49:00,CNC-03,H,296.9514260919526,310.7798474773194,2290.7835985315774,27.589630048252346,127.8182167472551,2.9141773932645085,11.655047673465704,52.89414827001991,0,2026-09-03 06:23:53
2026-09-02 13:26:00,CNC-02,M,297.9569786309369,313.0217296917605,1360.9371257286675,55.39282258883011,185.62055249264156,2.5142894774424467,13.98890850093887,58.35394516308891,0,2026-09-03 06:23:53
2026-09-02 18:25:00,CNC-03,H,300.27921416775274,314.6621790229222,2048.588115653155,34.514372948689406,191.86584468613137,3.0941028127666437,13.344666365098789,50.32835465197285,0,2026-09-03 06:23:53
2026-09-02 09:11:00,CNC-01,L,295.8619360082615,309.98645768634384,1419.8728391420573,50.4718311100126,21.262918426215137,1.9979574819267445,13.520434643376623,62.73740326190161,0,2026-09-03 06:23:53
2026-09-02 08:31:00,CNC-01,L,301.62879520216,310.86850173769926,1621.2316462025576,50.25737871756689,196.60498943722033,2.9431755049474253,15.232430729098484,47.614748531750934,0,2026-09-03 06:23:53
2026-09-02 08:22:00,CNC-03,H,296.5756962408786,311.526350998434,1786.3000585667755,42.30467517033188,197.37038753904793,2.814805609205802,14.46276883457943,59.37849669780482,0,2026-09-03 06:23:53
2026-09-02 09:58:22,CNC-03,H,296.5401685044017,310.5428887809278,1384.6207332526503,48.818983930451324,110.90426070901208,2.1701415851950294,12.79176312798367,58.53942630157378,0,2026-09-03 06:23:53
2026-09-02 22:05:00,CNC-01,L,299.47778035488767,311.1273667679852,2703.0465058312852,15.666411865116581,38.55688139309137,3.2762025584516055,8.024738287030798,52.40038666605705,0,2026-09-03 06:23:53
2026-09-03 03:13:00,CNC-02,M,296.65802364145947,310.01945462951073,2466.490130417296,21.49174534942596,72.29691995818146,3.0332600066564206,10.22022044190786,52.4732681695614,0,2026-09-03 06:23:53
2026-09-02 17:55:00,CNC-03,H,300.3143517315334,315.0573378526989,2085.875745178808,37.3991287795314,152.546943730079,2.9866321835440166,14.753782813882212,53.39877199218159,0,2026-09-03 06:23:53
2026-09-02 07:46:00,CNC-02,M,295.87466749964136,310.6070080255921,1612.4347332211037,46.06545570891734,121.91679020618574,23.236613203687874,13.85511972165962,62.52864632261337,0,2026-09-03 06:23:53
2026-09-02 16:03:00,CNC-02,M,298.8527045877463,314.1792408722246,1864.880318078196,42.542004314604505,201.9793589260216,3.0712554421232277,14.737851645136713,49.45266947441826,0,2026-09-03 06:23:53
2026-09-03 01:33:00,CNC-03,H,304.2031621941126,311.43725973199906,2555.0125681729924,20.65214735885779,151.8251966262283,3.2611869969437284,9.678951690627084,44.86227706154529,0,2026-09-03 06:23:53
2026-09-02 12:52:00,CNC-02,M,297.61720696028647,312.61818123102637,1374.528085608,56.311840713523594,131.90171572558668,2.240768374327879,14.244183374342956,51.60495490489593,0,2026-09-03 06:23:53
2026-09-03 03:27:00,CNC-03,H,297.75595531010265,310.9548059312476,2282.222889100793,27.628540793203392,28.828406774592136,2.9872565680052765,12.074899940985038,53.469249938065964,0,2026-09-03 06:23:53
2026-09-02 09:10:00,CNC-02,M,296.1832395876181,310.1693962343353,1615.8584221823835,44.389777641352936,29.088489267249525,2.135089297027238,13.495122937819767,56.18734309548947,0,2026-09-03 06:23:53
2026-09-03 02:53:00,CNC-01,L,297.0446213922234,309.4926749624206,2572.8450134153327,17.834268977466664,126.0079152727714,3.321703484906776,8.544019350330004,51.18941299427633,0,2026-09-03 06:23:53
2026-09-02 06:55:00,CNC-02,M,296.1370392772267,309.7908421627844,1989.2808749737019,33.34456879110545,49.20885976601617,2.6701207394002946,12.42697000648389,56.60286307271408,0,2026-09-03 06:23:53
2026-09-03 00:21:00,CNC-02,M,298.15262248884414,311.0946973569442,2510.4129043082585,20.692751197209493,122.69644889659023,3.1268409459281394,9.830265366012455,55.95236834474122,0,2026-09-03 06:23:53
2026-09-02 17:49:00,CNC-03,H,300.22474827256895,314.47423047308484,2014.5597290511,34.823360504293944,144.38202475255017,2.827966611042397,13.28826550137812,47.44120799826278,0,2026-09-03 06:23:53
2026-09-02 09:06:00,CNC-02,M,295.8773232631302,309.76197846434246,1355.3005538306131,51.53946909071024,22.968503629415192,1.9966811186849605,13.265073075444883,57.324430513927766,0,2026-09-03 06:23:53
2026-09-02 07:37:00,CNC-03,H,296.5152479839548,310.5653236270109,1706.9060186598304,40.326503507692635,131.1993024632444,2.3807194172599306,12.688800769750463,52.33737591812749,0,2026-09-03 06:23:53
2026-09-02 17:35:00,CNC-03,H,300.30291257364553,314.5740102310269,1822.192104282919,39.768807147886754,125.54703237285487,2.5682831985925243,13.477236326134046,50.2549201033945,0,2026-09-03 06:23:53
2026-09-03 02:39:00,CNC-03,H,298.14710928821296,312.12995912062746,2611.3502179021707,24.174216227886177,224.46629467200393,3.845220166404523,11.503011779450334,56.73360622353642,0,2026-09-03 06:23:53
2026-09-02 23:21:00,CNC-03,H,300.2770000184467,312.41030361735915,2626.0910426165183,17.630191717534583,10.778210172115557,3.0996905479684287,8.4140533909178,50.97659203234635,0,2026-09-03 06:23:53
2026-09-03 02:46:00,CNC-02,M,296.5914877224398,309.13464779278587,2576.5153857527284,18.910500814473508,41.43446946480826,3.0042595307305504,9.107643768764197,58.09037999839126,0,2026-09-03 06:23:53
2026-09-02 10:07:00,CNC-02,M,296.5491523047296,311.0780910914227,1344.7390525030862,54.82421697061613,117.23979136689765,2.1346380766195194,13.551065808275704,59.52237024210634,0,2026-09-03 06:23:53
2026-09-03 00:55:00,CNC-01,L,298.309280493446,311.49574088848965,2571.880504253982,19.27481822199926,220.51620636100606,4.14687762026135,8.996834194636449,55.45996827813523,0,2026-09-03 06:23:53
2026-09-03 00:18:00,CNC-03,H,299.7400330016628,311.5853394285364,2844.235821856887,14.787266832791081,71.41563099467284,3.463951255970813,7.692225260165881,48.37377970524943,0,2026-09-03 06:23:53
2026-09-03 05:50:00,CNC-02,M,22.377337243979184,36.09913949688098,2109.506987579379,30.198645914798284,21.03852506167793,2.6323583357997054,12.098306727845962,59.61640498286104,0,2026-09-03 06:23:53
2026-09-03 03:02:00,CNC-03,H,298.0926388927101,309.5878494730557,2570.0320400951473,15.868741140577077,0.0,3.082054970092421,7.7297243688761235,53.455970883710755,0,2026-09-03 06:23:53
2026-09-02 12:32:00,CNC-02,M,297.4494930272872,311.79239497296976,1437.1857848174616,50.36950827954906,100.19703447951235,2.155424809805171,13.718077704521573,53.49386825567238,0,2026-09-03 06:23:53
2026-09-02 14:14:00,CNC-03,H,298.2907915138735,311.76116125654664,1356.213717110046,47.626297507319094,48.729479551119944,2.090577212326793,12.044976504470569,53.08422559179654,0,2026-09-03 06:23:53
2026-09-02 10:49:10,CNC-03,H,296.5999052962256,311.01667156348276,1376.8570429896122,49.71143748575062,190.7210428478579,2.4752473066033867,12.87066118067188,56.989441658351566,0,2026-09-03 06:23:53
2026-09-02 12:39:00,CNC-02,M,297.3390423281793,311.99047710220617,1493.5054080329016,50.747873793833975,111.26105420614975,2.279814058288099,14.090111253590335,54.191643874260905,0,2026-09-03 06:23:53
2026-09-02 14:30:00,CNC-03,H,298.6390670320333,313.0126604623451,1484.4051837597176,50.54315732857641,73.57578606220252,2.1352919207047405,14.07387557755621,53.95477901908765,0,2026-09-03 06:23:53
2026-09-02 21:00:00,CNC-03,H,301.07209731272116,314.44425912597455,2417.086862038422,24.53037003217539,119.733904766167,3.0302908281289365,11.357831076483055,,0,2026-09-03 06:23:53
2026-09-02 18:36:00,CNC-03,H,300.61780294305214,315.2290465453133,2094.493536232964,33.60594892097084,206.0734118956852,3.263321128968691,13.062078022385602,49.66815622735718,0,2026-09-03 06:23:53
2026-09-02 15:21:00,CNC-03,H,299.09662309921214,313.46768029944303,1636.0062450518035,43.019166832298104,151.05277405429138,2.494772373878962,13.084661154960914,51.738088106598624,0,2026-09-03 06:23:53
2026-09-03 05:07:00,CNC-01,L,22.728638660631873,35.95145741339417,2088.61249873423,27.4858761226361,68.11069365004542,2.6601887076702964,10.359302804559292,57.94610861546976,0,2026-09-03 06:23:53
2026-09-02 13:23:00,CNC-01,L,297.5749506708687,312.5866570720042,1531.4419907352492,48.72369183393769,206.34762074376613,3.0488303082464183,14.133957116444344,52.9470665694721,0,2026-09-03 06:23:53
2026-09-02 17:37:00,CNC-01,L,299.48666350458046,314.10253591719396,2110.8247741573596,35.46555038110508,154.7169149666384,2.9325448794121605,14.202853666967636,51.8330537092289,0,2026-09-03 06:23:53
2026-09-03 03:44:00,CNC-03,H,297.92250791066596,311.1785664610798,2436.656622269238,24.867936802645083,48.71276433150354,2.991808486013361,11.071507821867517,52.09435703287611,0,2026-09-03 06:23:53
2026-09-02 13:35:00,CNC-02,M,297.85509022610705,312.6444310310593,1393.5912896673806,49.65437604831596,199.79695844561394,2.6210385183381946,12.810734198307381,51.32292782142758,0,2026-09-03 06:23:53
2026-09-03 03:44:00,CNC-01,L,296.2197358548018,310.44570169489987,2513.0278225882857,26.287931737936464,185.104189931761,3.694452016365674,12.226185364560793,57.55361468663974,0,2026-09-03 06:23:53
2026-09-03 04:22:00,CNC-01,L,296.17690669048056,309.2919998602004,2359.6731896071105,26.7057880514626,12.066109535212853,2.8323836438051844,11.947632927822527,56.8314893983446,0,2026-09-03 06:23:53
2026-09-02 14:57:00,CNC-02,M,298.3427522969397,312.93520774645793,1494.301855296785,49.13855358516416,104.25841086117967,2.2030712258312395,13.437964474892704,56.06522096149062,0,2026-09-03 06:23:53
2026-09-02 13:46:00,CNC-02,M,298.0976262895835,313.54630637186705,1435.1164530096532,54.676626475310655,217.01661637284536,2.9377062856322484,14.79667711326926,53.21261382983952,0,2026-09-03 06:23:53
2026-09-02 20:05:00,CNC-03,H,300.96556719233723,314.2027906732766,2335.5222518484134,0.0,55.80343926247454,2.912337977412382,10.811019544739551,50.626244042449265,0,2026-09-03 06:23:53
2026-09-02 22:35:00,CNC-02,M,299.2097793276481,309.47638153027856,2834.063929147807,7.363107442612535,9.511255262026655,33.38573272559862,3.7783252031058643,52.51533425136293,1,2026-09-03 06:23:53
2026-09-02 13:44:00,CNC-02,M,298.195504316932,313.1421334144807,1362.5304719584497,,213.8839194847709,2.8667707356792884,13.68887149096699,51.815184374539804,0,2026-09-03 06:23:53
2026-09-02 20:51:00,CNC-02,M,299.6516371985298,312.88474385624795,2593.620146311981,20.66672450595741,122.07072186679417,3.2050969195343715,9.933140246363509,47.897053144407145,0,2026-09-03 06:23:53
2026-09-02 20:52:00,CNC-02,M,299.5243725324601,312.5242102668196,2483.948483423629,21.204252792246024,123.24841106440124,3.1342095312218796,9.704353334376917,53.97795218672649,0,2026-09-03 06:23:53
2026-09-02 17:39:00,CNC-03,H,300.23703615377553,315.10551351083166,2004.2628074095526,37.94209245021375,130.95384922515862,2.7184895102994244,14.237981834488131,54.769830725152445,0,2026-09-03 06:23:53
2026-09-02 14:29:00,CNC-03,H,298.3502127779957,312.1148116612721,1437.1628460613276,48.50044307787779,72.05007745995948,2.1284972689134465,12.871394071233548,54.32405860018803,0,2026-09-03 06:23:53
2026-09-02 23:06:00,CNC-02,M,298.7689497796252,310.65671636342364,2742.371608468618,14.796108904971367,42.68561889331546,3.2079050966408946,7.769782529373344,53.29286258326166,0,2026-09-03 06:23:53
2026-09-02 08:11:00,CNC-03,H,296.46666231632054,311.9507042998463,1640.4807025135967,49.831062512455986,,2.6617529652091947,15.237035202296793,61.85558089878727,0,2026-09-03 06:23:53
2026-09-02 21:08:00,CNC-03,H,300.7945663215185,314.06092331169225,2393.191610329316,22.941161660398237,128.81874091256572,3.16499890008232,10.110834095335898,49.05870510432359,0,2026-09-03 06:23:53
2026-09-03 02:21:00,CNC-01,L,297.36655713986937,309.2102516666341,2726.063750756043,15.289608619299988,89.82628667937303,3.275911930830132,7.818505099105596,54.62472928358813,0,2026-09-03 06:23:53
2026-09-03 00:07:00,CNC-02,M,298.4139779639184,310.33579422491965,2744.7058297725584,13.582506331713645,107.72693049632402,3.3692251958362935,6.985653056392895,50.440709910047026,0,2026-09-03 06:23:53
2026-09-02 20:50:00,CNC-03,H,300.75424843461036,313.7759987093069,2569.5845679388335,21.101852769840583,108.28034793921827,3.262604903604023,10.36608529967651,49.695718922685195,0,2026-09-03 06:23:53
2026-09-03 02:21:00,CNC-02,M,296.49909999124634,307.9901146382451,2589.0986053713605,13.929475130475817,13.261968922990055,3.183511187868497,6.948751111051409,59.185303630187775,0,2026-09-03 06:23:53
2026-09-02 15:43:00,CNC-03,H,299.37426583564513,314.6828422602604,1673.1353609704327,48.56094866458992,183.87301067209182,2.643859527604551,15.149846054480562,54.66684957189775,0,2026-09-03 06:23:53
2026-09-02 10:07:00,CNC-01,L,296.37081227528927,310.7492137004172,1498.42608444786,49.93543054609038,107.92051708355936,2.240379980773097,13.87045526969291,57.36638982749828,0,2026-09-03 06:23:53
2026-09-02 06:51:00,CNC-01,L,296.1884895253691,309.5882760970948,1914.5225143837586,31.790963553234715,51.990885496566165,2.6300668423048874,11.553859991067922,53.38128449879092,0,2026-09-03 06:23:53
2026-09-02 19:18:00,CNC-02,M,26.5503907832869,39.70684760866726,2244.7263903435764,25.79776973932537,11.299621879952959,2.868337745257636,10.666549040806826,53.16573301189698,0,2026-09-03 06:23:53
2026-09-02 07:05:00,CNC-03,H,296.046622170904,310.55830188115027,1983.7367931485842,38.28711635499515,85.50850861373662,2.56429555534634,14.218411307371156,56.87220882334297,0,2026-09-03 06:23:53
2026-09-02 06:46:00,CNC-02,M,296.19850223676144,310.378835969984,1953.8201354841076,36.678615101919135,36.602381054889825,2.4736718064259375,13.254254972799835,61.956973404089396,0,2026-09-03 06:23:53
2026-09-02 21:21:00,CNC-02,M,299.2474687122622,313.03005937448904,2548.508617578611,23.21418149577221,156.44431739037057,3.4378716142328076,11.189216653091908,52.40414278130599,0,2026-09-03 06:23:53
2026-09-02 17:08:00,CNC-01,L,299.3920979934942,313.9545650384832,1772.777482464397,41.139629319387666,114.97701000196369,2.4774766340045336,13.618580159668154,52.87481763473461,0,2026-09-03 06:23:53
2026-09-02 13:38:00,CNC-02,M,297.7894692529846,312.58174309398396,1467.4661692283548,48.99792429487716,204.52749475381535,2.793128142781168,13.669460690309801,55.08219124739683,0,2026-09-03 06:23:53
2026-09-02 16:08:00,CNC-02,M,298.9644804462756,314.1531077426922,1730.3881598041721,44.6544864759084,209.209214056723,3.0278478672232696,14.325128373901837,55.906340815559304,0,2026-09-03 06:23:53
2026-09-03 01:25:00,CNC-01,L,297.9766183701082,309.6784703634345,2687.890653064181,14.363924300879612,28.973357061918954,3.3044092702578105,6.88966602447918,53.28454819524937,0,2026-09-03 06:23:53
2026-09-02 11:49:00,CNC-01,L,296.52928498571833,309.9512034141899,1356.8605488772748,46.5779977092985,57.23713105118307,49.461646026811,11.941993984144807,53.841018871200895,0,2026-09-03 06:23:53
2026-09-02 12:13:00,CNC-03,H,297.5207012983392,311.7837025495326,1398.4319557639735,52.232556304169385,87.33779046716155,2.024781291859664,13.76401091092802,53.832395874595534,0,2026-09-03 06:23:53
2026-09-03 01:08:00,CNC-02,M,303.3341515620858,309.64636769944724,2750.1408710610212,13.243611340573493,172.89244654748504,3.6116170225239888,6.674093527101799,43.45552968365414,0,2026-09-03 06:23:53
2026-09-03 03:57:00,CNC-01,L,296.2826717951462,310.21239859467596,2346.2679722443263,26.659312417238283,200.48783954669494,3.7924036987852805,11.516573731407624,59.88858714387863,0,2026-09-03 06:23:53
2026-09-02 18:48:00,CNC-01,L,299.57743520813517,313.3836905359861,2207.397069766561,30.8698794329374,43.92717828622471,2.892304072606805,12.647627818713477,48.416767276305556,0,2026-09-03 06:23:53
2026-09-03 03:53:00,CNC-01,L,296.30040230873556,309.96716069078127,2350.3709912724617,25.390269782050687,195.78335501468374,3.7411307575819026,11.306683252346245,55.33683428837893,0,2026-09-03 06:23:53
2026-09-03 04:17:00,CNC-03,H,297.3794431462928,310.6399734085933,2144.947815269723,29.09845171336827,88.51389351591877,2.719866238543312,11.634217807175505,51.13978664447218,0,2026-09-03 06:23:53
2026-09-02 14:28:00,CNC-02,M,298.3260273207691,312.45519737167064,1559.820402440706,44.557506239138995,59.56812602281805,2.240658789700645,12.89446245559762,,0,2026-09-03 06:23:53
2026-09-02 12:36:00,CNC-02,M,297.2673282449464,311.77765407879593,1377.2917248312128,52.7651843719335,106.5138624672974,2.190974487335422,13.533425909135737,58.55704462384244,0,2026-09-03 06:23:53
2026-09-02 20:57:00,CNC-01,L,299.0869297664908,312.65596965261284,2508.2977251735547,23.117544811909568,198.9498624948229,3.716760094039665,10.605892907740106,55.783831776771734,0,2026-09-03 06:23:53
2026-09-03 02:01:00,CNC-03,H,304.2663339941984,311.82646492019063,2639.548160210174,23.03656253909149,182.28354430895718,3.5532289785581224,11.269150309438661,45.75029852554224,0,2026-09-03 06:23:53
2026-09-03 05:07:00,CNC-02,M,22.646837786726678,37.73506507799112,2224.512143129687,33.32777231280929,209.96965466269728,3.643458324470734,13.78505182032044,57.88578780388099,0,2026-09-03 06:23:53
2026-09-02 23:57:00,CNC-03,H,299.96463615606206,312.41943751586786,2499.570860405828,20.87499633820791,49.12410442837922,3.0629084958975845,9.672376818225624,52.26106832276141,0,2026-09-03 06:23:53
2026-09-02 09:21:00,CNC-03,H,296.6558986197557,309.8400814013331,1557.9259571651055,39.39090460637842,53.49604874718024,2.170025182370371,11.597208058965037,58.51736145796024,0,2026-09-03 06:23:53
2026-09-03 01:12:00,CNC-01,L,298.13418465261384,309.41185424182737,2663.9770379443,13.236224331445838,14.920533092253937,3.188660908587126,6.633852158730267,54.12929806774384,0,2026-09-03 06:23:53
2026-09-02 12:43:00,CNC-01,L,297.22942557214986,311.0941372250015,1302.8959391782887,48.91675634976697,143.07873363349245,2.240496418102329,11.954270847862935,57.29966269436427,0,2026-09-03 06:23:53
2026-09-03 01:08:00,CNC-03,H,304.6612064133079,310.9773912064042,2792.6291530220024,15.244424617545878,124.88612723341596,3.4480713925754394,8.042777869573595,41.86905577723944,0,2026-09-03 06:23:53
2026-09-03 00:08:00,CNC-03,H,299.93102351632626,311.57566459583165,2618.351848396001,14.805706370155065,60.76427089006925,3.1730121941411,7.081263871038698,49.73674027516105,0,2026-09-03 06:23:53
2026-09-03 03:06:00,CNC-01,L,296.3118237758612,309.41197519067947,2541.0445191475014,21.59197860874621,140.8578186964617,3.333492800160148,10.176731139345,57.78795576643921,0,2026-09-03 06:23:53
2026-09-02 11:53:00,CNC-02,M,297.09458277045064,310.8672128940903,1393.4558795097637,50.121891044596005,38.226343331337276,2.1776371016486666,12.991965379289807,54.621344472575515,0,2026-09-03 06:23:53
2026-09-02 19:42:00,CNC-01,L,26.275270827370434,39.83299664360038,2278.474994410084,26.75153073283691,110.62060176565437,3.0570448002287476,11.390269074927112,53.60310083437069,0,2026-09-03 06:23:53
2026-09-03 06:19:00,CNC-02,M,295.2570276924563,309.6827343139486,1964.4342775037037,35.70058409608326,59.884477568117106,2.66236285375833,0.0,61.64393990839348,0,2026-09-03 06:23:53
2026-09-02 23:04:00,CNC-02,M,298.6746266062853,310.8624491490196,2756.9009437292475,17.048851543100522,40.59536812393566,3.1845197397460625,8.607655452742518,54.73559337626586,0,2026-09-03 06:23:53
2026-09-03 02:04:34,CNC-01,L,297.2035215452586,308.9450803341341,2544.429264091955,14.32165611689867,72.34535206231635,3.18471895781774,6.870501371864908,54.88630595625851,0,2026-09-03 06:23:53
2026-09-02 22:27:00,CNC-01,L,299.29250149309445,310.97904217285577,2659.1832028943586,15.755302810548688,62.35594783583611,3.12553495969422,7.898141333800875,52.294865891053924,0,2026-09-03 06:23:53
2026-09-02 12:01:00,CNC-02,M,296.9904435302558,311.3836449751126,1420.9680153700526,51.79262021774769,50.97986269371898,,13.88448119133307,58.329856220508624,0,2026-09-03 06:23:53
2026-09-02 17:23:00,CNC-02,M,299.11737908056904,313.53772108993144,1876.1983892342457,40.238274681608715,79.89377136587754,2.469579175635305,13.88726408371967,55.627912589301786,0,2026-09-03 06:23:53
2026-09-03 05:51:00,CNC-03,H,23.39337119480615,37.694283733270765,1854.3436830458631,,207.9121693377794,2.9884608081505935,0.0,53.84437314425008,0,2026-09-03 06:23:53
2026-09-02 16:11:00,CNC-01,L,298.9920507658499,312.8485280973089,1776.2392733988654,40.302853601256196,33.75795215920079,2.3796716000176152,13.40459107144089,55.38572184863811,0,2026-09-03 06:23:53
2026-09-02 12:16:00,CNC-01,L,297.154228178588,311.6605249820879,1425.1068097623424,53.05580670497443,100.27408226702285,2.1296915489450625,13.959619694156984,58.07012692799121,0,2026-09-03 06:23:53
2026-09-03 04:09:00,CNC-02,M,296.389287674423,310.5575788258394,2231.7208883145427,29.70017211950253,138.204576072667,2.9808220498363984,12.506780444014948,58.2130304316417,0,2026-09-03 06:23:53
2026-09-03 00:33:00,CNC-01,L,298.81126590950606,312.24265705705716,2771.206288667966,19.840864764319786,197.01150578954915,3.933827645431625,10.644302874036471,52.652012394376655,0,2026-09-03 06:23:53
2026-09-02 19:52:00,CNC-03,H,27.720780957062402,41.45736859415695,2250.9941817094814,29.510258304791925,40.40277872614734,2.90417656852641,12.389149150958747,48.07972081571539,0,2026-09-03 06:23:53
2026-09-02 20:33:00,CNC-03,H,300.94731216631004,313.50701906124806,2529.7702858262146,19.767767545541894,88.60151221917664,3.1510842858579036,9.26776210305097,52.58902834355101,0,2026-09-03 06:23:53
2026-09-02 13:04:00,CNC-01,L,297.5972924928686,312.5004155590764,1369.852300298078,53.90657784282657,176.4860992470616,2.5080778281906375,13.931827021772529,57.965927158237825,0,2026-09-03 06:23:53
2026-09-02 11:50:00,CNC-02,M,297.0700658406234,310.66428540220073,1349.7256831158975,49.40083340604537,33.48029846941178,2.0065890523180276,12.492595978699073,54.504251455507415,0,2026-09-03 06:23:53
2026-09-03 04:52:00,CNC-01,L,295.95171493596166,309.0344294661391,2237.5022681069536,26.795242794948212,49.11600129426072,27.507873467381526,11.165927201994196,60.760936442258085,0,2026-09-03 06:23:53
2026-09-02 20:38:00,CNC-02,M,299.8901062541425,313.3489549676146,2455.9857204464874,24.50077101080867,107.10490853104145,3.1512953690783094,11.397533127161974,49.810630077475665,0,2026-09-03 06:23:53
2026-09-03 05:13:08,CNC-02,M,22.558044573112454,37.41067611401661,2074.305467208238,35.585998432907466,218.86009352142918,3.4363329999223455,13.890004605307988,60.04580892860428,0,2026-09-03 06:23:53
2026-09-03 03:41:00,CNC-03,H,297.8927800526245,309.9949222053519,2370.9892224034984,20.180834763464187,45.24093242544523,2.972411616842852,9.143028013194753,55.75936218951027,0,2026-09-03 06:23:53
2026-09-02 17:41:00,CNC-02,M,299.3134123305239,312.9563929565619,2062.6622938673677,31.16572729638973,104.36060755197413,2.7512501372872693,12.53013431635741,53.93472733148234,0,2026-09-03 06:23:53
2026-09-02 13:44:00,CNC-03,H,297.7943892454007,311.2470159541241,1376.5734460283966,46.45191564691667,1.571500075430687,2.0584031170280372,12.114004237209576,55.819297529103366,0,2026-09-03 06:23:53
2026-09-02 15:14:00,CNC-03,H,299.09535017654594,313.23545238895093,1626.9111757083601,44.5766883381075,140.66290922121212,2.513758526628301,13.542739827607772,48.343571948786355,0,2026-09-03 06:23:53
2026-09-02 16:10:00,CNC-03,H,299.60834766117057,313.7236146415839,1745.8973567709008,41.1080298931334,5.856009990758219,2.3721186465619524,13.56585539567817,48.70723044895996,0,2026-09-03 06:23:53
2026-09-03 06:20:00,CNC-01,L,295.6305756886536,310.06577960152276,1888.7268292388305,37.10776232402351,163.56839885040586,2.946487278698134,13.142090149767101,59.558081569594506,0,2026-09-03 06:23:53
2026-09-02 12:42:00,CNC-01,L,297.35644557131627,311.6860981992744,1472.5977022294935,46.98684710209664,141.48373544022638,2.443767656218178,12.913735208748903,57.561449572355855,0,2026-09-03 06:23:53
2026-09-02 18:40:00,CNC-01,L,299.6790568475634,313.19216066067287,2111.300533774119,29.96211382426622,33.76793228365304,2.698503010753172,11.95036351643284,55.48147891064122,0,2026-09-03 06:23:53
2026-09-02 17:22:00,CNC-03,H,300.0319207206665,314.2825022268385,2035.9096411636413,35.59089409408497,107.53374655027055,2.73710518535218,13.426126901924414,46.34846085732953,0,2026-09-03 06:23:53
2026-09-02 15:30:00,CNC-03,H,299.1314260181368,313.9989740292709,1614.1643435130568,46.958458646606466,164.50872212813124,2.5774120114041983,14.166972758516366,55.868034229024296,0,2026-09-03 06:23:53
2026-09-02 21:50:00,CNC-03,H,300.61539498175887,313.8282689504384,2674.48836483492,19.01027878171709,175.6045166197471,3.603411195190774,9.458823934893763,49.00167197723915,0,2026-09-03 06:23:53
2026-09-02 11:38:00,CNC-01,L,296.46423183917966,310.743484557161,1491.918106397075,48.94376333689421,39.75327791612593,2.1524959407580813,13.521835222849628,57.17279510025173,0,2026-09-03 06:23:53
2026-09-03 00:26:00,CNC-03,H,299.975038673363,312.757454651604,2663.4737044800545,19.557704153067185,79.95451707918482,3.1867767378416985,9.804963660258009,51.63036000802594,0,2026-09-03 06:23:53
2026-09-02 23:09:00,CNC-01,L,299.15430528394273,311.9615699162604,2716.3650308619613,19.390102373640026,107.53024645533904,32.00138542509259,9.661321385685321,50.67032152328554,0,2026-09-03 06:23:53
2026-09-03 01:40:00,CNC-02,M,297.3008496144193,311.0444557249417,2640.6028602285164,21.836559529393927,207.34880267197877,3.8010171890284083,10.718826439069787,56.070009318309474,0,2026-09-03 06:23:53
2026-09-02 20:50:00,CNC-02,M,299.75950104638184,312.9241370395078,2477.018730404439,19.820633581543664,120.93945910752932,3.1444217642639143,9.071146589455008,52.38809816265934,0,2026-09-03 06:23:53
2026-09-02 15:27:00,CNC-03,H,298.94029566927344,313.9431140641461,1595.9667291354933,48.67900618022396,159.96724021072248,2.5564768475988586,14.426602571527916,52.232608814919125,0,2026-09-03 06:23:53
2026-09-02 20:24:00,CNC-03,H,300.9909898919471,314.84964128494875,2255.694464023573,30.19752064610926,78.12821883101734,2.8366947886191176,12.8074685882732,52.04085126492108,0,2026-09-03 06:23:53
2026-09-02 19:21:00,CNC-01,L,26.27599915382757,39.340388431093515,2262.67555109525,25.427503793731148,84.9026258347451,2.9170078057064526,10.601792188575041,51.002922393127434,0,2026-09-03 06:23:53
2026-09-02 17:17:00,CNC-03,H,300.114652002763,314.6831517069805,1852.0446626095852,39.353280068282324,100.74282092750339,2.422082322089124,13.696136682586637,49.7952625446811,0,2026-09-03 06:23:53
2026-09-02 13:20:00,CNC-01,L,297.50313105216685,312.34997415100935,1424.3501452971705,52.72075889400316,201.66753168306394,2.834691430168464,14.273935363531164,53.77572329662449,0,2026-09-03 06:23:53
2026-09-02 18:46:00,CNC-01,L,299.63469039748924,313.32585425782844,2196.9117160125816,30.29618529754976,41.37503808264265,2.8042523338216987,12.725298611194262,53.007670486308484,0,2026-09-03 06:23:53
2026-09-02 08:25:00,CNC-01,L,301.5951441490689,310.33903644151,1623.9251233425284,46.630854121595206,187.61211701952897,2.9312226379938724,14.418316846757298,45.205251075136104,0,2026-09-03 06:23:53
2026-09-03 02:46:00,CNC-01,L,297.06229899169597,309.5160828847665,2403.541370943055,19.15051961030706,118.07079573507652,3.188589677867999,8.466098970238198,56.63543121778184,0,2026-09-03 06:23:53
2026-09-03 01:17:00,CNC-02,M,303.125075004488,310.0370202810045,2693.5807647778747,16.63978649799214,182.48266001244122,3.6669431806960047,8.339602735540353,44.1520015293069,0,2026-09-03 06:23:53
2026-09-02 14:17:00,CNC-02,M,298.2142195559505,312.57989613235395,1523.2619741679218,48.39241026172784,42.27962943803604,20.968262225110408,13.688840980495435,50.15143813817728,0,2026-09-03 06:23:53
2026-09-02 07:01:00,CNC-03,H,296.0803988434343,310.20111870195916,1991.1564576400815,36.27503759104364,79.90346864575976,2.674384344858962,13.271196648806773,61.29914475081103,0,2026-09-03 06:23:53
2026-09-02 23:50:00,CNC-02,M,298.2099575810523,311.0963471201594,2710.9238698670374,17.831435572639435,89.58522019027454,3.2611601352426898,9.053669856555445,50.72684332257322,0,2026-09-03 06:23:53
2026-09-03 02:34:00,CNC-01,L,297.05560421344575,309.73921551091775,2461.011680673018,20.380097384913284,104.53111799204726,3.1414490968116224,9.329633241238167,55.110012116531166,0,2026-09-03 06:23:53
2026-09-03 01:10:00,CNC-03,H,304.6549027651204,311.16804305617137,2643.9992890415847,18.070683594269546,127.0542507424198,33.58493597119284,8.913497478581283,41.84864714428002,0,2026-09-03 06:23:53
2026-09-02 20:13:00,CNC-03,H,300.6504891501494,313.6855497731507,2544.0051242066047,21.494371231260754,65.2031718296247,3.073233473145698,10.396478754222041,52.232799755067745,0,2026-09-03 06:23:53
2026-09-02 13:24:00,CNC-03,H,298.00412896670304,312.4307277245719,1281.253210798403,53.837970720086936,199.71209889721885,2.4579051587387704,12.929851805447601,56.152600705046375,0,2026-09-03 06:23:53
2026-09-02 19:43:00,CNC-03,H,27.549125756600517,40.22670418890971,2314.420833671764,22.731251541494483,29.403251293931703,2.946143846126622,9.843175143093731,49.26944739474895,0,2026-09-03 06:23:53
2026-09-03 03:01:00,CNC-01,L,296.98463469641143,310.0247330902731,2679.4752207415563,20.164837500012847,135.16111070486795,3.4083628276128692,10.025739841440883,55.96862903011326,0,2026-09-03 06:23:53
2026-09-02 13:49:00,CNC-01,L,297.9584867818334,311.9257238949027,1392.2112268295527,52.473693453668496,10.982757373239417,1.988175134331812,13.689321416305878,52.203008942651394,0,2026-09-03 06:23:53
2026-09-02 10:22:00,CNC-02,M,296.38503826461505,311.12551883525174,1563.2258817892487,46.689580194209206,140.7673402495191,2.4637457227448376,13.721937640113165,61.247758017201114,0,2026-09-03 06:23:53
2026-09-03 03:38:00,CNC-02,M,296.7673303289519,310.35360393723835,2607.643013659401,22.548950250052393,101.29453571424915,3.2364833110665217,11.058764083536076,60.085723210695086,0,2026-09-03 06:23:53
2026-09-02 23:34:00,CNC-01,L,298.9900467721924,311.12502603468084,2781.434908605676,14.872756993849102,134.27226494532547,3.5232286665860872,7.6107429617163,54.456088348991855,0,2026-09-03 06:23:53
2026-09-02 13:00:00,CNC-02,M,297.6545401155058,312.44278869873807,1489.9973709826693,50.81692721571324,144.566621259867,2.270281293408523,0.0,56.19304677100931,0,2026-09-03 06:23:53
2026-09-03 00:28:00,CNC-02,M,298.20387757357435,310.8044510355694,2736.743624789308,15.587628335295417,130.23063828072355,3.5114322837446443,7.824925048967412,58.510423600570086,0,2026-09-03 06:23:53
2026-09-02 09:54:00,CNC-01,L,296.3174722904103,310.68058408327613,1587.4769167017416,45.51307090628032,87.55793073844794,2.3374130292220783,13.607022396161065,56.19845309332776,0,2026-09-03 06:23:53
2026-09-03 00:13:00,CNC-02,M,297.95267097402996,310.58859194714074,2653.155625792009,16.886710380851447,,3.3471793152194946,8.306805395960835,53.25067493152627,0,2026-09-03 06:23:53
2026-09-02 12:01:00,CNC-01,L,296.6221071839664,310.85222065563704,1411.6726802587084,50.720151970866006,76.36716645216,2.1425992522946133,13.525337734495277,61.12262089386087,0,2026-09-03 06:23:53
2026-09-02 15:57:18,CNC-03,H,299.49740387547,315.3209296484768,1742.971227317258,49.083439822729645,203.23238049906206,2.943985448289083,16.0203813360035,53.445039906444634,0,2026-09-03 06:23:53
2026-09-02 16:15:00,CNC-02,M,298.84924698743635,314.22323837628767,1642.463262352105,49.44353299038034,219.36626478765015,3.131404681284995,15.12425480990926,55.129920967132534,0,2026-09-03 06:23:53
2026-09-02 11:36:00,CNC-03,H,297.2454850101029,311.10138699667294,1371.4171380792966,50.94711633706267,28.64790723003253,2.0287819372202596,13.071356301036053,55.39488141619094,0,2026-09-03 06:23:53
2026-09-02 18:42:00,CNC-03,H,300.59238549454017,315.2562548338724,2095.967425018251,34.159693950942994,213.80009704674518,3.3787136561469553,13.283240347463789,52.10516617928867,0,2026-09-03 06:23:53
2026-09-03 03:37:00,CNC-01,L,296.2939508252434,310.01878000640306,2431.7350700107218,25.00913262569275,176.91028826742775,3.4954410851572915,11.389811652183015,56.405414983207045,0,2026-09-03 06:23:53
2026-09-02 13:39:00,CNC-03,H,297.7152552759477,312.5615228098082,1339.37911949089,54.179670671909925,223.41168428410586,2.79028534139019,13.36674696137919,55.81503671535798,0,2026-09-03 06:23:53
2026-09-02 20:53:00,CNC-01,L,299.5363333216229,313.5230147252646,2340.9682510505622,27.548842955479415,194.37064130245264,3.6546462832431845,11.78475890976741,51.375031688840004,0,2026-09-03 06:23:53
2026-09-02 21:52:00,CNC-03,H,300.4858601475991,312.8667522107498,2642.0619208746184,15.748387819499008,177.81339467970142,3.584530937343774,7.771270483580865,49.236537222555754,0,2026-09-03 06:23:53
2026-09-02 18:25:00,CNC-01,L,299.89364057426366,313.523907109817,2003.5943344133614,34.90953983182538,14.35878732219188,2.57113724040818,13.252379537641016,53.044656567714696,0,2026-09-03 06:23:53
2026-09-02 09:26:00,CNC-03,H,296.55161771166064,311.03560804882954,1550.9526597140707,49.73939139362315,59.610783728428565,2.2736620464738904,14.253269003268352,53.61762689886482,0,2026-09-03 06:23:53
2026-09-02 10:33:00,CNC-02,M,296.2520436461104,310.92261217322823,1375.405992858596,54.71709746919328,158.1579333453952,2.3824860672608588,14.028563851404124,58.778900837755735,0,2026-09-03 06:23:53
2026-09-02 13:55:00,CNC-02,M,297.99103633220705,312.0108854522817,1479.240361031285,49.02528511332088,7.844315836499906,2.1396633661447595,13.750407245783883,51.68390787515282,0,2026-09-03 06:23:53
2026-09-02 23:07:00,CNC-03,H,300.0940105758247,314.0862816812869,2672.921263034127,22.1420616135623,259.1173759093068,4.196029662116514,11.299807897309865,53.21352882935661,0,2026-09-03 06:23:53
2026-09-02 09:21:00,CNC-01,L,296.4050148243303,310.7303255032391,1524.5705765055552,47.88277815296619,36.56741201578197,2.161529592903084,13.708751360986298,57.67257392307512,0,2026-09-03 06:23:53
2026-09-02 10:49:00,CNC-01,L,296.3533952568506,310.9242958370495,1317.0855540920425,54.05894768726181,173.8444470608848,2.4181046170883436,13.378309945478712,61.29916802163302,0,2026-09-03 06:23:53
2026-09-02 06:41:00,CNC-03,H,296.24571090506697,310.3248400058173,1966.1583228066868,35.66236187663858,52.01030193799929,2.5722023035999495,13.344667915922418,55.11425129238093,0,2026-09-03 06:23:53
2026-09-03 02:03:00,CNC-01,L,297.3778841727948,310.1107538456212,2720.4254302137506,20.484562138365288,70.08678012579428,3.1965625941693108,10.521640663035809,52.978347608832316,0,2026-09-03 06:23:53
2026-09-02 21:47:00,CNC-02,M,299.0179892727203,312.30637497070785,2509.919483414554,20.11338174961879,185.3337652312329,3.594088745592093,9.21447808958762,52.27175075725768,0,2026-09-03 06:23:53
2026-09-03 00:29:00,CNC-03,H,299.6034412274289,311.71386740722085,2470.202528959072,18.0817838443978,,3.1363059650276,8.257554586066863,51.63128139491377,0,2026-09-03 06:23:53
2026-09-03 02:59:00,CNC-01,L,297.0412411270519,309.94634132336375,2531.1673807950797,19.71464412334685,132.83915921725725,3.2702715579238735,9.393969780787735,57.951010206870805,0,2026-09-03 06:23:53
2026-09-03 01:03:00,CNC-03,H,305.03419132282147,311.6507239058081,2718.979070275064,17.965036451061163,119.62739229677867,3.3923279703676568,9.000811579283427,42.71427714974409,0,2026-09-03 06:23:53
2026-09-02 23:04:00,CNC-03,H,300.2186895238873,312.923974679962,2671.472246719053,16.01034189815153,255.8893008039761,4.247661045600421,7.882641504369868,51.97003430052916,0,2026-09-03 06:23:53
2026-09-02 19:49:00,CNC-03,H,27.651658481437835,40.14867341652706,2420.0084119473154,20.277099110842464,36.73513991225791,2.9475732491139124,9.117896076133055,47.38855381191157,0,2026-09-03 06:23:53
2026-09-02 10:42:00,CNC-02,M,296.3962123959952,310.91989934294827,1400.3712875278018,49.82891197888982,172.3626039721467,2.4620074621400563,12.878396684588928,59.371479508861725,0,2026-09-03 06:23:53
2026-09-02 17:02:00,CNC-03,H,300.0791121921382,313.9000342012625,1870.4568023515562,37.20870907667806,79.99965028707796,2.4587490985505016,13.090942256498916,57.17867263860735,0,2026-09-03 06:23:53
2026-09-02 08:11:00,CNC-01,L,301.4167278719393,310.8344710161511,1664.5902117200824,50.010536661661725,166.81566651981828,2.7654993332966327,15.75534052767949,,0,2026-09-03 06:23:53
2026-09-03 01:26:00,CNC-03,H,304.7134325708206,310.88968153320303,2760.7995484510716,15.386366140770575,144.22799312993442,3.5597185652689447,7.687582250994657,40.6577403081737,0,2026-09-03 06:23:53
2026-09-02 19:15:00,CNC-03,H,27.606648614846733,42.21398708385743,2264.406524140795,30.784907989080814,255.05433597436902,3.8406523528382057,13.165196579950466,49.91668947628205,0,2026-09-03 06:23:53
2026-09-02 17:24:00,CNC-01,L,299.49371293283497,315.0763149028969,1965.339901567734,43.3802889655095,137.03957789005105,2.780865515869509,16.06513809730744,52.229919609149434,0,2026-09-03 06:23:53
2026-09-02 19:29:00,CNC-03,H,27.747706664948453,40.08411810402157,2195.7794519815684,22.876613575289284,12.336281653766838,2.7975325588012407,9.543328924162994,51.31965953004824,0,2026-09-03 06:23:53
2026-09-02 07:56:00,CNC-01,L,301.3824081532539,310.1645931195664,1743.1622599929008,42.86736052343557,144.75611501953935,2.63414749991973,14.16582204593743,51.62150748636631,0,2026-09-03 06:23:53
2026-09-03 04:16:00,CNC-01,L,296.515381128936,308.45261103256496,2349.5935093628455,19.953884878165113,4.784129088797138,2.966208562745968,8.622062940159715,58.795989376331384,0,2026-09-03 06:23:53
2026-09-03 00:29:00,CNC-02,M,298.065683429587,310.6422869223756,2634.246743700882,16.09494967173724,131.27922562946117,3.330093226999348,7.8010698293852005,53.43906752931619,0,2026-09-03 06:23:53
2026-09-02 08:46:00,CNC-01,L,301.6362966055692,310.73140258526126,1586.6530534967553,46.9132665261317,219.1745078139332,3.370142590900513,14.032229503152157,47.18419011609172,0,2026-09-03 06:23:53
2026-09-03 00:34:00,CNC-01,L,298.63294776139566,311.80261288302677,2656.6519974228786,19.96051465662256,198.10359922357495,3.9898349718217956,10.039329082430385,55.62579922843438,0,2026-09-03 06:23:53
2026-09-02 23:36:00,CNC-01,L,298.98689691027124,311.04005636353185,2572.5845661556505,15.794917675060024,136.4513810606483,3.3231262424341605,7.581703657249623,53.60200980612812,0,2026-09-03 06:23:53
2026-09-03 02:50:00,CNC-01,L,296.9928583654588,309.9137660586761,2558.3697036114545,20.20441486338544,122.62527651642452,3.221470017997748,9.538448790263498,50.77271787817013,0,2026-09-03 06:23:53
2026-09-02 15:42:00,CNC-02,M,298.81617108602484,313.5912120665108,1666.6924001713455,43.71277851946802,171.56779772850052,2.7887446925335753,13.661261390453973,53.82831970981888,0,2026-09-03 06:23:53
2026-09-02 20:19:00,CNC-03,H,300.84775888558084,313.79621190423217,2555.9164255819665,21.27369176276135,72.10947457465706,2.985723056703323,10.47177545473481,47.47697771431539,0,2026-09-03 06:23:53
2026-09-02 09:12:00,CNC-03,H,296.4048479742568,310.6092198433607,1472.04197187805,50.28685834860264,38.08244634901525,2.1280732192632845,13.987793995232364,53.760253295592676,0,2026-09-03 06:23:53
2026-09-02 17:29:00,CNC-02,M,299.4269229457883,314.1211330459061,1835.0280490040825,41.47073449396383,88.15679551908312,2.5646186811615803,14.188128490218066,51.79588674628858,0,2026-09-03 06:23:53
2026-09-02 11:35:00,CNC-03,H,297.0940208618849,310.5362898965216,1268.1757257481588,51.379751686900576,27.04790723003253,2.063152355225241,12.206029192378072,54.82018460461035,0,2026-09-03 06:23:53
2026-09-02 17:50:00,CNC-02,M,299.287675157834,314.12751450478964,1995.3181502561401,38.43386785196949,116.69943142542581,2.788445928807531,14.347758701012411,58.12670507696118,0,2026-09-03 06:23:53
2026-09-03 01:55:00,CNC-03,H,304.4589742667234,311.53583306831604,2647.780177009875,19.43272454560919,175.6717030658885,3.513210947053956,9.711410559764882,38.742832632522465,0,2026-09-03 06:23:53
2026-09-02 18:31:00,CNC-03,H,300.4992018414982,315.4749665768037,2175.8238897426418,35.28098824314112,199.6786642488173,3.284233510596919,14.24365805086111,54.23263140377221,0,2026-09-03 06:23:53
2026-09-03 01:52:00,CNC-01,L,297.6672391912435,309.32158604552194,2721.3502235648007,14.70246780247266,58.15250850669315,3.2734433147066526,7.564698191592702,56.16974371103791,0,2026-09-03 06:23:53
2026-09-03 05:22:00,CNC-02,M,22.540135980322816,37.06842070230135,2249.2311620395226,28.410625693538964,229.05031198876364,3.76735584936024,11.83497891360618,59.24604956319472,0,2026-09-03 06:23:53
2026-09-02 22:08:00,CNC-01,L,299.5358067541701,311.4827695553916,2709.5076942687874,15.811260395407475,41.820703877486864,3.218731973654874,8.083018120029934,54.16221922465043,0,2026-09-03 06:23:53
2026-09-02 23:19:00,CNC-03,H,300.0341332436354,311.09782236310735,2719.0913051288276,12.242689025857697,8.630500953513035,3.2034562483606503,6.295192857906297,55.21630063958145,1,2026-09-03 06:23:53
2026-09-02 21:10:00,CNC-02,M,299.48944789830153,313.24659404197973,2415.8841827550727,24.433325837007104,144.0326203742326,3.115110046063715,10.947226087996626,50.31750264144262,0,2026-09-03 06:23:53
2026-09-03 00:40:00,CNC-02,M,303.54560127399884,310.2029954518525,2792.7439618090534,16.003854812551758,142.88495654198647,3.579355445125524,8.12617954620825,49.906328765333235,0,2026-09-03 06:23:53
2026-09-02 20:19:00,CNC-02,M,299.87873752475286,312.7732671853553,2265.3433979950996,22.37809491562899,85.11652788493421,2.7999494289264075,9.229916410716154,53.62890814401346,0,2026-09-03 06:23:53
2026-09-03 05:34:00,CNC-02,M,22.59321579277662,35.89312665302509,2168.793948519229,27.85528133708785,0.0,2.749616949678484,11.056917111010758,59.665401153593365,0,2026-09-03 06:23:53
2026-09-02 15:48:00,CNC-01,L,298.9549066682041,312.63891986777236,1830.5557400227526,37.71201718889719,0.0,2.5042869697956136,12.922437829200007,51.229412689805535,0,2026-09-03 06:23:53
2026-09-03 04:18:00,CNC-01,L,296.3122038719168,308.5768269958841,2412.9559861335356,21.225601385236306,7.200722413181686,3.0358057195804373,9.433536243875087,57.53266205585983,0,2026-09-03 06:23:53
2026-09-03 01:13:00,CNC-03,H,304.62353814946516,311.0057409136913,2683.949164727281,16.896513586044176,130.27058906261777,3.4128517977841657,8.68466341287562,42.05488213804117,0,2026-09-03 06:23:53
2026-09-02 13:48:00,CNC-01,L,297.70700647588507,311.3527822511781,1477.1689133529987,47.142908997760465,9.382757373239418,2.0368472399586723,,54.13669624998489,0,2026-09-03 06:23:53
2026-09-03 03:37:36,CNC-01,L,296.27789019760064,310.20145455088095,2427.9032882090773,26.153828607186437,178.09506467469373,34.12087737226695,12.04414900830822,58.67801233466505,0,2026-09-03 06:23:53
2026-09-02 07:38:00,CNC-02,M,295.87860984098353,310.3846980039744,1741.2350154624812,41.57051096400542,110.28953080463725,24.43800750371089,13.543106980550323,55.8626483991082,0,2026-09-03 06:23:53
2026-09-03 04:11:00,CNC-03,H,297.47179039581994,310.27484367229937,37297.282482228606,22.010956901168612,81.16679859925819,2.9491891439993676,9.673396283397489,57.66054433421537,0,2026-09-03 06:23:53
2026-09-02 20:17:51,CNC-02,M,299.8579798432541,312.50324526737995,2413.333023338438,18.775220874017897,83.90123434149108,3.0936506538306525,8.60613706451676,48.633246139014815,0,2026-09-03 06:23:53
2026-09-02 10:18:00,CNC-03,H,296.79111751915485,311.0460741458431,1268.6397128828535,54.341595675157954,140.55629346112883,2.170382744623889,12.944423144544226,56.44811430976651,0,2026-09-03 06:23:53
2026-09-03 02:13:00,CNC-02,M,297.2811031591132,309.54616909623877,2645.075740759491,17.51626613309085,4.41652757537879,3.137928666222238,8.986126815980564,55.241587239755745,0,2026-09-03 06:23:53
2026-09-03 05:54:00,CNC-03,H,23.633151821524393,38.04895980967484,2091.48626177564,32.43747703710956,211.8426010056509,3.3661793306963994,12.429709465933636,61.18190393242676,0,2026-09-03 06:23:53
2026-09-02 15:54:00,CNC-02,M,298.8899022264556,313.5805707852506,1664.427590687545,42.8526912294037,189.10620214876647,2.8541224519143262,13.380259375258085,51.575860924857906,0,2026-09-03 06:23:53
2026-09-03 03:26:00,CNC-03,H,298.34998144437566,311.00040956094824,2483.0118013916017,21.19192349806758,27.60254173634422,3.0043160482905593,9.849376413988237,55.19753626537864,0,2026-09-03 06:23:53
2026-09-02 06:31:00,CNC-03,H,296.47753562263085,310.61257013884466,,37.171725395214956,38.3189432543994,2.5472334461528696,13.403062879262423,59.49458518265739,0,2026-09-03 06:23:53
2026-09-03 04:44:00,CNC-03,H,297.43824191375336,311.78727641125414,2238.371189117183,31.522186870025457,121.57912335879753,2.923030593550497,13.525422302193265,55.00475453749374,0,2026-09-03 06:23:53
2026-09-02 23:24:00,CNC-03,H,300.0197121769882,311.8614474920609,2826.448113161217,14.358937936703516,13.928243970159738,3.424755431626435,7.624368501599148,55.64362860842061,0,2026-09-03 06:23:53
2026-09-03 06:09:00,CNC-02,M,295.50863093241617,310.14964212823116,2009.647204125984,35.770448284223846,46.15510554170654,2.5979018804288083,13.448103736211374,63.882959319954715,0,2026-09-03 06:23:53
2026-09-03 00:11:00,CNC-01,L,298.6736507574039,310.7877201860272,2624.794736155631,14.780146666597219,173.7463456693764,3.5703473090981386,7.146045892055636,50.04353411155005,0,2026-09-03 06:23:53
2026-09-02 06:24:00,CNC-02,M,296.1867730531533,310.01909131457654,1968.43250157006,37.18442881683886,6.594357922567756,2.509208059517395,13.744443606976727,58.62906159866108,0,2026-09-03 06:23:53
2026-09-02 23:45:00,CNC-03,H,299.78984831256713,311.3308914071433,2622.991997364412,14.895999876382048,36.31949785076783,3.084724797871482,7.490189437253275,52.08305690666801,0,2026-09-03 06:23:53
2026-09-02 08:24:00,CNC-03,H,296.1641124591288,311.41401424184573,1572.8880434527593,48.94952336503191,200.38696670128147,2.736593046286791,14.385773824583238,56.077745524370734,0,2026-09-03 06:23:53
2026-09-03 04:29:00,CNC-01,L,295.92459379169264,308.9925914274594,2299.4348933992337,26.702797315496806,20.660738218713288,2.8378057099298517,11.375455708903875,58.040750204482116,0,2026-09-03 06:23:53
2026-09-03 00:04:00,CNC-01,L,298.93927779674436,311.4359855648686,2749.9403490371346,15.902659805912643,166.26738200490144,3.7736856573650215,8.21112733790899,54.63582385436685,0,2026-09-03 06:23:53
2026-09-02 10:24:00,CNC-02,M,296.55515975903376,310.70398100036806,1277.8775529279476,55.03073559843079,143.91999271683474,2.1815953634363714,13.210185389387451,59.14241521638831,0,2026-09-03 06:23:53
2026-09-02 17:51:00,CNC-02,M,299.60649981045685,313.52849475241715,2093.4923647000624,32.04611074077506,118.0023909225248,2.757211994745604,12.353285493994761,52.56893039782201,0,2026-09-03 06:23:53
2026-09-03 01:29:00,CNC-03,H,304.42777273641605,311.51668152432705,2638.2582608033113,20.133142557264975,147.4799180062028,3.3943122214780534,9.884724414016267,45.111711771314944,0,2026-09-03 06:23:53
2026-09-02 23:30:55,CNC-01,L,299.4837767669076,312.6679544464443,2519.40595464702,22.40467559611117,131.11589095201606,3.3469355803960625,10.788003856745469,45.973651474498666,0,2026-09-03 06:23:53
2026-09-02 20:39:00,CNC-01,L,299.200179401773,313.07981657146854,2478.1862633183778,24.482285915071476,178.2111562284967,3.6811605751381364,11.414773050750483,55.950803022292085,0,2026-09-03 06:23:53
2026-09-02 06:34:00,CNC-03,H,296.4097493149643,310.2160785842169,1946.874705519351,34.38374955897309,42.44688666064165,2.48948326239668,12.379146652284588,55.747846925136464,0,2026-09-03 06:23:53
2026-09-02 22:47:00,CNC-01,L,299.3687768747778,311.329141076896,2709.404979048874,15.56893114809572,83.92154861904314,3.3704640226313347,7.64993850571186,52.54132246323749,0,2026-09-03 06:23:53
2026-09-03 05:30:00,CNC-03,H,23.40969649589539,38.237861537663605,2099.7321927977505,34.82954764696129,180.01696818901013,3.0616477246713507,13.713669599686721,58.48265568622433,0,2026-09-03 06:23:53
2026-09-02 09:14:00,CNC-03,H,296.50474748520134,310.3130997922507,1426.8487938632572,48.13785501710059,41.23484833206016,2.1127288278874907,13.02749045178178,58.450779712398116,0,2026-09-03 06:23:53
2026-09-02 18:04:00,CNC-01,L,299.3519075376713,314.34919734386295,2104.620620549134,36.117206276102166,190.9153951925976,3.374049535765991,14.20034644895547,53.05803556425031,0,2026-09-03 06:23:53
2026-09-03 02:44:00,CNC-02,M,296.901712368732,309.6187652660724,2571.549009105726,19.11062780111408,39.138732346510615,3.0591781857071676,9.310607770464175,58.52142654792132,0,2026-09-03 06:23:53
2026-09-02 22:28:00,CNC-01,L,299.1070304492986,310.4025706573143,2715.245055695116,12.931673398612608,63.387682794124544,3.244375168934955,6.710893388617617,50.70688037678589,0,2026-09-03 06:23:53
2026-09-03 03:57:00,CNC-02,M,296.2057714280512,309.8721728636075,2386.486115777902,24.38988018577557,123.61779093083305,3.177212154320175,10.86000214076572,56.88282098706482,0,2026-09-03 06:23:53
2026-09-02 23:31:00,CNC-03,H,300.10567551064435,311.16016389499123,2735.799551840015,13.02970863073262,21.28035149012354,3.1242738737626494,6.510668828046151,51.32715698357906,0,2026-09-03 06:23:53
2026-09-02 14:09:09,CNC-03,H,298.6758478065981,312.42580548940504,1451.8508033495293,46.74192124376453,39.27262103133833,2.1445683741571933,12.908559786041918,54.62821964570837,0,2026-09-03 06:23:53
2026-09-02 23:15:00,CNC-01,L,299.2356331324466,311.502962551066,2632.3660832919322,15.592344144908663,113.95539933137258,3.2522203735610007,7.549934775167724,54.56474783191133,0,2026-09-03 06:23:53
2026-09-02 20:45:00,CNC-03,H,301.0750961107759,315.092121479937,2379.2707640648955,27.815987591878915,102.51890036060094,2.9467346331583797,12.60032370070663,53.726840826446974,0,2026-09-03 06:23:53
2026-09-02 23:10:00,CNC-03,H,300.036700728834,313.3661681853749,2819.966625359466,17.797271263620946,262.29124509110045,4.664437021162466,9.284896106702332,56.13357562556103,0,2026-09-03 06:23:53
2026-09-02 15:36:00,CNC-03,H,299.363429069432,314.2061785128808,1689.9484615081528,46.35755716736852,173.4921270383847,2.6261749392272913,14.603516227086844,53.765571118549865,0,2026-09-03 06:23:53
2026-09-03 05:24:00,CNC-02,M,22.370853398620227,37.139108893162415,2210.5354466344515,30.317763227680462,231.6791248752614,3.6856619062561418,12.590565603532355,62.94585922347221,0,2026-09-03 06:23:53
2026-09-02 08:06:34,CNC-01,L,301.2861942263584,309.8769385671943,1680.895307849475,43.93963605454839,159.51525889376143,2.7226892417085913,13.965139135340905,49.59406757458232,0,2026-09-03 06:23:53
2026-09-02 06:51:00,CNC-02,M,296.050492855218,,1855.7333701079697,40.5693339576013,43.624017421051,2.409336799314511,14.217319900263572,61.200902629054404,0,2026-09-03 06:23:53
2026-09-03 04:00:00,CNC-01,L,296.39934593546405,310.62449904024925,2434.771287953164,27.14347577041005,204.0984869144355,3.73288570917271,12.349365285470352,57.409779765646,0,2026-09-03 06:23:53
2026-09-02 08:18:00,CNC-01,L,301.6636380315964,310.4687544039888,1649.920571829886,45.66824291184451,177.3507792014582,2.716370977873639,14.357324361757843,47.35078844365871,0,2026-09-03 06:23:53
2026-09-03 02:33:00,CNC-03,H,303.72932375797177,311.7817230373487,2661.2048683081166,23.42360345770009,217.87591626826375,3.9726711284630736,11.855969079514637,44.77172731677235,0,2026-09-03 06:23:53
2026-09-02 13:08:00,CNC-03,H,297.6899449921438,312.4960353079934,1406.473271066054,54.295729681892006,174.41940723948588,2.493189760459567,14.140066467603118,56.2077688676031,0,2026-09-03 06:23:53
2026-09-02 21:39:00,CNC-01,L,299.4815432640666,311.1227627128655,2675.3308843359737,15.327137530436122,9.98579374239148,3.1332762354129717,7.421867514886923,53.49458658409859,0,2026-09-03 06:23:53
2026-09-03 03:54:00,CNC-01,L,296.38882953063995,310.31888639440626,2438.543961861448,25.337081290842463,196.98163041232735,3.73957005772106,11.545685347654365,55.26763469519967,0,2026-09-03 06:23:53
2026-09-02 23:44:00,CNC-02,M,298.35265674551573,310.42966115033363,2786.6996532094527,14.644730145694158,83.24302408243209,3.3276446881862345,7.665865635215166,51.41546916438971,0,2026-09-03 06:23:53
2026-09-02 17:25:00,CNC-02,M,299.2773656012511,313.3981348982623,1931.0368334143545,35.021859972507954,82.5820088289373,2.5602548968620935,12.921316721135446,53.60917850180853,0,2026-09-03 06:23:53
2026-09-02 22:34:00,CNC-03,H,300.4999307686332,313.8701311118042,2737.071020826806,18.986783164771825,223.44868163126074,3.946921742950102,9.54974317845803,55.348857257134874,0,2026-09-03 06:23:53
2026-09-02 21:58:00,CNC-03,H,300.7073816154732,314.33497942325727,2577.7594672064924,22.83181354144172,184.37225563853673,3.6062212766191366,10.910316443738857,49.401682739975875,0,2026-09-03 06:23:53
2026-09-02 22:38:05,CNC-02,M,298.7133515861522,310.6922084455095,2695.98723800242,14.721286890032577,12.635113965333089,3.2485883266707316,7.68675920195742,52.28194913771498,0,2026-09-03 06:23:53
2026-09-02 22:05:00,CNC-03,H,300.2901323030711,313.0452203960083,2779.3285652371446,16.146283247193562,191.87942262742118,3.803862478751179,8.229209818794779,51.69499009345873,0,2026-09-03 06:23:53
2026-09-02 19:14:00,CNC-02,M,26.118494371157453,40.00539214284214,2101.9697990243853,31.972316950962238,6.2405941272100725,2.8043593503340243,12.800971146704054,53.943097238500485,0,2026-09-03 06:23:53
2026-09-02 22:28:00,CNC-02,M,299.13682743154277,310.19594179540104,2702.191405562745,11.761305406565874,2.147002467929564,3.358407022201846,5.950540210825092,51.72219282189269,1,2026-09-03 06:23:53
2026-09-02 09:03:00,CNC-03,H,296.5778591569621,310.4046532950564,1447.6009192970764,48.05076104629295,24.367625140662934,2.1299265838907586,13.22781421995735,57.59079036287904,0,2026-09-03 06:23:53
2026-09-03 06:16:41,CNC-03,H,296.59634112763405,311.97460656087327,1933.0863768671106,41.42453905359736,244.13230732136847,3.376837486382374,14.890967226725948,60.70837183530003,0,2026-09-03 06:23:53
2026-09-02 08:19:56,CNC-01,L,301.2960934710117,310.10968982074826,1714.5019941310827,44.125656667073294,180.23785713795831,2.8374918643791545,13.92933644791812,50.140748022333746,0,2026-09-03 06:23:53
2026-09-02 19:15:00,CNC-02,M,26.57436294026138,879.328523512938,2207.7753399264484,29.313103028840313,7.513692519251556,2.8214639409545628,12.332843321202036,53.35506584428661,0,2026-09-03 06:23:53
2026-09-02 10:33:00,CNC-01,L,296.07537271619265,310.6976299554009,1437.3544495014012,51.087115353569935,148.60342705521356,2.386389223476204,13.810320561931274,56.54193680426867,0,2026-09-03 06:23:53
2026-09-03 00:42:00,CNC-03,H,304.82192000427585,311.0014196875423,2806.2732005366233,16.746744183097146,96.9811026603313,3.245917483349948,9.05400456998476,44.867971272179076,0,2026-09-03 06:23:53
2026-09-02 22:34:00,CNC-01,L,299.19718728636786,311.5329831906597,2764.7486774621257,17.19392754999465,69.86037025329591,3.403006472944654,9.066444857467939,55.92904952935073,0,2026-09-03 06:23:53
2026-09-02 16:05:00,CNC-01,L,298.90774622074315,312.19505911887074,1713.2677572373852,38.14560435772372,0.0,2.3614220278653897,12.234879141417723,55.04241903211162,0,2026-09-03 06:23:53
2026-09-03 02:00:00,CNC-01,L,297.48640833692724,310.1897104085545,2552.4487108409094,21.452705266849144,66.81241007682098,3.072668317313455,10.210333752197535,59.88956587857534,0,2026-09-03 06:23:53
2026-09-03 01:45:00,CNC-02,M,297.3576852813142,311.4984513957612,2500.6519033981526,23.79601070058637,212.94391861943313,3.728926487775356,10.901876521368756,55.01535168849696,0,2026-09-03 06:23:53
2026-09-02 09:10:00,CNC-01,L,296.0556642389319,310.0287949066893,1468.2771609894703,49.878522098764165,19.690151547865344,2.124823505752486,13.587594376934302,58.91667239546806,0,2026-09-03 06:23:53
2026-09-02 08:24:00,CNC-02,M,295.64576734511985,310.74910633204894,1748.0559017526493,45.319288469226436,178.11997803462677,,14.66736896330911,61.12581113723076,0,2026-09-03 06:23:53
2026-09-03 00:45:00,CNC-02,M,303.40984793755706,310.8374253297776,2776.190707334403,19.190358513003858,148.16368822926648,3.5682387936242215,10.054324010591424,43.368146180947434,0,2026-09-03 06:23:53
2026-09-02 10:04:00,CNC-03,H,296.64896178959,311.0105211325338,1440.1783445177455,49.78465207828315,118.61492598708004,2.2224915997844343,13.547516637485336,55.370126196165224,0,2026-09-03 06:23:53
2026-09-02 11:46:00,CNC-01,L,296.748021203181,310.96176792667717,1395.6508950464308,52.699322692015805,52.466741797728695,2.1170625538901495,13.608563053752896,55.785271144191015,0,2026-09-03 06:23:53
2026-09-03 06:10:00,CNC-02,M,295.49890031719895,309.4962957267426,1833.8967880496725,37.30987717102975,47.576302166869816,2.3758632253642733,12.727448471838317,58.826189779917165,0,2026-09-03 06:23:53
2026-09-03 03:55:00,CNC-03,H,297.77031385368304,309.7084333672199,2448.1275519880323,16.160934774290883,61.903754831570495,2.954142551033606,7.324732660623964,55.19663084954876,0,2026-09-03 06:23:53
2026-09-03 06:04:00,CNC-03,H,296.3825819879605,311.5430848669712,2095.8102855903317,36.73188599394136,225.23356612306796,3.44005297716714,14.322695038863628,57.24882052546525,0,2026-09-03 06:23:53
2026-09-02 09:12:00,CNC-02,M,295.9206756825388,309.43375531684694,1399.901682813639,47.62756993202644,32.15354942090714,2.189780278548622,12.73067455330936,60.15590343258905,0,2026-09-03 06:23:53
2026-09-02 19:40:00,CNC-03,H,27.81495810464679,41.390114036681325,2269.5391072800157,27.641114130166663,25.79661452138621,2.776612984145648,11.855959104372106,51.95218292919596,0,2026-09-03 06:23:53
2026-09-03 04:07:00,CNC-03,H,297.7191619535895,311.35231866690214,2247.112619168183,28.572985261700765,76.42997099833262,2.8304761183749285,12.069925172501716,57.71544084391219,0,2026-09-03 06:23:53
2026-09-02 09:27:00,CNC-02,M,295.84141342269123,309.65010813384424,1424.5939248889465,47.66782358748692,55.20050261764599,2.118900146622417,12.497403928375569,56.12773387493981,0,2026-09-03 06:23:53
2026-09-02 20:43:00,CNC-01,L,299.0747063119922,312.0483757149073,2438.024120143194,20.33290557332759,182.90211559656845,3.5091719357640803,9.387999243256942,51.87079259985307,0,2026-09-03 06:23:53
2026-09-03 04:21:00,CNC-03,H,297.51593732150315,310.6865293526308,2249.269550653755,26.181022855731392,93.36995971302913,2.8898347486422096,11.08722528749761,53.8205829497335,0,2026-09-03 06:23:53
2026-09-02 16:24:00,CNC-02,M,299.17275430421614,314.03038323464665,1654.776101532219,43.14257830247644,232.42085017257617,3.346565510814827,13.297569667171379,55.44942261674377,0,2026-09-03 06:23:53
2026-09-02 17:06:00,CNC-01,L,299.43927650121304,314.6037445900615,1765.8760356065432,46.17067253064288,112.20582792501463,2.4932429077959846,15.124403763784265,54.243413008505215,0,2026-09-03 06:23:53
2026-09-02 07:47:00,CNC-03,H,296.0413012752113,310.56415194230567,1709.7294394410433,40.818717499390615,145.79156815022594,2.49843203104598,12.831740291170583,57.97139448265155,0,2026-09-03 06:23:53
2026-09-03 02:23:00,CNC-01,L,297.2059072268972,310.3531531198751,2627.795913149529,21.94368189002491,92.06825008493034,3.1939544935664914,11.149999952852749,59.030196253138314,0,2026-09-03 06:23:53
2026-09-02 09:49:00,CNC-03,H,296.46634115876043,311.4600649574972,1512.2045445932822,52.25078260810763,95.15751630868688,2.3645109653603797,14.975496570926897,59.837332175648704,0,2026-09-03 06:23:53
2026-09-03 00:52:00,CNC-03,H,304.84193585093215,311.76394244292106,2605.5281303424636,20.73055974916771,107.85574944378219,3.2123392715657686,9.931291866378546,44.12205679016393,0,2026-09-03 06:23:53
2026-09-02 07:57:00,CNC-01,L,301.4299153872964,309.514853191837,1590.1775371611243,43.34661100485629,146.27393335181142,2.5063575280144916,12.873022525060074,49.700809756501194,0,2026-09-03 06:23:53
2026-09-02 18:50:00,CNC-02,M,299.6292567095979,314.62904571161715,2151.1050499994712,33.67221589325059,194.99264145702372,3.2960663192661532,13.578208954191961,56.90101877903963,0,2026-09-03 06:23:53
2026-09-02 06:26:00,CNC-01,L,296.23603828774054,310.1967503477478,1905.6643464329675,38.03670437140694,17.532927968545696,2.461269726866907,13.591630906171089,60.03234005373871,0,2026-09-03 06:23:53
2026-09-02 12:50:00,CNC-03,H,297.67634008832823,311.4762671905339,1264.4720467441903,51.768446959819435,145.80036767248305,2.241835217914463,12.617678303352056,0.0,0,2026-09-03 06:23:53
2026-09-03 01:18:00,CNC-03,H,304.7716873395659,312.1830822788709,2641.6670972471366,22.66236778588641,135.69487498155257,3.4189467909237834,11.185421394294305,42.3220969372503,0,2026-09-03 06:23:53
2026-09-02 08:40:00,CNC-02,M,295.6988628114445,311.09019639515634,1595.7456746893265,49.14135881659153,202.2312628680751,2.9862783286708394,14.547759763687548,60.97376696923425,0,2026-09-03 06:23:53
2026-09-02 21:02:00,CNC-03,H,300.753396330454,312.70369961244734,2585.504980355341,16.925074604327147,121.96606382414741,3.2107190945618647,8.114565401356716,49.20980332559757,0,2026-09-03 06:23:53
2026-09-02 10:09:00,CNC-03,H,296.5241663652141,311.3871228714504,1469.7195681858225,54.31324301919208,126.38863094238653,2.2984419825240505,14.758789290053377,57.584661105627674,0,2026-09-03 06:23:53
2026-09-02 17:50:00,CNC-03,H,300.3942837049492,314.85412165386765,2012.1195904894953,35.45893648408098,145.73528391856178,2.7575049598376133,13.421090016639555,51.83903910809986,0,2026-09-03 06:23:53
2026-09-03 03:10:51,CNC-02,M,296.7131268862651,310.6525538414452,2385.1061447333295,26.51180820922635,68.8589661424735,2.8492815187930214,11.865170611665341,55.35132924397117,0,2026-09-03 06:23:53
2026-09-03 01:36:00,CNC-03,H,304.6565186641701,311.8734250454311,2730.9620402355913,20.502237519357223,155.04135554273674,3.549920526490118,10.667965479424103,40.06074375914257,0,2026-09-03 06:23:53
2026-09-03 00:50:00,CNC-03,H,305.05206901440175,311.1768538860392,2620.3974167727897,15.479502386234794,105.68204843117299,3.267655218290722,7.607942882270634,41.962579207559244,0,2026-09-03 06:23:53
2026-09-03 02:37:24,CNC-02,M,296.8736737771681,309.3448248004361,2429.1099521864826,19.341776468256306,31.321200816579317,3.024037393135084,8.896881213750596,53.549153963775666,0,2026-09-03 06:23:53
2026-09-02 17:34:00,CNC-03,H,300.0361406969344,314.47336687471847,1871.9496126081535,38.672128885724696,124.11100614160151,2.6357838841189265,13.508471996926689,50.74013902088177,0,2026-09-03 06:23:53
2026-09-02 12:54:00,CNC-01,L,297.3872176486517,311.9910035005762,1376.166936118738,51.15962215064833,160.53863303831895,2.3774310247631134,13.04776823314733,50.811578278855045,0,2026-09-03 06:23:53
2026-09-02 20:35:00,CNC-02,M,300.1145319378225,313.2750943738452,2426.8515614936696,22.42308845958308,103.59633967149493,3.0724754597879276,10.250475652425358,52.20505649844874,0,2026-09-03 06:23:53
2026-09-02 10:29:00,CNC-02,M,296.5388461194195,311.0296540073391,1379.0258463619843,52.1451596498668,151.77330892106338,2.2688347209267556,13.128152318046448,51.22172001463392,0,2026-09-03 06:23:53
2026-09-02 18:01:53,CNC-02,M,299.4424506096732,313.4194035449692,2155.498538961143,28.802763043623795,133.9944106446835,3.0040495512642638,11.801941263803663,48.309798830667525,0,2026-09-03 06:23:53
2026-09-02 20:00:00,CNC-02,M,26.74674640338776,40.089514143382644,2311.9711717983146,26.407888194127764,62.59348687782886,2.8271837958142294,11.628997306598519,51.33750489784665,0,2026-09-03 06:23:53
2026-09-03 06:21:00,CNC-02,M,295.4048392349603,310.03949561417244,1955.2081683850256,36.36308683119184,62.62114566784818,2.629357976038314,13.349774346210387,57.85605645917806,0,2026-09-03 06:23:53
2026-09-02 14:00:00,CNC-01,L,297.9562383432061,311.65679980288735,1406.000006609508,48.31594374238096,28.29174058583423,19.846493727245402,12.530536009708884,57.79205895108007,0,2026-09-03 06:23:53
2026-09-02 07:42:00,CNC-02,M,296.4006316478313,310.97294837240236,1711.3553560608138,42.47554620392716,116.12989794179869,2.4768815423503345,13.588662296356045,57.46450178680705,0,2026-09-03 06:23:53
2026-09-02 12:46:00,CNC-02,M,297.5859551258328,312.02174842957,1334.0806160482923,53.01649055699732,122.45504028413347,2.094884657303538,13.208376859092374,55.0041301604005,0,2026-09-03 06:23:53
2026-09-02 20:03:00,CNC-03,H,27.690599980740842,40.219549925095976,2224.095489760971,24.13514486627219,53.42578030532166,2.801607102696865,9.997797407774312,53.63804256752456,0,2026-09-03 06:23:53
2026-09-03 01:57:00,CNC-01,L,297.1964648229593,309.1035723763214,2581.958775224407,16.31299581623143,63.52747903595735,3.065682450762756,7.933519534992044,53.441664305439,0,2026-09-03 06:23:53
2026-09-03 06:02:00,CNC-03,H,296.64250882184734,311.7476402421139,2029.4410011629948,38.716546543962245,222.55323797780426,3.2855137339178397,14.605063583566746,57.24086454092656,0,2026-09-03 06:23:53
2026-09-02 10:02:00,CNC-01,L,296.3634467932164,310.74659466022223,1549.8850851672187,47.50753589603302,,2.277129695555825,13.656294999000927,57.28522176661123,0,2026-09-03 06:23:53
2026-09-02 09:15:00,CNC-03,H,296.4365958140145,310.6189146642903,1438.7203164394443,50.66903369278262,42.78690133085695,2.117194702554997,13.62467527262078,56.80086802472898,0,2026-09-03 06:23:53
2026-09-02 09:59:00,CNC-01,L,296.2072964656878,310.36446987241976,1495.0735207777238,47.23619123726478,95.25884797792622,2.1933550448552785,13.144807730843155,57.82654326687078,0,2026-09-03 06:23:53
2026-09-02 20:03:00,CNC-01,L,26.316482252181117,40.141760439658924,2411.1566975435444,26.47617190767893,135.94125777686475,3.1388107746925473,11.919307544576853,57.05733632166804,0,2026-09-03 06:23:53
2026-09-02 08:57:00,CNC-03,H,296.5227808500004,310.40850877321276,1600.8875530161538,43.45006961342042,15.132458649619428,22.379760623736555,12.981935038114594,61.1743839085385,0,2026-09-03 06:23:53
2026-09-02 08:08:00,CNC-01,L,301.62480653413047,310.36268164898166,1634.6734877175354,44.92061291684795,162.41849653815825,2.735961650510433,14.039136165826331,49.17269277236874,0,2026-09-03 06:23:53
2026-09-02 09:37:00,CNC-01,L,296.1891165262127,310.40056784629934,1454.7176376065145,50.356307544955506,61.167210726921766,2.156281568952985,13.832085648834438,56.198345516746876,0,2026-09-03 06:23:53
2026-09-03 01:20:00,CNC-01,L,297.9092773107675,309.7692506344557,2665.828233755297,16.2936973751354,23.743548375677577,3.16129249370044,8.22004636090803,53.25107645018187,0,2026-09-03 06:23:53
2026-09-02 17:49:00,CNC-02,M,299.501591945564,314.24841077664706,1901.1293873694108,38.28183706737028,115.3271155914342,2.6256337227129722,13.549977317991132,52.172158106157774,0,2026-09-03 06:23:53
2026-09-02 09:35:00,CNC-03,H,296.4382639955315,310.76012837194094,1616.0111159835164,46.04055035282373,73.46143584394285,2.2758774841177116,13.901307968124067,61.473611535523425,0,2026-09-03 06:23:53
2026-09-03 03:49:00,CNC-01,L,296.4132875404544,309.94541032422285,2435.486173119687,23.340747950845916,191.03612804213185,3.655802281398685,10.742137323485643,57.32101200628787,0,2026-09-03 06:23:53
2026-09-02 09:43:00,CNC-01,L,295.9990286855855,310.46223824042966,1553.7475247807783,47.592622271083854,70.48840909113397,2.3453161812989753,14.058590419286592,59.01149273787456,0,2026-09-03 06:23:53
2026-09-02 19:40:00,CNC-01,L,26.19990678826946,39.40736720403493,2304.875647650162,24.533303394308003,108.17940620389783,2.879137260254539,10.677383247769159,53.13366888089148,0,2026-09-03 06:23:53
2026-09-03 04:52:00,CNC-02,M,295.75751945993824,310.24575593871344,2242.686183655303,28.757231059084614,190.96891774502993,3.327738344790294,12.028084201001008,60.292385176964956,0,2026-09-03 06:23:53
2026-09-03 01:05:00,CNC-02,M,303.2109842499207,310.16165083529046,2573.7803804770565,18.11235469934423,169.756662005414,3.5565716734998873,8.644453883719653,46.161696309590674,0,2026-09-03 06:23:53
2026-09-03 06:22:00,CNC-02,M,295.2388170440677,309.34905275308296,2051.138899360969,34.128449049386774,63.958578597955764,2.6219778200292643,12.939924721628097,59.50688264201544,0,2026-09-03 06:23:53
2026-09-02 22:47:00,CNC-03,H,300.1633439135753,313.7083267789446,2733.5401271024316,20.622580034879498,237.5268745869166,4.198171188706577,10.453743970129326,50.61501583252498,0,2026-09-03 06:23:53
2026-09-02 23:50:00,CNC-01,L,299.1426232838261,310.7910228697936,2740.9072459643303,13.563144609465189,151.32247344389896,3.7137593245999985,7.056330341260819,52.27660175881846,0,2026-09-03 06:23:53
2026-09-03 04:19:00,CNC-01,L,296.35796755331904,309.0471437425192,2273.17759712238,24.545724127935003,8.44131881601248,2.898601825204402,10.488153895688773,61.62798738375233,0,2026-09-03 06:23:53
2026-09-03 02:24:00,CNC-02,M,296.90713110642395,308.6126522072396,2540.47556995957,14.14992785011452,16.634035105248774,3.147124358324914,6.671253626615232,57.309094242297256,0,2026-09-03 06:23:53
2026-09-02 11:58:00,CNC-01,L,296.6122125111106,310.4522198678095,1316.0691955810105,51.87091839884056,71.57972075360867,1.9084409952402674,12.92756778304781,54.72585118503728,0,2026-09-03 06:23:53
2026-09-02 21:00:00,CNC-02,M,299.5991567783317,313.3548522168415,2479.4583246172356,24.991620745398308,132.51482222461433,3.256619086315778,11.458587314586508,48.20687916886817,0,2026-09-03 06:23:53
2026-09-02 13:33:00,CNC-01,L,297.8440744665963,313.1256128136911,1474.9886520891469,53.13587163415076,222.0996342087548,3.2588388754239297,14.532584096709762,51.42875667203625,1,2026-09-03 06:23:53
2026-09-03 05:36:00,CNC-03,H,23.36649261029612,38.4635329079689,1981.655183003029,39.014918643564876,187.80442538538244,2.9781582334795282,14.6395623144633,58.90573564615651,0,2026-09-03 06:23:53
2026-09-02 17:55:00,CNC-02,M,299.1288367858937,313.47077298812644,1866.4105330321902,36.53526170881336,123.38458333502908,25.384327596552023,12.699592396839316,50.576963724483385,0,2026-09-03 06:23:53
2026-09-03 01:40:00,CNC-01,L,297.6553858782674,309.9302911492207,2632.762165563192,17.92151084868747,45.313587561377695,3.238914087269106,,52.553518497037004,0,2026-09-03 06:23:53
2026-09-02 12:41:00,CNC-01,L,297.2425447803048,311.7676680119981,1431.972597338712,52.760410123633534,139.90571845773763,2.3303264966904966,14.099901302088192,59.277845566383505,0,2026-09-03 06:23:53
2026-09-02 14:03:00,CNC-01,L,297.7462875892638,,1611.3713357860051,42.527182569563905,32.91846835874634,2.0985283232658594,13.017539783759887,53.81408251310614,0,2026-09-03 06:23:53
2026-09-02 14:34:00,CNC-03,H,298.2449992875951,312.3373799247844,1538.6480172011875,43.74742714722126,79.68702272820879,2.309642043286577,12.63604227128755,54.33739921791256,0,2026-09-03 06:23:53
2026-09-02 22:42:00,CNC-01,L,299.26126148432434,311.0550622993687,2728.3252556416905,13.657909247280152,78.52197745143769,3.3039906521272266,6.948808900058435,53.92172860082509,0,2026-09-03 06:23:53
2026-09-02 17:57:00,CNC-02,M,299.44208103151817,314.3996084477652,1950.8991889863705,39.79091391864149,126.12139760961378,27.26190933760197,14.576195054687807,56.512667872376234,0,2026-09-03 06:23:53
2026-09-02 15:31:00,CNC-03,H,299.0787644777814,314.1441907213764,1545.1030760708925,51.40333128663856,166.01479081630345,2.5126702177724836,15.0715563019306,56.20970303286117,0,2026-09-03 06:23:53
2026-09-02 19:47:00,CNC-02,M,26.35615706690237,39.146010482347435,2339.1882272211974,22.59409033248648,46.92760962160332,2.9725784737172587,10.014007814651489,50.272961484456836,0,2026-09-03 06:23:53
2026-09-02 16:20:00,CNC-02,M,299.11578824944553,314.10790153952746,1786.49675762543,42.19023957461959,226.57191827682328,3.2817713984575434,14.050295260970806,53.13765459395399,0,2026-09-03 06:23:53
2026-09-02 23:13:00,CNC-02,M,298.69677519737195,310.92891835362536,2525.576497070805,17.676010141480493,50.23704391210417,3.117748934992583,8.217743665871653,57.576953051993065,0,2026-09-03 06:23:53
2026-09-03 00:30:00,CNC-03,H,299.8250227741262,312.99514893341393,2485.08995622888,23.69591138496474,84.3850257869102,3.048186774369527,10.978682495039044,53.47010800392292,0,2026-09-03 06:23:53
2026-09-02 07:01:00,CNC-02,M,296.01827224810916,310.2894551925951,1911.8974171704656,38.66101357301594,57.6216204257834,2.549346165559809,14.031702872497885,57.75196833503404,0,2026-09-03 06:23:53
2026-09-03 03:50:00,CNC-02,M,296.385295734693,309.89391706807515,2454.0726469541173,22.26274291648637,115.28759328470456,3.1070608377666717,10.121503948243577,57.020808740572754,0,2026-09-03 06:23:53
2026-09-02 17:20:00,CNC-02,M,298.91385474975255,312.93027669523184,1864.1422314250624,35.63962687410051,75.7288118764785,2.5814548518828544,12.623628860485239,52.754860449619834,0,2026-09-03 06:23:53
2026-09-02 18:31:00,CNC-02,M,299.6423051891789,313.56785650795547,2219.5909305258597,27.434891413876336,170.7496516342015,,11.444592786516736,51.47379038094559,0,2026-09-03 06:23:53
2026-09-02 14:43:00,CNC-01,L,298.2574854284111,312.7133073007231,1566.869030431795,44.35732886339841,94.71212056001883,2.290252257220485,13.151096768979386,55.46793806363243,0,2026-09-03 06:23:53
2026-09-02 14:07:00,CNC-02,M,298.36172670551866,312.61427206767974,1425.985876095477,51.35072750887802,26.507886841969096,20.63876826739036,13.702338922254526,53.957874174121365,0,2026-09-03 06:23:53
2026-09-02 12:36:00,CNC-03,H,297.57977296587893,312.02824586086285,1399.223644253732,51.71279086344753,123.68324399056017,2.1794944096486955,13.72809238766619,55.82565855007626,0,2026-09-03 06:23:53
2026-09-02 13:08:00,CNC-02,M,297.8067801926099,,1382.3476003849119,49.024620814652245,157.25945845762666,2.3881679677838332,12.586063591575256,55.39607549055819,0,2026-09-03 06:23:53
2026-09-03 02:18:00,CNC-03,H,304.41312505181753,311.7710549811097,2566.939748994015,21.363116779444127,201.08106408068826,3.6476072807340216,10.293845221424402,42.09298233125928,0,2026-09-03 06:23:53
2026-09-02 19:26:00,CNC-01,L,26.216480667727467,39.74105220526087,2254.32957766247,28.185915814120726,91.12331130089467,2.76277022066822,11.822429503133044,56.05412290366064,0,2026-09-03 06:23:53
2026-09-02 23:36:00,CNC-03,H,299.78336208415425,311.21026566846064,2590.3234300363406,14.176409374808856,26.704076427573703,3.0919842318104127,6.88611388680736,52.42933217371429,0,2026-09-03 06:23:53
2026-09-02 16:02:00,CNC-02,M,298.8231051969265,313.33647677149554,1750.129278459314,38.00751968369691,200.57425098601627,2.982242933630666,12.447777993001365,50.85220428284561,0,2026-09-03 06:23:53
2026-09-02 09:55:00,CNC-03,H,296.8229238717218,311.60278140918797,1503.5598962710958,52.09212804433776,104.54805093370763,2.293555763755216,14.731290291023251,60.363969300095356,0,2026-09-03 06:23:53
2026-09-02 06:29:00,CNC-01,L,296.0870735839202,,1995.1177432138138,33.828023781264285,21.548676454128575,2.6380486048216283,12.45409779133891,58.78187767902589,0,2026-09-03 06:23:53
2026-09-02 07:49:00,CNC-01,L,301.37117081402283,309.4852216738664,1646.7139876546617,42.52223699867986,134.5402363155048,2.6026430988146445,13.433416480983137,49.767455476323484,0,2026-09-03 06:23:53
2026-09-02 17:08:00,CNC-02,M,299.0079694020999,313.13273893521597,1793.1692100855928,40.01450414731642,59.23903287785768,2.497450776830923,13.248146801457873,55.879871152144936,0,2026-09-03 06:23:53
2026-09-02 14:37:00,CNC-01,L,298.3921035105634,312.6901175111401,1546.927846115574,47.23221638033892,85.61139836831079,2.2168545654131946,13.598917283763488,55.60971440976727,0,2026-09-03 06:23:53
2026-09-03 03:17:00,CNC-03,H,297.9931390687305,308.86187183740924,2657.1754162457896,11.646211956496074,17.177250107469693,3.301579642987124,5.816546834784231,55.559934245911464,1,2026-09-03 06:23:53
2026-09-02 10:20:00,CNC-02,M,296.64918260725767,311.1409080765451,1408.217388783633,50.83007299982151,137.69586068851308,21.577007076580237,13.641797245463874,57.70879364656447,0,2026-09-03 06:23:53
2026-09-02 09:02:00,CNC-03,H,296.2295389899443,310.4478554249786,1556.327923793765,49.02625266766768,22.81623615684421,21.21541465623554,14.282945254577692,57.378998251783784,0,2026-09-03 06:23:53
2026-09-02 21:38:00,CNC-02,M,299.37010262034386,313.06908350671233,2493.0638110540312,22.901823335138733,175.36727020420884,3.4525792338228434,10.699727096641924,52.464570916615116,0,2026-09-03 06:23:53
2026-09-02 14:19:00,CNC-03,H,298.2476976606319,312.03038363227535,1481.5641690078398,46.63291939513847,56.551770872945085,2.1849810813633304,12.864636636592897,56.370597191198115,0,2026-09-03 06:23:53
2026-09-02 13:52:00,CNC-03,H,297.9922102680239,311.93132065856065,1478.557972291604,,14.194703044689453,2.101590849190881,13.168401433972525,53.13174971684927,0,2026-09-03 06:23:53
2026-09-02 23:56:00,CNC-03,H,300.04619758376765,311.18579066151466,2712.5145530862787,12.589179075715538,48.00025724445836,3.21907938366721,6.1019756800527105,54.72811527350147,0,2026-09-03 06:23:53
2026-09-02 10:18:00,CNC-01,L,296.4690769160414,310.43415767840065,1323.5317235891068,50.39320833023251,125.18643640575496,2.1257367700507284,12.493341991279452,59.16154342459517,0,2026-09-03 06:23:53
2026-09-02 16:25:00,CNC-03,H,299.84597104199736,313.56404450394416,1813.1009114795986,38.340280263514344,27.4119746992221,,12.999951989004488,53.53390976070417,0,2026-09-03 06:23:53
2026-09-03 00:20:00,CNC-01,L,298.59125614424505,311.3529153870314,2744.2382671091955,16.86919691237627,183.29823174942717,3.9807519280275954,8.7569663427579,50.3809183401588,0,2026-09-03 06:23:53
2026-09-02 10:31:00,CNC-01,L,296.1848194298414,310.4817143564757,1383.3005276686638,52.084592634727244,145.4591424948912,2.3739694437975696,13.292983553582207,60.800346908278115,0,2026-09-03 06:23:53
2026-09-02 08:30:00,CNC-03,H,296.415792340114,311.5049805816307,1785.0478220157042,43.01610928964362,209.440231735689,3.111343865206193,,56.01219039026791,0,2026-09-03 06:23:53
2026-09-02 20:37:00,CNC-01,L,299.3109006813026,312.6486552721302,2380.692585671863,23.03999366326163,175.9016419167756,3.4301474212392495,10.485466482540296,46.840729749231855,0,2026-09-03 06:23:53
2026-09-02 21:33:00,CNC-01,L,299.2939694887885,310.7079129998253,2560.160705455217,13.919420532757927,3.292180624591386,3.082990650567985,6.596569948042481,55.677399725526584,0,2026-09-03 06:23:53
2026-09-02 17:24:00,CNC-03,H,299.93501052682774,314.91213235591204,1975.8342094309796,40.29759817493631,110.30690062452334,2.6583806070679454,14.65603928265693,54.46561166651286,0,2026-09-03 06:23:53
2026-09-02 10:14:00,CNC-03,H,296.63645118727237,311.3930165025553,1499.4987948925325,50.94118329406841,134.23902604347663,2.3478626108325455,14.209829774066025,59.21574633378963,0,2026-09-03 06:23:53
2026-09-02 17:47:00,CNC-01,L,299.49241547706606,314.2190672132606,1935.9338920600374,37.39425199131558,168.25549883604785,2.9954407211442775,13.452808117710433,55.856047462196365,0,2026-09-03 06:23:53
2026-09-02 15:20:00,CNC-01,L,298.81745752100454,313.7263103707816,1542.7549374004348,50.26165577886083,150.84838672753284,2.4738033685686123,14.547800184511841,51.705415908140886,0,2026-09-03 06:23:53
2026-09-03 02:31:00,CNC-03,H,304.04545105332994,311.71215052079697,,22.579390203563573,215.64711038386648,3.7224397160775045,10.732013341428594,45.91641709296642,0,2026-09-03 06:23:53
2026-09-02 22:26:00,CNC-02,M,298.9308694620492,311.0312604624968,2697.8840284113053,17.039467873553562,0.0,3.3102136741834727,8.69822079343231,50.477278526749345,0,2026-09-03 06:23:53
2026-09-03 06:05:00,CNC-01,L,295.6991487306805,310.651189183386,2057.869188830746,38.342242295220906,143.37986738950826,2.8604450150447853,15.012690029581476,58.738610869608706,0,2026-09-03 06:23:53
2026-09-02 13:19:00,CNC-03,H,297.80691309508654,312.12252876393154,1385.9109097574812,49.32038107591279,191.7462758428646,2.563518721452688,13.003761195419699,55.00351888780036,0,2026-09-03 06:23:53
2026-09-03 00:36:00,CNC-02,M,303.41201568448736,310.7746174825591,2757.980609065444,19.496740345941035,138.6689468096091,3.521604345070736,10.04441965259279,50.267847933608955,0,2026-09-03 06:23:53
2026-09-03 03:52:00,CNC-01,L,296.3887954342673,310.22762499899346,2325.138995052517,25.428789252047228,194.57816589970622,3.634677808418439,11.18595978601926,56.309011162431545,0,2026-09-03 06:23:53
2026-09-02 14:38:00,CNC-01,L,298.65100547579846,312.976837914412,1497.3927170186575,48.85684310085947,87.1533250295544,2.1764734619439894,13.752530537544969,57.16131839432558,0,2026-09-03 06:23:53
2026-09-02 13:25:00,CNC-02,M,297.8941670467346,313.00138265070507,1468.6901288723518,53.259624533086296,184.02480379594274,2.536819382897311,14.546068693176355,57.08398430823874,0,2026-09-03 06:23:53
2026-09-02 13:37:00,CNC-03,H,297.9131460681631,313.12413860292975,1390.5100445455564,54.798677584175536,220.22191968483662,2.6942456236072565,14.534871108969801,53.289571645235156,0,2026-09-03 06:23:53
2026-09-02 23:38:00,CNC-03,H,299.84331120280075,310.745941037687,2719.5970772838896,11.667118030985883,28.878133115265115,3.2491027030186523,5.758574615205592,52.692790223960934,1,2026-09-03 06:23:53
2026-09-02 19:22:00,CNC-01,L,26.552748254151425,39.648033500237375,2281.508712960756,24.973361838931254,86.13640670255465,2.85026548044979,10.536740652426282,51.78444341417813,0,2026-09-03 06:23:53
2026-09-02 12:39:00,CNC-03,H,297.5212027364321,311.73384691035596,1351.4762325922864,52.09567057616434,128.46551667336792,2.2158976505575034,13.003821775478622,54.87245250685491,0,2026-09-03 06:23:53
2026-09-03 00:27:00,CNC-01,L,298.61909973097005,310.6927134473135,2772.751760401921,13.3236612791952,190.63004005730508,3.900702025770748,6.968564758208847,50.182350761611154,0,2026-09-03 06:23:53
2026-09-02 11:29:00,CNC-01,L,296.6163109351543,310.66430765298753,1437.430307694684,50.92088570002042,25.494563318069932,2.128066422379375,13.774531331032328,53.318545211360274,0,2026-09-03 06:23:53
2026-09-02 09:04:00,CNC-03,H,296.1187888347107,309.52286639616807,1608.892435795542,40.253810134103546,25.885923936709236,2.1664632173960054,11.930811431418004,58.90535187051787,0,2026-09-03 06:23:53
2026-09-03 00:38:12,CNC-03,H,299.74037633699635,311.9080570955762,2730.056635027183,15.885283480159838,91.82195256583239,3.3418721834877183,8.121595714469489,55.40283027723232,0,2026-09-03 06:23:53
2026-09-02 10:36:00,CNC-03,H,296.5902759318836,311.1492694317861,1350.175786833391,53.78198741126127,168.77593277434315,2.3267132787498848,13.94505634967914,63.86736462890585,0,2026-09-03 06:23:53
2026-09-02 15:50:00,CNC-01,L,298.94454893924575,312.6296990659186,1711.9637476022965,39.93431337082859,2.941463170434435,2.395751500227454,12.788575433637407,52.247391942732236,0,2026-09-03 06:23:53
2026-09-02 09:19:00,CNC-02,M,296.2056883162815,310.5050010782597,1590.0897567514044,46.99632821221276,42.91300894468863,2.2535139484073867,14.064492695180347,58.40900303023477,0,2026-09-03 06:23:53
2026-09-02 20:59:00,CNC-02,M,299.6011892672177,313.50464462599035,2513.6867836784722,25.36459783462462,131.3716198404755,3.1671616417247446,11.741718970283445,50.396231151811016,0,2026-09-03 06:23:53
2026-09-02 15:18:00,CNC-01,L,298.93497945340255,313.65681149104233,0.0,46.3745851328122,147.77793139312794,2.505260209042198,14.365787058293034,51.31984224141152,0,2026-09-03 06:23:53
2026-09-02 21:46:00,CNC-01,L,299.16912977526266,,2702.4315994784806,14.078460450287242,17.6944340478807,3.1002925397041574,7.129353471105167,52.62977898700166,0,2026-09-03 06:23:53
2026-09-02 21:35:00,CNC-02,M,299.3728628639745,312.52530704574383,2559.822500031276,19.518750041679805,172.00100315011022,3.55064527942381,9.244117916284301,55.00375356379447,0,2026-09-03 06:23:53
2026-09-02 12:31:00,CNC-01,L,296.9493826521799,310.5838889608711,1262.644575523573,49.051575528452496,124.03608552226731,2.0601244484196313,11.481577741465765,58.23098228451961,0,2026-09-03 06:23:53
2026-09-02 12:28:00,CNC-02,M,297.11232020117757,311.0123295275882,1451.196311367817,47.55651595386853,93.89530998026544,2.1513487707652983,12.794325770639414,56.86597193090397,0,2026-09-03 06:23:53
2026-09-03 00:02:00,CNC-02,M,298.14530018267703,310.39015174706435,2716.8623723097407,15.246242833349086,102.41225397269741,3.2124073733639684,7.614209095284947,53.82714722935895,0,2026-09-03 06:23:53
2026-09-02 23:53:00,CNC-03,H,300.0882521681104,311.36881986685455,2722.590501008504,12.854465660233352,44.83955591990005,3.232752125430069,6.587589873204897,47.6394231408811,0,2026-09-03 06:23:53
2026-09-02 23:32:00,CNC-01,L,298.87560588242275,312.0970004056527,2701.0801994863778,20.78903105802101,132.18446426466585,3.3535480331040377,10.55001236926164,53.293962597204676,0,2026-09-03 06:23:53
2026-09-02 12:15:00,CNC-03,H,297.28938649783606,311.4535348649458,1336.2755887509488,52.999783949957994,90.53779046716154,2.0961129861986887,13.23226204921817,57.72256771744108,0,2026-09-03 06:23:53
2026-09-02 14:11:00,CNC-03,H,298.3433457461572,311.74804270922453,1466.7589124715737,44.75064751758553,44.013880633023575,20.412855682612918,12.02275840786977,,0,2026-09-03 06:23:53
2026-09-02 21:22:00,CNC-03,H,300.83417611703015,314.87029705502465,2509.7504604479855,25.91109767255056,144.58961759673682,3.3076834571259517,12.095714531783372,49.330679926914414,0,2026-09-03 06:23:53
2026-09-02 14:08:00,CNC-01,L,297.90138227073044,311.901469777352,1444.8741428823757,48.730346460406935,40.74553194342719,2.1549680203538855,13.211722486161449,53.51474077580522,0,2026-09-03 06:23:53
2026-09-02 22:22:00,CNC-03,H,300.2655509767744,313.17785965177063,2829.716615126675,17.61687980362013,210.300929477816,3.9607568466466336,9.410682116957398,50.60850045554246,0,2026-09-03 06:23:53
2026-09-02 15:27:00,CNC-02,M,298.7296470814008,313.6128336022867,1492.0268985502923,48.358272798170354,149.2549114445474,2.483599330776039,13.694903590156718,56.1265704937429,0,2026-09-03 06:23:53
2026-09-02 12:51:00,CNC-02,M,297.54216072916904,311.18674305119146,1287.8791866998404,48.19116049580336,130.32306481092056,2.008178746445435,11.61101704439192,54.677836819288565,0,2026-09-03 06:23:53
2026-09-02 19:58:00,CNC-02,M,26.70053810616656,40.372553746897495,2235.6419350914657,27.178685460132055,60.12210397559103,2.80641692963818,11.45693486404689,46.94280753421324,0,2026-09-03 06:23:53
2026-09-02 21:22:00,CNC-01,L,299.28281580032683,312.99778962300076,2524.536933937766,23.069494276322484,227.2976154760607,4.175721783725337,10.80432487924081,52.505527929991395,0,2026-09-03 06:23:53
2026-09-02 10:52:00,CNC-02,M,296.4424994297519,311.2292356751241,1348.4811075750524,54.40943413441748,188.22951623602978,2.4936645651731286,13.656341399709602,54.449121311993636,0,2026-09-03 06:23:53
2026-09-02 12:15:00,CNC-02,M,297.06648880468106,311.497632642263,1471.4604258544489,50.53513165151861,73.1559927041768,2.2065514023385226,13.82365545214103,55.37024596303176,0,2026-09-03 06:23:53
2026-09-03 04:54:00,CNC-02,M,295.9308700580724,310.4317544610338,2359.0386215636036,27.92783722345355,193.4506998010279,3.461557268007951,12.630760068023969,60.86084629271685,0,2026-09-03 06:23:53
2026-09-02 19:09:30,CNC-01,L,26.78690742680942,40.695940079987395,2026.303394343815,33.58255201218581,72.56042702241383,2.687503938137402,13.024335527696737,51.42102348337133,0,2026-09-03 06:23:53
2026-09-03 04:34:00,CNC-03,H,297.31578322964975,310.76620827693495,2357.216741586586,26.548039494882946,109.26353170452924,3.01608826650711,11.780774280496551,56.77111538832908,0,2026-09-03 06:23:53
2026-09-03 01:58:00,CNC-03,H,304.4444212249626,311.2209407395058,2741.2016050081575,18.84826766074331,178.95625615416333,3.6127802594151937,9.38468286380824,43.59717520910936,0,2026-09-03 06:23:53
2026-09-02 17:33:22,CNC-02,M,299.4127606963501,314.3515481589434,1893.928418492641,41.94741457118711,93.62721674396285,2.518500030048663,14.607762896469279,47.433795443305115,0,2026-09-03 06:23:53
2026-09-02 21:41:00,CNC-01,L,299.49437159653775,311.25881096980487,2612.8311728368944,17.181003782838314,12.18696770709323,30.959254052679576,8.470191625986317,51.305506787929325,0,2026-09-03 06:23:53
2026-09-02 15:34:00,CNC-01,L,299.0580102701635,314.0734528175823,1604.4543602609365,49.519384002282216,171.7689310433128,2.689940234221308,,49.64197563967382,0,2026-09-03 06:23:53
2026-09-03 04:45:00,CNC-01,L,296.1479866993917,309.2473240863041,2316.708569284995,26.377923850601558,40.42437996825162,2.8395020096220023,11.598306730387954,56.1902229292033,0,2026-09-03 06:23:53
2026-09-03 00:05:00,CNC-01,L,298.7214699121807,312.1190081944809,2631.7129082256847,20.718583653391327,167.3469517351222,3.6254215197328383,10.105295208604891,51.5481256674057,0,2026-09-03 06:23:53
2026-09-03 03:08:00,CNC-03,H,298.04268887150863,310.0699655252242,2559.567386903419,18.10762590024738,6.964880543587168,3.053965036055621,8.568120385921112,54.86668591676634,0,2026-09-03 06:23:53
2026-09-03 03:29:00,CNC-03,H,298.02991506079985,311.3689780826007,2207.3150555219795,28.74922391061169,31.201001968207546,2.68540368428195,11.954112355593304,55.48304101933971,0,2026-09-03 06:23:53
2026-09-02 20:49:00,CNC-01,L,299.28906742613117,312.9001610988444,2476.126627314632,22.12427415502674,189.74029932612603,3.7340035509025706,10.47303573301168,51.6022436505372,0,2026-09-03 06:23:53
2026-09-02 15:35:00,CNC-01,L,298.82785334282744,313.7747687300281,1637.908983249081,47.67444695133953,173.26162336691124,2.754021296927252,14.697074849783247,51.42121759029181,0,2026-09-03 06:23:53
2026-09-02 08:31:00,CNC-02,M,295.92861493566335,310.6751720048497,1656.5509132031254,46.135697082527514,188.54585153579006,2.7961457527711686,14.504394189724165,55.8567282798428,0,2026-09-03 06:23:53
2026-09-02 22:20:00,CNC-01,L,299.56124756846856,311.443788472229,2667.4613825161823,15.249745011546636,54.79680485837915,3.205783041218101,7.581187726354203,53.778142110991475,0,2026-09-03 06:23:53
2026-09-03 01:13:00,CNC-02,M,302.9627481044867,310.27967630133446,2742.909693488936,17.69158866274546,178.19759238050509,3.596630672772143,9.076562389174125,48.11523192955886,0,2026-09-03 06:23:53
2026-09-02 21:14:02,CNC-02,M,299.56165655848434,313.11168055630344,2521.297825417932,22.409974657047517,148.58014349936292,,10.481426933307283,51.60544004251016,0,2026-09-03 06:23:53
2026-09-02 06:27:00,CNC-03,H,296.09967968344966,310.49194242895925,2034.0241299863071,36.30721196267017,32.895934167073165,2.5488573363716283,14.041426209927373,57.463830850229755,0,2026-09-03 06:23:53
2026-09-03 04:51:00,CNC-01,L,295.9197495553761,309.89988484087365,2195.7579551338554,32.07452281015244,47.86736029772895,2.8489958059881686,13.552452351033091,58.8673996056242,0,2026-09-03 06:23:53
2026-09-03 06:08:00,CNC-01,L,295.7013217180135,310.51025321541135,2153.5666201075564,34.7480555743202,147.38572459597833,3.001843970523184,13.921914321856637,63.114347353244874,0,2026-09-03 06:23:53
2026-09-03 01:02:00,CNC-01,L,298.3910033612439,308.9384887594828,2688.3324266054137,10.354647589801093,4.240671091922801,0.0,5.138357533453189,55.006154361075446,1,2026-09-03 06:23:53
2026-09-02 11:56:00,CNC-03,H,297.26247138021444,311.43931761401313,1452.157916403862,50.592070638557814,60.482148218457105,2.160390605172353,13.894866816647005,61.47958108992559,0,2026-09-03 06:23:53
2026-09-02 12:47:00,CNC-01,L,297.37369390883714,312.3692153146864,1493.2850427851777,51.65910192298768,149.45316987759998,2.4863633087300014,14.583736718431656,54.204104915694714,0,2026-09-03 06:23:53
2026-09-03 01:45:00,CNC-01,L,297.506729381474,309.11938333875383,2780.7468477574844,13.713890793622614,50.581422879472015,3.3516482702761876,6.944917879658141,57.96027716983322,0,2026-09-03 06:23:53
2026-09-02 15:39:00,CNC-02,M,298.8026773842962,313.58778071293847,1717.2875672313507,42.6082739986236,167.14566023596532,2.740253593330985,13.584030799662527,53.5017047797981,0,2026-09-03 06:23:53
2026-09-02 16:12:00,CNC-03,H,300.09617411698713,313.70414559036413,1526.6042786696855,45.29753493150338,8.83277638178896,2.166296322465754,12.845483984626929,53.08567830558954,0,2026-09-03 06:23:53
2026-09-02 10:29:00,CNC-01,L,296.43759317150176,310.99423053900125,1523.954408959262,48.605797607955836,142.40213340590603,2.459818331827609,13.71336628379907,56.19464167176378,0,2026-09-03 06:23:53
2026-09-02 12:53:00,CNC-02,M,297.5844446103541,312.17919096011354,1537.042714730549,46.85686515851616,133.42123071788478,2.4176916034931804,13.702999141355466,57.06407337193787,0,2026-09-03 06:23:53
2026-09-02 06:33:00,CNC-03,H,295.83080937152386,309.6551760763769,1967.6200959071457,34.184446026425924,41.06916740354448,2.5605722563654045,12.698138088245232,60.79580166519939,0,2026-09-03 06:23:53
2026-09-02 19:17:00,CNC-02,M,26.494813512275982,39.8213037587318,2229.6423985110036,27.975083528394045,10.038455736332349,2.777337111216959,11.563299442456241,53.25697397201008,0,2026-09-03 06:23:53
2026-09-02 14:42:00,CNC-03,H,298.6637958329538,312.31605322549564,1538.0768098635838,42.51962307433804,92.01812394875606,2.211890776571181,12.343094271217332,53.828732286986146,0,2026-09-03 06:23:53
2026-09-02 20:46:00,CNC-03,H,6492.035655092114,313.8952005279889,2452.324314069621,21.674565615326337,103.67907750513294,3.0609984671418977,9.860331044323155,50.0809716373206,0,2026-09-03 06:23:53
2026-09-02 11:40:00,CNC-03,H,296.9341241864172,310.3601146387488,1336.5145491497583,50.17611216250778,35.028919800958136,2.110518960703981,12.57219658918277,56.142671196244045,0,2026-09-03 06:23:53
2026-09-02 08:06:00,CNC-03,H,296.4190737294462,310.7357650937583,1682.6682749326078,43.256443354742714,173.6240216110511,2.6510534766497464,13.66713859801491,55.71605888234116,0,2026-09-03 06:23:53
2026-09-03 04:36:00,CNC-02,M,296.2045800810013,309.95878755720446,2312.2715248917984,24.344430487596863,171.22396262296562,31.840932880153208,10.651830457433958,57.45910321172603,0,2026-09-03 06:23:53
2026-09-03 02:55:00,CNC-02,M,296.73605228545284,309.3125879510457,2485.4993539210186,19.079552259958305,51.62004469417673,3.0670217021378834,9.050866028777254,59.56016130737939,0,2026-09-03 06:23:53
2026-09-02 12:23:00,CNC-02,M,296.9268163798088,311.1384017947564,1353.9801485365308,51.861192125166966,85.95214218180968,1.9704581577883888,13.19721299304028,56.87516734062039,0,2026-09-03 06:23:53
2026-09-02 14:11:00,CNC-02,M,298.4043122861375,311.78245383460495,1313.0175115460204,47.158061290440415,32.861945489424855,1.8484491262559621,11.515670715083012,55.00006735774671,0,2026-09-03 06:23:53
2026-09-02 17:29:24,CNC-01,L,299.5073034493817,314.2813973476391,1991.3406434167593,38.382133850509945,143.86850077284333,2.866951358884288,14.302776061825176,51.65891150657351,0,2026-09-03 06:23:53
2026-09-02 07:36:00,CNC-02,M,296.34075948458485,310.7312005892145,1731.1305973165724,42.22045945869384,107.41624568549173,2.3399548163378063,13.84937712904083,57.33824753495758,0,2026-09-03 06:23:53
2026-09-03 03:21:00,CNC-02,M,296.534174318016,310.53030904410264,2479.72994138793,26.024412784893297,81.50185285992316,3.028256154882578,12.377127796054376,54.70196847973709,0,2026-09-03 06:23:53
2026-09-03 02:20:00,CNC-01,L,297.0945853709564,308.8531971790942,2737.0144090352896,13.118103513755242,88.75472494147503,3.428400426485537,6.501606315046848,56.25643897698266,0,2026-09-03 06:23:53
2026-09-02 15:13:00,CNC-02,M,298.54729866856553,312.990642746812,1679.7161533960436,42.20691222623492,128.1714758610289,24.272785175413112,13.037757016112323,54.172494223361404,0,2026-09-03 06:23:53
2026-09-03 06:19:00,CNC-03,H,296.68074451412366,311.3648304103473,1935.982502353323,35.96118400592653,245.48494622961368,3.456773461256475,13.023209409404537,61.37537716841865,0,2026-09-03 06:23:53
2026-09-02 15:30:00,CNC-02,M,298.57214721908883,312.8805791987287,1514.9333062923947,45.7316503931542,153.8305131990793,2.4586796136528113,12.944200756038333,54.31540802094528,0,2026-09-03 06:23:53
2026-09-02 18:23:00,CNC-03,H,300.3323269340274,314.39067496758423,2076.321797040242,32.104195263055026,189.24314038193992,,12.595681853033437,46.96206546835104,0,2026-09-03 06:23:53
2026-09-02 12:04:00,CNC-03,H,297.438082597666,311.05312521401385,1298.6226495220917,50.04241575805717,73.07420092367293,2.0678585889260903,12.142632593501764,57.6475239034029,0,2026-09-03 06:23:53
2026-09-03 05:08:00,CNC-01,L,22.985967001988627,35.970361568430235,2267.6200368122322,26.032343145619272,69.34413257021676,2.8977328016147537,11.204453822393384,56.84279942032925,0,2026-09-03 06:23:53
2026-09-02 06:43:00,CNC-01,L,296.26357150038746,310.2131291994269,1812.7865897636975,39.630109752000614,40.92653939184042,2.510442324037331,13.278692203913232,59.30924452056576,0,2026-09-03 06:23:53
2026-09-02 16:06:00,CNC-01,L,299.3072784779781,312.9937914532497,1754.3678405829369,39.136907344165046,26.345368316996836,,12.538311546104364,50.7141281507812,0,2026-09-03 06:23:53
2026-09-03 03:11:00,CNC-01,L,296.6442984065433,309.06509127648405,2588.920245762341,16.70166536778457,146.65619959689656,3.4174570065067447,8.264236645091316,54.68910489975841,0,2026-09-03 06:23:53
2026-09-02 13:16:00,CNC-01,L,297.5973382992762,312.0545615753806,1434.661757748598,48.52248148783139,195.3673885289013,0.0,13.044554966842648,58.73656722312831,0,2026-09-03 06:23:53
2026-09-02 07:00:00,CNC-03,H,296.1460940667526,309.88461650188736,1928.113066216108,34.8980109179732,78.52806914244282,2.706512588074213,12.5342535384362,57.69369477108407,0,2026-09-03 06:23:53
2026-09-02 06:57:00,CNC-03,H,296.539625493653,310.6916903238004,1909.7524299262723,,74.36855611613932,2.5251470757588774,13.616284749365185,58.55031198535391,0,2026-09-03 06:23:53
2026-09-02 20:56:00,CNC-01,L,299.1001760414306,313.3373565221264,2477.0245784673293,26.83428513922643,197.81674679333167,3.7986586712042385,12.597437249477942,55.45226023070484,0,2026-09-03 06:23:53
2026-09-02 15:17:00,CNC-03,H,299.4348924039592,313.84850282479215,1535.6107444534289,46.07702171623517,145.11945645460793,2.4252898789777566,13.34911178974206,55.51426284460254,0,2026-09-03 06:23:53
2026-09-03 01:22:00,CNC-03,H,304.5627073811404,310.51274273623847,2666.629141590995,15.598981062421121,139.94923627433593,3.3867288113038843,7.793800233444785,38.436693381807416,0,2026-09-03 06:23:53
2026-09-03 02:54:00,CNC-01,L,296.8445806443108,310.17114783284336,2558.467600515462,22.26229135303386,127.15712502926063,3.2684002017793956,10.744839288327373,55.63007286166189,0,2026-09-03 06:23:53
2026-09-02 18:23:00,CNC-02,M,299.4754328898465,314.0687063831645,2093.5436489392614,33.746078119294516,160.4289933646192,3.0205228693591044,13.083578557213457,52.46973583223003,0,2026-09-03 06:23:53
2026-09-02 09:27:00,CNC-03,H,296.4343732266706,310.6208729595867,1434.0659370297028,50.617853479567444,61.18280597201188,2.104986934394671,13.593934387732151,61.084218369222285,0,2026-09-03 06:23:53
2026-09-02 12:49:00,CNC-01,L,297.6051079329794,312.28763760985515,1459.9391572027732,50.673387467743936,152.6355715080511,2.448290118910497,13.872598849954622,56.713417359615455,0,2026-09-03 06:23:53
2026-09-02 14:39:00,CNC-01,L,298.49099766687175,312.85572204048555,1636.177517697915,45.30042908015543,88.6599174139438,2.347997109453633,13.818156082874191,57.06925280106933,0,2026-09-03 06:23:53
2026-09-02 06:52:00,CNC-03,H,296.41328459841867,309.93104212205526,1775.5785658412915,36.615295450210844,67.28625744802306,2.393491124524458,12.337299470650455,62.23974605890512,0,2026-09-03 06:23:53
2026-09-02 07:34:00,CNC-01,L,301.527997657896,0.0,1750.9640057333966,44.51319245318369,112.82679728579123,2.517341095514419,14.272810486140347,48.53714469535058,0,2026-09-03 06:23:53
2026-09-02 07:03:24,CNC-01,L,296.08304250900113,309.9746996923791,1843.6163283514275,36.89209073938166,67.3467668583202,2.4581753353706906,12.620831974602465,61.1362570883185,0,2026-09-03 06:23:53
2026-09-03 05:06:00,CNC-03,H,23.885095818709715,37.72504638831629,2235.031866549167,30.398420021655244,149.10944797289054,3.1715152777766895,12.492586582311628,58.31989283265717,0,2026-09-03 06:23:53
2026-09-03 02:22:00,CNC-03,H,304.15392794658135,312.17526142814125,2578.716000553122,25.094257922875876,205.4610458058238,3.6219169621131315,11.912810972576255,40.310251079271296,0,2026-09-03 06:23:53
2026-09-02 10:45:00,CNC-03,H,296.512073585586,311.45576822080415,1542.0186623997279,51.14416932243019,182.91705071390953,2.4744109323736643,14.717966314442855,57.47663905798162,0,2026-09-03 06:23:53
2026-09-03 01:23:00,CNC-03,H,304.5813456418849,311.21968551488607,2851.1552678032635,16.83078523900808,140.98536480244556,3.568980839951981,9.047608534005178,38.655781070628066,0,2026-09-03 06:23:53
2026-09-03 02:45:00,CNC-03,H,298.4949266159297,313.38809286470416,2270.984110239007,33.096257470787975,231.2561228086898,3.596547279685027,13.803921686854569,52.67277950928581,0,2026-09-03 06:23:53
2026-09-03 00:45:00,CNC-01,L,298.52062870471406,310.9031236660482,2801.192350390874,14.898439123854418,209.7595097589969,4.133207393126223,7.744380794580479,57.495098067311595,0,2026-09-03 06:23:53
2026-09-02 10:48:00,CNC-01,L,296.46675907281247,311.39568834053307,1426.2320504478666,52.56198452153922,172.2444470608848,2.5107674546125542,14.132096005904872,57.13265684384195,0,2026-09-03 06:23:53
2026-09-02 18:34:00,CNC-02,M,299.74043359396853,314.9854034871234,2131.3292987909253,35.61987812480671,174.60251291821228,3.2006321528310275,13.888539631635746,55.33096057872984,0,2026-09-03 06:23:53
2026-09-02 08:45:00,CNC-02,M,295.97378772777813,311.14655905738437,1627.2101675681256,47.456613794254025,209.831071434775,3.08985506027469,14.323467148580054,63.08612697025665,0,2026-09-03 06:23:53
2026-09-02 17:26:00,CNC-03,H,300.09709768382385,314.75603142197986,1919.5267875987295,39.52281854388917,113.09171396948562,2.659499296729303,13.970937741701455,53.07915815340245,0,2026-09-03 06:23:53
2026-09-03 00:47:00,CNC-01,L,298.54618570053833,312.0858052272928,2705.306704433387,19.960728141627513,211.88915336307744,40.466176440608464,9.918543956476954,54.35219424984945,0,2026-09-03 06:23:53
2026-09-02 09:25:00,CNC-01,L,296.1923170111468,310.3391012627168,1546.7371113383651,47.490393269383425,42.6149017120183,2.153975459436534,13.931795171985419,60.32669931204074,0,2026-09-03 06:23:53
2026-09-02 23:41:00,CNC-02,M,298.29398762619206,310.55647177684403,2531.3492073889793,17.34338528700106,80.06420984638585,3.0365830835212724,8.384133959199845,53.30914966287179,0,2026-09-03 06:23:53
2026-09-03 05:45:00,CNC-02,M,22.369956146527215,36.29212772780062,2136.996631661696,31.470690817379015,14.520807439174531,2.714875190823328,12.577897120828203,60.994242772152546,0,2026-09-03 06:23:53
2026-09-03 02:16:00,CNC-02,M,297.14571681900776,309.4528399473676,2666.7313729386683,17.217026359069173,7.717132806805462,3.2677117699336033,8.413214596790272,56.34585427008997,0,2026-09-03 06:23:53
2026-09-02 09:36:00,CNC-03,H,296.4697434069425,311.15749391880024,1493.9841296521743,51.4924991075372,75.01263981454922,2.187674910828894,14.522334598184534,56.130121365750995,0,2026-09-03 06:23:53
2026-09-03 02:31:00,CNC-02,M,296.9262723248318,309.1908638237757,2519.0272547161744,17.893491591726708,24.479648360726237,2.9734295667980164,8.442654711136804,58.89562895729671,0,2026-09-03 06:23:53
2026-09-03 05:12:00,CNC-02,M,22.67355839217845,36.703628412339015,2294.1969540501104,26.108820548569547,216.26601000718003,3.6779687506154204,11.119258164478223,57.75709745156096,0,2026-09-03 06:23:53
2026-09-03 00:14:00,CNC-02,M,298.23856839703797,310.3733550177758,2718.944582099623,14.177907793138273,115.20985538827644,3.265067474868566,7.557043822172302,57.476747150931295,0,2026-09-03 06:23:53
2026-09-02 23:41:00,CNC-01,L,298.694247737284,311.07658142910077,2678.514582019223,16.1658922262299,141.688739249922,3.4671138583810213,8.25710045259718,55.46992926104427,0,2026-09-03 06:23:53
2026-09-02 14:56:00,CNC-03,H,298.680432676719,313.1659577127508,1582.2130233932182,46.53848563660969,113.4228707769307,2.389454527723301,13.78931817567665,53.0146480984782,0,2026-09-03 06:23:53
2026-09-03 03:11:00,CNC-03,H,298.0814260164844,310.3136570256394,2583.1110573809906,18.853045280393243,10.371903493231176,3.0557488546657305,9.255459924031015,58.62548956412122,0,2026-09-03 06:23:53
2026-09-02 09:08:00,CNC-02,M,296.0053708017916,310.03311388537736,1610.456030308733,46.25195609509233,26.0266642881894,2.3143857585149,13.903293531688995,65.23373587690023,0,2026-09-03 06:23:53
2026-09-02 23:59:00,CNC-01,L,298.89966268230916,311.67936795406564,2777.840746034348,18.113799081642703,160.9396177618217,3.648681961872841,9.383511498918596,53.22716993671523,0,2026-09-03 06:23:53
2026-09-02 14:04:00,CNC-03,H,298.1843054433792,312.3725384736565,1429.5276388530435,51.24910346843117,32.99203030337642,1.9640685105549638,13.57578131989549,50.31274967015585,0,2026-09-03 06:23:53
2026-09-02 22:43:00,CNC-03,H,300.5723679018573,314.37193653717736,2667.4413939025753,21.905248267146884,233.21636530085706,4.001831401268443,10.80609072927241,48.89298854082611,0,2026-09-03 06:23:53
2026-09-02 22:25:00,CNC-03,H,300.2947554814427,313.5905189844794,2646.2090143879523,20.444845249711214,213.5685614499533,3.8030316678561746,10.170389747237165,51.791062494095435,0,2026-09-03 06:23:53
2026-09-02 06:24:00,CNC-03,H,295.85950257395046,308.8860214590006,2080.9058463683264,29.276403256216692,28.837523099386875,2.7057197237368067,11.396659700590517,53.448017641779686,0,2026-09-03 06:23:53
2026-09-02 22:58:00,CNC-03,H,299.9580610915382,313.9764445689958,2629.003225755899,23.740913452755123,249.5486610217713,4.279155332792397,11.85878524967789,50.18151716669881,0,2026-09-03 06:23:53
2026-09-02 18:14:00,CNC-01,L,299.8297355705098,313.03945948076046,2208.918401050771,30.26450206738084,0.0,2.848074092357004,12.489566726743611,54.66442523736663,0,2026-09-03 06:23:53
2026-09-03 00:38:00,CNC-02,M,303.47690609595486,311.62458064839103,2628.537244289221,24.40610734535351,140.78036896085072,3.422192164690451,11.911944041141888,48.83964210664953,0,2026-09-03 06:23:53
2026-09-02 08:44:00,CNC-03,H,296.4340819713476,,1547.5642541897269,50.21113283313942,230.53821373389837,2.937305364512674,14.563638104059548,57.66348789071606,0,2026-09-03 06:23:53
2026-09-03 00:06:00,CNC-02,M,298.0288780236831,310.4997924820434,2631.596359863556,15.932786743214129,106.67823460767784,3.161735258142172,7.605839703547287,57.451568712680654,0,2026-09-03 06:23:53
2026-09-02 22:49:00,CNC-03,H,300.0598237634743,314.14279978102144,2700.758478898466,22.4948533284862,239.6857128470677,4.202935685339882,11.271297979425524,50.397078716717715,0,2026-09-03 06:23:53
2026-09-02 14:05:00,CNC-01,L,297.8356217955557,311.6327538943143,1365.8721230743322,50.909234429462465,36.08669183119307,1.9571931669953848,13.058748907937403,55.220040600930915,0,2026-09-03 06:23:53
2026-09-02 13:45:00,CNC-01,L,297.64505169438854,310.923698740021,1509.5709154235628,42.827421439424896,4.676387141019562,2.067048630770692,12.175662565278518,57.114731946695464,0,2026-09-03 06:23:53
2026-09-02 22:09:00,CNC-03,H,300.5998855895922,313.5827576820987,2773.6530137207073,18.236454756682427,196.18204415507387,3.8065682560748453,9.507777003884778,51.13113663014886,0,2026-09-03 06:23:53
2026-09-03 01:53:00,CNC-01,L,297.64833414151644,309.61257741057705,2730.2868115273764,15.913841494412184,59.2250977770335,3.2561587661061178,8.19092631823226,49.54309044232779,0,2026-09-03 06:23:53
2026-09-03 05:36:00,CNC-01,L,22.26077421796174,36.30337658386992,1964.4440798591247,34.732786131636466,105.45718106903098,2.7828807229533217,12.890755650994924,61.954938669000946,0,2026-09-03 06:23:53
2026-09-02 17:51:00,CNC-03,H,300.5127472691188,314.8046998496187,1902.654943847448,35.289769398807444,147.10501764078646,2.6688895221007707,12.440640184375024,49.59684094806863,0,2026-09-03 06:23:53
2026-09-02 13:48:00,CNC-02,M,298.0908369398357,312.8318028538608,1336.0435322649532,52.38818278479478,220.19775159714612,2.822489162131085,13.11410687882909,52.9780565963275,0,2026-09-03 06:23:53
2026-09-03 03:40:00,CNC-02,M,296.1466249008371,310.1152674374322,2376.0258719281287,26.885292567678153,103.60733737207723,3.050647137702519,11.887258807251943,57.24817273954131,0,2026-09-03 06:23:53
2026-09-03 01:46:00,CNC-03,H,304.37726629727536,311.2536882123263,2632.602605486966,19.198302938080786,165.87099606951116,3.442803578321651,9.532271752148587,50.25725288140295,0,2026-09-03 06:23:53
2026-09-02 10:21:00,CNC-02,M,296.40608697324876,311.173432097773,1552.626872372357,47.65847710838663,139.23542996051512,2.4132928440873327,13.592503524789908,58.944020990574984,0,2026-09-03 06:23:53
2026-09-03 01:49:00,CNC-01,L,297.3984639193897,308.97700998285416,2686.3101001499945,15.058796087961348,54.85627427012506,3.255412700135679,7.5839543999835755,58.19304014417499,0,2026-09-03 06:23:53
2026-09-02 08:26:00,CNC-03,H,296.3660207081214,311.26813785631435,1589.527947469315,48.15008115602945,203.40844504549352,2.7586933003935084,14.280622888164416,55.95981477163411,0,2026-09-03 06:23:53
2026-09-03 03:27:00,CNC-02,M,296.5923710322729,309.7443180318473,2297.50406422936,23.663123222401897,88.43605483308036,2.890608769258315,9.99692790154539,56.38163604516818,0,2026-09-03 06:23:53
2026-09-02 08:02:00,CNC-02,M,295.6668379174753,310.4969004729972,1575.8682428385175,48.32357343332256,145.46288651565104,2.445708765174347,14.270355622793726,59.82266062022476,0,2026-09-03 06:23:53
2026-09-02 18:11:48,CNC-02,M,299.27430883636146,314.09898264268134,1982.9691277794166,36.61872300717105,145.93107681518114,2.7526984433518322,13.63111180752762,52.567634200878054,0,2026-09-03 06:23:53
2026-09-02 13:27:59,CNC-01,L,297.56725421794766,312.62644777648757,1466.6004130501128,52.78427995302418,212.67250906274464,3.0087176600665257,14.331400652420536,59.40202304929645,1,2026-09-03 06:23:53
2026-09-02 12:01:00,CNC-03,H,297.0726365048424,311.3240558451861,1484.6066707320892,47.62639990579636,68.27420092367295,2.155542021387314,13.328229953663236,57.64009354738501,0,2026-09-03 06:23:53
2026-09-03 05:32:00,CNC-02,M,22.572598404000587,37.62073615839569,2215.7224880129097,31.808006735182477,242.0489249699034,3.9248569128355295,12.939100381543893,59.60051778428442,0,2026-09-03 06:23:53
2026-09-02 12:08:00,CNC-03,H,297.3601609124534,311.5753968465232,1423.3355826493835,49.898885338353665,79.47420092367291,2.2168235546001847,13.30274046963467,52.651973339538635,0,2026-09-03 06:23:53
2026-09-02 16:13:00,CNC-02,M,298.95403650683465,314.16138942539095,1520.0827207066231,49.965732038622626,216.44562953242874,2.8122080089683066,14.055540953109361,50.822434492363044,0,2026-09-03 06:23:53
2026-09-02 15:47:00,CNC-03,H,299.6153448988912,314.40422514029177,1553.9832245231619,48.24606240057113,189.9084119097309,2.571800191040418,14.105916600029001,50.11950103729537,0,2026-09-03 06:23:53
2026-09-03 06:21:00,CNC-01,L,295.7556362873334,310.0981091797418,1852.6543958939442,38.44416013227398,164.9715185185024,2.7166907830772353,13.322440475893465,55.257820028518395,0,2026-09-03 06:23:53
2026-09-02 20:21:00,CNC-01,L,299.3374731618917,312.2330387114079,2438.0608712771527,22.280005929671773,157.28096515559474,3.482998666463868,10.10102831207416,53.52242635009443,0,2026-09-03 06:23:53
2026-09-02 12:19:00,CNC-03,H,297.74776338926245,311.13601887737883,1317.8977952808752,48.89936249073219,96.76794259318629,1.9553452435056538,12.03806986169355,56.16203276957303,0,2026-09-03 06:23:53
2026-09-02 12:38:00,CNC-01,L,297.1976613773502,311.7898920748204,1439.204961684372,52.384362530422564,135.13498272306245,2.2944357959706623,14.04741977137839,58.0085166896072,0,2026-09-03 06:23:53
2026-09-02 14:36:00,CNC-01,L,298.55890388947097,312.49092183533327,1543.368618965355,43.651867620291256,84.09213961890077,22.53867581968316,12.564108074205972,54.641393815450066,0,2026-09-03 06:23:53
2026-09-02 17:46:00,CNC-02,M,299.41951408212594,313.80909758725915,1861.5469154665216,36.92856830926497,111.17819670428167,2.5889692019987396,13.016273764926177,46.130946916813905,0,2026-09-03 06:23:53
2026-09-02 08:47:00,CNC-03,H,296.5166812393335,309.53735433530113,1672.2647694688812,36.32687695554087,0.0,2.2405164994873203,11.47556445616503,,0,2026-09-03 06:23:53
2026-09-03 03:22:00,CNC-01,L,296.7424289774546,310.3878472793561,2486.557412322392,25.42922819371663,159.31899247796107,3.46548741030442,11.545821287645845,54.63848934229435,0,2026-09-03 06:23:53
2026-09-02 16:19:00,CNC-01,L,299.2834763265624,312.79879494706825,1817.4402210685214,35.90786707737164,45.31952381893803,2.511851569407863,12.033419206651814,48.81525503213286,0,2026-09-03 06:23:53
2026-09-03 03:42:00,CNC-01,L,296.3783811707152,310.4245013950999,2416.554859246691,26.087501533372247,182.78608172333705,3.5851633632788067,11.80461666598449,59.919417277139864,0,2026-09-03 06:23:53
2026-09-02 18:08:00,CNC-02,M,299.3293471874138,313.3999124422894,1929.0121139533758,35.567233082623034,140.5799433314675,2.7786258134747075,13.063814908795827,52.8856389255924,0,2026-09-03 06:23:53
2026-09-02 13:04:00,CNC-03,H,297.8042112385671,312.20350009220965,1387.808122289627,50.934896997520184,168.04476613816126,2.413787886805949,13.464088691117405,52.12087826274487,0,2026-09-03 06:23:53
2026-09-02 12:17:00,CNC-01,L,296.8106159459544,310.5790160784586,1405.1745945041357,45.96591289577328,101.8312690873005,2.230161587523118,11.954996783326985,56.31701667238804,0,2026-09-03 06:23:53
2026-09-02 08:43:00,CNC-02,M,295.89892703846925,311.2789022957361,1656.318776141562,49.433012224291645,206.74330600157361,2.947181778850374,15.492338080539087,54.3706686505269,0,2026-09-03 06:23:53
2026-09-02 10:15:00,CNC-02,M,296.39497523688857,311.07943207371756,1459.0181101149908,51.71145815831454,129.723463792311,2.352998732787922,14.096256924306768,60.77266590168279,0,2026-09-03 06:23:53
2026-09-03 00:32:00,CNC-02,M,303.64287548613015,311.0611946702993,2603.39481852777,20.42761642747686,134.49373601850309,3.3575964643915746,9.992282736296668,51.53703516986445,0,2026-09-03 06:23:53
2026-09-02 15:43:00,CNC-01,L,298.99622975105655,313.91424429419123,1595.3468820796656,47.20794764733098,185.19873689208106,2.8772221119939063,13.976680766696727,53.02037232074094,0,2026-09-03 06:23:53
2026-09-03 03:18:00,CNC-03,H,297.9126585210962,310.2666810019406,2483.4445675781494,21.59259357623852,18.326749406274075,2.9877420058311572,10.195651074140665,52.90970682833951,0,2026-09-03 06:23:53
2026-09-02 18:53:00,CNC-03,H,300.38342572155864,315.07202069790935,2206.7654467444936,32.01315491755837,227.71923168611042,3.6305899479049253,13.542075630777534,49.864784749097225,0,2026-09-03 06:23:53
2026-09-02 20:42:00,CNC-02,M,299.3853852722225,312.80203256516415,2456.697414842981,24.030843057218224,111.74381690144156,3.139748367682204,11.219080158626925,52.1491259408239,0,2026-09-03 06:23:53
2026-09-02 18:43:00,CNC-02,M,299.52698814022773,314.4948197707339,2187.1958474829225,33.44277605654912,186.01320172370768,3.2518010181498576,13.506763884459371,50.70106332866815,0,2026-09-03 06:23:53
2026-09-02 14:33:00,CNC-02,M,298.56621225958264,,1521.385305749812,45.663951835572504,67.32217028860978,2.1746259975681497,13.23650564191824,50.48184769289352,0,2026-09-03 06:23:53
2026-09-03 05:11:00,CNC-03,H,23.527415964849695,36.711631840594464,2117.8404717661233,24.852779037636637,155.48273121895394,2.9870363657840673,9.874828706048993,59.97881974869552,0,2026-09-03 06:23:53
2026-09-02 15:53:00,CNC-01,L,299.01280783160234,312.5533218071291,1801.05246931716,36.05528556537828,7.339671363426434,2.516172803272143,12.359687273102496,52.71438312205658,0,2026-09-03 06:23:53
2026-09-03 01:32:00,CNC-02,M,297.2939886404306,310.96090276958546,2628.55336160399,20.944444232417265,198.60140638716263,3.7640823921254967,10.399408462986605,55.1008986164445,0,2026-09-03 06:23:53
2026-09-02 16:15:00,CNC-03,H,299.69328309822873,313.8730987154107,1896.3760870208723,40.04846854667031,13.119556870237503,2.507731184680398,14.181443538273804,52.10676475666676,0,2026-09-03 06:23:53
2026-09-03 03:56:00,CNC-03,H,297.81255416379736,310.9896238146567,2237.113138611596,26.271604302960217,63.14121461290678,2.7992998192830716,10.831266072389578,56.803808738192544,0,2026-09-03 06:23:53
2026-09-03 00:49:00,CNC-02,M,303.3198249127262,310.4562174453974,2701.137090758795,18.56934441989654,152.47149516894655,3.6786450859439395,9.327992888444125,45.43486711840582,0,2026-09-03 06:23:53
2026-09-03 05:26:00,CNC-03,H,23.65729532240374,37.802074226823834,2295.4090787663745,28.83440941417691,174.8116120601213,3.134210963729446,12.418508774960783,50.98979422974425,0,2026-09-03 06:23:53
2026-09-02 09:22:00,CNC-02,M,296.0925935071863,310.57165561117034,1700.7964583596145,44.43883551887773,47.47020138256869,2.4056877955931073,14.20960305677953,55.14874133964814,0,2026-09-03 06:23:53
2026-09-03 00:16:00,CNC-03,H,299.9678575640106,311.57247954834577,2847.776477804361,12.87624309755869,69.25368690849844,3.377167319508094,6.66664265469823,50.390185584734,0,2026-09-03 06:23:53
2026-09-02 23:30:00,CNC-03,H,300.25371127775253,312.86219462607755,2638.163796718881,18.658300329995242,20.25035149012354,3.174279923279332,9.284817064096863,50.34793123615366,0,2026-09-03 06:23:53
2026-09-03 00:48:00,CNC-03,H,304.8871285705324,310.7701214378956,2738.4015931390295,14.215928442201053,103.45975351288335,3.3577259764137337,7.105015671773773,36.50797938110901,0,2026-09-03 06:23:53
2026-09-02 18:42:26,CNC-01,L,299.85859835957626,313.1245269112013,2190.0058171180863,27.95763701047258,37.56015978481369,26.950763919906258,11.761588110131232,51.416545634542615,0,2026-09-03 06:23:53
2026-09-03 06:11:00,CNC-01,L,295.4675122046096,309.85254732891826,2104.0811964903373,33.702354808184474,151.4547260326832,3.077099392600714,13.256146583053175,58.497965082451486,0,2026-09-03 06:23:53
2026-09-03 02:03:00,CNC-03,H,304.5893363735825,311.0598261852239,2489.3424979627384,17.427176557585028,184.50347268829535,3.4728795846661984,8.346789989404439,41.21370069489492,0,2026-09-03 06:23:53
2026-09-03 05:41:00,CNC-01,L,22.434201504927785,36.664820325934954,2115.701391059262,33.402241924220824,113.14742297315544,2.9206722729499233,13.317620970800332,58.94631805285252,0,2026-09-03 06:23:53
2026-09-02 11:52:00,CNC-03,H,297.43805493624626,311.00118897002903,1400.487117208931,48.652266666374445,54.0821482184571,2.0480411541248946,12.705991122163343,55.67973573791984,0,2026-09-03 06:23:53
2026-09-03 02:32:00,CNC-01,L,297.18513292317334,310.3133211418601,2540.6173839685002,21.625353911701986,102.23917030601918,3.183378467750096,10.409778260623188,56.835189449611036,0,2026-09-03 06:23:53
2026-09-02 13:57:00,CNC-02,M,297.9795430726884,311.931378006169,1670.0412043060749,41.55897470777026,10.894332674593413,2.3446917151861526,13.02682108541198,55.438517194854256,0,2026-09-03 06:23:53
2026-09-02 06:53:00,CNC-01,L,296.0072591620254,309.7643855263627,1752.6464922224627,37.68078021222268,54.75887892045395,2.422014891844291,12.474827487644967,65.48496818457926,0,2026-09-03 06:23:53
2026-09-02 10:15:00,CNC-01,L,296.3321379262478,310.32977868785395,1453.4527178103265,47.28958035835832,120.45414040413478,2.293846834601528,12.62725851649904,55.134598337121005,0,2026-09-03 06:23:53
2026-09-03 04:43:00,CNC-02,M,296.03820677737764,310.3580103617881,2251.1880637180384,29.13821716524008,179.7797975019208,3.2640023555221913,12.106487170423744,59.970580220509106,0,2026-09-03 06:23:53
2026-09-02 17:36:47,CNC-03,H,300.0895085227488,314.7804484352155,1929.170736763341,38.217862313847185,128.25736227168005,2.6165042549638615,13.69552001578261,47.10828623855076,0,2026-09-03 06:23:53
2026-09-03 02:56:00,CNC-01,L,296.8554842487961,310.0057482751805,2395.9108182136324,23.160421534427886,129.45729605268875,3.1424495770772625,10.320070290840654,58.43735578247875,0,2026-09-03 06:23:53
2026-09-03 04:55:00,CNC-02,M,296.09111784049395,310.8540328264495,2189.688183857678,31.227396785779575,194.72461999767376,3.3443509642448674,12.797803518410698,57.59650088248475,0,2026-09-03 06:23:53
2026-09-02 13:09:00,CNC-02,M,298.0226902862269,312.7196651737439,1474.2073330665612,49.90903952875422,158.84918893693575,2.3160112768542325,13.906284335262681,52.190457607902445,0,2026-09-03 06:23:53
2026-09-02 14:27:00,CNC-02,M,298.1629105504568,311.52213561606425,1244.165550515766,50.73528008188954,58.04745042628916,1.834528767094263,11.655942346919383,55.01102156541991,0,2026-09-03 06:23:53
2026-09-03 05:56:00,CNC-03,H,23.38952225345622,37.80964985136836,2170.134682810536,32.03111278982828,214.4884421641476,3.369212133523034,13.157337482315548,56.95764540114736,0,2026-09-03 06:23:53
2026-09-03 00:57:00,CNC-01,L,298.33548979263253,312.0919610836311,2653.8428139964626,21.663056105988613,222.68598799667154,42.445960806191984,11.007127723650637,54.78142345687148,0,2026-09-03 06:23:53
2026-09-02 20:11:00,CNC-01,L,299.4074183836044,312.6963430417874,2466.9739440868657,23.239310219484594,145.4479235060913,32.14276595721847,10.712479727600176,52.650303592247475,0,2026-09-03 06:23:53
2026-09-02 10:06:00,CNC-02,M,296.32515651701254,311.0938840488487,1442.0044006485082,52.89084072143234,115.63979136689765,2.2223070952804354,14.231135814440476,51.06852215082711,0,2026-09-03 06:23:53
2026-09-03 02:41:00,CNC-02,M,296.9321036940914,309.6190999092571,2551.82939986941,20.06282171710334,35.77045396692798,3.080911317713937,9.695796746878415,59.30796375342223,0,2026-09-03 06:23:53
2026-09-03 02:17:00,CNC-03,H,304.3092401387099,311.40671875211166,2517.513560006278,20.78490111076924,199.98158485903187,3.608069065303768,9.766363534488645,45.79812941876832,0,2026-09-03 06:23:53
2026-09-02 20:02:00,CNC-01,L,26.20902006716949,40.28891888032007,2343.226244532529,28.817784909203723,134.7370198571215,3.2128446972233276,12.500113382025795,46.72878840681731,0,2026-09-03 06:23:53
2026-09-02 17:52:00,CNC-01,L,299.4141217925458,314.0916794333278,2250.842639038922,,174.8699948050873,3.413131610063345,13.547149167320939,52.06399288881022,0,2026-09-03 06:23:53
2026-09-03 05:16:00,CNC-03,H,23.895061990333545,37.82041879405165,2159.5153970371384,29.79467937580387,161.9119285088074,3.0179880658758163,12.224366934702674,56.89546121811132,0,2026-09-03 06:23:53
2026-09-02 17:20:00,CNC-03,H,300.2470891669576,314.63652905220505,2040.3288913722517,35.239082929579176,104.82540987426724,2.7748209475036796,13.767309454872281,52.81699097790998,0,2026-09-03 06:23:53
2026-09-02 22:10:00,CNC-03,H,300.60266990421866,313.4379886605631,2740.129877103944,16.93730481930096,,3.7185450538596485,8.664470717309186,48.56614642366582,0,2026-09-03 06:23:53
2026-09-02 21:13:00,CNC-01,L,299.30838659394493,313.5060358872986,2502.2391785866926,26.972316382148687,217.06791374330484,4.048747620562449,12.726924890275477,52.31489919051462,0,2026-09-03 06:23:53
2026-09-03 02:14:00,CNC-02,M,297.0590768342769,308.8130013834293,2524.9767480352134,16.438059665589684,5.547165313940232,3.118392470475184,7.89112687678311,57.12636617882962,0,2026-09-03 06:23:53
2026-09-02 22:44:52,CNC-03,H,300.17286723469147,312.59486470253813,2779.548664679112,14.558459308530242,234.26230809733815,4.068499142178586,7.357662505528025,51.24162164244178,0,2026-09-03 06:23:53
2026-09-03 04:36:00,CNC-03,H,297.29549605431527,311.12857260339734,2215.839965295637,29.313964493016492,111.72322407677525,2.860747075028521,12.205335898856237,53.024550011834876,0,2026-09-03 06:23:53
2026-09-03 04:39:00,CNC-01,L,295.99797668409656,308.55541637180033,2215.848429021834,24.97709336040733,32.98927314562351,2.7671237064910543,10.04709822251915,59.57191679818481,0,2026-09-03 06:23:53
2026-09-02 21:12:00,CNC-02,M,299.433905812861,313.54249897227027,2566.9274519151227,24.856549186303425,146.30627949254924,3.2842691093823797,12.034184621952765,54.673801672981995,0,2026-09-03 06:23:53
2026-09-03 05:17:00,CNC-03,H,23.73280797974877,37.86660670530222,2002.3574460934233,33.05084475922468,163.23943439369634,2.9003848242783765,12.36805945899398,55.642482836499454,0,2026-09-03 06:23:53
2026-09-02 08:52:00,CNC-02,M,295.7911981544369,309.2596635549521,1512.43220697399,45.92207564223283,1.537220131878513,2.1450174737341317,13.156488311215078,58.601832967594255,0,2026-09-03 06:23:53
2026-09-02 22:46:00,CNC-02,M,299.0178582479692,310.8348302490463,2768.9997429648106,14.680021228389455,21.229682345467058,3.3435447566508487,7.790452502327007,55.5546545785167,0,2026-09-03 06:23:53
2026-09-02 15:23:00,CNC-02,M,298.5691278728949,313.25857105245086,1720.7227731762891,44.27609096897279,143.24381346329486,2.5238017170077844,13.98366013571141,52.29555624807313,0,2026-09-03 06:23:53
2026-09-02 23:48:00,CNC-03,H,299.71346748382905,312.14657732415026,2679.491268572343,17.728264959753346,39.502705270530576,3.180618804494109,9.007443099377728,49.52580065960175,0,2026-09-03 06:23:53
2026-09-03 00:09:00,CNC-03,H,299.7040283702177,312.0868044924219,2610.0936013586465,19.311660516932363,61.843031760300995,3.1587243961609612,9.298525687332452,52.55654084721128,0,2026-09-03 06:23:53
2026-09-02 09:37:00,CNC-03,H,296.5497448581997,310.52588798882715,1440.9977806760005,48.313221844836974,76.58841823301363,2.1851076513292385,12.951077978388428,58.041932023686066,0,2026-09-03 06:23:53
2026-09-03 03:21:00,CNC-01,L,296.65014725133364,310.1494546150487,2416.6129619965727,24.135015957580674,158.1674067732146,3.378002286530768,10.885730424238094,54.71964756286764,0,2026-09-03 06:23:53
2026-09-03 01:38:00,CNC-01,L,297.3609392623559,310.06682142452576,2454.681379788335,21.719443641068988,43.18239162373881,2.960511107784122,9.914274439284938,55.34845354359848,0,2026-09-03 06:23:53
2026-09-03 04:58:00,CNC-01,L,22.946336152382287,36.011732786101504,2391.2867443304935,24.18407809455204,56.6810291712955,3.0584904173901237,10.922678201333634,59.275930164400066,0,2026-09-03 06:23:53
2026-09-03 01:38:00,CNC-02,M,297.616201193476,310.9190426966146,2672.605835815746,18.970286733754016,205.19112821566014,4.012876605407715,9.416441289464878,51.0480886519878,0,2026-09-03 06:23:53
2026-09-02 07:06:00,CNC-01,L,296.04784403088826,309.52792828169095,1799.8476993572126,35.07843236565025,72.94115278850057,2.30422465468455,11.675387292080337,61.20599229066433,0,2026-09-03 06:23:53
2026-09-02 14:16:00,CNC-03,H,298.3417313397265,312.5982939086664,1437.2903348630525,49.95301104996877,51.835986659864695,2.116309125113746,13.521500226794453,59.215827898871424,0,2026-09-03 06:23:53
2026-09-02 10:37:00,CNC-01,L,296.13541806248935,310.56179168964735,1488.9983443496246,47.79814963075705,154.8415061409341,2.52007656093607,13.013300463118718,61.611087235216935,0,2026-09-03 06:23:53
2026-09-02 21:59:00,CNC-03,H,300.8620384902287,313.30745559130986,2629.0215121492406,15.794898647628788,185.4305707873141,3.6470464618716623,7.817815602278924,48.63939162687197,0,2026-09-03 06:23:53
2026-09-03 04:53:00,CNC-01,L,296.0677170361188,308.4496612605821,2197.0594785675844,23.14746038518315,50.37107094794672,2.7679748650221123,9.26353448517369,60.13482531058325,0,2026-09-03 06:23:53
2026-09-02 06:39:00,CNC-02,M,296.11757119658773,309.7463816512413,2085.2103024428743,32.31546325771914,26.91377355007875,67.13655503046382,12.62698765423739,56.11719439157176,0,2026-09-03 06:23:53
2026-09-02 17:32:00,CNC-03,H,300.2927050869834,314.9727011677762,1957.565526840203,38.68127022462995,121.42186283538697,2.683932647540425,14.345996818857419,51.0551887356359,0,2026-09-03 06:23:53
2026-09-03 01:21:00,CNC-01,L,297.98657579892114,308.750661953461,2681.0627364442457,11.567670347896565,24.780656077510486,3.1986712083141398,5.76949770041011,52.79877242300713,1,2026-09-03 06:23:53
2026-09-02 18:03:00,CNC-03,H,300.56858154845554,315.00525983083406,1943.9168230075124,35.80927866604452,163.16538502063534,2.8621818710180897,12.817449301823016,48.26457796943508,0,2026-09-03 06:23:53
2026-09-02 15:56:00,CNC-01,L,298.8889471048821,312.6023492896711,1664.4497616618498,42.1586090745432,11.801512578285305,2.3688225439359023,12.961215708323905,52.605391675514205,0,2026-09-03 06:23:53
2026-09-02 06:54:00,CNC-03,H,296.25710434713574,309.99783607170167,1734.2206751911053,38.16092919743093,,2.468188946397552,12.518378781540527,54.679749286223796,0,2026-09-03 06:23:53
2026-09-02 22:45:00,CNC-02,M,298.74100799107475,311.00102955770194,2781.862240387633,15.89811377924222,20.167890887453655,3.2338843763953675,8.046901347186283,51.31072490502,0,2026-09-03 06:23:53
2026-09-02 19:24:00,CNC-02,M,26.252048600535886,40.060096932201816,2141.319860913304,31.75689679376093,18.812671460235183,2.6938378274885317,12.831108521453274,52.14123025204481,0,2026-09-03 06:23:53
2026-09-02 08:31:00,CNC-03,H,296.43918251106385,311.7651684994731,1622.260834761917,48.53739995598694,210.95087500862232,2.908071170414417,14.816054861220898,57.91945712964547,0,2026-09-03 06:23:53
2026-09-02 14:17:00,CNC-03,H,298.3602913994605,311.8397108478055,1317.5013661990442,47.150805955133144,53.42838036463719,2.0925686440627267,11.531919908232437,50.462381131184166,0,2026-09-03 06:23:53
2026-09-02 08:43:00,CNC-01,L,301.7013986855312,311.1802193436275,1717.9306737795098,47.47607089838706,214.66462838113938,3.2877559187815173,15.459601470190737,47.68526933620701,0,2026-09-03 06:23:53
2026-09-03 04:26:00,CNC-01,L,296.09614166146537,309.00896999489083,2331.2226537942975,25.495558750610193,16.995968353653836,3.0256147851697315,11.234459129788137,63.75922649968698,0,2026-09-03 06:23:53
2026-09-02 11:38:00,CNC-03,H,297.15122633146746,,1398.2434094494613,45.33146427897641,,2.0057462621644646,11.830490107411165,57.80041209450147,0,2026-09-03 06:23:53
2026-09-03 00:54:00,CNC-01,L,298.51003446586446,311.7228312574477,2660.518650624847,18.637207633857994,219.40672870997727,4.227156133931316,9.131148072007159,55.784215231950945,0,2026-09-03 06:23:53
2026-09-02 07:58:00,CNC-02,M,295.8143703618876,310.54285445936273,1540.8750865594454,46.92785430692212,139.5981094183754,2.3995114958364896,13.758635160111991,55.887515557337025,0,2026-09-03 06:23:53
2026-09-02 12:16:00,CNC-02,M,297.09082599807095,311.0961544871326,1359.834929347555,51.483918585758175,74.75599270417679,1.9959270191965424,12.831960703933532,59.46153890305015,0,2026-09-03 06:23:53
2026-09-02 23:16:00,CNC-03,H,300.2888530489352,311.06314926228094,2719.6038977308867,11.419046769323641,5.375668007681212,3.2462999822515433,5.827480369582237,49.745776960855295,1,2026-09-03 06:23:53
2026-09-02 10:37:27,CNC-02,M,296.49303584757826,311.0974077786007,1313.0683900396132,54.73431762570476,162.89384458359788,2.324043851520613,13.57630272330259,53.005558803336115,0,2026-09-03 06:23:53
2026-09-03 01:47:00,CNC-01,L,297.5607027988148,310.51878211564184,2684.4538678584036,21.53295317200241,52.7565799888203,3.1133860778534457,10.761607957141143,53.10439675356525,0,2026-09-03 06:23:53
2026-09-03 04:19:00,CNC-02,M,296.5027274681164,311.58146866064243,2213.0835764151416,34.34523812697146,150.26185893718863,3.1458544390282657,14.294679680700368,55.099854154568405,0,2026-09-03 06:23:53
2026-09-02 17:21:00,CNC-02,M,299.32004317126854,313.6658347681952,1960.98243306983,35.9653968604882,77.09934966572581,2.599515166236244,12.982057039481695,51.5512964253905,0,2026-09-03 06:23:53
2026-09-02 22:03:00,CNC-03,H,300.52427142030746,313.6736138091841,2599.479870741811,19.38059206833564,,3.5643350857867473,9.492579376256925,50.18857824131174,0,2026-09-03 06:23:53
2026-09-02 12:45:00,CNC-02,M,297.4226222682762,311.82107123937215,1303.9668024380123,53.74554344782003,120.85504028413348,2.161643349484497,13.219332229333258,60.22046037728268,0,2026-09-03 06:23:53
2026-09-02 12:43:00,CNC-03,H,297.62436748026613,311.68516896480713,1462.2653126918333,46.33998359259261,134.715017403868,2.252564889608196,12.673621856350284,54.688379154250214,0,2026-09-03 06:23:53
2026-09-03 05:29:00,CNC-03,H,23.505280950230087,,2140.1957187853113,34.282425567420866,178.70849307228855,3.074674441484992,13.886789539236652,59.631918732086206,0,2026-09-03 06:23:53
2026-09-02 20:22:00,CNC-03,H,300.9259196393213,313.2682299504528,2395.932317227725,20.663665969263107,75.70539189579836,3.005711637671383,9.18833735515052,51.33532942275012,0,2026-09-03 06:23:53
2026-09-03 04:23:00,CNC-01,L,296.11674662755485,310.0976711383486,2261.3765264140916,31.167771753647745,13.29860742361882,2.841293333867619,13.052862975347974,57.944176652509555,0,2026-09-03 06:23:53
2026-09-02 19:14:00,CNC-03,H,27.609017252312412,41.735436444423556,2344.189167986925,26.653472012186082,253.80833656303994,3.97252751359026,11.179576428336242,55.12396485954023,0,2026-09-03 06:23:53
2026-09-03 00:24:00,CNC-03,H,299.8640862070547,312.29742576972143,2663.134592166732,19.119267633440707,77.78975351247665,31.677081536044717,9.605132247952362,46.76876918342821,0,2026-09-03 06:23:53
2026-09-02 06:41:00,CNC-02,M,296.0619118086815,309.6778222150185,1818.0583010368018,37.38776748269549,29.661498983645117,2.4940621006057833,12.93084690780959,62.23126389588258,0,2026-09-03 06:23:53
2026-09-02 14:35:00,CNC-03,H,298.54433314514756,312.6000778360631,1562.8864448722575,44.46570374131648,81.21204821219281,2.19245183033697,12.827022569789483,48.33028619597729,0,2026-09-03 06:23:53
2026-09-02 18:04:00,CNC-02,M,299.3466859421142,314.1937392611654,2155.809360687951,33.37380070598616,135.28717478049663,2.908795176414642,13.548996682701663,53.99109747040474,0,2026-09-03 06:23:53
2026-09-02 16:20:00,CNC-01,L,299.0763581409483,313.43976944367756,1759.9507947797226,42.14946936093741,46.78045717389692,2.2913710042115705,13.868607823515408,49.91893305555176,0,2026-09-03 06:23:53
2026-09-02 11:39:00,CNC-01,L,296.6111994303571,310.3697071945188,1497.1768347645811,47.219656349240594,41.305439429637396,2.215857759578454,13.350899852014129,58.070679139338,0,2026-09-03 06:23:53
2026-09-03 02:01:00,CNC-02,M,296.9630941084869,311.12737191282866,2708.8950339534094,21.869275418323618,230.39555090429738,4.203960140952762,10.884146107537171,57.585896349322766,0,2026-09-03 06:23:53
2026-09-03 02:51:00,CNC-03,H,298.1861276478691,312.5441268359671,2362.1150828928053,28.386011836518556,238.0177198931043,3.937163359444081,12.282089802864439,56.287037552052645,0,2026-09-03 06:23:53
2026-09-03 05:37:00,CNC-02,M,22.46269467765478,35.99374579484095,2166.4672419803014,27.956005546565752,3.9973698742042405,2.5941154063273664,11.215493913232882,63.35114559869819,0,2026-09-03 06:23:53
2026-09-03 03:41:03,CNC-02,M,296.5590736826464,310.051131867137,2437.370504265553,22.839031196605916,105.95101424999748,3.0035226309024727,10.579997650360944,58.61037327340133,0,2026-09-03 06:23:53
2026-09-03 02:02:00,CNC-03,H,304.2354375963442,311.6288561388801,2656.539735641437,21.218741728181033,183.3815982759812,3.7271882573995736,10.566989291436068,45.30442863525949,0,2026-09-03 06:23:53
2026-09-02 18:14:00,CNC-02,M,299.38320979599507,314.04460165263123,2083.4028617038575,33.70995452805511,148.60927285543627,2.9655743590196755,13.480383282959464,50.67378759879828,0,2026-09-03 06:23:53
2026-09-02 07:47:00,CNC-01,L,301.40546152525656,309.3960235546786,1928.159268973257,34.11069773934438,131.5646531998606,2.7505393095153563,12.390542828975137,48.03145470515972,0,2026-09-03 06:23:53
2026-09-02 17:04:00,CNC-01,L,299.1972335206402,313.9876714537177,1759.031329600943,43.9216150696352,109.34298688939627,2.4728785377783566,14.446727431002028,56.02820221603489,0,2026-09-03 06:23:53
2026-09-02 07:36:00,CNC-01,L,301.34991621147117,309.59643061980904,1779.2299225351114,39.81220522197664,115.67964410312693,2.5770411217743434,13.444141186427176,48.935167422692395,0,2026-09-03 06:23:53
2026-09-02 23:25:00,CNC-03,H,300.38014393213945,310.9937341483134,2785.7313524670317,9.77196083509288,14.979648720114232,3.36445788983304,5.100928225795865,53.107779182247015,1,2026-09-03 06:23:53
2026-09-02 22:32:00,CNC-01,L,299.1250230635117,311.6468919117608,2610.440979850569,18.836941046260662,67.70958821008615,3.1760665342571195,8.962791650963217,53.04546603168292,0,2026-09-03 06:23:53
2026-09-02 12:19:00,CNC-01,L,296.8898920075604,310.71659718836213,1305.299926792276,51.38807622125487,104.98557224430041,2.067373601629288,12.551757317291344,57.9569751426905,0,2026-09-03 06:23:53
2026-09-02 13:22:00,CNC-02,M,298.01703509800257,313.0756711196491,1575.8094246087617,46.92740187822022,179.261479946933,2.6543150339329142,118.05918696670633,48.775522510576124,0,2026-09-03 06:23:53
2026-09-02 13:40:00,CNC-01,L,297.9631151248134,313.0218180121986,1387.5393390332952,55.14994970112785,233.08317864574252,3.3096975726132682,14.389185660600333,50.620627855155604,1,2026-09-03 06:23:53
2026-09-03 01:15:00,CNC-01,L,298.1490717653115,310.58213602055287,2630.7883165349895,20.270541443956102,18.236168834239677,3.1242531756720227,10.016732655854799,54.415661388389765,0,2026-09-03 06:23:53
2026-09-03 03:24:00,CNC-01,L,296.64125929058025,310.9605317629851,2347.8263016144647,29.293288117361055,161.71262464455873,3.267738900765674,12.863142718268312,59.18767405904266,0,2026-09-03 06:23:53
2026-09-02 08:53:00,CNC-01,L,301.7599885418054,310.8991461873101,1555.9929283132237,47.609847241104454,229.75332229418754,3.295047776614555,14.071730000222503,49.79077120971219,0,2026-09-03 06:23:53
2026-09-02 10:12:00,CNC-02,M,296.6223055818523,311.0527622658573,1426.8293135696722,48.182793548256505,125.04132397817837,2.21547233806659,12.978516604540099,53.498317299050285,0,2026-09-03 06:23:53
2026-09-03 04:04:00,CNC-02,M,296.2080130689245,309.85548057249906,2327.0006356985796,24.187219040647676,132.10305188285463,3.067923431397424,10.627527763674584,57.04097832242766,0,2026-09-03 06:23:53
2026-09-02 08:51:00,CNC-01,L,301.79185311578436,310.6419368631752,1485.0191870829706,48.271285913024784,226.73519432140083,3.2545489670580405,13.553878568553694,48.873184060189665,0,2026-09-03 06:23:53
2026-09-02 07:48:00,CNC-01,L,301.501559742339,309.93398418219004,1518.7620553394054,46.10593488908147,133.06993461085062,2.465708082529831,13.10027453038047,50.1708160221552,0,2026-09-03 06:23:53
2026-09-03 05:32:00,CNC-03,H,23.431872947525733,37.774583434773604,2181.798707037441,31.654722918463346,182.6343366190533,3.135587014091097,12.58003030382864,54.89707585423845,0,2026-09-03 06:23:53
2026-09-03 01:00:52,CNC-03,H,304.9693718743231,311.2055171742847,2730.684421973425,15.688029297242279,,3.4336620204617856,8.30204793366275,43.30673605046901,0,2026-09-03 06:23:53
2026-09-02 21:34:00,CNC-02,M,299.6106813786832,312.681437021777,2716.248660848465,18.153588459330823,170.86743820983014,3.6046160612353164,9.262448919545708,51.67190987948714,0,2026-09-03 06:23:53
2026-09-02 18:34:00,CNC-01,L,299.35534124676474,312.7285162659731,2027.422607609153,32.25346618691118,25.902192178089102,2.6789810389675774,12.12721427625598,51.86705106393486,0,2026-09-03 06:23:53
2026-09-03 02:09:00,CNC-01,L,297.1896761940314,309.66676738003116,2588.129639729952,18.96574941619953,76.78758137474956,3.1548838664421663,9.05273333076532,57.69669000340677,0,2026-09-03 06:23:53
2026-09-02 20:22:00,CNC-01,L,299.4524191054013,,2328.1333146351767,25.100718132671208,158.46631934473274,3.263501387418518,11.157310059788424,53.55521314029512,0,2026-09-03 06:23:53
2026-09-02 10:22:00,CNC-03,H,296.7369590362983,310.5464367210911,1417.8755849272716,45.324449596569764,146.8540133708345,2.300881756151888,11.91114326426142,60.86200883330742,0,2026-09-03 06:23:53
2026-09-03 06:03:00,CNC-01,L,295.705684412726,310.4242925789193,1993.239598505898,37.21713168703521,140.74854045295857,2.833199597800413,13.848104768623859,62.034405580676655,0,2026-09-03 06:23:53
2026-09-02 10:34:00,CNC-01,L,296.13514293733647,310.51774490808236,1397.720406473092,51.43168489634025,150.1617886476725,2.3248896238064116,13.316443613567195,55.0657587555098,0,2026-09-03 06:23:53
2026-09-03 02:26:00,CNC-03,H,304.09173815722824,312.15745756934837,2525.084567746858,26.295431615885168,210.00794320731595,3.7231257071442005,12.44775500863271,44.84440442486843,0,2026-09-03 06:23:53
2026-09-02 08:50:00,CNC-03,H,296.37504855274153,309.7414898724631,1636.6055433039094,39.821071191171875,4.579112570101575,2.2721067795339565,12.291458569775594,55.808947743076,0,2026-09-03 06:23:53
2026-09-02 14:27:00,CNC-01,L,298.2533910445424,312.7673957529999,1426.825767638145,50.85704944621473,70.44130773015885,2.10341088798644,13.867218058470844,54.26755607273736,0,2026-09-03 06:23:53
2026-09-02 20:07:00,CNC-02,M,299.7379692913389,313.6710482419779,2355.8226890918463,28.233549215865043,70.96918953524211,2.8586915789750953,12.390843217663054,55.51960591540358,0,2026-09-03 06:23:53
2026-09-02 18:16:00,CNC-02,M,299.2894684079635,313.12218546712,2158.8554394216067,27.36525499952178,151.18166549481617,2.8606780726184864,10.809842321151061,50.664911381899685,0,2026-09-03 06:23:53
2026-09-02 20:53:00,CNC-02,M,299.59259840479234,313.14355108170633,2485.6289857757924,23.674701989560997,124.39771468952465,3.278162922089749,10.83340141435655,50.770371414919595,0,2026-09-03 06:23:53
2026-09-02 20:26:00,CNC-02,M,299.7208118472645,313.6309874197496,2591.5591143502575,24.659298625205995,93.2637395224927,3.2216923746712034,11.921192386291212,52.89329732036627,0,2026-09-03 06:23:53
2026-09-02 10:48:00,CNC-03,H,296.6219659649232,311.2456975799868,1400.1170685401341,50.00053714805466,187.5969960144198,2.5237418963190485,13.169261390076983,54.619103492890446,0,2026-09-03 06:23:53
2026-09-03 04:33:00,CNC-01,L,296.07100749277555,309.44446128343714,2159.8874801332254,29.662264494029102,25.608824981604315,2.7270933406929756,11.988027141395904,60.387849894786015,0,2026-09-03 06:23:53
2026-09-03 03:43:00,CNC-03,H,297.8013837910688,310.0000106981487,2496.4963162911336,19.302289245381612,47.52488976185438,3.0726589069019234,9.123850141127784,58.195455227374126,0,2026-09-03 06:23:53
2026-09-02 10:42:00,CNC-03,H,296.816770600584,311.57619198021854,1454.6840865355562,50.21964595253161,178.2591990226065,2.382931625390598,13.818379417609691,55.635060203556804,0,2026-09-03 06:23:53
2026-09-02 19:59:38,CNC-03,H,27.58780898422316,40.02666353656343,2495.575442952944,19.22660577037814,51.02647490873365,3.0793237669344244,8.89317525465997,49.07659606392923,0,2026-09-03 06:23:53
2026-09-02 15:38:00,CNC-01,L,298.71824365499697,313.3429348688963,1639.2598342914964,43.182290448218765,177.76188173040563,2.7515107487832817,12.987559088117349,56.24876222697721,0,2026-09-03 06:23:53
2026-09-02 18:32:00,CNC-03,H,300.5238642611086,314.2034349982444,2259.053566980303,26.53560785429461,200.92679021684083,3.251430117483754,11.30126165910579,45.46660619363171,0,2026-09-03 06:23:53
2026-09-02 23:50:00,CNC-03,H,299.9039577282456,312.41630853521576,2683.0338476535817,18.696382411042833,41.65502360620412,3.298283539526302,9.159094678799026,47.845539184929244,0,2026-09-03 06:23:53
2026-09-02 21:36:00,CNC-01,L,299.3093376896985,311.55256227293165,2370.8635452747394,21.9393741015352,6.658304746810159,2.8594471754214705,9.77956492936886,51.105313395771475,0,2026-09-03 06:23:53
2026-09-02 20:25:00,CNC-01,L,299.2418071505439,313.49110417771226,2389.630459976955,28.946753411199275,162.00623944018673,3.3264911337414675,13.077165354678717,49.41245086053452,0,2026-09-03 06:23:53
2026-09-02 21:09:00,CNC-01,L,299.2667003976208,314.03541766220894,2421.282350205878,28.876180582860915,212.5886245990093,3.9400644828650044,13.176530187566927,45.89189910682048,0,2026-09-03 06:23:53
2026-09-02 18:17:00,CNC-02,M,299.47055148889154,314.0257838552944,2044.6315170853543,34.97313099812141,152.5128549736201,2.888827879537683,13.591847016289428,54.12992850587476,0,2026-09-03 06:23:53
2026-09-02 22:18:00,CNC-03,H,300.6134204402229,313.7194493734536,2693.0585428223153,19.02838284098592,205.93724494274818,3.792166620417475,,49.62298807515941,0,2026-09-03 06:23:53
2026-09-02 18:03:34,CNC-01,L,299.3843785083857,314.43248191584877,1815.120211374257,41.99275133440108,189.59599260994736,3.1450235752268862,14.384078912625688,54.37901552366661,0,2026-09-03 06:23:53
2026-09-02 20:31:00,CNC-01,L,299.390827219541,312.24217188295563,2417.962293686638,20.893931680620735,168.92681970043301,3.43453351137666,9.326909931592645,49.61709244045449,0,2026-09-03 06:23:53
2026-09-02 22:05:50,CNC-02,M,299.1780084293665,313.13896753433903,2548.11891628447,23.46294495118183,207.22259352759127,3.7703961564972217,11.371381165984651,53.333502754220184,0,2026-09-03 06:23:53
2026-09-02 20:20:00,CNC-01,L,299.8119879085798,313.4241287483322,2387.6674363823136,23.841347289039877,156.13297823119314,3.3288836195251403,10.49011651890715,47.10368765207655,0,2026-09-03 06:23:53
2026-09-02 08:44:00,CNC-02,M,295.84836387113916,310.9852332747149,1513.9687937878093,50.66744826378031,208.3152221758454,2.817536804881851,14.229863771869292,60.168020951027835,0,2026-09-03 06:23:53
2026-09-02 22:10:00,CNC-02,M,299.28457619889554,312.4421237820526,2729.473070246117,17.70409094452445,210.50277004171951,4.026925570116509,9.089921688802649,49.703814777033955,0,2026-09-03 06:23:53
2026-09-02 17:40:00,CNC-01,L,299.3032099799023,314.0806275562594,2003.2226771230871,36.3209406893306,158.86170291251872,2.9790507259068746,13.573734227392428,51.04264480465149,0,2026-09-03 06:23:53
2026-09-03 03:39:00,CNC-02,M,296.2947817866475,309.09298739863436,2544.7717155336964,,102.43252741279355,31.419829166317196,9.190074267787827,60.15694852146485,0,2026-09-03 06:23:53
2026-09-02 11:57:20,CNC-03,H,297.4171240881558,311.70550823190206,1447.6763626196198,51.4286979668562,63.625595049875834,2.177342182653486,14.13038513055379,54.401759209531846,0,2026-09-03 06:23:53
2026-09-03 01:00:00,CNC-02,M,303.2715168685241,310.6274896040471,2537.3722938161054,20.044165834589684,164.33961703947696,3.500511894966761,9.307791947004624,49.53056820480359,0,2026-09-03 06:23:53
2026-09-02 21:05:00,CNC-01,L,299.2248241189668,312.575472707161,2541.492557110841,20.545375792897136,208.0486355624559,3.9646067123035484,9.87003474205378,55.541066643798864,0,2026-09-03 06:23:53
2026-09-03 03:58:00,CNC-01,L,296.4613028082485,310.80155140268613,2253.6079781138883,29.655543224893584,201.7249522490535,3.5316702447128066,12.55933156548708,58.532655300951134,0,2026-09-03 06:23:53
2026-09-02 09:38:00,CNC-02,M,296.37105781382485,310.50934925921496,1374.4220415812222,50.727771211659935,72.20838948526034,2.0268811977358685,12.755257401673157,57.415153249651766,0,2026-09-03 06:23:53
2026-09-03 05:16:16,CNC-01,L,22.791451544000324,36.42430290674611,2176.1816221354698,30.296604561124642,78.30801711914191,2.7540466803792243,12.480076977297555,57.97867837509823,0,2026-09-03 06:23:53
2026-09-02 21:28:00,CNC-03,H,300.639377938407,314.3376214421876,2574.263266115479,23.628582631915215,151.2885702991753,3.3852808743249287,11.24293047486382,48.33921332435359,0,2026-09-03 06:23:53
2026-09-02 19:29:00,CNC-01,L,26.54455807469776,39.32414178583741,2322.0830974166975,22.859217145583727,94.70715187640478,2.942874387287093,9.761181308808323,48.159788513909305,0,2026-09-03 06:23:53
2026-09-02 12:02:00,CNC-02,M,296.8183722014677,311.1132854896813,1498.0758204596825,49.40604567278753,52.534943662968594,2.068863035753627,13.851738624127018,56.71933419610677,0,2026-09-03 06:23:53
2026-09-03 06:00:19,CNC-02,M,22.68256518519405,37.22711965923298,1849.1255240604637,39.745612520073244,32.85806199942891,2.5130528581529616,13.986012971611151,58.24330945835212,0,2026-09-03 06:23:53
2026-09-03 05:15:00,CNC-02,M,22.630372757655948,37.72199657567114,2248.3113208757054,,220.11528969716784,3.6341476796094243,13.15946521680589,61.689504003357555,0,2026-09-03 06:23:53
2026-09-02 09:52:00,CNC-01,L,296.13446402346324,309.9946761486484,1507.5554678480012,45.58433705894748,84.4711651781076,2.2256483948512806,12.981312998568963,58.26431343226556,0,2026-09-03 06:23:53
2026-09-02 08:20:00,CNC-02,M,295.6749913439536,309.84060030057435,1551.6697444052643,42.42734321088638,172.1813572547833,2.585266295347476,12.42445935684171,59.525931870119564,0,2026-09-03 06:23:53
2026-09-02 07:35:00,CNC-03,H,296.23754159385936,310.53400339250794,1707.2763075371022,41.00440072930927,128.29267243081193,2.4592422703660013,13.05464139123996,51.17064533489975,0,2026-09-03 06:23:53
2026-09-02 19:44:00,CNC-03,H,27.610522185207856,40.23118451201162,2168.6740043176883,25.198067855161035,30.65807621131081,2.6722356842038697,10.084178156769282,,0,2026-09-03 06:23:53
2026-09-02 06:33:00,CNC-02,M,296.16326533466366,309.6764909408484,1786.8697493940801,35.06067489224709,18.803760108252586,2.3989730091753403,11.943788833425803,59.596482791153015,0,2026-09-03 06:23:53
2026-09-02 09:17:00,CNC-01,L,296.2950376330932,310.2158987409446,1448.5976422000672,50.00842985831578,30.430828992219304,2.0371505111474426,13.46917986532989,61.26939096239061,0,2026-09-03 06:23:53
2026-09-03 05:57:00,CNC-02,M,22.38693210076275,36.78983219013884,2041.1043974907982,36.69178036921064,30.185542791281215,25.34649464054651,14.442604355474797,58.44959665698447,0,2026-09-03 06:23:53
2026-09-02 18:02:00,CNC-03,H,300.37551904121176,314.7377053965949,2002.3062292648613,35.321990379770206,161.82936138398614,2.794876549567525,13.279117155834696,50.7975855679525,0,2026-09-03 06:23:53
2026-09-03 04:07:00,CNC-02,M,296.4390422970984,309.7826922645449,2346.990406764144,23.683354519391703,134.51893713170725,3.0188909423483694,10.362470811165599,56.00140041894106,0,2026-09-03 06:23:53
2026-09-02 21:59:00,CNC-01,L,299.7005212507495,311.15331158036264,2760.229967191862,13.977276212731532,32.023944596295934,3.2424908916709443,7.118961767007896,55.97192778468138,0,2026-09-03 06:23:53
2026-09-02 19:54:00,CNC-01,L,26.41945730396054,40.53528915293987,2354.8627068223122,29.085589558123353,125.06453005485807,3.0560703055983747,12.78785998861637,52.28774548820611,0,2026-09-03 06:23:53
2026-09-03 05:54:00,CNC-02,M,22.52660701533381,36.62208832414365,2106.7449707957076,31.786743139212035,26.246308028654898,2.716777225555022,12.697646939745166,56.55568270280793,0,2026-09-03 06:23:53
2026-09-02 23:56:00,CNC-02,M,298.2342760875541,310.25231838308633,2798.213575937867,13.604587712652076,96.01720524165955,0.0,7.0218001766531275,52.55487918060509,0,2026-09-03 06:23:53
2026-09-02 21:34:00,CNC-03,H,300.54023200741995,313.0046550100998,2670.0902311865298,16.803293361872242,158.02525042852685,3.362182314151341,8.229741434489465,51.14008867746599,0,2026-09-03 06:23:53
2026-09-03 02:47:00,CNC-02,M,296.9750781956018,309.8754604661153,2479.399346741442,21.704149052407125,42.59373173230708,3.0438038997572017,9.917193036917434,55.85081271138485,0,2026-09-03 06:23:53
2026-09-02 19:47:45,CNC-02,M,26.687290704782527,39.72988319120657,2361.6233647950544,24.055717558002307,48.12343188406072,3.003407108773131,10.729278571416618,51.099745701705196,0,2026-09-03 06:23:53
2026-09-02 16:10:00,CNC-02,M,298.6795098779698,313.9370506576532,1798.9346382283047,43.33033447363457,212.07962186477565,3.1288976183570063,14.747471260914656,48.20878698978334,0,2026-09-03 06:23:53
2026-09-02 13:18:00,CNC-02,M,297.72283555088484,313.0336017032236,1684.1013126494643,47.93944055753435,173.005802626356,2.7963117169426868,14.870496747756192,54.91244022398565,0,2026-09-03 06:23:53
2026-09-02 10:06:00,CNC-01,L,295.9588039716152,309.95165913119405,1298.370459731413,52.74882695429414,106.36294265547666,2.1400129097771785,12.737081792660012,63.22387167014371,0,2026-09-03 06:23:53
2026-09-03 06:16:00,CNC-03,H,296.19590668471244,310.65760101313293,1854.2489118575652,37.057102304496084,241.3890184110695,3.404357668955404,12.683626247628586,58.05180937266183,0,2026-09-03 06:23:53
2026-09-02 09:14:00,CNC-02,M,296.18323217825446,309.9048807818366,1480.74875290359,45.14602018123943,35.26233203670737,2.0861675486392994,12.485166744566062,55.26005709722724,0,2026-09-03 06:23:53
2026-09-03 06:09:00,CNC-01,L,295.57919318873263,310.4778415951174,2012.8837288423765,38.58332960105872,148.74689972633865,3.008075226376979,14.667774493080882,57.570126544182145,0,2026-09-03 06:23:53
2026-09-03 02:15:00,CNC-02,M,296.8000058068296,308.15876350701717,2678.345540053507,13.228408739612695,6.617417388731133,3.2346703864225557,6.441774724859551,59.061466823157204,0,2026-09-03 06:23:53
2026-09-02 08:03:43,CNC-01,L,301.21173906972774,309.70331813279455,1588.1398614749814,44.554006690211224,5578.6717468435945,2.5350191177867067,13.322478555518126,52.378360227219666,0,2026-09-03 06:23:53
2026-09-02 20:54:00,CNC-01,L,299.23346139188044,313.574950224741,2495.2423241921097,26.910673598387344,195.5204190071507,3.7588770597228702,12.51300344570875,55.089896602344275,0,2026-09-03 06:23:53
2026-09-02 09:36:00,CNC-01,L,296.35793440313455,310.65608926989694,1702.7316301252704,44.54900885621146,59.59906047405533,2.3000018657736563,14.242741131736608,55.83464488107327,0,2026-09-03 06:23:53
2026-09-02 08:13:00,CNC-01,L,301.33405303722986,310.3954959891654,1756.7053054626488,44.2891647439444,169.7933291028731,2.779066871500299,14.641267446654723,49.68508826333768,0,2026-09-03 06:23:53
2026-09-03 03:18:00,CNC-02,M,,309.650729763122,2528.691211694664,21.161989231315854,78.01240481336734,3.1648745505934195,9.923358268804481,56.658933541352056,0,2026-09-03 06:23:53
2026-09-02 14:02:00,CNC-02,M,298.05664216462577,311.80021841721253,1548.9904639915874,45.02210674217745,18.75061564817622,2.1776791181943254,12.961649888824676,57.38103550431663,0,2026-09-03 06:23:53
2026-09-02 19:56:00,CNC-03,H,27.636475425393314,40.59583837904688,2360.1119040412145,24.930315499163072,45.217236798925306,2.898109841738866,10.92352350190854,48.3434850500697,0,2026-09-03 06:23:53
2026-09-03 04:03:00,CNC-02,M,296.4155117735126,309.6410622448358,2310.309510493042,23.11395165874907,130.88258805472435,3.0923543689276487,10.039735013665977,58.408469872918026,0,2026-09-03 06:23:53
2026-09-02 06:39:00,CNC-03,H,296.3231876044577,310.23649634430143,2089.7794800846304,31.51424890936869,49.26951497577386,2.6247038447074225,12.356007668475693,55.17962402789874,0,2026-09-03 06:23:53
2026-09-02 12:31:00,CNC-02,M,297.3815959090559,0.0,1416.2599856273775,51.48634759316306,98.63630332815772,2.2913880624483194,13.459671243812975,55.99104438603798,0,2026-09-03 06:23:53
2026-09-03 01:28:00,CNC-01,L,297.6126767205453,310.051485874273,2690.8694447196076,18.33102432099095,32.28104702581341,3.293849866593828,9.256536885176791,52.087463382143795,0,2026-09-03 06:23:53
2026-09-02 15:28:00,CNC-03,H,299.0221273231484,313.55840257244046,1418.1273545634342,51.12473954362889,161.51921062504658,2.3641453067238514,13.73391147010055,48.99315102616181,0,2026-09-03 06:23:53
2026-09-02 23:58:00,CNC-03,H,299.91601681055704,311.1546140850148,2614.2708030729127,13.417355969582243,50.19978219343558,31.897877650028867,6.377042644446421,51.6577242557276,0,2026-09-03 06:23:53
2026-09-02 14:01:00,CNC-02,M,298.2712021479721,312.1507610907273,1326.7253274084312,51.27578914057526,17.224635113111614,2.0856803841025258,12.862016230983487,56.182981681735406,0,2026-09-03 06:23:53
2026-09-03 00:50:24,CNC-01,L,298.6104871731114,312.3911614984923,2558.121098256256,23.237371480776304,215.1776892242216,4.073662598925403,11.062912533820896,50.56553265156571,0,2026-09-03 06:23:53
2026-09-03 00:30:00,CNC-02,M,303.4373696822497,311.3313885291059,2644.9478155549355,21.875509190339738,132.3756058590095,3.319633132963899,10.82100606161278,39.89789637716212,0,2026-09-03 06:23:53
2026-09-03 05:19:00,CNC-01,L,22.439075259440244,35.94652068808591,2262.82400090506,27.567017514887127,83.35640618546645,2.8947569459110536,11.667762661260806,60.32433318453557,0,2026-09-03 06:23:53
2026-09-02 15:45:00,CNC-01,L,298.8452274250321,313.04693563633526,1551.0245068059671,43.762171422791106,188.1936180121933,2.7761323281488774,12.90341054216972,53.38847254656652,0,2026-09-03 06:23:53
2026-09-03 05:38:00,CNC-01,L,22.434865979728784,36.393180601469396,2074.980715974794,31.940156345642812,108.03188597539076,2.8365668701094955,12.372388787649017,61.73400700845852,0,2026-09-03 06:23:53
2026-09-02 22:00:00,CNC-02,M,299.39984728437867,313.08090822126053,2597.5730440711995,21.216265737331153,199.54141158527872,3.852660742842402,10.404909631731677,54.136153719766256,0,2026-09-03 06:23:53
2026-09-03 04:49:00,CNC-01,L,296.0365743653008,309.41662262173963,2262.7013295463657,29.097400984339828,45.34606414298604,2.8942531521541626,12.232431449704052,59.83812866759708,0,2026-09-03 06:23:53
2026-09-02 17:30:00,CNC-02,M,299.32495361689513,313.6552917421571,1998.2993870919008,34.96723188835603,89.4985640557186,2.646924272037382,13.075584899800191,55.652137274236736,0,2026-09-03 06:23:53
2026-09-02 07:40:00,CNC-03,H,296.1560581863921,310.40934847562835,1788.143889045281,40.19181346644877,135.59279358612795,2.52335031718734,13.536770963486832,58.63047376373927,0,2026-09-03 06:23:53
2026-09-03 01:36:00,CNC-02,M,297.4835849768235,310.67216310921054,2552.265273891452,18.69245900807587,202.97081315728474,3.777420469641973,9.118541806430125,53.336843524759516,0,2026-09-03 06:23:53
2026-09-02 21:40:00,CNC-03,H,300.5535243112425,314.3252280439056,2524.0326282125434,24.641744696771,164.74084983673617,3.4318478205669454,11.7400824528413,47.41329160179332,0,2026-09-03 06:23:53
2026-09-03 04:55:00,CNC-01,L,295.9583831762985,309.2064996431235,2119.971511747103,27.855246997475874,52.93252082883327,2.734461614109081,11.263822978832135,55.72594799108123,0,2026-09-03 06:23:53
2026-09-02 08:23:00,CNC-02,M,295.7563450733186,310.53324829802636,1591.3072894687843,47.74562524707741,176.64211991977368,2.7916066326264546,14.071361645889914,59.30515362853853,0,2026-09-03 06:23:53
2026-09-02 09:09:00,CNC-02,M,296.1846805576688,310.3450813167074,,46.90271343936585,27.562706784902623,22.3527561240728,13.797327130667501,58.474650652445575,0,2026-09-03 06:23:53
2026-09-02 13:54:00,CNC-01,L,298.13338540510784,312.047906869122,1623.3155442962072,41.72544344943789,18.87155561466435,2.18070225536972,12.714053157263756,52.679933137676855,0,2026-09-03 06:23:53
2026-09-02 18:27:00,CNC-02,M,299.24464042915275,313.8622723932543,2191.816069113282,31.67318839199014,165.57999053669369,3.1136227096002043,12.940527938262887,53.683331517947124,0,2026-09-03 06:23:53
2026-09-03 04:15:00,CNC-03,H,297.4002816393916,311.84264911155185,2260.142261268993,32.47016499745879,86.0556187593553,2.8437890186436934,13.482793411960587,56.59539317012761,0,2026-09-03 06:23:53
2026-09-02 11:53:00,CNC-01,L,296.7015669810492,311.00784736715195,1384.277685129804,53.177651334722384,63.62377727359237,2.0553599639799547,13.89352356171586,54.67814810034903,0,2026-09-03 06:23:53
2026-09-02 21:32:00,CNC-02,M,299.3170434283449,313.1744750180555,2500.6840058118455,22.937200119407667,168.6578164165142,3.3975796160251495,10.355313591574134,55.27523016363664,0,2026-09-03 06:23:53
2026-09-02 16:16:00,CNC-01,L,299.216319103881,313.10297642747844,1639.399827131385,41.99109325673485,41.021735848796865,2.2738137201331674,12.965341065292376,54.279856070504415,0,2026-09-03 06:23:53
2026-09-02 14:01:00,CNC-03,H,298.1904718580587,311.7411739501773,1487.736580471957,45.298190407284174,28.28613904583668,2.129483401012956,12.744605506810638,55.18771292883667,0,2026-09-03 06:23:53
2026-09-02 13:45:00,CNC-02,M,298.1297494006807,313.0436972483612,1425.969491332198,51.332306191543154,215.43625609369565,2.854438232151731,13.445172467201617,57.180973437796986,0,2026-09-03 06:23:53
2026-09-02 23:37:00,CNC-01,L,299.02437669620787,311.0549530417637,2787.607055261084,14.030087245281797,137.4813810606483,3.486249369813535,7.303084940172355,51.325493052498516,0,2026-09-03 06:23:53
2026-09-03 02:52:00,CNC-03,H,298.51406608719253,312.8984964064441,2474.200811636445,26.598209824782757,239.18308239475763,3.811086921531048,12.535200587812096,55.03763239048071,0,2026-09-03 06:23:53
2026-09-02 13:42:00,CNC-02,M,297.8688159904138,312.9752303108936,1380.0846770472226,53.57057448868035,210.69498092444385,2.8240398743121617,13.691598403548488,53.80258179454284,0,2026-09-03 06:23:53
2026-09-02 23:06:00,CNC-03,H,300.23222131634776,313.86447025754023,2626.530853823884,20.363575167104308,258.0515538834966,4.362190067912916,9.817026073019177,49.22470808497817,0,2026-09-03 06:23:53
2026-09-02 06:36:02,CNC-01,L,296.07314414271633,309.67655093489964,1951.0987032844494,35.30702279259187,31.209990616190968,2.619163419552298,12.894089930160249,57.959606615187276,0,2026-09-03 06:23:53
2026-09-03 01:44:00,CNC-03,H,304.39480717311267,311.0241945131183,2645.689540255188,16.369323962890313,163.64536304483502,3.4843635011606517,8.31971724570272,44.993571978595384,0,2026-09-03 06:23:53
2026-09-02 17:42:00,CNC-02,M,299.3542172115337,313.50826168423265,2025.5920981863392,33.60413446705444,105.69900335432155,2.64101114970273,12.837070423895332,51.21268871868963,0,2026-09-03 06:23:53
2026-09-03 04:20:00,CNC-02,M,296.406755857191,311.0706480583253,2289.3987156674675,29.752101988605922,151.51382736988757,3.1239374845576457,12.886813768784519,54.189967052912564,0,2026-09-03 06:23:53
2026-09-02 08:21:00,CNC-03,H,296.50999041367953,311.0754352021211,1600.5456056616376,44.92220661764782,195.93435115787395,2.7677831846446694,13.537771039701571,60.24176770535961,0,2026-09-03 06:23:53
2026-09-02 19:12:00,CNC-01,L,26.28420065193859,39.83112249294925,2308.490921086883,28.139173780848804,73.79812567622369,2.952641316240386,12.234827589065306,52.49994838142396,0,2026-09-03 06:23:53
2026-09-02 13:39:00,CNC-02,M,297.8743750125608,313.22066212263627,1597.6618722497008,49.45835014168894,206.0562904393568,2.8893200739385154,14.717286201962095,57.621211930716086,0,2026-09-03 06:23:53
2026-09-03 04:24:00,CNC-02,M,296.0096407651973,311.2122555508678,2315.570092320538,33.52150277281674,156.4077610118688,,14.380676884932162,61.08186483881989,0,2026-09-03 06:23:53
2026-09-02 13:36:00,CNC-02,M,298.1735812867596,313.45038170584127,1381.008145203224,57.384069000385225,201.39695844561393,2.7203224241764987,14.969913322829685,56.45526607848136,0,2026-09-03 06:23:53
2026-09-03 00:40:00,CNC-01,L,298.37332504216806,311.7707918792725,2735.49420680245,,204.4609535985008,4.132438231995191,9.734178024120505,54.516758443073314,0,2026-09-03 06:23:53
2026-09-03 04:11:00,CNC-01,L,296.2348818971061,310.3264658612181,2423.6694211274203,26.21664752232284,217.42547486418042,3.9538058846047583,12.001899990422357,56.84793822452225,0,2026-09-03 06:23:53
2026-09-02 20:41:00,CNC-03,H,301.0216926110867,314.71749975894073,2387.001320849361,,97.83451470263343,3.071559779171099,11.77615017323748,55.38690580185641,0,2026-09-03 06:23:53
2026-09-02 08:22:00,CNC-01,L,301.4045025316407,309.7693716898643,1648.1773242812612,42.49715487328691,183.20166607045797,2.878387088352476,13.148909661296603,47.75060420978765,0,2026-09-03 06:23:53
2026-09-02 20:04:00,CNC-02,M,299.97686890825617,313.42590776183823,2265.175994923529,26.460539302216883,67.41097979596854,2.832616448960849,11.078596106682479,53.78170469117458,0,2026-09-03 06:23:53
2026-09-02 18:22:00,CNC-02,M,299.31238930747827,314.1752405974949,2071.6615570441377,36.50924879184273,159.11694540332783,3.158228377596959,14.169307513414637,55.46865544476095,0,2026-09-03 06:23:53
2026-09-03 05:34:00,CNC-01,L,22.490543496827456,36.576389918747566,1945.889896741399,35.966259518389954,102.78628193216316,2.650264140494431,13.10786766005474,55.06432523776709,0,2026-09-03 06:23:53
2026-09-02 19:43:00,CNC-01,L,26.385737895538853,40.03636974226532,2448.810138506258,26.869089888001426,111.79752497698344,3.1124691615488755,12.113603195423524,50.90712960605458,0,2026-09-03 06:23:53
2026-09-02 21:24:00,CNC-01,L,299.14752921642264,313.45619598361645,2488.129284120566,25.643810898418984,229.63975494249476,4.280959171589545,12.024250144183064,52.57738017564399,0,2026-09-03 06:23:53
2026-09-02 21:06:00,CNC-02,M,299.524967870272,313.10086777960925,2496.1053388168743,22.69318696977994,139.34418943881934,3.3949305877426763,10.340850396882136,51.42807255289102,0,2026-09-03 06:23:53
2026-09-02 11:53:00,CNC-03,H,296.9892017661531,311.1185143395038,1378.0530511839925,53.817217783183125,55.6821482184571,2.03678927387596,,53.67259482738244,0,2026-09-03 06:23:53
2026-09-02 13:31:00,CNC-02,M,297.7715613721491,312.69479743857306,1440.7325918613572,51.39117405189831,193.4648687888072,2.6959165910069025,14.049054957719186,57.202704975574754,0,2026-09-03 06:23:53
2026-09-02 12:34:00,CNC-03,H,297.84899053766287,312.36868582854953,1414.036226766843,51.74458804327598,4334.392348806936,2.1068189511298536,13.710790093652871,56.7486249822696,0,2026-09-03 06:23:53
2026-09-02 06:49:00,CNC-01,L,295.7925181709582,310.23772375089965,1837.4887055553354,40.36491215992511,49.20025781205814,2.483504205726126,14.089024860040748,56.616509948347236,0,2026-09-03 06:23:53
2026-09-02 22:12:00,CNC-02,M,299.1200662937263,312.73583841548026,2652.1499645018325,19.83736565218094,212.670554418237,3.9142065782647184,9.737904280720869,55.58334463449205,0,2026-09-03 06:23:53
2026-09-02 19:24:00,CNC-03,H,27.494040195347736,40.17954001674127,2281.3786999088697,24.39019371979171,6.159720937720545,2.869042859463036,10.639118167248979,48.99588569687727,0,2026-09-03 06:23:53
2026-09-02 19:23:00,CNC-02,M,26.615067459464285,40.281216523318676,2225.107102153227,29.272496343644633,17.52573743627818,2.88261976402484,12.363245221043314,51.39859482491999,0,2026-09-03 06:23:53
2026-09-02 20:47:00,CNC-02,M,299.75714420871446,313.4479088569939,2503.612589974675,23.569399085257995,117.44689057166434,3.111797511185906,11.051319304103881,51.81039465619494,0,2026-09-03 06:23:53
2026-09-03 02:00:00,CNC-02,M,297.18882309495126,310.57423382746344,2724.054378527348,17.977165110231518,229.31044959315886,4.157963673796212,9.180469413705568,60.948888491563274,0,2026-09-03 06:23:53
2026-09-02 21:58:00,CNC-02,M,299.232566716411,313.06830912140606,2654.52439463551,23.000421148280395,197.36511564590324,3.7741778528182373,11.335342194784966,52.29119993178246,0,2026-09-03 06:23:53
2026-09-02 07:54:29,CNC-03,H,296.1421987331382,310.59457451243213,1568.3867428481406,45.42802144365995,155.97589533548478,2.3139144892477193,12.997899041919878,64.7063618861317,0,2026-09-03 06:23:53
2026-09-02 18:26:00,CNC-03,H,300.27937782485594,314.4119411342157,2098.3788223385595,31.465175961323006,193.158716593011,3.254828763572067,12.489330739568672,48.885898433426696,0,2026-09-03 06:23:53
2026-09-03 04:56:00,CNC-02,M,22.851294157458028,37.32817259625574,2055.043804471925,31.5487241722817,196.03283866027928,3.164051319481874,12.113966267788157,62.214237775194576,0,2026-09-03 06:23:53
2026-09-02 08:27:00,CNC-03,H,296.40437376214066,311.87584639126965,1602.8266463566313,50.17689361725313,204.9116019070983,2.8615313632521766,14.911307589670741,60.60390218271874,0,2026-09-03 06:23:53
2026-09-02 07:51:00,CNC-01,L,301.52788068614353,310.22823097179565,1698.3327736312706,42.97989372600673,137.44412465930245,2.6278606280493157,13.845360424263388,48.1743194304431,0,2026-09-03 06:23:53
2026-09-02 07:38:00,CNC-03,H,296.15261931582927,310.7306515058104,1745.1670816429062,43.18302212577888,132.64657888638436,2.5860536153841793,13.79301807099701,60.3583821697084,0,2026-09-03 06:23:53
2026-09-02 07:35:34,CNC-02,M,295.78447632647715,309.7225250435484,1838.5675034294463,37.29412190435122,105.95586098334604,2.487556790766933,13.12519541944156,59.27892708193955,0,2026-09-03 06:23:53
2026-09-02 19:27:00,CNC-01,L,26.41656355017409,39.265576803127885,2315.4497785218973,23.3015664764556,92.3110648047421,2.9169224363201347,10.091030616081547,53.60706110558804,0,2026-09-03 06:23:53
2026-09-03 01:54:00,CNC-01,L,297.2904324666828,309.2906394962987,2700.366566794161,16.423230911048194,60.29770307007956,32.48971641243281,8.322022252863967,53.888987882396435,0,2026-09-03 06:23:53
2026-09-02 08:32:00,CNC-02,M,295.71628021339313,310.5774085224882,1579.721760339606,49.144110664840476,190.04982888685765,2.756258466844243,14.57208852801489,56.17031509656824,0,2026-09-03 06:23:53
2026-09-02 07:34:00,CNC-03,H,,310.64514056014355,1840.6216616018132,39.913484868313006,126.83492809662394,2.55540820315241,13.905800959801242,,0,2026-09-03 06:23:53
2026-09-03 04:29:00,CNC-02,M,295.9829865932223,0.0,2242.2998300285562,30.56800480270693,162.54880005010207,3.1449553525590237,12.76196667823193,56.94399639940269,0,2026-09-03 06:23:53
2026-09-02 18:38:00,CNC-02,M,300.0248987156363,315.132723688517,2155.7217900477344,35.580982300249524,179.68555290765286,3.097711566517473,14.257636327903215,52.518172524860226,0,2026-09-03 06:23:53
2026-09-03 00:38:00,CNC-03,H,299.68448284388114,310.1423854044084,2750.0846682549154,8.472010297712142,92.85195256583239,3.341646844353273,4.3909351543011494,54.17859821458539,1,2026-09-03 06:23:53
2026-09-03 05:05:00,CNC-03,H,23.84511419130382,38.000496147907825,2245.025005160973,30.81725531473209,147.85546587766265,3.0727236004558174,12.915140815914226,57.49941657038829,0,2026-09-03 06:23:53
2026-09-02 21:36:00,CNC-02,M,299.2077264841607,312.4251520155718,2447.170918328115,20.793444336484868,173.1297018258076,3.345485673598688,9.503312533072934,54.27718636132445,0,2026-09-03 06:23:53
2026-09-03 03:48:00,CNC-03,H,297.8860800244607,310.0167116411917,2389.9266803612454,19.63533979295358,53.5195364254773,2.891917393178784,8.786940405817846,57.63780292821909,0,2026-09-03 06:23:53
2026-09-02 20:38:00,CNC-03,H,301.18816095204375,314.21705977989393,2407.2662613291286,22.344370174578987,94.37735360150775,,10.019052012098173,50.35147248987295,0,2026-09-03 06:23:53
2026-09-03 04:31:00,CNC-03,H,297.48382645461925,310.7847358025978,2417.6276216456013,24.315428100600098,105.59677291756752,2.965467536998174,11.112381318861468,50.55459072157367,0,2026-09-03 06:23:53
2026-09-02 22:44:00,CNC-02,M,298.937768173078,311.1221474288483,2585.720770645606,16.43917531382265,19.11716215786036,3.176352238481602,7.956585419725415,53.194040218414685,0,2026-09-03 06:23:53
2026-09-02 20:14:00,CNC-02,M,299.7887942312358,313.83881577664175,2256.6990245967463,28.52524359990159,79.20643276859795,3.0088386576956125,11.89985018792494,50.04720016205863,0,2026-09-03 06:23:53
2026-09-02 12:58:00,CNC-03,H,297.81022742183364,312.33488573964775,1325.2569212189278,54.70927033574505,158.49348715645354,2.156455580609676,13.522914440118853,53.5436199206828,0,2026-09-03 06:23:53
2026-09-03 02:06:00,CNC-03,H,304.3175318026341,311.60218199117577,2644.6255458062965,20.056692836762785,187.73038199994113,3.6603615936495983,10.337171279792257,47.29279789686899,0,2026-09-03 06:23:53
2026-09-02 14:32:00,CNC-02,M,298.37405457847643,312.6377729104844,1516.5313619657165,48.52529825614568,65.80466169478483,2.211190575428959,13.675922183610629,52.606518062678546,0,2026-09-03 06:23:53
2026-09-02 09:54:00,CNC-02,M,295.8420388607877,310.14377893690863,1414.6651361117397,49.64134531239311,97.03345581213844,2.1902768939160384,12.903908547483377,56.45863472957763,0,2026-09-03 06:23:53
2026-09-03 04:43:00,CNC-03,H,297.1851177513084,310.6200956322494,2208.8519439566435,28.4772499607268,120.31407468718402,2.94772712625185,11.586650486675948,56.64674285373876,0,2026-09-03 06:23:53
2026-09-03 04:42:00,CNC-01,L,296.0961229319188,309.29426463512965,2343.463832244148,26.246992484953164,36.70911877576094,2.9854814970446584,11.342119359642751,54.62817049977043,0,2026-09-03 06:23:53
2026-09-02 06:39:00,CNC-01,L,295.91642537279597,310.0184923266336,1886.0117239272515,37.38454829443648,35.403967139738256,2.5138905739360182,13.07949988189763,60.82297808763728,0,2026-09-03 06:23:53
2026-09-02 08:36:00,CNC-01,L,301.34677306045427,309.9943598178983,1562.6210422996678,45.25589440730352,204.24327409433386,3.009178744956644,13.012876539002367,49.46514311375181,0,2026-09-03 06:23:53
2026-09-02 11:51:00,CNC-02,M,296.8705734411237,310.5679937275588,1449.5625335250631,46.31454566541494,35.02634333133727,2.039664570829207,12.385881451889066,53.201923335157794,0,2026-09-03 06:23:53
2026-09-02 12:56:00,CNC-01,L,297.32952348520826,311.51967652671766,1390.5065160794277,48.84777798913817,163.7306921686647,2.4353628303307193,12.732009613434082,51.94019966697791,0,2026-09-03 06:23:53
2026-09-03 05:00:16,CNC-01,L,22.925595904548857,36.78294956483501,2223.875311558645,29.847333951964305,60.56040553703958,2.708557583891936,12.445801195308132,57.09056405443867,0,2026-09-03 06:23:53
2026-09-03 05:52:00,CNC-01,L,22.36477701273293,36.17092795227643,2144.112976037791,30.720956718435847,126.13020538686487,2.9643307731854485,12.593920657241831,55.45878573687322,0,2026-09-03 06:23:53
2026-09-02 14:02:00,CNC-01,L,297.96037325026833,311.35435567597887,1368.5614131784118,48.65705446948548,31.42156729541559,2.111554534043411,12.464379783571289,56.58260863857756,0,2026-09-03 06:23:53
2026-09-02 09:58:00,CNC-03,H,296.52120402974873,310.9429512626507,1387.4570144412053,52.27544181867508,109.30426070901208,2.2113217094902575,13.637006117883427,62.21445519287693,0,2026-09-03 06:23:53
2026-09-03 05:17:00,CNC-02,M,22.574731687663473,38.39878605648494,2301.4617182664306,33.35450308029522,222.6353352273258,3.6820114853974872,14.448890799386053,57.328472208639056,0,2026-09-03 06:23:53
2026-09-02 20:45:00,CNC-02,M,299.6916335983199,312.7665353827768,2577.8533369593224,19.62936889489353,115.19244992137283,3.292973264666909,9.511233960659016,54.65949297255419,0,2026-09-03 06:23:53
2026-09-03 01:14:00,CNC-03,H,304.9608742937191,313.6225682626289,2529.9092087129357,28.06854769147514,131.43382904036994,3.268352384684535,13.153220007979641,42.03597526978524,0,2026-09-03 06:23:53
2026-09-02 21:51:00,CNC-02,M,299.0376972501841,312.3024983918605,2600.931441052921,20.084522847137084,189.64847783560094,3.628944472116801,9.475275357322094,59.59598503627842,0,2026-09-03 06:23:53
2026-09-02 17:10:00,CNC-03,H,300.14213120608537,314.6055173433938,1993.199847525513,36.53198393741799,91.0737003506919,2.567895628029069,13.5845006622405,53.006026310641346,0,2026-09-03 06:23:53
2026-09-02 23:57:00,CNC-01,L,298.95203889387966,312.22713183351414,2650.9019040514445,19.305704379796474,158.81579135647962,3.4266482059080077,9.52696497243512,49.34624757946639,0,2026-09-03 06:23:53
2026-09-03 00:46:00,CNC-02,M,303.2876372344623,310.2381136306197,2541.1490791658675,19.481536536695934,149.26268969977986,3.346912821612325,9.038938197831254,43.57787891149362,0,2026-09-03 06:23:53
2026-09-02 08:35:00,CNC-02,M,,311.069866572159,1511.8176988736166,54.125192463137516,194.6723125656455,2.7575802709669883,15.310846392801063,59.455925377594,0,2026-09-03 06:23:53
2026-09-03 03:07:00,CNC-01,L,296.5088824977261,309.9434367562194,2361.3850587045,25.45689563750334,142.0622568542854,3.2312687369126456,11.220262912708085,55.12405264350575,0,2026-09-03 06:23:53
2026-09-02 08:36:00,CNC-03,H,296.4495622770402,311.37740387545057,1582.5440395511685,46.2478920708228,218.48087808993802,2.795768616469328,13.517084458636779,54.97874485782246,0,2026-09-03 06:23:53
2026-09-03 04:59:00,CNC-03,H,23.71351667134587,37.715309341674015,2079.4350613840384,32.0465362477643,140.32982238367208,2.8665681623372157,12.57279391210026,56.781698127293694,0,2026-09-03 06:23:53
2026-09-02 14:38:00,CNC-03,H,298.3765104736603,312.63043642182976,1561.5683633192943,46.61922810583529,85.88551539438862,2.182357502557975,14.030455610349527,53.84684274754246,0,2026-09-03 06:23:53
2026-09-02 09:26:00,CNC-01,L,296.36122579575135,310.27887086541716,1627.3058593390924,42.1290910787865,44.10397761748622,2.269408159573897,12.611114720496827,57.9311514732636,0,2026-09-03 06:23:53
2026-09-02 21:21:00,CNC-03,H,300.64010770070695,313.7139315613153,2579.645827173761,20.89125589122111,143.44839781778643,3.2891640439555134,10.052986536569362,49.291344873243574,0,2026-09-03 06:23:53
2026-09-02 17:05:00,CNC-02,M,299.1970828308514,313.45366948824324,1939.3279109237697,37.130588226773504,55.06883643943217,2.4952016781769135,13.277815776458297,54.69321748611956,0,2026-09-03 06:23:53
2026-09-02 13:24:00,CNC-02,M,298.0088982321108,312.62868906590313,1347.2590264292703,53.75395196857973,182.461479946933,2.469189766046224,13.485786896736716,53.625404201654824,0,2026-09-03 06:23:53
2026-09-02 13:30:00,CNC-03,H,297.7160383441631,312.5561524679098,1482.2120458589613,50.30591489516758,209.17821258800964,2.7587810308914174,13.792417404753024,54.72710646511643,0,2026-09-03 06:23:53
2026-09-02 09:45:00,CNC-01,L,296.0326790410353,309.80743769065054,1380.658601481881,49.26437398166624,73.61025481971063,2.1012309242272806,12.531940319876913,57.7611080972567,0,2026-09-03 06:23:53
2026-09-03 02:37:17,CNC-01,L,296.8789750291186,309.7729815787298,2624.212794872412,19.90606564556364,107.91051318035055,3.2506069841188294,9.89396032500594,53.840398030943405,0,2026-09-03 06:23:53
2026-09-02 09:53:00,CNC-03,H,296.45121904757804,310.22821208758705,1434.4587432456294,46.58527320563065,101.52610530609259,2.203798488196099,12.360869827313897,56.33795734070706,0,2026-09-03 06:23:53
2026-09-02 23:32:00,CNC-02,M,298.5086475001921,310.51759664100194,2834.7611768777588,14.601578802281203,70.53523243302368,3.3149566590778106,7.64405530134067,55.72013122281622,0,2026-09-03 06:23:53
2026-09-02 09:40:00,CNC-01,L,295.9566804681222,310.0032981600539,1430.3904126562375,50.87949522205155,65.9032866312983,2.160872080143178,13.482458972823702,61.01732123931355,0,2026-09-03 06:23:53
2026-09-02 21:42:00,CNC-03,H,300.6791119437198,314.5577332464472,2539.9417301780823,24.786121239538762,166.9382333956674,3.458539722072341,11.776011777247984,45.5768537613696,0,2026-09-03 06:23:53
2026-09-03 00:25:00,CNC-01,L,298.63843894809503,311.7057708058607,2656.322921767429,19.030003422320814,188.57004005730508,3.932658166062277,9.6008647829949,52.684756903825374,0,2026-09-03 06:23:53
2026-09-02 09:22:00,CNC-01,L,296.09462853891137,309.76374629156123,1648.2552968126097,39.52846659438468,38.05984939101028,2.2342348101825453,12.009613579289624,61.678057756839706,0,2026-09-03 06:23:53
2026-09-02 21:53:00,CNC-02,M,299.3121144250632,312.6772618729081,2560.3105448207257,20.604127321912586,191.79751998620455,3.611984475240325,9.995764617126966,51.52093240482891,0,2026-09-03 06:23:53
2026-09-02 07:01:00,CNC-01,L,296.058521708605,310.1880293260613,1734.442919414126,42.223520589649304,65.95763379890235,2.3827181653330722,13.652321026655562,60.08445647450616,0,2026-09-03 06:23:53
2026-09-03 05:35:43,CNC-01,L,22.564583916272397,36.61501153684202,2140.917655683987,30.98793430734024,106.74097241950683,2.862250168922696,12.203474439830748,61.35237941254742,0,2026-09-03 06:23:53
2026-09-02 23:14:00,CNC-02,M,298.6261629257054,311.2622752562599,2646.178121654297,18.169646410416373,51.32906332379616,3.2799436247689684,8.906755642237986,56.74168209123982,0,2026-09-03 06:23:53
2026-09-02 20:14:23,CNC-01,L,299.42733731274586,312.71902235275536,2337.2719663687717,24.66021964763395,150.28218428497075,3.237977901873772,11.213747957063648,48.47205884926669,0,2026-09-03 06:23:53
2026-09-02 14:15:00,CNC-02,M,298.36825860600305,313.10008683558647,1546.4020866603814,53.25544062976512,39.15564147808265,2.1290338694804167,15.37821476265129,56.49052942175225,0,2026-09-03 06:23:53
2026-09-02 18:36:00,CNC-01,L,299.48569302065044,313.20105913622194,1947.0869703133656,34.81563015132658,28.579383421121126,2.687124695352346,12.605570820111398,53.639611710321795,0,2026-09-03 06:23:53
2026-09-02 20:01:00,CNC-02,M,26.6114339609137,39.98938786989237,2345.804114542335,26.01076034839828,63.81572538480072,,11.584786457326592,53.19204421934663,0,2026-09-03 06:23:53
2026-09-02 10:03:00,CNC-03,H,296.6147092615164,310.9489348779083,1401.6445210197007,,117.07872599662554,2.127579537881256,13.22326520373824,55.361099365230466,0,2026-09-03 06:23:53
2026-09-02 21:11:00,CNC-01,L,299.4339910691522,312.6232917900714,2545.7850189163996,21.05046223424478,214.80545518236252,4.096895923111477,10.035455203603759,50.685099824327274,0,2026-09-03 06:23:53
2026-09-03 04:14:00,CNC-01,L,296.3670549348038,309.42068964732556,2473.271445785804,25.128132231953366,2.346024213085223,2.9890919809821086,11.695392857287903,56.521669072399185,0,2026-09-03 06:23:53
2026-09-02 14:17:00,CNC-01,L,298.30991024526645,312.5636852252489,1460.770715559342,50.73563152413436,54.85309235911866,2.0660142928822522,13.708932197614496,52.29566239236751,0,2026-09-03 06:23:53
2026-09-02 22:58:00,CNC-02,M,298.7378140024887,310.9132954085516,2779.7524087321226,16.455200360244365,,3.3859103563158213,8.63855575189741,49.963709184364,0,2026-09-03 06:23:53
2026-09-02 08:47:46,CNC-02,M,295.80292883131995,310.82889681192574,1426.9950457305179,51.17899886467682,214.423699784577,,13.65344351099748,57.40425041089485,0,2026-09-03 06:23:53
2026-09-02 12:42:00,CNC-03,H,297.35925756238106,311.8617043904963,1471.581344590553,48.73826320383847,133.1667113361395,2.2497072153535407,13.609559069557113,60.39559047002494,0,2026-09-03 06:23:53
2026-09-02 09:14:00,CNC-01,L,296.15134956713194,309.70958526253645,1514.979547440412,44.20214377162707,25.80326426053975,2.170655148068115,12.447550591386182,49.514791282689906,0,2026-09-03 06:23:53
2026-09-02 13:21:00,CNC-02,M,297.7835916483285,312.3254668855863,1469.6199177422598,49.38776164621542,177.76482610118126,2.6445162541887584,13.689784615579027,52.63639663043254,0,2026-09-03 06:23:53
2026-09-03 02:10:00,CNC-01,L,297.2580212439929,309.2601025079562,2572.8479479217094,17.460618478876274,77.87888945621178,3.1420060052283865,8.61708866281156,60.79022521214837,0,2026-09-03 06:23:53
2026-09-02 07:41:00,CNC-03,H,296.20263846885945,310.5299463106788,1724.3837205687303,40.91251583806511,137.04820720091962,2.431819415046372,13.366169189957173,55.64672279324261,0,2026-09-03 06:23:53
2026-09-03 01:28:14,CNC-02,M,297.1705601231299,311.15866108642615,2624.9096675336027,,194.31906543213987,3.7564615521884046,11.031658381468958,58.324556704374245,0,2026-09-03 06:23:53
2026-09-02 13:16:00,CNC-03,H,297.72567695028715,312.3096846036487,1387.2745911123743,52.164221854817356,187.06287939886474,2.5325219866045243,13.777773140500031,55.42398071762702,0,2026-09-03 06:23:53
2026-09-02 13:06:00,CNC-01,L,297.36209343753734,311.97419126537847,1410.4510257996096,50.481406489111144,179.6579737780905,2.6907007583727682,13.292871325617826,60.878812938656154,0,2026-09-03 06:23:53
2026-09-03 00:14:00,CNC-01,L,298.5955989427233,311.6899268538766,2656.7502090003777,19.98379844799734,176.90559500646526,3.7548965280490094,9.83393220361399,52.81957897209193,0,2026-09-03 06:23:53
2026-09-02 22:39:00,CNC-02,M,298.77989700223617,310.5382885374497,2777.044835754033,13.804267808408179,13.665113965333088,3.299693711454617,7.035107084301617,2010.3222958976366,0,2026-09-03 06:23:53
2026-09-03 01:54:00,CNC-02,M,297.56478115472623,311.338284936334,2596.60326672671,21.89331931970237,222.67511053059076,4.033253258766087,10.640641307256939,51.0581779363789,0,2026-09-03 06:23:53
2026-09-03 01:09:00,CNC-02,M,303.2527617821225,308.9719366715233,2724.2195636119372,10.762065895953732,173.92244654748504,3.6713012823765676,5.4979044741575915,44.07861974959519,1,2026-09-03 06:23:53
2026-09-03 02:26:00,CNC-01,L,297.2326298957535,309.91819201428325,2685.907882504378,18.88801650227343,95.471555196313,3.335479603040535,9.702042260227687,58.411029325701236,0,2026-09-03 06:23:53
2026-09-03 05:17:00,CNC-01,L,22.480678727537565,35.956034418960826,2143.302106634386,27.808927401583013,80.85867678385512,2.800970695510352,10.788414852773318,63.59543015409797,0,2026-09-03 06:23:53
2026-09-02 12:02:00,CNC-01,L,296.9643847693494,311.33943377738586,1438.9426185837315,52.314936133901575,77.96716645216,21.05830989137089,14.032706015123265,56.36845228271067,0,2026-09-03 06:23:53
2026-09-02 10:11:00,CNC-03,H,296.58743175133,310.6247598220611,1384.533747836516,49.20624966970121,129.56300512154996,2.1399244120749192,12.952896630244267,58.96012618154459,0,2026-09-03 06:23:53
2026-09-02 07:50:00,CNC-03,H,296.04854209163784,0.0,1739.267598186181,42.054395426919406,150.16011420195753,2.6256184416134465,13.863147074646362,56.504168254225625,0,2026-09-03 06:23:53
2026-09-03 04:50:00,CNC-01,L,296.1207891670015,309.4788964817798,2306.9442370890924,27.79020106547682,46.57329574809972,2.8302264082331687,11.926790928449998,55.80386484443304,0,2026-09-03 06:23:53
2026-09-02 09:46:00,CNC-03,H,296.72311999790315,310.7576865024039,1603.089211849875,43.84740141667461,90.51602800644477,2.3724123240548267,12.935944992171592,57.30384410201436,0,2026-09-03 06:23:53
2026-09-02 20:32:00,CNC-01,L,299.35872094194366,313.15659295436006,2351.6159630761445,27.10378748723659,170.1157223848202,3.5014796864381292,12.029624297159847,49.50470948159305,0,2026-09-03 06:23:53
2026-09-03 05:53:00,CNC-03,H,23.643091032440793,38.291380101558445,2114.260528273924,33.161408912785014,210.51828490343067,3.3855395489594318,13.156803236737364,60.11439602437367,0,2026-09-03 06:23:53
2026-09-03 05:40:00,CNC-01,L,490.1377426799433,36.877701953599114,2177.582379934795,32.37044913853859,110.58784484636512,2.909533837999803,13.136928848686356,57.71897271712197,0,2026-09-03 06:23:53
2026-09-02 08:05:00,CNC-03,H,296.46343017768453,311.09349599530333,1674.5544310448763,44.334231007062336,172.16041319316452,2.6043047117138687,13.606363981975038,59.2664787855702,0,2026-09-03 06:23:53
2026-09-02 10:16:00,CNC-02,M,296.54260711306864,311.67631157129375,1423.0596598049601,56.08796344330487,131.323463792311,2.191937068314696,15.048919828517413,59.84096252360383,0,2026-09-03 06:23:53
2026-09-02 10:16:00,CNC-03,H,296.5812338522243,310.832485861331,1436.6014076093536,48.89237968780335,137.37383363317284,2.2595808860701703,13.12078414671368,58.36460806324613,0,2026-09-03 06:23:53
2026-09-02 10:21:57,CNC-01,L,296.390734278559,311.01298152363626,1410.8867261794987,52.05656733932805,132.97150598002494,2.356648353692073,13.754634211515814,58.290512269031,0,2026-09-03 06:23:53
2026-09-02 18:15:00,CNC-03,H,300.4645949293474,314.7661984022555,2135.3569817263174,32.242611902942784,178.86570174454178,3.1493218457598577,13.055618268223286,53.233440596550494,0,2026-09-03 06:23:53
2026-09-02 17:22:00,CNC-02,M,299.3203048601655,313.5433415506906,1832.5900719922251,39.288729393537785,78.50706882952566,2.559176176684044,13.421198097699342,55.319508679671316,0,2026-09-03 06:23:53
2026-09-02 12:14:00,CNC-01,L,297.0320079939125,311.4330036042758,1348.9681262677507,55.74909928341657,97.09549660760226,2.179712061338221,13.902630250694397,56.250943232616784,0,2026-09-03 06:23:53
2026-09-02 13:22:00,CNC-01,L,297.66067160128773,312.02693668399115,1427.1638609277645,48.26050646799964,204.79492074886923,2.917809676643724,12.94816117730152,56.74579416656555,0,2026-09-03 06:23:53
2026-09-02 22:48:00,CNC-03,H,300.218688760475,313.3435797833749,2614.2520841737582,18.818619745999097,238.60635980903956,4.080441333507695,9.173381172783774,53.15470031690008,0,2026-09-03 06:23:53
2026-09-02 22:03:00,CNC-01,L,299.43776458054566,312.02370620615915,2647.136143049488,19.70613763776099,36.42713569506044,3.0964000902663034,9.601040539275054,51.583232123862025,0,2026-09-03 06:23:53
2026-09-02 09:36:00,CNC-02,M,296.1357972339035,310.57986179231466,1494.4244431313004,50.0098487304861,69.08062200234973,2.196327553709721,14.260661364265337,57.77846935316373,0,2026-09-03 06:23:53
2026-09-02 15:38:00,CNC-02,M,298.53140279935474,313.28118758048186,1772.1967132617838,41.69755318588506,165.68638438518718,2.603815178460623,13.912689115905982,50.58932225536572,0,2026-09-03 06:23:53
2026-09-02 13:06:00,CNC-03,H,297.83114204822147,311.6295375642483,1334.8669924808014,48.53501627008276,171.24351657751004,22.605926542304168,12.155555175554968,55.727875139738494,0,2026-09-03 06:23:53
2026-09-02 21:58:00,CNC-01,L,299.0610123821819,310.8098180154147,2462.4722037870943,17.65281202954273,30.959345469218086,2.916221583788451,8.205933963791914,55.01159592179646,0,2026-09-03 06:23:53
2026-09-02 22:17:00,CNC-02,M,299.2452663070434,312.6135035841157,2559.6382132092112,19.79765819590489,218.10074257033673,3.9244519659451513,9.78149025035252,53.45213780084834,0,2026-09-03 06:23:53
2026-09-02 19:49:00,CNC-02,M,26.625609015339762,40.27184134924835,2318.808756052771,27.699905008779666,49.37000502003601,29.226262861764365,12.059069237198104,55.21986744818291,0,2026-09-03 06:23:53
2026-09-02 21:30:00,CNC-03,H,300.8257761799414,314.3531358498479,2539.2287194082123,22.76495373188956,153.49561511252014,3.1846112227560277,10.906553611312466,,0,2026-09-03 06:23:53
2026-09-02 11:32:00,CNC-02,M,296.87201244574794,310.759404807044,1373.8596845127834,50.413922308928385,4.794605976020009,2.1005578795881807,12.912719108647455,54.207821125409836,0,2026-09-03 06:23:53
2026-09-02 16:00:00,CNC-02,M,299.127954343789,314.1381108151316,1777.369852548692,42.08814035446065,197.7431819238788,3.0560096718138685,13.68003231973947,54.989840525694675,0,2026-09-03 06:23:53
2026-09-02 07:54:00,CNC-01,L,301.3731129910774,309.73939125841724,1792.4523611610744,38.743676907414496,141.80431338372662,2.6883108539333107,13.253975411537256,47.01288143932249,0,2026-09-03 06:23:53
2026-09-02 11:54:00,CNC-01,L,296.83837254501435,310.83066867776984,1316.5713385568333,51.80476276739991,65.21650386771282,2.0195745526462283,12.838710789425233,55.231349532872386,0,2026-09-03 06:23:53
2026-09-03 01:33:00,CNC-01,L,297.77274230219325,309.5788856371345,2610.2391743986705,15.515044524957801,37.744206645587354,3.101795579661364,7.872282949559865,53.949951146412,0,2026-09-03 06:23:53
2026-09-02 22:08:00,CNC-03,H,300.54756818713827,313.6332816243281,2651.634526735584,19.78928204042545,195.1113705206197,3.651798621962324,9.70237079595842,51.97245148458067,0,2026-09-03 06:23:53
2026-09-02 19:56:00,CNC-02,M,26.635418958808998,39.90326010501411,2393.4966305772746,24.030340461653584,57.69396492077849,2.9943131745547413,10.732089238827841,57.86322869195254,0,2026-09-03 06:23:53
2026-09-02 22:35:00,CNC-03,H,300.142551151261,312.94434028467,2597.6491404133712,17.28228325183219,224.56398713606205,3.9089273106348226,8.08351861102548,53.2136679473672,0,2026-09-03 06:23:53
2026-09-02 23:29:00,CNC-03,H,299.92428367573115,311.304380125891,2809.997987891059,13.104240868820728,19.161906046887538,3.370611627584309,7.115642922972391,49.859353660258,0,2026-09-03 06:23:53
2026-09-02 15:58:00,CNC-02,M,,313.8655731574607,1708.478107172585,45.401177545493674,194.79627293021056,2.8293473202232655,14.34017268049942,50.33630163264153,0,2026-09-03 06:23:53
2026-09-02 21:08:00,CNC-01,L,299.3227683477088,312.67589941137584,2592.777413186206,20.472586435619654,211.41616995380812,98.17934611097193,9.954362027145587,53.433512519881,0,2026-09-03 06:23:53
2026-09-02 08:33:00,CNC-01,L,301.47351093460827,309.98886844527823,,48.73904686414003,199.59751286571512,2.8747814353860037,13.267103574918808,47.98570706252924,0,2026-09-03 06:23:53
2026-09-02 12:16:00,CNC-03,H,297.7334689468506,312.20293535248123,1583.193476956228,46.19725125545123,92.05130074694276,2.284829032201333,13.389817020640045,52.576188069955386,0,2026-09-03 06:23:53
2026-09-03 00:18:00,CNC-01,L,298.79420377402334,311.6027735859087,2748.3725486042554,16.724043901248297,181.12514690897802,3.8530373971992344,8.555704327361562,52.58575843052682,0,2026-09-03 06:23:53
2026-09-03 05:13:00,CNC-02,M,22.715323116286527,37.470693100728454,2141.0141955094464,31.625935974946863,217.53511264723062,3.536236519189476,12.558120575368957,56.61671106379945,0,2026-09-03 06:23:53
2026-09-02 15:22:00,CNC-01,L,298.72930924312743,313.0227186981284,1564.1315323324932,46.25419717106023,153.89102353854366,2.491219986962002,13.53386641520073,48.77760831943427,0,2026-09-03 06:23:53
2026-09-03 02:43:00,CNC-02,M,296.9457508790291,309.2076882230304,2478.864744075054,17.383041072654358,38.02482284747847,3.0536067560634237,7.915427844276583,55.47818477022417,0,2026-09-03 06:23:53
2026-09-02 13:46:00,CNC-03,H,297.9593724585917,311.09341013097065,1365.6876757020016,45.820408822042324,4.721637945447985,19.14297214726642,11.41724826529006,54.56505000969132,0,2026-09-03 06:23:53
2026-09-02 13:25:00,CNC-01,L,297.7380425072126,312.6447831230418,1399.8403935294727,53.09121973048608,209.51755754024597,2.8222087753235034,14.058536135703667,56.78143636260616,1,2026-09-03 06:23:53
2026-09-02 15:36:00,CNC-01,L,298.90561157395933,313.44586750511144,1555.9586659265035,45.964263749391954,174.7726098069273,2.6741083227484816,13.651527745817294,55.28371808282754,0,2026-09-03 06:23:53
2026-09-02 19:31:00,CNC-02,M,26.60346617187048,39.60812350624684,2347.2229135292023,24.115299054502746,27.422014703767974,28.308628544483266,10.379053663445703,51.52668724738611,0,2026-09-03 06:23:53
2026-09-02 21:27:00,CNC-03,H,300.7071280905092,313.9103633627316,2494.8763403733224,22.53601640200958,150.14874801038502,3.2285493966401595,10.360840575975734,46.307994737986185,0,2026-09-03 06:23:53
2026-09-03 04:47:00,CNC-02,M,296.015005538702,310.98455807050357,2325.078155226993,32.05981048491089,184.7418843140936,3.4603275789636454,13.8715031391122,57.152066710620666,0,2026-09-03 06:23:53
2026-09-02 07:05:00,CNC-01,L,296.11133490915995,309.99769494533484,1923.887156573003,36.00560791131049,0.0,2.5207069492213363,12.973520822385156,59.43378307202778,0,2026-09-03 06:23:53
2026-09-03 05:34:00,CNC-03,H,23.695104066398244,38.31205884694867,2208.8027465657183,941.7000380269876,185.18675244741192,3.2391489708909353,13.79182751307835,53.39633842924937,0,2026-09-03 06:23:53
2026-09-02 17:44:00,CNC-02,M,299.2521380893846,313.7743128470154,1947.3045808031336,38.1690487474241,108.42324303912345,2.648936043324332,13.916289711184723,54.97881765758522,0,2026-09-03 06:23:53
2026-09-02 22:11:00,CNC-01,L,299.350626463306,310.68642237005093,2594.790091660778,13.359532448404046,45.082911514813105,3.1106862401722957,6.532532413837572,50.35903974814144,0,2026-09-03 06:23:53
2026-09-02 12:21:00,CNC-03,H,297.298375528261,311.0021192328963,1508.050465394523,44.23349695094606,99.90978106026424,2.22066269681309,12.56762483627073,56.71211289986406,0,2026-09-03 06:23:53
2026-09-02 11:41:00,CNC-01,L,296.5265448007361,310.2286671287742,1369.4344725824005,51.200398766720284,44.48902157447488,2.0798266521974207,13.070946647219268,57.328086079977204,0,2026-09-03 06:23:53
2026-09-02 13:03:00,CNC-03,H,298.00963050513406,312.72683095099836,1346.1444782494166,54.785285745925435,166.464258788884,2.299295284357864,13.945898726069336,54.92277865125703,0,2026-09-03 06:23:53
2026-09-02 13:01:00,CNC-03,H,297.990427819206,312.67928299013664,1431.8144554232167,52.62934198609709,163.2644675904497,2.385468085099342,14.070493260859399,56.96273464600256,0,2026-09-03 06:23:53
2026-09-02 14:19:00,CNC-02,M,298.2547560198889,312.87957970801756,1526.7841174669707,50.16032856718568,45.40748845535832,2.1019188128128965,14.707690868129697,56.35535509977336,0,2026-09-03 06:23:53
2026-09-02 06:36:24,CNC-02,M,296.3127543484861,310.0056895006686,2065.1613800606397,33.4984800413757,22.88458282099718,2.693101461586641,12.842813951062338,61.79055915646922,0,2026-09-03 06:23:53
2026-09-02 16:13:00,CNC-03,H,299.4434297113246,313.0869685069414,1768.9744658368718,38.78147638988875,10.26414215590817,2.3550822950721693,13.169103667623858,50.70152879028409,0,2026-09-03 06:23:53
2026-09-02 23:46:00,CNC-03,H,299.9171142503945,312.30648789846873,2759.234343461691,17.95301043886873,37.38558070914596,3.2782734095345276,8.992294879752322,48.424562814793916,0,2026-09-03 06:23:53
2026-09-02 08:17:00,CNC-03,H,296.25751268434465,310.52417229137956,1761.5124900292953,38.98972854773855,189.99286374594817,2.8097135050998445,13.133778014538942,61.33170593457545,0,2026-09-03 06:23:53
2026-09-02 23:01:48,CNC-02,M,298.82394744136246,310.8911060212185,2619.1257219985214,17.649117243475985,37.34943731248133,3.0935074185842346,8.706496586664883,56.27396540723665,0,2026-09-03 06:23:53
2026-09-02 08:26:00,CNC-01,L,301.67969273704267,310.8123930444431,1595.973433811755,48.5188991018931,189.11111512191127,2.945511207240771,14.622719318320943,48.51809730410226,0,2026-09-03 06:23:53
2026-09-03 04:06:00,CNC-01,L,296.36462225156106,310.47046339163694,2220.4753358135013,29.591778695591326,211.41846784969536,3.7098104540971497,12.22512322065015,57.91585712449986,0,2026-09-03 06:23:53
2026-09-02 07:37:00,CNC-01,L,301.41755651812053,309.84528425349714,1924.4009380939424,37.943377518295755,117.073565587106,2.72908512488298,13.464250318951068,47.77708367983861,0,2026-09-03 06:23:53
2026-09-02 14:58:00,CNC-02,M,298.6908694220737,6863.20892834808,1696.3890795713771,46.23991404649333,105.73448760408068,2.3867917268613894,14.715503132105304,54.574869802325935,0,2026-09-03 06:23:53
2026-09-02 12:22:00,CNC-01,L,296.9791452581459,311.1305764400151,1375.1925364877952,1431.7995587691728,109.7855722443004,2.3051800525072217,13.133806932631458,52.442400439558455,0,2026-09-03 06:23:53
2026-09-02 21:05:00,CNC-03,H,301.0325189851231,315.08674793918146,2305.9155781769323,28.782651435610173,125.43826139392009,2.968525944959341,12.422633189287433,52.170857273514734,0,2026-09-03 06:23:53
2026-09-02 14:00:00,CNC-03,H,298.57331143773735,312.25415207188195,1415.9923010692128,47.04019460981513,26.7381364073312,2.158632731390659,12.256912170882122,58.13644998990959,0,2026-09-03 06:23:53
2026-09-02 22:30:00,CNC-01,L,299.5273806149026,310.26212719790976,2788.9820286506583,8.586452171017093,65.49584125419436,3.509231044346411,4.258047440238609,52.481791174567235,1,2026-09-03 06:23:53
2026-09-03 05:09:00,CNC-03,H,23.49746402650834,37.45228187264286,2138.1429420615477,30.66429872463314,152.92963803016315,3.0356019249119797,12.401022060570764,57.408974674524366,0,2026-09-03 06:23:53
2026-09-02 10:28:00,CNC-01,L,296.00078571832046,310.21178425694,1445.2686055580546,,140.85435328830954,2.4711886093306172,13.012819367967763,53.29081740428485,0,2026-09-03 06:23:53
2026-09-02 23:12:00,CNC-03,H,300.1752793725539,311.7886030090433,2649.124303985436,15.459861741790526,1.0745170843045297,3.1341554737032546,7.677531234590132,51.214524966598354,0,2026-09-03 06:23:53
2026-09-02 19:21:00,CNC-02,M,26.353815915313135,39.529271924224815,2312.6939872422477,24.90791600565114,15.043024484103638,2.7983824565650175,10.871839829121791,54.973250849135496,0,2026-09-03 06:23:53
2026-09-02 09:39:00,CNC-03,H,296.5492576376343,310.6149883759256,1434.9657579238299,48.950151418212556,79.7153267730728,2.127953461493142,13.227701981363978,59.919242869282655,0,2026-09-03 06:23:53
2026-09-02 22:41:00,CNC-02,M,298.9020704549679,310.96508275507017,2632.0775056608236,17.431338231581496,15.883297176824989,3.13379633961597,8.574727657634888,51.81167079109133,0,2026-09-03 06:23:53
2026-09-02 14:23:00,CNC-02,M,298.4203118704554,312.5543375095619,1423.7411923872976,49.9976295745795,51.73801533524659,2.1359106982513594,13.298236572161155,52.190039372262504,0,2026-09-03 06:23:53
2026-09-02 11:44:00,CNC-02,M,296.7586038479992,310.31161388459464,1317.7501942988702,49.52039176891231,23.92349992542983,2.026272980215807,12.101781562798195,56.611919682269225,0,2026-09-03 06:23:53
2026-09-03 02:26:00,CNC-02,M,296.8742246688131,309.5151617927317,2483.7490959610827,20.091402978439316,18.892197383280752,3.0550126291634547,9.213850183052713,54.13354259347733,0,2026-09-03 06:23:53
2026-09-02 10:05:00,CNC-01,L,296.5129926129653,311.1096665340022,1441.789245636402,53.90482064920888,104.76294265547666,2.1357715357798397,14.26441085751608,52.559737247087575,0,2026-09-03 06:23:53
2026-09-03 00:56:00,CNC-01,L,,310.85978090749586,2770.905752883201,16.95540842398573,221.57997406276596,4.384479057113258,8.844986811219218,53.64900273294291,0,2026-09-03 06:23:53
2026-09-02 18:31:52,CNC-02,M,299.7350284847772,314.76716600840626,2220.5733193374804,33.39566742191343,173.3003807709171,3.1709134141664053,14.071584694267472,56.66210191073793,0,2026-09-03 06:23:53
2026-09-03 01:26:00,CNC-01,L,297.9262475082936,310.11572441686263,2709.8845714301697,17.210807476951622,30.08577129862765,3.3108625718205498,8.643306996598954,55.276954649736375,0,2026-09-03 06:23:53
2026-09-03 00:03:00,CNC-02,M,298.2741535572116,310.81419872004335,2755.692765791489,15.921367346375161,103.47741299062695,3.349175900134315,7.972142965818806,56.10760655072091,0,2026-09-03 06:23:53
2026-09-03 03:31:37,CNC-01,L,296.52381310535486,309.64701485674294,2467.1800450924297,21.61145891457534,172.26569599888663,3.525969564806218,10.09461825911618,57.033063611485716,0,2026-09-03 06:23:53
2026-09-02 23:29:00,CNC-02,M,298.3543051673011,311.28494132653407,2751.730296034928,18.8549568741136,67.37487022588122,3.245831560600399,9.524264970756308,53.946526495158295,0,2026-09-03 06:23:53
2026-09-02 12:07:00,CNC-01,L,297.1186337321366,311.28309332284243,1345.4641041147008,55.47418157439094,85.90137205746647,2.140251919469219,13.561567742582325,56.62877066420228,0,2026-09-03 06:23:53
2026-09-02 10:01:00,CNC-03,H,296.3618419075754,310.57403393813905,1410.122269641372,48.24166192678335,114.016808232524,2.2150372530541773,12.667062750188173,56.92942389365579,0,2026-09-03 06:23:53
2026-09-03 04:13:00,CNC-03,H,297.5492734004641,310.58106515878075,2444.1988706432076,22.82041933595495,83.55206104748108,3.103438937634151,10.507238665791672,59.82036809532446,0,2026-09-03 06:23:53
2026-09-03 02:33:39,CNC-02,M,296.9726324430916,309.6299225340101,2521.6323299152205,19.200021577019537,27.91636341791203,3.0733619148203815,9.136211063632198,58.417912147595516,0,2026-09-03 06:23:53
2026-09-02 18:06:00,CNC-01,L,299.4649786866898,314.2360086179129,1944.408263321017,37.94689901262674,193.56915587925212,3.2372080287509113,13.89197481517808,51.70354502183562,0,2026-09-03 06:23:53
2026-09-02 20:37:00,CNC-02,M,299.76882503124216,312.6631890465916,2460.5069497391214,20.879957043361525,105.93666494275276,3.064199999514599,9.332801950862315,51.70441649606493,0,2026-09-03 06:23:53
2026-09-03 05:44:00,CNC-01,L,22.58793729947439,36.650522379118854,2176.6375091626537,31.046833266333568,115.63642006078581,2.9727872353932323,12.830581917523828,58.77832789975343,0,2026-09-03 06:23:53
2026-09-03 01:18:46,CNC-02,M,303.10868113772807,310.82441578821266,2610.16289930399,21.673530181228667,185.7024480943224,3.645754455658208,10.37762308765598,42.784239305735014,0,2026-09-03 06:23:53
2026-09-02 08:21:00,CNC-01,L,301.48622056309466,310.35872485838075,1614.6667633810252,47.03947372138485,181.71893580721746,2.8137694537977778,14.560845041968184,50.79529738289952,0,2026-09-03 06:23:53
2026-09-02 08:49:00,CNC-01,L,301.5983689365288,310.6709533196134,1659.7321139125106,46.28214887219381,223.70684380762276,3.459165443480829,14.389158945745548,46.098125255600614,0,2026-09-03 06:23:53
2026-09-02 23:22:00,CNC-02,M,298.7098431467338,311.28977331792174,2601.916460012051,18.38381554595497,59.98554937102859,3.149188315955579,9.059659585400727,51.23466375921265,0,2026-09-03 06:23:53
2026-09-02 06:30:00,CNC-03,H,296.1935137419172,309.84409510709384,1960.5046980213933,,36.95570478791315,2.6267984569516907,12.706187796820867,57.460834288302344,0,2026-09-03 06:23:53
2026-09-03 03:13:00,CNC-03,H,298.1550339751643,309.71522932084935,2559.55303613066,16.1129773588665,12.633493735759682,3.1538921906409154,7.633950523300759,57.21452500751119,0,2026-09-03 06:23:53
2026-09-03 03:16:00,CNC-02,M,296.64598620511265,309.34039833708135,2487.5781743228513,18.984626384311227,75.69453227421474,3.062244604787711,8.783195313941778,58.04141160148733,0,2026-09-03 06:23:53
2026-09-02 14:21:00,CNC-02,M,298.3678434354939,311.7672276386845,1310.940127318641,47.79588769566774,48.602769664857064,2.0034118728150414,11.693435682749756,52.89374463711644,0,2026-09-03 06:23:53
2026-09-03 03:17:00,CNC-01,L,296.2168817517382,310.0748826182759,2472.4681719533014,25.573596437481644,153.55593071108132,3.4919455121545253,12.073055629120756,61.00173423801147,0,2026-09-03 06:23:53
2026-09-02 12:49:35,CNC-01,L,,311.6701903981095,1453.7847516614788,48.89339863662252,155.81350717014385,2.5184716645065066,13.234507800929519,59.29421904250567,0,2026-09-03 06:23:53
2026-09-02 15:26:00,CNC-03,H,299.13767218293367,313.73957273657106,1532.1193867143816,49.82967095515312,158.4807187807413,2.420370789260506,13.910743550339188,53.03709519091539,0,2026-09-03 06:23:53
2026-09-02 10:23:00,CNC-03,H,296.8820253864848,311.7641040003171,1565.6785842002207,48.49302862344655,148.38849601906787,2.3558083874098243,14.139720447752012,62.37368678213645,0,2026-09-03 06:23:53
2026-09-03 00:24:00,CNC-02,M,297.8450112783803,310.4544383959077,2597.7142505320144,16.87580275237689,125.96506446463273,3.2637563684606854,8.40785757546569,53.546845961393856,0,2026-09-03 06:23:53
2026-09-02 07:00:00,CNC-02,M,296.07333410453185,309.86220303116835,1953.92150284604,34.72841432599861,56.2023957234468,2.4758103577923705,12.531146218902958,59.600100067320994,0,2026-09-03 06:23:53
2026-09-02 23:27:00,CNC-01,L,298.7265956139626,311.18632820166806,2851.2570228922496,15.79322259734694,126.83299737412172,3.4437289339375163,8.530308780924514,51.68116607113093,0,2026-09-03 06:23:53
2026-09-02 11:42:00,CNC-01,L,296.7216736515302,310.3425818691224,1373.2025786066993,46.867036626097004,46.089021574474884,2.166872547890873,11.995457809809782,57.37262782110492,0,2026-09-03 06:23:53
2026-09-02 22:07:00,CNC-01,L,299.0271251009688,311.0385060747958,2809.864512958294,16.61169238710003,40.74856922912045,3.3990694249898676,8.668984685397207,50.88488944411784,0,2026-09-03 06:23:53
2026-09-02 12:36:00,CNC-01,L,296.94298088248524,311.1905417792216,,51.3076269540418,131.95532798054307,2.247694368171441,12.671094764384632,57.62442832834122,0,2026-09-03 06:23:53
2026-09-02 13:45:00,CNC-03,H,297.86707461259255,311.86849931343323,1464.161275150265,52.06405681546956,3.1391517217926945,2.073274986617722,14.246052867726894,55.148074313478126,0,2026-09-03 06:23:53
2026-09-03 00:21:00,CNC-01,L,298.5980834878832,312.07963301395705,2781.1332174398713,21.316312068414096,184.36381501610967,3.8451142403995138,11.020220838890511,56.14501811178001,0,2026-09-03 06:23:53
2026-09-02 19:15:04,CNC-01,L,26.5967725956329,39.088807980870286,2224.776669351086,23.26071729862369,78.69938818510234,2.8273148523015132,9.766764317717014,52.555111782114345,0,2026-09-03 06:23:53
2026-09-03 05:03:00,CNC-01,L,22.6156997540902,36.24333658835815,2116.0167827309497,30.39306362146954,63.097242234190716,2.749000414570072,12.061252145121061,57.34534557970823,0,2026-09-03 06:23:53
2026-09-02 08:39:00,CNC-03,H,296.16370511546273,311.3875835744682,1691.208743572321,45.73563238553441,223.04709416516857,3.047499008753133,14.602200526641365,60.198306221551974,0,2026-09-03 06:23:53
2026-09-03 05:07:00,CNC-03,H,23.51967776012833,37.13407643684275,2047.714890299279,29.412409890154247,150.3893930053104,2.8718152209836103,11.190611826418072,56.34653348281026,0,2026-09-03 06:23:53
2026-09-02 21:10:00,CNC-03,H,300.84267965334607,314.21058011343837,2460.8162391426235,23.500062730441105,131.1116431221764,3.1473634426741985,10.85810757861008,51.306970468920696,0,2026-09-03 06:23:53
2026-09-02 17:39:00,CNC-02,M,299.396657909328,314.1053144839738,1850.679132326143,40.29274307023679,101.71692096332015,2.5881208750832627,13.918065777224657,52.7365189539417,0,2026-09-03 06:23:53
2026-09-02 17:18:00,CNC-02,M,299.32112101935354,313.24587760278604,1961.5313838134193,35.11343135667888,72.96559612167358,2.501285682726421,13.079162297452399,55.614203229453594,0,2026-09-03 06:23:53
2026-09-03 05:49:00,CNC-01,L,22.40797221513941,,2336.1614660599944,30.0339880233313,122.1587953686251,3.0915716244822233,13.140103786756445,59.157891569335995,0,2026-09-03 06:23:53
2026-09-02 10:41:00,CNC-03,H,296.8062431162584,311.31050368434387,1356.0021266465246,51.24847622797217,176.6940646981119,23.325937870921244,12.809849867372321,54.75136479437175,0,2026-09-03 06:23:53
2026-09-02 10:07:00,CNC-03,H,296.8194618676743,311.3514025968123,1378.196497136163,52.66295863511455,123.23746466908867,2.138692516762448,13.720343339831361,53.05338428132759,0,2026-09-03 06:23:53
2026-09-03 03:40:00,CNC-01,L,296.6614032515581,310.55326646892877,2331.3066553398194,27.443617428311782,180.44500297703513,3.4437769209755915,12.204343990461892,58.86616102389233,0,2026-09-03 06:23:53
2026-09-02 08:15:00,CNC-01,L,301.06191083141624,310.4002497100905,1596.7370560117756,51.21061572701687,172.88671450872792,2.7010841943188897,15.323094349417483,49.99590707848987,0,2026-09-03 06:23:53
2026-09-02 08:45:00,CNC-03,H,296.2807114105776,311.12585340471753,1534.6816261394663,49.024713717790256,232.06538853772517,2.940543155428176,14.033797794682114,53.44579575398924,0,2026-09-03 06:23:53
2026-09-03 00:20:00,CNC-02,M,298.20419338228595,311.7023660618151,2777.571478713548,19.651817984180102,121.59189687227058,3.453698510424322,10.254722636060315,57.916387347150874,0,2026-09-03 06:23:53
2026-09-02 19:46:00,CNC-02,M,26.264701308745487,39.533273132475756,2257.121954126217,24.966228650679817,45.75943022510381,2.811319839896126,10.817601114536632,50.89536693551844,0,2026-09-03 06:23:53
2026-09-02 08:55:00,CNC-02,M,295.58068673339363,309.456450155398,1471.2580626074587,48.484756046290826,6.170987327813904,2.1106196413046328,13.269385228870874,63.86010672726643,0,2026-09-03 06:23:53
2026-09-02 18:31:00,CNC-01,L,299.89170627528534,312.9549182892456,2175.5550216597085,26.384448359640686,22.008380144236988,2.6059682222114273,10.7764563329974,52.49583971442875,0,2026-09-03 06:23:53
2026-09-02 08:17:00,CNC-01,L,301.35719613198165,310.58247415325485,1720.654075474558,45.401167641944625,175.88426330138228,2.8153639647032316,14.436534744702447,53.05986532103566,0,2026-09-03 06:23:53
2026-09-02 19:38:00,CNC-01,L,0.0,40.20216197448275,2420.6044735707956,26.59699354432184,105.71098119130072,3.1920608535887562,12.097423346994201,51.339560397175426,0,2026-09-03 06:23:53
2026-09-02 17:17:10,CNC-01,L,299.3143158824792,314.11002019387155,1780.252836712563,43.05562121773208,128.72759194850457,2.5315940102313106,14.514027483996164,50.89308798897945,0,2026-09-03 06:23:53
2026-09-03 01:15:00,CNC-03,H,304.68661244268765,311.45307540110963,2646.5496994238683,18.904122287035612,132.49989500203094,3.4301891863297764,9.394627169139138,42.40338457767054,0,2026-09-03 06:23:53
2026-09-02 23:47:00,CNC-02,M,298.4004975353611,309.91940915954075,2755.538038931373,11.774426651424655,86.38480183446926,3.249161706610101,6.2916580883718085,51.62182378134954,1,2026-09-03 06:23:53
2026-09-03 00:43:00,CNC-03,H,304.99090313196615,311.43582655286275,2599.705008085393,17.384677508111345,98.06262283786174,3.2270939750983008,8.504938613185153,43.1834385572137,0,2026-09-03 06:23:53
2026-09-03 02:04:00,CNC-01,L,297.6100493752212,310.4606898989429,2635.5104973315224,20.36525575390925,71.20277478779576,3.225209549699239,10.208300111788512,56.135055975549186,0,2026-09-03 06:23:53
2026-09-03 04:16:00,CNC-03,H,297.70717695984797,310.6421034750832,2333.169245852586,23.56861355953568,87.27145694384178,2.9951993439647344,10.224068090399436,59.90771732969668,0,2026-09-03 06:23:53
2026-09-02 17:04:00,CNC-03,H,299.95693494495123,314.18715414482375,2027.6711336450896,35.86132279511864,82.75153029238106,2.624981874528149,13.550480173704889,52.82363252959125,0,2026-09-03 06:23:53
2026-09-02 19:19:00,CNC-03,H,27.5630626089619,38.93347371942326,2435.80372049851,16.156921180547133,0.0,3.001993334866923,7.627218465963096,47.36395495985017,0,2026-09-03 06:23:53
2026-09-02 14:29:00,CNC-01,L,298.19112998239217,312.4156074695052,1682.844933847563,43.93498758647775,73.40083545890535,2.4201295554356665,13.960758211379288,53.90569956038135,0,2026-09-03 06:23:53
2026-09-02 14:33:12,CNC-01,L,298.45736080461313,312.43548811317396,1562.930313618148,43.95318537429576,79.52115874241406,2.3354350138615176,12.693125574972685,57.272138044695524,0,2026-09-03 06:23:53
2026-09-02 14:19:20,CNC-01,L,298.461954148895,312.53255503583966,1445.7791098253026,48.062552079618555,59.52260951917321,2.1769051282271694,13.111150405114545,50.85228301460151,0,2026-09-03 06:23:53
2026-09-02 20:10:12,CNC-03,H,300.6401804146331,313.82763642082074,2262.4950596209646,26.22088612274952,62.8897635164231,27.340546153337257,10.958685388599294,52.72350754825869,0,2026-09-03 06:23:53
2026-09-03 01:05:41,CNC-03,H,304.66916674961567,311.5881724503634,2797.3144528313787,19.262248048993055,122.78883786546535,3.390915862656292,10.162640348580362,42.13669610190138,0,2026-09-03 06:23:53
2026-09-02 09:47:00,CNC-02,M,296.1407239882507,310.2255486546059,1463.2828311513315,47.108111203948354,86.25641037519932,2.1752584241892228,12.823852729530948,58.634290240661464,0,2026-09-03 06:23:53
2026-09-02 12:12:00,CNC-02,M,296.84860848872825,310.6720358621525,1292.3546586149164,52.05020659342451,68.47681860584679,1.8936685515907965,12.564173310138662,52.53477749836102,0,2026-09-03 06:23:53
2026-09-03 03:48:00,CNC-02,M,296.80450365349327,310.36217399946497,2439.2803501159597,22.107492422085688,112.97011293614099,3.0427876050715827,10.17617339989802,55.484069859771665,0,2026-09-03 06:23:53
2026-09-03 05:30:00,CNC-01,L,22.681857360412607,36.50276942115198,2196.8326808575252,30.990208868362625,97.53640108132136,2.768758983930249,12.781041162440891,57.03382790737683,0,2026-09-03 06:23:53
2026-09-02 18:22:00,CNC-03,H,300.7488634998342,315.22042400293475,2121.6195487248638,32.089611302653246,187.93363705038394,3.209217339351592,12.706239211387167,50.39371210778289,0,2026-09-03 06:23:53
2026-09-02 06:27:23,CNC-01,L,296.3296352883391,309.61306355269767,2024.3175110207821,30.989079666400112,20.196087658191114,2.567463097299065,11.648164798577803,54.318553901709784,0,2026-09-03 06:23:53
2026-09-03 01:23:00,CNC-02,M,,310.00392705139626,2701.5554109201016,13.845172602859925,188.97507476564013,3.777780583259074,7.06974521486965,54.95053354579479,0,2026-09-03 06:23:53
2026-09-02 21:25:00,CNC-03,H,300.7017180596041,314.0704075655679,2495.1103767664304,23.27511159881118,147.8944205187528,32.425700199911915,10.782251105888534,54.583989402329614,0,2026-09-03 06:23:53
2026-09-02 07:07:00,CNC-03,H,296.1859661845023,309.66405393155975,1688.9138437573445,38.949891423764875,88.33373105077966,2.386319128304562,12.248573593314147,60.03530322970993,0,2026-09-03 06:23:53
2026-09-02 15:34:00,CNC-03,H,299.2509415242653,313.9640717958881,1675.7839174833,46.11558224501252,170.50099891531488,2.5442526938233394,14.802520994539536,47.94470076165079,0,2026-09-03 06:23:53
2026-09-02 09:15:00,CNC-01,L,296.1671641985063,310.4624738782194,1512.401736362932,46.780892501194764,27.341507031110705,2.1335271759840926,13.445907038705846,,0,2026-09-03 06:23:53
2026-09-03 05:23:00,CNC-01,L,22.53295199097039,37.010512316251265,2133.1500457721177,34.70486218243038,88.49348691434955,2.872193642514143,13.555093755313957,60.07526548613109,0,2026-09-03 06:23:53
2026-09-02 18:05:00,CNC-02,M,299.32592713498144,314.5437533121219,2096.0293014020754,38.271905052314445,136.59428699402247,2.8491306977280377,14.685627179126996,52.75049123717413,0,2026-09-03 06:23:53
2026-09-02 18:24:00,CNC-03,H,300.2795185650883,314.857737448387,2048.9722015553766,34.678859646309235,190.549071878215,2.9921560735528887,13.180506731903353,54.69647499734511,0,2026-09-03 06:23:53
2026-09-02 18:06:00,CNC-02,M,299.24695553283885,313.1066464049804,33260.40386390863,29.764300786115758,137.91409365595464,2.916738535296842,11.8361342209293,54.936354352962674,0,2026-09-03 06:23:53
2026-09-02 16:19:00,CNC-03,H,299.733296334275,313.1331399726111,1704.194285490975,38.49908793274722,18.908601480442467,2.1884151811179318,12.373620958034865,48.031522471677334,0,2026-09-03 06:23:53
2026-09-02 18:51:14,CNC-01,L,299.71849133912053,313.22427722993984,2448.0764993727807,24.938034583007997,46.36762667495763,2.911919803326957,11.59220839884583,50.460412021125265,0,2026-09-03 06:23:53
2026-09-02 13:13:00,CNC-02,M,297.71369971139524,312.67260102476246,1470.337892145914,51.02740568219647,165.16632577802366,2.5330802473307066,14.089366160188495,53.41428997969624,0,2026-09-03 06:23:53
2026-09-02 08:13:00,CNC-03,H,296.2627075784174,310.9140665584297,1522.013070292303,46.87528674344462,184.12991202284098,2.5978693023481703,13.600380073854057,58.21736660069165,0,2026-09-03 06:23:53
2026-09-02 21:24:00,CNC-03,H,300.821138035275,313.69759956351777,2716.596644839016,18.295491762506668,146.74292606352674,3.535171066722235,9.308588552779344,53.146346258237294,0,2026-09-03 06:23:53
2026-09-02 14:44:00,CNC-01,L,298.4067514973326,312.8082795059138,1681.761833565296,43.62036075693662,96.1975407255756,2.4144315856651364,13.993900356325865,55.903557359187836,0,2026-09-03 06:23:53
2026-09-02 19:48:00,CNC-03,H,27.670349574469185,41.44734900142794,2198.2924632823215,31.088360850037326,35.58178273774955,2.791857171102728,12.788186310779464,51.1372900602281,0,2026-09-03 06:23:53
2026-09-03 04:28:00,CNC-01,L,296.0675491833293,308.9663131194078,2348.7102988945876,24.242795517443025,699.4597346795874,2.9062744177113387,10.744026455523267,57.39864598435932,0,2026-09-03 06:23:53
2026-09-02 20:59:00,CNC-01,L,299.0728885170944,312.6951799257306,2600.884652320302,23.143177055060672,201.22299576778963,3.906247338830949,11.175170803837139,50.98687121643454,0,2026-09-03 06:23:53
2026-09-03 03:10:00,CNC-01,L,296.8283064560419,309.7271069505598,2368.4560281892523,21.599117052023047,145.553755657286,3.2699320192783436,9.554080729446584,56.54016239772851,0,2026-09-03 06:23:53
2026-09-03 00:50:00,CNC-01,L,298.6104871731114,312.3911614984923,2558.121098256256,23.237371480776304,215.1776892242216,4.073662598925403,11.062912533820896,50.56553265156571,0,2026-09-03 06:23:53
2026-09-03 02:38:00,CNC-01,L,297.10748236131377,309.97610091270735,2548.9605574968728,20.3877919275629,109.03341039984741,3.175625085073563,9.904050308484212,57.415644208942794,0,2026-09-03 06:23:53
2026-09-02 09:50:00,CNC-03,H,296.65449973086294,311.1033430898119,1380.596168268332,52.543101160534256,96.75751630868687,2.0420471371092215,13.618759826927784,57.19980524005824,0,2026-09-03 06:23:53
2026-09-02 08:54:00,CNC-01,L,301.8224101758798,311.2808039819361,1501.1748957774314,52.238206438398464,231.30358880868212,3.261906221500564,14.576382227738323,42.28158315251279,1,2026-09-03 06:23:53
2026-09-02 11:46:00,CNC-02,M,296.91673576162583,310.6776455328646,1376.529863960646,48.50209431504084,27.114853417758418,2.116963424117537,12.642829176138651,59.82028584885489,0,2026-09-03 06:23:53
2026-09-03 05:04:00,CNC-01,L,22.76781869255433,35.853216580462515,2307.2884388186953,24.159009637739562,64.3189254083612,2.8230244013623635,10.54709739812122,53.78082532932298,0,2026-09-03 06:23:53
2026-09-03 06:15:00,CNC-01,L,295.3585630071107,,1966.0685222528155,37.42722256152334,156.80952974099583,2.935146860510204,13.75427649766544,57.45071093323398,0,2026-09-03 06:23:53
2026-09-03 03:48:00,CNC-01,L,296.40435755185075,310.3404699997596,2398.0290788258058,25.9139069487288,189.85439543178842,3.535139927129864,11.975690116931105,52.745842909016616,0,2026-09-03 06:23:53
2026-09-02 07:06:00,CNC-02,M,296.11426136134355,310.29389746381395,1932.8660655931599,36.99773613876334,64.64887562429467,2.5717397452342987,13.418390006851265,55.736706723461495,0,2026-09-03 06:23:53
2026-09-02 16:07:00,CNC-03,H,299.5497008423966,313.34466726966934,1833.4848494523344,38.309857698372035,1.4315029811683202,2.391402063471281,13.182659520587814,53.90813222158394,0,2026-09-03 06:23:53
2026-09-02 18:00:00,CNC-03,H,300.2185364667847,314.11584830489113,2022.1310062140415,0.0,159.1009441114778,2.7932078853356446,12.380554755379151,,0,2026-09-03 06:23:53
2026-09-03 00:29:00,CNC-01,L,298.8768697371034,312.56844248090687,2699.297594769726,21.57511298341478,192.75341999991275,3.9250223559160307,10.695698505887504,53.563638020980584,0,2026-09-03 06:23:53
2026-09-02 17:34:00,CNC-01,L,299.53007380886027,314.5765742454545,1977.8444060430088,40.61204445520886,150.65996974315385,2.9127239709294233,15.111106606242558,52.34242714059593,0,2026-09-03 06:23:53
2026-09-03 00:41:00,CNC-03,H,305.0651846348634,310.94034504233775,2726.9713792580546,14.27637387801628,95.94993782149264,3.3085653683180527,7.324074015559696,41.3899004367847,0,2026-09-03 06:23:53
2026-09-02 15:55:00,CNC-01,L,299.1275240974043,312.6454724935299,1608.4368846517116,43.09454539210281,10.312499229951534,2.2293767433477187,12.74417060951529,52.94842134062228,0,2026-09-03 06:23:53
2026-09-02 20:24:00,CNC-01,L,299.1682585460977,313.04577735933105,2350.84043450614,26.484898498579867,160.79410752490824,3.26054199503711,11.895587540099507,52.4540441423659,0,2026-09-03 06:23:53
2026-09-02 08:20:00,CNC-03,H,296.3302922354207,310.79388444699583,1507.864486226586,48.51514476946796,194.41154607489318,2.645314553663068,13.971074504328092,60.99938160612915,0,2026-09-03 06:23:53
2026-09-02 07:48:00,CNC-02,M,296.29664416901505,310.7494056851629,1722.8715249560603,41.6496539519524,124.8257576075578,2.559169554412587,13.63652729041031,58.90089547458245,0,2026-09-03 06:23:53
2026-09-03 02:43:00,CNC-01,L,297.13061303060954,310.3045690526868,2622.948782036941,21.023455273506837,114.6060705260236,3.2907427762582167,10.279211256716872,53.96815601225444,0,2026-09-03 06:23:53
2026-09-02 20:10:00,CNC-02,M,299.85713902538055,312.6725724030706,2625.1395036602626,19.06905932843787,74.48662710621979,3.1681658599742066,9.569795614271301,54.9128340018218,0,2026-09-03 06:23:53
2026-09-02 13:30:00,CNC-01,L,297.7908361013836,312.54512509615574,1532.900615826599,46.033179735128144,217.3760657842545,3.168733681739739,13.47740972283527,54.5487681606933,0,2026-09-03 06:23:53
2026-09-02 21:21:00,CNC-01,L,299.3255785485619,313.4998804493042,2312.5907167450387,27.369668919867955,226.18206353190897,3.9103968895358774,11.830114220367864,55.2161942001178,0,2026-09-03 06:23:53
2026-09-02 23:36:00,CNC-02,M,298.36719401830055,311.37569281264973,2659.0826664594565,19.95267618973939,74.74270091284957,3.1989687811289604,9.85390754742069,56.80831302787395,0,2026-09-03 06:23:53
2026-09-03 05:48:00,CNC-02,M,22.282340787946396,36.69892433070726,2085.1572431033496,35.21545051604341,18.457347833120302,2.696347114929195,13.842794811522836,56.15798445037123,0,2026-09-03 06:23:53
2026-09-03 05:22:00,CNC-01,L,22.613437037130893,36.38548580803558,2139.066433286232,31.103556511059175,87.19694659492522,2.8489834225452504,12.258989597434557,64.23740493136157,0,2026-09-03 06:23:53
2026-09-02 15:25:00,CNC-02,M,298.8060841232052,313.7562337730918,1706.4902515730064,45.38765821721153,146.2341909771584,2.5463977969077214,14.40861790088604,54.86438767667665,0,2026-09-03 06:23:53
2026-09-02 07:50:00,CNC-02,M,295.8493852167164,309.96238004352966,1719.4327794297633,39.09608828120425,127.75369021103064,25.099827633324935,12.434139232835705,61.26305619937172,0,2026-09-03 06:23:53
2026-09-03 03:57:00,CNC-03,H,297.8904489025679,311.12462432926566,2362.2260077619276,26.712171440626577,64.32740439061496,2.9171335647325365,11.939018971432246,57.69816682318856,0,2026-09-03 06:23:53
2026-09-02 06:29:00,CNC-02,M,295.9402427921106,309.83067771560076,2027.3546346677592,34.594221275018135,13.306098610395065,2.506145061694201,12.863355132981635,59.99040544257298,0,2026-09-03 06:23:53
2026-09-03 05:41:00,CNC-03,H,23.419547461500372,38.81173549920817,2077.3603402746053,38.329711681881996,194.41835819528634,3.206033814190873,14.707236404995102,59.1210026303184,0,2026-09-03 06:23:53
2026-09-02 14:21:00,CNC-01,L,298.26272475745316,311.9428526647253,1395.900105170971,48.28944407860006,61.11972417273936,2.098758581508515,12.22206708206988,55.55849392476739,0,2026-09-03 06:23:53
2026-09-02 23:40:00,CNC-02,M,298.6007771197548,310.24865615391775,2769.143353176643,11.518453105473103,78.9728895631458,3.198450608041871,6.056118589831169,54.53973854131179,1,2026-09-03 06:23:53
2026-09-02 14:26:00,CNC-02,M,298.1839105765113,312.1739226995311,1363.801872838591,49.773163923331225,56.44745042628916,,12.78104008132789,52.6119153337173,0,2026-09-03 06:23:53
2026-09-02 21:29:00,CNC-03,H,300.6252912156081,314.41524653712094,2686.5547339379236,22.955796215705462,152.38593458419487,3.3786972167245874,11.694158924001439,52.175090595781704,0,2026-09-03 06:23:53
2026-09-02 12:42:00,CNC-02,M,297.52102852665223,311.41309731309315,1385.7281916643697,47.994244198143356,116.05955449757171,2.206238955402798,12.319755896865809,56.15029408523728,0,2026-09-03 06:23:53
2026-09-03 03:52:00,CNC-02,M,296.5920925557588,309.3870191462983,2321.7901790497017,20.758409302363187,117.68135206893605,3.0146462556155167,9.273859990834268,59.90448841025526,0,2026-09-03 06:23:53
2026-09-02 09:56:00,CNC-03,H,296.3409149200503,310.03681314655654,1381.0571359389694,47.530832545378445,106.127415553347,2.153195388699346,12.54450142897431,57.503067960947035,0,2026-09-03 06:23:53
2026-09-02 23:18:00,CNC-02,M,298.62896607207523,309.8585606045039,2690.842246916296,10.065552880027422,55.662866839874525,3.3178897635849585,5.051030408334273,52.068883214477445,1,2026-09-03 06:23:53
2026-09-02 18:48:00,CNC-03,H,300.5474423736129,314.92819584604354,2345.8951337720227,28.209220968892843,221.3428303027124,3.5366431529503006,12.160896553396322,54.02699096808513,0,2026-09-03 06:23:53
2026-09-03 05:33:00,CNC-03,H,23.192455554696778,37.91597160596962,2190.61388710236,33.74912443391846,183.92286613620433,3.1700859142892663,13.878354270996994,59.54000631829438,0,2026-09-03 06:23:53
2026-09-03 05:20:00,CNC-01,L,22.71471992493906,36.51841085003633,2198.448237798298,30.50305003133467,84.63587865076266,2.879984483096776,12.607307339683123,59.95234667941905,0,2026-09-03 06:23:53
2026-09-02 09:28:00,CNC-03,H,296.4153179228887,310.6124490227409,1539.0070430252324,46.9319707158636,62.73470781687537,2.3664323680483665,13.614273154832356,56.898481758765755,0,2026-09-03 06:23:53
2026-09-02 09:43:00,CNC-03,H,296.7116163252816,310.68494873266536,1337.872422457014,51.75004084801919,85.93187340658856,2.052563930798492,12.936640422519654,59.963586367807636,0,2026-09-03 06:23:53
2026-09-02 21:44:00,CNC-03,H,300.45001487390306,313.6995135470193,2519.025382539884,22.173616303907043,169.15531143922135,3.351775233042768,10.512280420394651,46.673571529990504,0,2026-09-03 06:23:53
2026-09-03 02:59:00,CNC-02,M,296.71356588345117,309.26422557869205,2642.6231527472505,18.103866106066437,56.19523215377566,,9.139629138857625,50.874139463543585,0,2026-09-03 06:23:53
2026-09-03 01:35:00,CNC-01,L,297.95792918037563,309.3913219852393,2704.8994177010554,13.803852866672681,39.88897686141099,3.2256486460427367,6.97037652321962,55.416079012028554,0,2026-09-03 06:23:53
2026-09-02 15:20:00,CNC-03,H,299.0770024246528,313.6001264848173,1673.9546311706138,43.65143716297411,149.58991925739429,2.5605755818979934,13.739599229808757,56.21968499528015,0,2026-09-03 06:23:53
2026-09-02 09:48:00,CNC-01,L,296.5011638167516,310.68000195358337,1532.1755089647227,47.765408267119035,78.32499779559517,2.2064371610770426,13.710176443890656,55.376946817892204,0,2026-09-03 06:23:53
2026-09-02 21:34:00,CNC-01,L,299.46103935503487,310.5823195577477,2667.5930370216024,13.395114471888053,4.366355494226711,3.139828391625991,6.617718539374858,51.1673296369349,0,2026-09-03 06:23:53
2026-09-03 01:05:00,CNC-03,H,304.8563768718391,311.3071460505214,2747.531395183808,15.896223604433784,121.7477608156697,3.4621195098202486,8.397463056513047,44.09370056171526,0,2026-09-03 06:23:53
2026-09-02 12:03:00,CNC-01,L,296.76136470108514,310.6664356653185,1418.9400904978604,48.63197166888555,79.56716645216,2.130082083165433,12.894016946227909,58.744131006983196,0,2026-09-03 06:23:53
2026-09-02 07:43:00,CNC-01,L,301.4065842123956,310.01420512010486,1714.5195275388041,42.67064275099909,125.81319324811702,2.595448021772651,13.568474503231053,49.415031292538686,0,2026-09-03 06:23:53
2026-09-02 06:31:00,CNC-02,M,296.0573462873622,309.3431444926664,1845.4896359387399,34.55452626413107,16.042952941113345,2.4017547889901825,12.017191768628402,59.07163091200681,0,2026-09-03 06:23:53
2026-09-03 02:29:00,CNC-03,H,303.7889341307418,311.6978308117386,2491.8168811972782,24.62559081472982,213.4196169968586,3.761185844781503,0.0,47.788858420294325,0,2026-09-03 06:23:53
2026-09-02 20:20:00,CNC-03,H,301.05326844753273,314.3731024703999,2405.4769328850925,25.052507836970868,73.29013035452975,2.9426867589537764,11.426360352244492,45.28293929756737,0,2026-09-03 06:23:53
2026-09-03 05:12:00,CNC-01,L,22.45548282718846,36.76415614012558,2000.9302748255993,36.522244248161485,74.47561912114863,2.633509393727618,13.636721992582387,60.95562243529033,0,2026-09-03 06:23:53
2026-09-03 00:06:00,CNC-01,L,298.59724076392473,311.3754804132618,2722.573032448074,18.724463273461772,168.412959260304,3.7924933970763575,9.566032257340874,54.708478816221266,0,2026-09-03 06:23:53
2026-09-03 00:36:00,CNC-03,H,299.37482547486263,311.61582731370976,2638.98831578993,17.636467122297134,90.74703012019425,3.2505855559591317,8.415653503747288,51.977280193061475,0,2026-09-03 06:23:53
2026-09-02 15:37:00,CNC-01,L,298.93425992419645,313.09187369025915,1460.0744222306803,44.71692435765942,176.2962821729075,2.681509072702713,12.3503913798909,50.215126036434135,0,2026-09-03 06:23:53
2026-09-03 01:07:00,CNC-01,L,298.111961002522,310.21669372255093,2541.983543617693,19.12051504839956,9.603703334293103,3.1102339882403767,9.161755199171026,50.56035356639596,0,2026-09-03 06:23:53
2026-09-02 20:47:00,CNC-01,L,299.1755541186525,313.110987839665,2544.419181432396,24.738374467708386,187.44794064475525,3.8011456672509247,11.91612577441179,51.39180794918339,0,2026-09-03 06:23:53
2026-09-03 03:21:07,CNC-01,L,296.56721993478794,309.47001796919767,2569.3202207991417,20.44865288315607,157.00023757428886,3.4315866611431405,9.763420044872865,54.57487948662749,0,2026-09-03 06:23:53
2026-09-02 06:24:00,CNC-01,L,296.4271672562515,309.80366515203673,1954.3246036013638,33.0565092026149,14.771405320132452,2.590785146461688,12.115136571658386,61.286784915563324,0,2026-09-03 06:23:53
2026-09-02 14:22:00,CNC-03,H,298.133192399661,311.8905820246108,1414.8368048331618,48.33990964828103,61.1720745665704,2.052485594664049,12.821590323780748,53.49720636498682,0,2026-09-03 06:23:53
2026-09-02 11:51:00,CNC-01,L,296.5785056082399,310.6563376413474,1336.0869249115456,50.5206623512252,60.43713105118307,2.1506814436115174,12.540036914003853,57.84930059460691,0,2026-09-03 06:23:53
2026-09-02 23:05:00,CNC-03,H,300.53024841445375,313.84776978562206,2648.460921392171,18.625505413956812,256.9670751602164,4.219469853864638,9.15504231920041,50.62142668546254,0,2026-09-03 06:23:53
2026-09-03 02:35:00,CNC-03,H,303.93252740023763,311.70991457274215,2644.68063214247,21.521622410265017,220.08727905142496,3.993194495779748,10.889117864161786,43.57687524239028,0,2026-09-03 06:23:53
2026-09-02 07:45:00,CNC-02,M,296.2997909456214,310.4667252544333,1837.789006938977,36.4867612899644,120.4258015946391,26.148308259077627,12.543714539260373,57.98553931366811,0,2026-09-03 06:23:53
2026-09-02 12:25:00,CNC-03,H,297.32705723320436,311.55578358169964,1427.4410705029627,50.423343376622896,106.25050884034948,2.178779061126399,13.487515476942544,53.79730628526383,0,2026-09-03 06:23:53
2026-09-02 10:31:00,CNC-02,M,296.47016562380804,310.8199370233977,1362.5011723990146,,154.97186567065899,2.3734718525151397,13.396598400565741,55.37772440216083,0,2026-09-03 06:23:53
2026-09-02 14:07:00,CNC-03,H,298.29671608287293,312.0803505932071,1443.822334647611,46.686821556053815,37.74163714424271,2.106198961048625,12.72476055896539,55.87850486240536,0,2026-09-03 06:23:53
2026-09-02 20:16:00,CNC-01,L,299.5334521105261,313.4370181583518,2553.56165548833,25.303664824143905,151.42571121559376,3.410944915645291,12.196092053529862,54.19003383452671,0,2026-09-03 06:23:53
2026-09-03 06:17:00,CNC-03,H,296.15352297315786,311.312326376654,1951.6800456383628,38.82877507974613,242.74345237115386,3.5385282860281326,14.082060573917259,61.46605870080326,0,2026-09-03 06:23:53
2026-09-02 13:12:00,CNC-01,L,297.3462844245296,312.5745340737336,1551.665073198993,52.7182225017847,189.08916844653794,2.865227637690705,15.421468792702138,51.189647948802644,0,2026-09-03 06:23:53
2026-09-02 22:46:00,CNC-01,L,299.336245276485,311.5793652022188,2617.4305519986456,17.811076033406952,82.87610722645871,3.1828872353206785,8.782953799609244,53.985112894667076,0,2026-09-03 06:23:53
2026-09-02 14:24:00,CNC-02,M,298.00619022541593,312.46268891267863,1470.4914927896266,50.955811247141746,53.2984481972494,2.1516709146279593,14.066349908995804,52.22321314116136,0,2026-09-03 06:23:53
2026-09-02 18:00:00,CNC-02,M,299.48809259092224,314.11513632214775,1998.177835818545,35.92043493179992,130.10945479206632,26.663427057344038,13.478323729215193,51.980253403088355,0,2026-09-03 06:23:53
2026-09-02 10:08:00,CNC-01,L,296.27220912913975,310.7625374451063,1525.0872096475186,45.82392426613685,109.44255804390566,2.2903600348058477,13.083329582649718,58.308855644125956,0,2026-09-03 06:23:53
2026-09-02 15:51:00,CNC-02,M,298.7519505786941,313.50605247324177,1630.0667477243258,44.91288737230924,184.7028306827847,2.8011810520678244,13.622100432709532,53.879814342442636,0,2026-09-03 06:23:53
2026-09-02 23:27:00,CNC-02,M,298.64074434489237,310.4401646589521,2594.4039479886674,14.13648711229245,65.266352249555,3.226780229619698,7.005419506407296,56.40402564866982,0,2026-09-03 06:23:53
2026-09-02 09:32:00,CNC-03,H,296.404113400688,310.71901184075085,1600.7306752713605,45.233658385326365,68.89645121824788,2.4273422674334935,13.646182376571188,59.13803334685673,0,2026-09-03 06:23:53
2026-09-02 07:49:00,CNC-03,H,296.22893710495305,311.0390096497678,1737.1094684795526,44.860024737814214,148.71374654447962,2.4943410703951554,14.706041399844729,60.94710451710092,0,2026-09-03 06:23:53
2026-09-02 20:26:00,CNC-01,L,299.27665702678826,313.2645819914204,2450.3111501979092,26.018306818327346,163.16305629360517,3.468320627275692,12.082220180132438,52.60771460892809,0,2026-09-03 06:23:53
2026-09-02 22:24:00,CNC-01,L,299.4740686914442,312.3628558368054,2498.8435382727,,59.13743088832712,3.0757527708358134,10.268237344368945,48.94714423579424,0,2026-09-03 06:23:53
2026-09-02 11:39:00,CNC-03,H,297.0887365936387,310.8586818766195,1403.7603462555626,50.21824343842373,33.428919800958134,2.120382400699394,13.22268443420875,56.159340784104245,0,2026-09-03 06:23:53
2026-09-02 13:17:00,CNC-02,M,298.0445644104483,312.6015998899256,1357.3461926514947,51.33574037347439,171.50461243417084,2.3814867638364046,13.004769487655746,54.17059403358455,0,2026-09-03 06:23:53
2026-09-02 17:19:00,CNC-03,H,299.96889866350165,314.23338779489393,1967.1041062018328,35.676520796114986,103.48043208782572,2.7140445519436773,13.042604351136909,48.11305870248925,0,2026-09-03 06:23:53
2026-09-02 21:31:00,CNC-02,M,299.2300836745359,313.2937162975536,2609.784150468758,23.566419711391344,167.53374574229434,3.485726310136561,11.669409053292725,53.95103714602744,0,2026-09-03 06:23:53
2026-09-02 08:09:00,CNC-02,M,295.9972837668664,310.966643369733,1561.9586739116887,48.11589836641953,155.8340553103348,2.389213269676322,13.800002394577671,57.610836268200465,0,2026-09-03 06:23:53
2026-09-02 21:52:00,CNC-01,L,299.2960569398006,311.80698730379373,2583.26696486458,18.904691725311842,24.351758658305933,3.123655674830926,8.918490121083659,47.894306210441,0,2026-09-03 06:23:53
2026-09-02 23:11:00,CNC-02,M,298.731655106285,310.70411442631735,2537.5998156546502,16.94150936274151,48.058501413511706,3.1000067871397388,8.152565485888207,53.912043726192195,0,2026-09-03 06:23:53
2026-09-02 15:26:00,CNC-02,M,298.70132742864877,313.40062631887866,1551.7658491994268,46.120902732914615,147.74070725071775,2.405607701951726,13.44089683218522,52.67005488169001,0,2026-09-03 06:23:53
2026-09-02 09:07:00,CNC-03,H,296.2813118066261,310.09165366607505,1524.5044216277638,45.73329046235,30.459135097771114,2.118083129007035,12.910027610868466,59.93301908088465,0,2026-09-03 06:23:53
2026-09-03 01:19:00,CNC-02,M,303.1728131300369,309.46408484858773,2774.86602079599,14.227971387143135,184.60361452126097,3.7666659492188845,7.345835483166095,44.74397798346503,0,2026-09-03 06:23:53
2026-09-02 09:42:00,CNC-03,H,296.47936807416096,311.5440278690127,1528.3553747719839,53.213302375214425,0.0,2.2594397932667047,15.374352022505954,57.17187376674123,0,2026-09-03 06:23:53
2026-09-02 14:07:00,CNC-01,L,298.20732028019955,312.40813158339006,1460.849076102251,50.65447182864153,39.176199978443314,2.2123683767718125,13.866032119578966,53.3321881090775,0,2026-09-03 06:23:53
2026-09-03 01:33:00,CNC-02,M,297.5579677524991,6805.768304761218,2725.4660694069125,17.880068710823938,199.69831089818246,3.9802287211149605,9.202132991880758,56.63229468269349,0,2026-09-03 06:23:53
2026-09-02 15:56:00,CNC-02,M,298.73072512095666,313.6349497115096,1754.9623035010989,43.08603049782735,191.96693499062204,2.8587750364510813,14.318962301688643,55.79951560348625,0,2026-09-03 06:23:53
2026-09-02 23:28:00,CNC-02,M,298.3890103334017,310.7525228226799,2724.8204728325036,15.318428067693098,66.31350006000031,3.1476301708343146,7.767191301499746,52.850813581017405,0,2026-09-03 06:23:53
2026-09-02 06:47:00,CNC-01,L,295.7404129968299,310.038097387698,2025.244945904455,36.484056810010685,46.466803943110094,2.6030767885630537,13.868277615061983,60.66939773059225,0,2026-09-03 06:23:53
2026-09-03 01:56:00,CNC-03,H,304.1199963238467,311.10389613904226,2609.8448070133086,19.08070700064059,176.76599683230026,3.5263373013719375,9.372299651042509,45.041250659374995,0,2026-09-03 06:23:53
2026-09-02 15:14:00,CNC-01,L,298.703587399732,313.1884308909894,1664.7291715181755,43.75519866546314,141.76215980611897,2.612663665197338,13.666333607520064,52.52487495430604,0,2026-09-03 06:23:53
2026-09-02 08:19:00,CNC-01,L,301.57964512552206,309.92748698981114,1721.4175815490169,40.515578266584434,178.7905415980951,2.8327960762696995,12.887632741679838,49.52541643628646,0,2026-09-03 06:23:53
2026-09-02 13:40:00,CNC-03,H,297.9388578705847,313.09040011411025,1345.5728653032845,58.35364172538352,225.01168428410585,2.743599693853269,15.004844367461322,52.13399669498634,1,2026-09-03 06:23:53
2026-09-02 07:55:00,CNC-01,L,301.3266839708719,309.9448420862624,1659.8071052639782,44.20540696189513,143.30073431676865,2.749443808978488,13.62347945816222,49.215405478596466,0,2026-09-03 06:23:53
2026-09-02 22:50:00,CNC-02,M,299.0327885582592,310.4389904246102,2813.573126764728,13.443375175384322,25.499103585750262,3.3670096320170813,7.082252045199807,53.926338012783205,0,2026-09-03 06:23:53
2026-09-02 15:50:00,CNC-03,H,299.5118458291895,314.08825118092,1500.8127017217653,49.384683395403364,194.39751888747526,2.5153930537061897,13.775574226037852,52.434842821390745,0,2026-09-03 06:23:53
2026-09-02 09:12:00,CNC-01,L,296.0232106611394,310.17436817506416,1750.322637408659,43.09965897706017,22.720121169342782,2.392820093548726,14.046455134614485,57.98172875520012,0,2026-09-03 06:23:53
2026-09-02 16:05:31,CNC-03,H,299.5706624289892,313.52939997754623,1838.5207260252485,40.91494304772166,0.0,2.4430339691430594,13.985781642817,1776.5568176020115,0,2026-09-03 06:23:53
2026-09-03 04:10:00,CNC-03,H,297.6035209927423,311.3326952603082,2357.558805238522,27.219644406795137,79.99640751922365,2.957559851107243,12.01269403516361,54.344851988320755,0,2026-09-03 06:23:53
2026-09-02 17:04:00,CNC-02,M,298.8802304432362,313.01441550011776,1842.2981043820203,37.97761041484331,53.68799159242774,2.3805382378418787,13.20195204495302,53.44594250938418,0,2026-09-03 06:23:53
2026-09-02 11:46:59,CNC-02,M,296.8232894080843,310.91027100967653,1333.913196834202,,28.71485341775842,1.9166131433269098,13.042404489640257,54.666769912428705,0,2026-09-03 06:23:53
2026-09-02 20:31:00,CNC-03,H,300.9613432584984,313.3963017363193,2405.592773766459,20.465368054226598,86.29949543702489,3.0700942706643097,9.16605424542295,49.63631992575547,0,2026-09-03 06:23:53
2026-09-03 03:52:00,CNC-03,H,297.73914735403747,311.1541535035052,2137.0862269239515,29.693890820879897,58.348363415278605,2.732549844669753,11.890969523883316,54.645405500298345,0,2026-09-03 06:23:53
2026-09-03 04:38:00,CNC-02,M,295.95880681431464,309.9652775536001,2342.989505862766,25.92441366516603,173.64941227284953,3.187421889382403,11.30689153520735,62.69605423933996,0,2026-09-03 06:23:53
2026-09-02 10:47:00,CNC-01,L,296.3605073250721,310.50205261460127,1447.4703905312879,46.7828655217181,170.64564756068256,2.5243695948919775,13.010417270127476,55.57745258815509,0,2026-09-03 06:23:53
2026-09-02 21:12:00,CNC-01,L,299.0993519521622,313.19464373383016,2640.277743983241,23.82811446764854,215.92215145390617,4.081671092862798,12.039077274021809,52.6767983249187,0,2026-09-03 06:23:53
2026-09-03 04:08:00,CNC-02,M,296.4626669084699,310.5691235370661,2350.384327264021,26.18210166466491,136.96514054347173,3.151559596248134,11.267962241765595,59.259347785042685,0,2026-09-03 06:23:53
2026-09-02 07:39:00,CNC-01,L,301.39972375610074,310.4327721243899,1741.4735608912717,46.59081091999392,119.98504400515124,2.525148089151249,15.15828083291686,47.098682931216985,0,2026-09-03 06:23:53
2026-09-03 01:55:00,CNC-02,M,296.79655655929315,310.56330530468307,2728.9534452400894,20.169070455126022,223.76163458391872,4.076660506530384,10.450683736781611,59.57354856697125,0,2026-09-03 06:23:53
2026-09-02 17:17:00,CNC-02,M,299.25136318568804,313.3796608575072,1969.6450890183328,34.36884508050767,71.59965416010543,2.593499903158214,12.698086096616548,50.78874493914557,0,2026-09-03 06:23:53
2026-09-02 21:07:00,CNC-01,L,299.24896819289444,312.8099676104196,2510.1455131272164,23.126304655023482,210.31193932147383,4.018867745243801,10.912527484215564,56.130835500605635,0,2026-09-03 06:23:53
2026-09-02 14:32:00,CNC-01,L,298.27436926965373,312.22204277193117,1486.579399095088,44.48900454313483,77.99593745173878,2.1764094195132353,12.156635403495383,54.74422734679395,0,2026-09-03 06:23:53
2026-09-02 06:55:00,CNC-01,L,295.9132823025417,309.8610731210464,1797.0087085541325,37.99852624143261,57.5526090989651,2.486427359680846,12.740299020531207,56.465810846451895,0,2026-09-03 06:23:53
2026-09-02 08:12:00,CNC-02,M,295.7678132071985,310.5236763397678,1573.9327240420942,46.73802157382565,160.2892264805676,2.561646640143344,13.778439273334982,61.82671880785196,0,2026-09-03 06:23:53
2026-09-02 13:07:00,CNC-03,H,297.9681848852168,312.631254876723,1335.791768368803,55.0301079387724,172.8421988201979,2.4455774200872007,13.805175089779775,58.97993310788534,0,2026-09-03 06:23:53
2026-09-02 19:39:00,CNC-02,M,26.214751592005427,39.12121546450646,2305.509394263391,23.053157233334208,37.22584953963149,2.93861840713334,10.08540647938678,52.8300858664795,0,2026-09-03 06:23:53
2026-09-03 03:44:00,CNC-02,M,296.7802596502142,310.0536517281783,2495.4877439626957,22.632352433622156,108.27960771071105,3.260695356653033,10.59095525786015,54.54666491118059,0,2026-09-03 06:23:53
2026-09-02 09:11:00,CNC-03,H,296.4439070673947,310.55876759853464,1467.888267147558,50.10253580289607,36.54162071833004,2.189994558967635,13.758032392845708,56.68313125967563,0,2026-09-03 06:23:53
2026-09-02 12:50:00,CNC-02,M,297.74196878408543,311.2327726143911,1413.4020571264127,43.32450011900337,128.72306481092056,2.2186296839019457,11.349513970808957,55.10221655671508,0,2026-09-03 06:23:53
2026-09-02 13:58:01,CNC-01,L,297.8891453440462,312.088768300548,1419.6825896296036,51.29962914883597,25.17809285967716,2.0959168716178707,13.591322774084759,56.599739601011315,0,2026-09-03 06:23:53
2026-09-02 23:46:00,CNC-02,M,298.41236712931936,310.16047089426917,2703.627223774055,13.360572033652508,85.35480183446926,3.310590389855072,7.0603758496828295,52.82044900966321,0,2026-09-03 06:23:53
2026-09-02 09:58:00,CNC-02,M,296.406587144188,310.0329902768768,1496.8453660651012,43.37646386093482,103.15021012495808,2.20952839435119,11.86603894678031,55.076045419617614,0,2026-09-03 06:23:53
2026-09-02 12:20:00,CNC-03,H,297.63792634179856,311.5011720446606,1343.7223598006221,50.579106535789705,98.36794259318629,2.0896300234407876,12.688858277430016,55.95712897587292,0,2026-09-03 06:23:53
2026-09-02 08:14:00,CNC-02,M,295.60729248210777,309.75619392986357,1632.113694829594,42.229890462694804,163.2377886531696,2.6833790048454658,12.990124679703571,60.47271369766104,0,2026-09-03 06:23:53
2026-09-02 15:49:00,CNC-02,M,,314.1026405691303,1682.2644695747601,45.93018376974382,181.763965634965,2.7446627914533868,14.351409737268687,56.5484452911767,0,2026-09-03 06:23:53
2026-09-03 00:20:00,CNC-03,H,300.1635677760192,311.8764063577437,2593.3649082311376,14.842420739191589,73.59947035880721,3.0867136533421844,7.260379411324059,48.051354771662794,0,2026-09-03 06:23:53
2026-09-02 09:06:00,CNC-03,H,296.39940777847625,310.29891469749185,1502.1716725079318,45.9543942945547,28.91122019024498,2.190707268695469,12.635109600294246,60.925054607873996,0,2026-09-03 06:23:53
2026-09-02 06:23:00,CNC-03,H,296.21308361213687,309.941607432787,2044.5809665082145,34.095192832937,27.53854438622214,2.6466133211235747,12.980867706693651,59.942031549245876,0,2026-09-03 06:23:53
2026-09-03 02:57:00,CNC-02,M,0.0,310.6079346529431,2491.8224533823745,26.20694671086867,53.90059062417661,3.1832422392869124,12.349297755480661,57.90361450979574,0,2026-09-03 06:23:53
2026-09-02 18:02:00,CNC-02,M,299.5509296320276,314.1128383696171,1986.5846056233725,36.823885078932626,132.73459269197227,2.6848375823820994,13.522172725456803,47.493221617347544,0,2026-09-03 06:23:53
2026-09-02 13:19:00,CNC-02,M,297.6056170815501,312.45092415512033,0.0,53.95238604105014,174.5877662879938,2.44447790396789,13.952259453140545,50.30006943082945,0,2026-09-03 06:23:53
2026-09-03 05:47:00,CNC-03,H,23.848557193654244,38.64745588307329,1994.9948571594275,36.51097688721089,202.42778856368363,3.0874406299268964,13.70805863870969,56.107708548270324,0,2026-09-03 06:23:53
2026-09-02 15:21:00,CNC-01,L,298.7649915593662,313.1226033094049,1534.4590412611565,45.546589763475765,152.382332089149,2.486071765490558,13.103278858886883,53.55019478653767,0,2026-09-03 06:23:53
2026-09-02 13:20:00,CNC-03,H,297.7489042847856,312.6027312929434,1388.8070742082202,53.42475642809209,193.33712106522836,2.6244573586797606,13.968386511007866,56.502171610923014,0,2026-09-03 06:23:53
2026-09-03 02:41:00,CNC-03,H,298.16829178693115,312.0055849293339,2613.3939137632597,21.58548726433807,226.69005792280063,3.896925481646264,10.589140671078077,53.61508105766867,0,2026-09-03 06:23:53
2026-09-02 22:59:00,CNC-01,L,299.2526345315495,311.712550220074,2618.2671410704806,17.529372875538886,96.75379859941732,3.2166834461555243,8.8121032584916,54.73819773621074,0,2026-09-03 06:23:53
2026-09-03 05:35:00,CNC-03,H,23.424011765355488,37.74387936052284,2155.4202037517903,28.860281119317335,186.46343681419634,3.104054879422803,11.848681268507017,55.87574661336044,0,2026-09-03 06:23:53
2026-09-02 06:50:00,CNC-03,H,296.3107415040666,310.3431316438645,1859.5560446771353,37.492847146151696,64.4740945369477,2.5196237849455327,13.182906175107108,56.00227419344645,0,2026-09-03 06:23:53
2026-09-03 02:57:00,CNC-03,H,297.9733314733047,,2624.570107138415,21.54911282043467,244.85347002449092,4.117655817337378,10.638879991763401,1801.0985214258994,0,2026-09-03 06:23:53
2026-09-02 18:51:00,CNC-03,H,300.68308033229,315.026470789575,2128.1483051685095,31.125775365005925,225.1792980169319,3.5200121913325195,12.602558209900081,53.35905787790857,0,2026-09-03 06:23:53
2026-09-02 12:49:00,CNC-02,M,297.53696310108154,312.59098065362633,1431.7677310528281,55.12998039189907,127.18957687133205,2.280907419421928,14.588108729849043,53.9200490755152,0,2026-09-03 06:23:53
2026-09-02 19:46:00,CNC-01,L,26.52331922385133,40.130616553191885,2385.239103323224,25.28435657872128,115.41426319153183,3.024580563828529,11.343710641410759,49.52649702386664,0,2026-09-03 06:23:53
2026-09-03 00:42:59,CNC-02,M,303.46909006454325,309.18828622331995,2797.3055723719854,11.249906505766603,146.0870901145467,3.4628020844990077,5.99603175836423,48.8330413873452,1,2026-09-03 06:23:53
2026-09-02 09:46:00,CNC-02,M,296.0948464227813,310.50818934710753,1497.311637218619,48.80835969171188,84.70773347467603,2.0925207391850225,13.660311628360875,57.46635839040313,0,2026-09-03 06:23:53
2026-09-03 06:04:00,CNC-01,L,295.53222369435684,309.5126066100947,2112.7438554135574,32.371993929931605,142.05396554557348,2.982041994258219,12.702552136825481,57.03813989761872,0,2026-09-03 06:23:53
2026-09-03 01:21:00,CNC-03,H,304.6864374296159,311.00578318843463,2722.1216683435814,14.239616646902322,138.88943594576128,3.4444201081660717,7.006789781980115,40.13935343439776,0,2026-09-03 06:23:53
2026-09-02 13:01:00,CNC-01,L,297.7100753583528,312.5558462712695,1399.504011821608,53.87003038581727,171.70773632437394,2.5180645831259567,14.417353914122096,56.82817638320015,0,2026-09-03 06:23:53
2026-09-02 15:42:00,CNC-01,L,299.10952950999143,313.9018602020328,1821.8050322749718,40.34518458041082,183.6941366205624,3.1057837187136124,13.411923208745163,53.68889408814178,0,2026-09-03 06:23:53
2026-09-02 15:18:00,CNC-02,M,298.87416886536647,313.52587886501243,1555.7801730776357,48.4050363511096,135.8763371204207,2.426300052154861,13.923823006227,52.42183168475986,0,2026-09-03 06:23:53
2026-09-03 02:47:00,CNC-01,L,296.9749994433916,310.5229103076097,2424.9379891077324,25.654304659904753,119.24221476891508,3.180177840495424,11.616947118654148,54.14813897344607,0,2026-09-03 06:23:53
2026-09-02 06:38:00,CNC-02,M,296.04315450740427,310.1172224383193,1966.7274383586744,36.61176985655828,25.581563841416852,2.5284129599219054,,52.73006118114718,0,2026-09-03 06:23:53
2026-09-02 06:51:00,CNC-03,H,296.3868903037505,310.5779316276474,1791.579238449994,40.52662280898431,65.87849181786113,2.4185275101742154,13.18956682651929,57.43281990592407,0,2026-09-03 06:23:53
2026-09-03 00:32:00,CNC-03,H,299.6103102413029,311.84438446146345,2642.9154583566237,16.250585307615452,86.51123057527496,3.267417291743113,7.996457115188879,54.145975756614895,0,2026-09-03 06:23:53
2026-09-03 05:38:00,CNC-03,H,23.288267015054373,38.04974026909707,2128.0339294424357,32.900113021035814,190.42891528389345,3.147415586850772,12.770063278072518,54.141806584408684,0,2026-09-03 06:23:53
2026-09-03 02:32:00,CNC-03,H,303.8440004093252,311.2819890237468,2518.6757890877593,22.81787215445329,216.78571567217347,3.5846035094854583,10.57686980227101,45.35510198550409,0,2026-09-03 06:23:53
2026-09-02 20:20:00,CNC-02,M,299.5155334766059,312.58343426186707,2364.3824748129623,22.468110419991355,86.29515847702095,,10.20871336081618,53.34850447843868,0,2026-09-03 06:23:53
2026-09-03 00:53:00,CNC-03,H,304.86103109118835,312.2004498406046,2774.166904323301,20.956370396160644,108.9171068451989,3.396221749013974,10.643626907923613,43.465732112045714,0,2026-09-03 06:23:53
2026-09-02 17:36:00,CNC-03,H,300.32410626488274,314.624955204326,1968.8523188108531,35.79909046963479,126.90865832419443,2.719200407679443,13.192010883826747,50.201378279695966,0,2026-09-03 06:23:53
2026-09-02 23:33:00,CNC-03,H,300.0501208503693,312.6633753982133,2687.482877613443,19.705061008408308,23.455656859240914,3.199366784513248,9.803591405608884,53.99699469473797,0,2026-09-03 06:23:53
2026-09-02 10:46:00,CNC-03,H,296.7357201161412,311.44212524562056,1322.6347255753183,54.08024727077627,184.51705071390953,2.2562533697475806,13.424882828044066,57.207534407464046,0,2026-09-03 06:23:53
2026-09-02 12:57:00,CNC-01,L,297.55230876885827,311.85946609188767,1285.530903679008,55.114773834250926,165.33069216866468,2.4148674974501994,13.364293751712053,54.72960808849178,0,2026-09-03 06:23:53
2026-09-02 16:11:00,CNC-03,H,299.6555514698445,313.61134213202394,1770.076606064866,39.532915180725375,7.30245065091329,2.342839054350352,13.073815158676357,51.12938497283345,0,2026-09-03 06:23:53
2026-09-02 15:15:00,CNC-01,L,298.7177923364623,313.2980672616018,1647.7572399230937,45.99300863962695,143.23423310517902,25.776753697457213,14.201305409752106,53.735433272122705,0,2026-09-03 06:23:53
2026-09-02 10:08:00,CNC-02,M,296.806900840409,311.22525629388775,1465.5713879141083,49.36397836549904,118.79275441142387,2.326326960945397,13.45876406489207,59.72790544438079,0,2026-09-03 06:23:53
2026-09-02 20:49:00,CNC-03,H,300.9670000666575,313.4495839290873,2494.966161893735,17.787096386838613,107.14775534584486,3.0394306156669413,8.154798014629922,54.10421504824332,0,2026-09-03 06:23:53
2026-09-02 18:13:00,CNC-01,L,299.5728136135685,314.1235454133748,2154.245856152039,32.05372011676271,203.02205167791558,34.872463948993065,12.88065875157962,51.484402911838565,0,2026-09-03 06:23:53
2026-09-02 22:50:00,CNC-01,L,299.282031544515,310.7983642838965,2664.517273796985,12.988593962442364,87.12213412856141,3.1941135535458556,6.333387583486654,51.21492386676291,0,2026-09-03 06:23:53
2026-09-02 06:40:00,CNC-02,M,296.1016592395671,310.34933474683555,2095.452808253986,36.351435504710935,28.257507527888553,2.6868107150971734,14.232880492895553,59.094366114931944,0,2026-09-03 06:23:53
2026-09-02 12:00:00,CNC-01,L,296.86459909634897,311.15246410545075,1345.6333062365807,54.07079154008246,74.76716645216001,2.0433769178577426,13.752734842283852,58.55138593515784,0,2026-09-03 06:23:53
2026-09-02 07:42:00,CNC-01,L,301.5843529128992,310.03373064905065,1746.7342983518488,42.010192636723175,124.36096988626642,2.5777085442242718,13.740961064513728,48.31882612826521,0,2026-09-03 06:23:53
2026-09-03 05:16:17,CNC-03,H,23.777035743187696,37.79858605221057,2134.9564798215993,31.626778234594227,160.62918087680185,2.861609663120453,12.702411675083797,55.523095602965775,0,2026-09-03 06:23:53
2026-09-02 14:16:00,CNC-01,L,298.1065207796401,312.1972251390524,1516.871636340697,46.52653574109647,53.283659277128564,2.0903477883116626,13.414731566232406,50.079477902161635,0,2026-09-03 06:23:53
2026-09-02 12:18:00,CNC-01,L,296.92099054931583,310.9716186021784,1458.5857831610826,47.340208189543084,103.39582243164503,2.2876320238630936,12.77331053940163,57.17177199086667,0,2026-09-03 06:23:53
2026-09-03 00:53:00,CNC-02,M,303.2436532247238,309.4164158714791,2636.9721486603958,14.500693432234346,156.7352591515725,3.5249543189124752,7.025411917184408,45.39708594247821,0,2026-09-03 06:23:53
2026-09-02 12:06:00,CNC-02,M,297.22449594060777,311.42710297541333,1403.7958997726587,51.031391112150004,58.88226578955082,2.1139893419899267,13.458197146453298,53.91702199928998,0,2026-09-03 06:23:53
2026-09-02 13:54:00,CNC-02,M,298.1458672456279,312.20505290634685,1443.474285757552,50.822780106515744,6.275242082240297,2.037758411043783,13.889578382927851,55.73252108868401,0,2026-09-03 06:23:53
2026-09-02 06:30:00,CNC-02,M,6386.779885296279,309.6720981733551,1981.1894654019948,32.91049498644488,14.65248736847675,2.5974219795765743,12.396440810807281,57.58024730711479,0,2026-09-03 06:23:53
2026-09-02 19:17:00,CNC-01,L,26.463583310923582,39.833372063003594,2124.3817660744644,29.165308870291042,79.99331334698745,2.808074196338697,11.663205457795547,53.65746763344913,0,2026-09-03 06:23:53
2026-09-02 14:36:00,CNC-02,M,298.43330399575746,312.3169520094602,1449.7355717401726,45.50360540100734,71.98343876567637,2.236460072661636,12.197069059459936,55.69081215923224,0,2026-09-03 06:23:53
2026-09-03 05:03:00,CNC-03,H,23.645419078119232,37.8316946453283,2306.8453802032373,29.02895731237854,145.35816855054938,2.9450165284664,12.457033453558756,55.693089663748985,0,2026-09-03 06:23:53
2026-09-02 21:19:00,CNC-02,M,299.050028977908,312.86756629759253,2554.7520601702618,22.492724227645308,154.2188800713694,3.356761665261053,10.593642582037402,55.966655959123784,0,2026-09-03 06:23:53
2026-09-02 06:41:00,CNC-01,L,296.19624713294473,310.59026710217654,1900.165671784677,39.14491947326462,38.18539504172749,2.5036578391494517,13.831336132408616,58.155095652784915,0,2026-09-03 06:23:53
2026-09-02 13:02:00,CNC-02,M,297.7895936451736,312.350945542517,1359.0989427931204,52.590960299427415,147.7345980500185,2.2813017501400625,13.199475779043286,53.02000603762093,0,2026-09-03 06:23:53
2026-09-02 15:52:00,CNC-03,H,299.6029986917387,314.5344702220875,1617.6046914495653,47.44312986241064,197.38234487599019,,14.55733821128037,51.813613685384844,0,2026-09-03 06:23:53
2026-09-02 13:05:00,CNC-03,H,298.08224435107076,313.21415566360076,1430.9227409956902,54.498842781933575,169.64351657751004,2.3900328350267537,14.66188305031588,54.152052301959934,0,2026-09-03 06:23:53
2026-09-02 20:48:00,CNC-02,M,299.66123401636094,312.9487700371081,2468.775495990262,21.80802307908543,118.59944499415305,3.1882308943249407,9.78605203109707,52.3578798114184,0,2026-09-03 06:23:53
2026-09-02 11:50:00,CNC-03,H,296.9519695874451,311.60951884183356,1421.8020332591773,55.34738197726151,50.890550103284305,19.919780175128547,14.660543761762481,57.108971347791545,0,2026-09-03 06:23:53
2026-09-03 05:40:00,CNC-02,M,22.272555071083275,,1967.540604924764,31.68919689745055,7.897694789120099,2.598844008370089,11.740501689141452,61.393003826936294,0,2026-09-03 06:23:53
2026-09-02 23:15:19,CNC-01,L,299.0669819475949,310.87675410971497,2628.976753847573,15.976423490261082,115.03243344478575,3.3775799409506173,7.928706377746484,50.58149546601421,0,2026-09-03 06:23:53
2026-09-02 19:40:00,CNC-02,M,26.400538243907192,39.234829995616565,2401.7223974353888,21.759053783620914,38.43223542758876,2.9542747190911016,9.790664724303426,50.65894112104798,0,2026-09-03 06:23:53
2026-09-02 10:03:00,CNC-02,M,296.2634378912437,310.41808300298464,1439.4553043015533,47.79517202300757,110.9777150862054,2.322572747436904,13.19757495285801,59.842260933917956,0,2026-09-03 06:23:53
2026-09-02 18:46:00,CNC-03,H,300.6959059239259,315.43826078042065,2079.6526767745618,34.72044827449224,218.88753662732054,3.309575803552831,13.562439496921408,50.67477599700695,0,2026-09-03 06:23:53
2026-09-02 19:09:00,CNC-01,L,26.33422544222384,39.57643411552556,2307.7025558471596,24.996402894165463,69.98865557604717,2.952447336370595,10.773453225905943,51.57772667147227,0,2026-09-03 06:23:53
2026-09-02 21:25:57,CNC-02,M,299.0297728293708,311.6561750123949,2620.8707258873187,18.041957268717653,163.04859786555664,3.521958498644715,8.875921729874229,54.354490006157356,0,2026-09-03 06:23:53
2026-09-02 08:28:00,CNC-02,M,295.6722688283356,310.59003581080566,1603.4539001588003,46.72588586328492,184.13825095729084,2.7387650698310884,14.20997794118371,59.69867512174495,0,2026-09-03 06:23:53
2026-09-03 03:55:00,CNC-02,M,296.6050115950171,309.71682796195296,2365.6049357055017,22.17908982272357,121.18866176047999,3.014547556101902,9.677665520503682,59.417950470297164,0,2026-09-03 06:23:53
2026-09-03 03:35:00,CNC-01,L,296.5243487397564,309.79753692377574,2517.6689763504614,21.45591778631848,174.5552354742612,3.579366707056264,10.107583194443853,59.60170950840542,0,2026-09-03 06:23:53
2026-09-02 14:59:00,CNC-01,L,298.7208638163984,313.3024896828414,1470.9150754166874,51.64554999192303,119.17117780938148,2.2995969294770493,14.168140571380926,48.460476129164896,0,2026-09-03 06:23:53
2026-09-03 00:19:00,CNC-02,M,297.86545778023856,309.72558567580757,2784.71160227885,11.718425630470536,120.5581908162198,3.4868572413638637,5.9650023220393384,50.34776302971695,1,2026-09-03 06:23:53
2026-09-02 19:11:00,CNC-02,M,26.304809696008476,38.8983307616806,2334.3715615244555,22.994735066896606,2.487570880646102,,9.820815620684423,51.376596827672195,0,2026-09-03 06:23:53
2026-09-02 23:44:00,CNC-03,H,299.98772407470324,312.0450325329987,2601.390060491403,17.92072282490242,35.25066448521336,3.182645237498247,8.624946341087972,53.63982296676542,0,2026-09-03 06:23:53
2026-09-03 03:32:00,CNC-03,H,297.875592681877,310.7307581344833,2369.7471308364547,23.290416890915616,34.72763509718222,2.872574323670241,10.531092819853784,54.76024482985491,0,2026-09-03 06:23:53
2026-09-02 15:45:00,CNC-02,M,298.95795783717233,313.78565702509826,1838.1280761531561,40.1853681862895,175.98242161907487,2.83894572693442,13.659133976331534,56.42939270918478,0,2026-09-03 06:23:53
2026-09-02 21:43:00,CNC-01,L,299.48719553203887,311.79363687899377,2580.3188173562517,20.321268133921702,14.40625445792836,3.0479852776445546,9.631322030099723,48.45879256917068,0,2026-09-03 06:23:53
2026-09-02 23:03:00,CNC-02,M,298.78904731568485,310.4518910158582,2745.410748478791,13.09038073633818,39.548280885938155,3.3192003130347305,6.520304273698364,53.93836416593506,0,2026-09-03 06:23:53
2026-09-03 01:13:00,CNC-01,L,298.00746011997296,310.80013465177194,2678.8303425814097,19.828539521212917,16.00812235777067,3.256054427673003,9.73589476476865,54.18309674183835,0,2026-09-03 06:23:53
2026-09-02 18:05:00,CNC-01,L,299.6212702929325,314.08343657918107,2144.673438695146,31.221188491036166,192.19936180359358,3.497472014768749,12.657965098840787,55.03623626454828,0,2026-09-03 06:23:53
2026-09-03 04:10:00,CNC-01,L,296.26090630266583,310.8595027696371,2419.2734139191402,29.959976112154944,216.2728205784636,3.9144602453133763,13.407680928843154,59.497191457434965,0,2026-09-03 06:23:53
2026-09-02 07:45:00,CNC-03,H,296.05507625673215,310.6119572235951,1596.016528599374,44.140898065521405,142.8846352027848,2.405106286055731,13.398029336059313,55.8082351282487,0,2026-09-03 06:23:53
2026-09-03 05:55:00,CNC-03,H,23.551231327310234,38.408099706006226,2005.0685155919005,36.12572957253855,213.18839311244315,3.298737110154476,13.62690330889664,59.10862714979425,0,2026-09-03 06:23:53
2026-09-02 08:52:00,CNC-03,H,296.4282478173231,310.28178859490384,1546.6397753042354,46.031067626384285,7.623618462218916,2.2252236345489136,13.419642418345404,62.35204066169305,0,2026-09-03 06:23:53
2026-09-02 18:47:00,CNC-01,L,299.7579718989746,313.6372203362953,2195.988104530781,32.462355845326755,42.66231791857692,2.815515639206301,13.393576061922639,51.44324003025072,0,2026-09-03 06:23:53
2026-09-03 00:58:00,CNC-01,L,298.43617412969945,310.52852459953994,2678.819285374002,17.4152623426293,0.0,3.3044872407877475,8.500017291441939,57.295562280480496,0,2026-09-03 06:23:53
2026-09-02 20:42:00,CNC-01,L,299.14170157901185,313.33869539585174,2490.880083089153,25.829249851061785,181.7422069202276,3.537587593247641,12.046560414425537,52.70762993251574,0,2026-09-03 06:23:53
2026-09-02 18:38:00,CNC-01,L,299.68064722127053,313.73822490674587,2117.007265492399,33.26280552188896,31.185182950007757,2.634232801205116,13.406640017012812,49.221950240215435,0,2026-09-03 06:23:53
2026-09-02 15:48:00,CNC-02,M,298.6177165986237,314.2464259360107,1820.1072479699196,45.65693940055243,180.27510088511247,2.9053998202349494,15.43342306141942,55.41944066304987,0,2026-09-03 06:23:53
2026-09-03 04:51:00,CNC-02,M,295.95527392270714,310.52576995089424,2346.225313759569,28.352347893412205,189.7326876775954,3.399161055212195,12.294752084691584,63.61006550756741,0,2026-09-03 06:23:53
2026-09-02 12:21:00,CNC-02,M,296.9124885759347,311.12897546852975,1355.7358078755533,51.66855422389366,82.75214218180969,2.074391301520679,13.17777331303263,54.10195610638034,0,2026-09-03 06:23:53
2026-09-03 05:43:00,CNC-01,L,22.487789316893895,36.94779478992234,2345.921164615543,31.731898568106658,114.36349262414493,3.016262318398078,13.851109461205171,58.654509853627246,0,2026-09-03 06:23:53
2026-09-03 01:30:00,CNC-01,L,297.9009178286917,309.9173746369256,2649.021999356049,16.88871364905184,34.47627220306253,3.2926293438746606,8.641570861994854,52.93651688349211,0,2026-09-03 06:23:53
2026-09-02 22:37:00,CNC-02,M,298.75827127538713,310.37693035431784,2745.0896129193065,14.527026008144553,11.571255262026654,3.3101384796828293,7.380123596866594,52.1582547628515,0,2026-09-03 06:23:53
2026-09-02 06:38:00,CNC-01,L,296.16625060585955,310.36873371374105,1928.164230030747,39.173962169327126,33.99871260578458,2.672159685131057,13.78511364219415,58.193384857144515,0,2026-09-03 06:23:53
2026-09-02 12:10:00,CNC-02,M,297.1439962941366,311.1441630640265,1342.839007790176,50.84441215373508,65.2768186058468,2.0699703729438546,12.61697239308641,55.8595054791945,0,2026-09-03 06:23:53
2026-09-03 02:52:00,CNC-01,L,297.0615516749925,309.71311526482856,2665.336331260317,17.667968328002278,124.87605133693722,3.3705897212248197,8.449775536448689,57.05415964342852,0,2026-09-03 06:23:53
2026-09-02 16:59:00,CNC-03,H,300.01755891085145,313.98591685135216,1807.0471952083387,36.950741084291565,75.778547962865,2.3851938221406255,12.748738096585933,52.87484742700111,0,2026-09-03 06:23:53
2026-09-03 00:08:00,CNC-02,M,298.2538724827668,310.5075046060762,2632.2770487723933,15.805917679949406,108.79612378150436,3.265441044851947,8.006253316305207,54.59610159923393,0,2026-09-03 06:23:53
2026-09-03 00:51:00,CNC-03,H,305.0463781745083,310.8621638043426,2732.5111775061087,14.733770000445654,106.75155499783844,3.2284086530428153,7.657183559684448,41.87519253284938,0,2026-09-03 06:23:53
2026-09-03 05:12:00,CNC-03,H,23.5357851412258,37.392235994244686,,29.10012121928076,156.7326684802442,3.1418969677632447,12.240554363826773,55.19034871763624,0,2026-09-03 06:23:53
2026-09-03 04:30:00,CNC-02,M,296.2082792415943,311.10322645747976,2222.8206582398866,32.926890799549845,163.8162955278834,3.204062381810164,13.723297396022904,54.46728696977155,0,2026-09-03 06:23:53
2026-09-02 10:09:00,CNC-01,L,296.1346433915669,310.43826316049575,1520.265449439083,49.42484102708026,111.01234520865559,2.2583988377852027,13.91831351843106,61.1649544018689,0,2026-09-03 06:23:53
2026-09-02 10:44:00,CNC-03,H,296.8436101959494,311.30446713249245,1418.5979712208537,51.09294736640804,181.3785527354296,2.474252074871997,13.766443326458258,55.44120160779054,0,2026-09-03 06:23:53
2026-09-02 15:27:00,CNC-01,L,298.761827707198,313.45350258764495,1645.3543551877992,45.64448534053871,161.4374251224481,2.678044137338176,13.911410511980652,50.009148371360745,0,2026-09-03 06:23:53
2026-09-02 15:46:00,CNC-02,M,298.71534024912677,313.6756100873763,1786.056192539263,41.96231559009935,177.40684583152063,2.8160823801813657,14.0104877236996,50.885933430516516,0,2026-09-03 06:23:53
2026-09-02 17:49:00,CNC-01,L,299.67647277712433,313.9818641127783,1910.1657692803074,36.878605281000404,170.91910298368288,2.96388776568401,13.120085708413374,52.22766279192316,0,2026-09-03 06:23:53
2026-09-02 18:07:00,CNC-02,M,299.3557348946638,314.19232324151835,2028.518155376995,36.444164504650125,139.23268161337538,2.8710577297900635,13.914888708145785,53.686855191749586,0,2026-09-03 06:23:53
2026-09-03 04:53:00,CNC-02,M,296.08854443952526,311.57311969866475,2203.783770330049,35.81180831069377,192.22307476135344,3.329692786666615,14.84932756383553,55.71832322186599,0,2026-09-03 06:23:53
2026-09-03 00:09:00,CNC-02,M,298.0476865757449,310.46559670392486,2629.109180295633,15.997315719872235,109.87897818718662,3.2811820328209125,7.528224984954868,56.6890329654519,0,2026-09-03 06:23:53
2026-09-03 01:44:00,CNC-01,L,297.71304764585545,310.3108591123723,2716.546919223315,18.719452294785146,49.551422879472014,79.79076539824538,9.654431139735387,61.06533507869142,0,2026-09-03 06:23:53
2026-09-02 11:41:00,CNC-03,H,297.09132714334527,310.8011195738608,1434.3582948061387,46.81951442931804,36.60693391979402,2.1438796514462517,12.611331125047695,54.16018034292935,0,2026-09-03 06:23:53
2026-09-02 10:18:20,CNC-02,M,296.241844741149,310.6615500661644,1272.9321729655194,56.34472787628217,136.11641028281636,2.141329998160258,13.463036886270636,61.48829638278705,0,2026-09-03 06:23:53
2026-09-03 04:47:00,CNC-01,L,295.95868162774985,309.16737861709674,2249.62559273765,26.45698570278098,42.91966954691184,2.79331693178724,11.342040097623874,62.64669770391592,0,2026-09-03 06:23:53
2026-09-02 21:18:00,CNC-02,M,299.1666940764356,312.5127817722644,2599.4003483322053,21.450930879453143,153.09636507017322,3.4933873926937378,10.25989275897607,52.44455949142383,0,2026-09-03 06:23:53
2026-09-02 22:11:00,CNC-03,H,300.4645257082741,313.96801282998655,2696.1400602663857,21.510503697512128,198.3354804822146,3.8252767154713947,10.909540144628938,47.85341466902055,0,2026-09-03 06:23:53
2026-09-03 05:00:00,CNC-01,L,22.76336367561987,36.641911171298034,2062.453194188062,32.36442170321906,59.28282719091646,2.7717338250928867,12.482816985730263,56.81155731928368,0,2026-09-03 06:23:53
2026-09-02 14:19:00,CNC-01,L,297.86891663967515,311.7366836093098,1376.735992235608,49.879475931498035,57.95159875604005,2.071273075400473,12.819902214708076,52.37557396091278,0,2026-09-03 06:23:53
2026-09-02 07:52:00,CNC-03,H,296.0309020030408,311.04196791092534,1756.1795433161353,43.68553813871144,153.10793141725904,2.6293542949974467,14.252497509011567,59.42281743624465,0,2026-09-03 06:23:53
2026-09-03 00:49:00,CNC-01,L,298.34481339887327,311.73387614218257,2595.0724232081952,20.27503216457586,214.0659355466587,4.1470197277597975,9.790095241687341,55.22215947821504,0,2026-09-03 06:23:53
2026-09-02 08:03:00,CNC-02,M,296.0970109174438,311.2929226274057,1721.3608720461655,47.200971862131524,146.94416014065553,2.571112297979883,15.079288911626772,57.69691233206197,0,2026-09-03 06:23:53
2026-09-02 18:21:00,CNC-02,M,299.13317813484935,313.2663429046933,2130.930221447714,30.75546344625988,157.80619173536775,2.936052185387854,12.12651631094458,50.24901833782438,0,2026-09-03 06:23:53
2026-09-02 10:46:00,CNC-02,M,296.6065380037027,311.0138509276047,1310.8881139842983,51.68317755415115,178.68838889249608,2.4649552493840283,12.627350751932035,57.503512106050685,0,2026-09-03 06:23:53
2026-09-03 04:35:35,CNC-03,H,297.43473246441715,311.48514929564516,2328.2456581868396,28.373987819199773,110.4792989807157,2.876514147499096,12.393765538424342,59.45061681860863,0,2026-09-03 06:23:53
2026-09-02 08:37:00,CNC-03,H,296.250056345067,311.25823993352725,1573.2923886405733,47.411150053954294,220.03262455815377,3.0053291870421597,13.538842582199768,58.00036055508503,0,2026-09-03 06:23:53
2026-09-02 08:44:00,CNC-01,L,301.51562495196424,310.53024265161287,1582.560922460583,46.9443441371983,216.16498900708535,3.1879249852037335,13.800845564658175,43.42521535107488,0,2026-09-03 06:23:53
2026-09-02 10:04:00,CNC-02,M,296.482389803887,311.6556872533942,1556.2359727519083,52.34053313383974,112.50802692259464,2.246310702938318,15.15730661571214,58.0937829293702,0,2026-09-03 06:23:53
2026-09-03 02:13:00,CNC-01,L,297.3772806105362,309.86997571005816,2668.356745918511,18.865063853401104,81.17838313369964,3.1507853320099897,9.725428762225832,61.09762060896087,0,2026-09-03 06:23:53
2026-09-03 03:11:00,CNC-02,M,296.40912051581154,309.70615314339784,2474.1826887512357,22.513154334833004,70.03305706139587,3.0621930901123298,10.51793045438835,57.72888935428812,0,2026-09-03 06:23:53
2026-09-02 12:34:00,CNC-02,M,297.42457818781395,311.79386308520077,1445.327216811804,49.41319309102728,103.32762972085371,2.1247305906303477,13.268858350370122,52.112375926314314,0,2026-09-03 06:23:53
2026-09-02 12:40:00,CNC-03,H,297.80252892224553,312.0204622901853,1458.987058023589,47.698528380490146,130.02154744601458,2.307603623300715,12.967357676884667,52.92229105364883,0,2026-09-03 06:23:53
2026-09-02 14:41:00,CNC-03,H,298.7294955831722,312.7068412247554,1517.756035277485,45.59845585079903,90.48546937667248,2.290865722667722,12.699804718922186,52.658235957090966,0,2026-09-03 06:23:53
2026-09-02 06:58:00,CNC-02,M,295.8116585841848,309.5079583591597,1845.746634705543,36.31726246413582,53.421902602172935,2.4301787561022907,12.563523910862292,56.79770456746081,0,2026-09-03 06:23:53
2026-09-02 12:14:00,CNC-03,H,297.4135260160557,311.6251914079682,1381.7894207738402,49.724025421403375,88.93779046716155,2.0586736071655753,12.805634558280156,60.96425095151943,0,2026-09-03 06:23:53
2026-09-03 02:39:00,CNC-01,L,296.90036365701667,309.39967020642587,2510.6339372349134,20.145276198206812,110.1572538967574,3.1768481267137005,,55.791717103130054,0,2026-09-03 06:23:53
2026-09-03 06:17:00,CNC-02,M,295.6209701956458,310.5446788613591,1755.870191102006,43.49702446180276,57.101390153048676,23.33196243027166,14.228155345000223,59.68297006236241,0,2026-09-03 06:23:53
2026-09-02 09:56:00,CNC-02,M,296.21635571782565,310.9569580811251,1475.2227164377505,51.793239356412386,100.12034901427481,2.1944888042389845,14.444983950851308,60.15542545995028,0,2026-09-03 06:23:53
2026-09-03 05:19:00,CNC-02,M,22.71254537267356,37.46056570662506,2206.4103676241166,29.96110939674841,225.19803197425034,35.90370724540005,12.465568099725353,54.20624839050788,0,2026-09-03 06:23:53
2026-09-03 04:33:00,CNC-02,M,296.21089993632535,310.98463915278256,2274.6932574805414,32.38817428612609,167.54572368397194,3.0841229272203767,13.761499285209686,65.99440219088005,0,2026-09-03 06:23:53
2026-09-03 04:40:00,CNC-01,L,296.18823745363784,309.49888652587373,2200.9630447404616,27.703160272940288,34.23324718994281,2.8165244088338004,11.62420081279582,53.221765297955876,0,2026-09-03 06:23:53
2026-09-02 10:34:00,CNC-02,M,296.41834408773565,311.6495960309474,1546.3262888950835,51.11039876437673,159.71022719243754,2.457967717849193,14.683956573000037,58.94866925310539,0,2026-09-03 06:23:53
2026-09-02 09:24:00,CNC-01,L,296.17166509025344,310.0761598644808,1577.0568408517047,,41.09036669107141,2.321864404198371,12.91104360824321,59.82264306206163,0,2026-09-03 06:23:53
2026-09-02 13:33:00,CNC-03,H,297.87395125329687,312.6385242092519,1439.8506949596383,51.96263704828858,213.94096318462542,2.8422333115827536,14.302001931833228,52.45854260410536,0,2026-09-03 06:23:53
2026-09-02 09:44:00,CNC-02,M,296.4486900229497,310.70856091106833,1530.4895154688977,47.59038627266764,81.5733929305994,2.234585470376133,13.9160186217166,57.484209078484184,0,2026-09-03 06:23:53
2026-09-03 06:13:00,CNC-01,L,295.4872766319092,309.6624708015392,2047.5407915853505,34.47675331679838,154.09869139220243,3.1472240074565487,13.351999062576464,59.74832659509631,0,2026-09-03 06:23:53
2026-09-02 17:03:00,CNC-01,L,299.1797944129072,313.6099965770634,1794.986169032713,40.27091665643895,107.87845713497143,2.5341222909934262,13.350381401650434,51.27078792244016,0,2026-09-03 06:23:53
2026-09-03 01:03:00,CNC-01,L,298.19070017513815,310.04864158153396,2596.6427168858004,16.706057815752494,5.333556238057056,3.0245543834183812,8.326772892891002,54.707535968073515,0,2026-09-03 06:23:53
2026-09-02 08:18:00,CNC-03,H,296.57921315847466,311.6915207612149,1791.3920102739576,43.603970825068195,191.4419812608432,2.8320612077432123,14.466193619976412,60.07484364815275,0,2026-09-03 06:23:53
2026-09-02 12:55:00,CNC-01,L,297.45040938660105,311.5562975582973,1320.8018179544085,49.68333081218211,162.13863303831894,2.3959925914375435,12.651045452332243,53.21094100468893,0,2026-09-03 06:23:53
2026-09-02 13:24:00,CNC-01,L,297.37526271558795,312.11450169529627,1340.5966265748207,53.87943159178453,207.9473350826181,2.7439450600206423,13.693576530634791,54.39092772275565,1,2026-09-03 06:23:53
2026-09-02 21:39:00,CNC-03,H,300.5904566259936,313.4893882756197,2581.404111881448,19.344114636020652,163.6438381656611,3.3963010870245416,9.462773422340877,47.23082913756102,0,2026-09-03 06:23:53
2026-09-03 00:07:00,CNC-01,L,298.80364649186777,311.228709808217,2693.1609180811415,430.3174416541686,169.48280275258676,3.695230734706318,7.501107518453283,50.98960606928396,0,2026-09-03 06:23:53
2026-09-02 13:02:52,CNC-03,H,297.8496529828259,312.189743001716,1260.6664813683149,53.747772474335974,164.8644675904497,2.2289937663175396,12.606941436381506,53.41909996550845,0,2026-09-03 06:23:53
2026-09-02 23:22:00,CNC-03,H,300.3467836597023,311.9597923095512,2681.885091885462,14.479378085911188,11.846184466366715,3.1199844537871706,7.262378889293098,53.26710235642267,0,2026-09-03 06:23:53
2026-09-02 21:06:00,CNC-01,L,299.0204309640796,312.5898613703372,2566.189832273857,21.19086909606993,209.1843143949613,3.983697278973286,10.3379082464503,51.866764463433945,0,2026-09-03 06:23:53
2026-09-02 17:06:00,CNC-03,H,300.06898767133197,314.56203088518276,1893.2982007495111,40.235639394459206,85.47353284509231,2.5494547814485666,14.150607000934045,52.97791210286694,0,2026-09-03 06:23:53
2026-09-02 14:58:00,CNC-03,H,298.9475726557168,313.597003517447,1724.3460889262296,42.86394879024931,116.4250971799651,2.5060447298794952,13.557351527915516,56.12648992202964,0,2026-09-03 06:23:53
2026-09-03 03:36:00,CNC-02,M,296.6322364199761,309.8263250325153,2473.89106279487,21.297174085343684,98.9359987026963,3.0582346106961227,9.662154624592254,58.646456189245036,0,2026-09-03 06:23:53
2026-09-02 13:34:00,CNC-02,M,298.18869994813736,313.4453667446166,1509.074071304837,52.57039562432187,198.22152182471018,2.6979353763467446,15.033367185902552,51.30968001541085,0,2026-09-03 06:23:53
2026-09-02 11:54:21,CNC-03,H,297.366409944003,311.0930126270555,1367.9970736517148,50.73166288497839,57.2821482184571,2.043004799040819,12.88262481752621,52.568349233301106,0,2026-09-03 06:23:53
2026-09-02 21:23:00,CNC-01,L,299.15262581522586,314.3507415046803,2415.917842270766,32.375512903813615,228.49397471305022,4.184265384388766,14.510459049317186,53.96938598140068,0,2026-09-03 06:23:53
2026-09-03 01:04:00,CNC-01,L,297.8720935431281,309.0570734779808,2630.055575582354,14.412759626414037,6.410691263007938,3.1636405985893665,6.89506500207078,52.84899457648753,0,2026-09-03 06:23:53
2026-09-03 04:58:00,CNC-02,M,22.794727433569392,36.75242568954894,2185.9464067228255,27.024690288160123,198.60423136315273,3.3693688980675893,10.748262220481605,59.40519112834527,0,2026-09-03 06:23:53
2026-09-02 15:32:00,CNC-02,M,298.87199084063457,313.7543787501073,1593.9620825948264,45.9819982631815,156.79005699078417,2.5552315834645722,13.611632710682828,51.832653551955175,0,2026-09-03 06:23:53
2026-09-02 10:30:00,CNC-01,L,296.29392731544584,310.6089995877299,1644.1879118183588,45.210265372386345,143.8960835614788,2.6611334637299113,13.898936842616447,58.44636636661005,0,2026-09-03 06:23:53
2026-09-02 18:20:00,CNC-01,L,299.6801864826931,312.69747349907834,2260.6012217046714,26.729192099843758,7.772019700065121,2.8694250056649806,11.465321910103961,53.8082888866308,0,2026-09-03 06:23:53
2026-09-02 09:57:00,CNC-02,M,296.24959324787375,310.65609014428765,1591.898542552334,47.056861022747654,101.62899573274903,2.3062304767692714,13.892871743777969,58.53423630748425,0,2026-09-03 06:23:53
2026-09-02 18:05:00,CNC-03,H,300.4069224861144,314.6310828371437,1986.876480139342,34.18073636305424,165.78600082498028,2.915600387146369,12.77100624438237,54.35899055892591,0,2026-09-03 06:23:53
2026-09-03 00:30:42,CNC-02,M,303.54701463169505,310.54281712753027,2793.680510218399,17.076884933653844,133.41702536451788,3.606158235278954,9.049298591086801,47.04979152420589,0,2026-09-03 06:23:53
2026-09-02 08:14:00,CNC-01,L,301.6173602816985,310.4835638646962,1369.0139094022338,55.797093367821496,171.37406235624965,2.4643966148558243,14.184388568919204,48.042716201636765,0,2026-09-03 06:23:53
2026-09-02 16:05:00,CNC-02,M,298.4789803643509,313.3509938760759,1774.8482779335159,41.439300995995794,204.8789587822464,3.1897803990248894,13.693496891477073,54.045115601551736,0,2026-09-03 06:23:53
2026-09-02 23:14:00,CNC-01,L,299.16328053084317,311.2033045124331,2691.7631584054648,15.3897631847938,112.86537966635724,3.438744836207349,7.611983463437282,58.64357712212197,0,2026-09-03 06:23:53
2026-09-02 21:45:00,CNC-01,L,299.16209867253866,310.5940711916096,2640.3395714034077,14.367703427232934,16.617248029779095,3.2445588581056475,6.92266127034418,52.09448430682594,0,2026-09-03 06:23:53
2026-09-02 21:03:00,CNC-03,H,300.8914279426123,314.09259369113175,2529.7075519075624,21.43189082032524,123.07665681634083,3.2822017072714096,10.138078573103984,52.333083314814104,0,2026-09-03 06:23:53
2026-09-02 12:00:31,CNC-03,H,297.034594155108,311.3975033290473,1521.120559004641,49.17004620606396,66.74346467872863,2.102443123071983,13.900651936580587,56.94591424584245,0,2026-09-03 06:23:53
2026-09-03 04:32:00,CNC-02,M,296.29494312399027,310.9230195086304,2115.455796620259,31.8046978247817,166.2856508300219,3.0545159256049508,12.569526176786145,57.266921745442346,0,2026-09-03 06:23:53
2026-09-02 09:41:00,CNC-01,L,296.0114776046701,309.8074248024649,1482.943832753111,44.7611938503921,67.42197340106846,21.568666318258067,12.420359623030093,61.57631803894328,0,2026-09-03 06:23:53
2026-09-02 13:54:00,CNC-03,H,297.9696493833342,312.1459572555473,1559.318564963622,49.323168777192784,17.339562145292007,2.3003882417884762,14.712243580106751,52.209425126425835,0,2026-09-03 06:23:53
2026-09-02 08:16:00,CNC-03,H,296.15807765789395,311.35342549216284,1675.8557712056333,48.46859262059922,188.56999951688596,2.7730793372322364,15.277423484261618,57.67119216169051,0,2026-09-03 06:23:53
2026-09-02 19:41:00,CNC-02,M,26.272475938102048,39.049294800414145,2294.2679002605573,24.284273144082455,39.65469598685114,2.879159339095497,10.45625996092718,50.253333307861126,0,2026-09-03 06:23:53
2026-09-03 04:02:00,CNC-03,H,297.6055810689881,310.0918414883217,2414.654666627591,20.826579778141976,70.38737383914015,2.958773372922335,9.45207737846448,54.4032485014735,0,2026-09-03 06:23:53
2026-09-03 00:39:00,CNC-01,L,298.4468599211549,311.21788454420226,2599.2241600381963,17.343121143705726,203.38502938265395,4.018026275423267,8.502708602922587,51.7064197918025,0,2026-09-03 06:23:53
2026-09-02 12:34:00,CNC-01,L,297.16620736355713,311.5639964097996,1339.930239072087,52.664149815555966,128.79124844742577,2.2162190109245707,13.415617097092932,56.621945622976234,0,2026-09-03 06:23:53
2026-09-02 12:47:00,CNC-03,H,297.66145040776024,311.98681774350484,1489.0691939531675,47.59888551513441,141.00466713763316,2.289411238780741,13.184483375734954,58.77679078739964,0,2026-09-03 06:23:53
2026-09-03 02:24:00,CNC-01,L,297.2024364100292,309.7721803989496,2451.216245802958,19.86051888461438,93.22698127123321,3.0418590110327033,9.080547717341021,53.49024394721424,0,2026-09-03 06:23:53
2026-09-03 04:21:00,CNC-02,M,296.1836789987056,310.47367075720155,2434.0651639511357,25.81342424888169,152.70895731342435,3.2572813494676502,11.83399513434973,56.31001389337351,0,2026-09-03 06:23:53
2026-09-02 19:20:00,CNC-02,M,26.544710510107848,39.32561651758084,2189.864176889581,24.87152204701801,13.829948559010525,2.7496695795294706,9.799973009578261,47.5353157151836,0,2026-09-03 06:23:53
2026-09-02 10:26:00,CNC-02,M,296.649003680298,310.84476402414094,1527.8493524078824,46.08865816403215,147.0244046981217,2.5076436455536877,13.098743451489431,55.2507970749796,0,2026-09-03 06:23:53
2026-09-03 01:39:00,CNC-03,H,304.576479198507,,2493.0764695704875,24.14166489898514,158.2977185457223,3.344773577642374,11.292117648979414,44.31242198197669,0,2026-09-03 06:23:53
2026-09-02 15:41:00,CNC-03,H,299.1614214271021,313.848998323222,1637.450030573449,44.2196821881438,180.89610392656527,2.6542428555094317,13.463240878874394,56.28484492422524,0,2026-09-03 06:23:53
2026-09-03 01:42:00,CNC-01,L,297.41206449292326,308.9221446876416,2705.3706662879763,13.991280081341978,47.42103795446033,3.2506089805125895,7.079023930626589,57.01960726323442,0,2026-09-03 06:23:53
2026-09-02 23:51:36,CNC-03,H,299.9298360834332,311.7361909222732,2641.278329792088,,43.78070509281136,3.190853231673918,7.715195952698379,46.85008576414919,0,2026-09-03 06:23:53
2026-09-02 21:31:28,CNC-01,L,299.1828612788817,310.87495409006084,2629.392496931034,16.32463009181406,2.1934688392900146,3.0939374732253784,8.19290089051345,55.914355402022885,0,2026-09-03 06:23:53
2026-09-02 18:52:00,CNC-01,L,299.59613084568593,312.9311185727088,2321.3875156635486,27.484707411760937,48.91105801312767,2.8782096698688924,11.965495337955522,46.0923937018505,0,2026-09-03 06:23:53
2026-09-03 02:12:00,CNC-01,L,297.21439056551134,309.83328748904216,2560.78543791369,19.477570852311658,80.07841818968078,3.139229398784421,9.339655261545506,56.653766428071215,0,2026-09-03 06:23:53
2026-09-02 23:13:00,CNC-01,L,299.21850138064974,311.02123863182186,2724.9790279025506,14.242749554653315,111.77937170475855,3.464434162925487,7.243780593583053,57.42481965648929,0,2026-09-03 06:23:53
2026-09-02 15:59:00,CNC-03,H,299.6842863626614,314.49617696162187,1583.6153629266412,46.465251738802415,207.70508256695433,2.8029461633322286,13.900803658068895,54.87885259179734,0,2026-09-03 06:23:53
2026-09-02 20:02:00,CNC-02,M,26.644134279896093,40.0009270530017,2366.281026433713,25.13769531459649,65.01611161386718,2.879000709588166,11.200025181718996,48.712159513728814,0,2026-09-03 06:23:53
2026-09-02 18:51:00,CNC-01,L,299.2964931961125,312.7948274134339,2127.4861734962633,29.48507877228109,47.673658148004414,2.7060159994123487,11.659663481216716,53.02820559377916,0,2026-09-03 06:23:53
2026-09-02 18:15:00,CNC-02,M,299.7106966240385,314.35477172692094,2120.561897909945,33.825473172104,149.8908618190808,3.0583607618001443,13.384898166622902,50.56144854351527,0,2026-09-03 06:23:53
2026-09-02 12:40:00,CNC-02,M,297.1963277081429,311.42628171002303,1329.9815313082177,53.17007508983104,112.86105420614975,2.028610928265062,13.040183020180677,50.77348843983963,0,2026-09-03 06:23:53
2026-09-02 18:08:00,CNC-03,H,300.38085005386085,314.06473280884734,2085.2456290678024,28.574630391608913,169.74737366023834,2.993047880466531,11.080582006379334,49.82075488827377,0,2026-09-03 06:23:53
2026-09-02 17:11:00,CNC-03,H,300.0207174995337,313.91972089438264,1862.7403294347214,35.041150025906695,92.45951786984476,2.4938065752330507,12.094308269986104,50.035520423898355,0,2026-09-03 06:23:53
2026-09-03 02:25:00,CNC-03,H,304.2742114386843,311.8377973954342,2566.501024276478,22.262483071886336,208.8707319515163,3.7416651235100518,10.632093477193648,45.57725852054644,0,2026-09-03 06:23:53
2026-09-02 11:59:00,CNC-01,L,296.7149292212868,310.7229253269002,1437.4019948369785,48.802450245696356,73.16716645216002,2.132304481625266,13.176323137696977,53.86541450994778,0,2026-09-03 06:23:53
2026-09-02 07:39:00,CNC-02,M,296.2685464763324,310.76946681997225,1796.584251515652,40.407525932135464,111.73368586549101,2.474158011316369,13.748852213968245,60.79178757547765,0,2026-09-03 06:23:53
2026-09-03 05:44:00,CNC-03,H,23.261723723192745,37.945166430623544,1990.7435676194232,37.24162671990913,198.41918214557256,3.1752393679047386,13.927141188181016,53.69559836374557,0,2026-09-03 06:23:53
2026-09-03 00:01:00,CNC-01,L,299.077072034112,312.2861225307442,2675.89352663276,20.11818086973726,163.11213284834537,3.6646449394456018,9.862792739671962,51.505056067853204,0,2026-09-03 06:23:53
2026-09-02 06:56:00,CNC-03,H,296.5741620319372,311.07199990764553,1659.6175093491822,44.14487579000325,72.97151727432325,2.3275288383289667,,58.72898909757282,0,2026-09-03 06:23:53
2026-09-02 09:00:00,CNC-02,M,295.79582547527275,309.7118095045061,1613.4152331514886,42.49929157637848,13.764371127960878,2.2562187228836876,12.792184678808082,60.78024234032178,0,2026-09-03 06:23:53
2026-09-03 01:24:00,CNC-02,M,297.51772700714645,310.19105024303474,2626.803341807376,15.990695374194482,,3.7353534598919738,7.7691068389404165,58.75797837955784,0,2026-09-03 06:23:53
2026-09-03 05:14:00,CNC-03,H,23.712685819981743,37.658342268085846,2199.1773698928546,29.51703815207103,159.35148939943545,2.9780619884136392,11.944685686393212,59.59394653475722,0,2026-09-03 06:23:53
2026-09-02 17:27:00,CNC-01,L,299.36981231759637,313.68365931179227,2072.2319889170826,33.53209411620819,141.14893906470874,2.9522564678165537,13.120847649011544,52.93658539667379,0,2026-09-03 06:23:53
2026-09-02 19:34:00,CNC-03,H,27.554073897352566,40.891402735518795,2354.725744178494,27.217690118453383,18.446946211130566,2.90095322194533,11.99618029720523,50.876432591747246,0,2026-09-03 06:23:53
2026-09-02 12:24:00,CNC-03,H,297.517567000707,312.0173426919329,1325.428515722567,56.72264736234963,104.6774455197885,2.082455847315447,14.037344336331465,52.59744359099875,0,2026-09-03 06:23:53
2026-09-03 00:03:00,CNC-01,L,298.80542349018117,311.17950856260404,2775.026597687302,15.767353028946008,165.23738200490143,3.676842764361937,8.140090586452732,50.96766305512493,0,2026-09-03 06:23:53
2026-09-02 11:47:24,CNC-02,M,296.51837638170144,310.27919100848766,1411.1716372407154,49.416594391441016,30.31485341775842,2.124058657766643,13.265587246838404,59.441499931620676,0,2026-09-03 06:23:53
2026-09-02 17:56:00,CNC-03,H,300.10996237417794,315.52221825170477,2154.3242047077833,,153.8436860342556,2.9055654791256966,14.921569162688627,54.390204512926275,0,2026-09-03 06:23:53
2026-09-02 13:12:00,CNC-02,M,297.88107819437204,312.6999701342636,1346.7034663309632,56.13525992556347,163.60521487989575,0.0,13.8501207340339,53.92901321757429,0,2026-09-03 06:23:53
2026-09-03 01:32:00,CNC-03,H,304.5431880594757,311.7356392599159,2647.4097893249937,20.402819659146495,150.71771929534887,3.4376100501148823,9.819955690768571,44.27156950839898,0,2026-09-03 06:23:53
2026-09-03 03:32:00,CNC-02,M,296.69939160357006,310.1914208228467,2434.580582763938,23.651560850745838,94.28057333597476,3.119779516207687,10.729361903907664,55.74605441671953,0,2026-09-03 06:23:53
2026-09-02 10:28:00,CNC-03,H,296.66455618573144,311.05130800627876,1329.2778669986928,49.35534595429768,156.2517773000458,2.2852254984173945,12.165713826922438,58.505404876636526,0,2026-09-03 06:23:53
2026-09-02 20:39:00,CNC-02,M,299.93647255437696,312.89935998068825,2447.8436956414153,21.283641300461472,108.23460881930373,3.1225434779676338,9.98257680461427,54.819780005933495,0,2026-09-03 06:23:53
2026-09-03 01:11:00,CNC-03,H,304.70439461904886,310.84950120442056,2640.4591157027603,15.42338741843676,128.12468046165952,3.3773593023090385,8.08929083119112,47.53603915866276,0,2026-09-03 06:23:53
2026-09-02 21:41:17,CNC-01,L,299.39476086461895,310.78699011881383,2536.7151466585146,15.669820844275238,13.27413972913127,3.108202463802624,7.549641619088158,53.887237429237814,0,2026-09-03 06:23:53
2026-09-02 08:01:00,CNC-02,M,295.55320312713076,309.9694430804783,1629.896914926483,44.982136332830606,143.96324385494853,2.414744217423908,14.057563258407164,57.68646407977526,0,2026-09-03 06:23:53
2026-09-03 03:34:00,CNC-03,H,297.97985484316183,311.3554186952462,2476.414484250325,26.10312354815302,37.022675373446894,3.0595998788082643,11.969434791975212,57.11565336445627,0,2026-09-03 06:23:53
2026-09-02 08:53:00,CNC-02,M,295.5905985246793,309.2772640123019,1487.5808083798975,47.41781487968075,3.0787199042789712,2.033803860582102,13.354461133475292,54.80135164117091,0,2026-09-03 06:23:53
2026-09-02 21:46:00,CNC-03,H,300.69154131002665,313.49024145479314,2535.2971056255283,19.188369979544238,171.29318778835506,3.380978703892673,9.298792092793972,48.442711418669724,0,2026-09-03 06:23:53
2026-09-02 20:27:00,CNC-03,H,,314.123092267071,2366.828418547438,25.808346593728963,81.62854510226177,2.965676071775421,11.576505442326921,52.99511676672604,0,2026-09-03 06:23:53
2026-09-03 01:08:00,CNC-01,L,298.20842465704135,310.6408144491122,2569.0717382795315,19.3696367788588,10.71389665626361,3.0306214825823443,9.388904709016321,57.552555569655304,0,2026-09-03 06:23:53
2026-09-03 00:33:00,CNC-03,H,299.60033617163157,310.52829105470096,2730.1381080802485,10.217552053671561,87.54667666102978,3.3332772796678536,5.181885491352801,48.723300014216136,1,2026-09-03 06:23:53
2026-09-02 06:25:00,CNC-02,M,295.93290366539657,309.53956904727215,2035.904063545323,31.843750288961445,7.931252995583738,2.7202971585312,12.364578535914585,60.31575318475025,0,2026-09-03 06:23:53
2026-09-03 02:00:00,CNC-03,H,304.4343029715162,311.24338305188274,2494.724966388586,19.39571149373801,181.19393884772154,3.3141167179209887,9.075663753926705,42.57543087300681,0,2026-09-03 06:23:53
2026-09-02 09:16:00,CNC-03,H,296.6452468552485,310.8706478858872,1466.1283522315043,49.89618384434843,44.33623329045806,2.102368993590492,13.713687283621141,61.51009833704103,0,2026-09-03 06:23:53
2026-09-03 00:22:00,CNC-02,M,298.1711021767362,311.49766135684155,2569.448985127275,22.042855840250795,123.80187140228095,3.303156742081117,92.31711057059326,55.805864034454785,0,2026-09-03 06:23:53
2026-09-03 05:57:00,CNC-03,H,23.666395661971308,38.907143232686735,2050.2842412377654,37.79269150363287,215.79747079344776,3.2807169626906023,14.684156700824634,56.17395932163269,0,2026-09-03 06:23:53
2026-09-02 17:25:00,CNC-01,L,299.3543384496293,314.23886681940877,1951.7162013272234,41.10653034826481,138.45183816071167,2.753963782514034,15.060492751035637,52.3191000148737,0,2026-09-03 06:23:53
2026-09-02 06:27:34,CNC-03,H,295.9788137206333,309.95292294829835,1942.5841357007787,36.10834535356152,35.62915381787262,2.5018594597777875,13.245680427179787,57.71826045240539,0,2026-09-03 06:23:53
2026-09-02 20:16:00,CNC-03,H,300.7561861339621,312.58805227915997,2589.9610826930325,16.21407927290741,68.67812551993934,30.45781255740655,7.954917830733497,55.33255745382783,0,2026-09-03 06:23:53
2026-09-02 20:05:00,CNC-01,L,299.7588324275111,313.2513209913679,2425.9806494446466,24.31882898375684,138.30654709018856,3.280394461349985,11.124173889517893,50.856541226501314,0,2026-09-03 06:23:53
2026-09-02 08:57:00,CNC-01,L,301.66634576851266,309.1147297725411,1632.1794987389706,40.981213977923325,0.0,23.083081728374957,12.497571306886542,47.082136232509306,0,2026-09-03 06:23:53
2026-09-02 12:58:00,CNC-02,M,297.83791528994146,312.3381380401223,1304.6917847757488,53.895792445536216,141.3853444128253,2.1623991371448104,13.042692335779488,55.691965999991744,0,2026-09-03 06:23:53
2026-09-02 13:59:00,CNC-01,L,297.945459904976,311.7809055182477,1378.406076290344,51.40985028060689,26.762463419394177,1.939863773215539,13.62810016681271,55.92022691850196,0,2026-09-03 06:23:53
2026-09-03 03:31:00,CNC-01,L,296.6089615009185,310.38327269751045,2479.9033112469224,24.395437028876664,169.89318104005898,3.4253632121600224,11.224345089432882,1942.9120321127994,0,2026-09-03 06:23:53
2026-09-02 08:07:00,CNC-02,M,295.65702154414436,309.6101523099201,1741.5975711902727,37.294819799480344,152.88726705956356,2.6702562233578653,12.123326499224367,59.98547498888215,0,2026-09-03 06:23:53
2026-09-03 06:02:00,CNC-02,M,22.011877996852945,36.300567971140595,2217.080387915093,31.778117749440703,36.80035944953921,2.831216135014493,13.194364947260487,58.25683685167098,0,2026-09-03 06:23:53
2026-09-03 05:23:00,CNC-02,M,22.43683443769328,37.71058236369254,1906.8792270315157,38.29670359459748,230.4139975855513,3.4643784496015635,13.45410084200413,57.11411290398938,0,2026-09-03 06:23:53
2026-09-02 17:15:00,CNC-02,M,298.94671728708164,313.609157680649,1961.5206207759427,38.80439150443107,68.87391472965645,2.6667350569251207,0.0,52.77060543751493,0,2026-09-03 06:23:53
2026-09-02 06:59:00,CNC-02,M,296.01317506822204,310.11561490466516,1897.3096447127589,39.98911365967952,54.822814881222996,2.568546502531273,14.145688746932956,58.82703632317806,0,2026-09-03 06:23:53
2026-09-02 18:12:00,CNC-03,H,300.3268107463373,315.08711592017414,1998.8110905785372,37.1483745697856,174.91779473050545,2.8463497940615965,14.094230195148885,50.276709173092094,0,2026-09-03 06:23:53
2026-09-02 17:09:50,CNC-02,M,299.06114053184456,312.867192672389,1909.0053401163082,34.53372855315887,63.394490227022565,2.496501853690296,12.398149742440307,59.94288835239291,0,2026-09-03 06:23:53
2026-09-02 17:00:00,CNC-03,H,299.9075652337096,313.80981005052087,1825.214105077373,36.92361868805355,77.1789409923172,2.4824997664264887,12.755305884183839,53.33190055259387,0,2026-09-03 06:23:53
2026-09-02 17:56:00,CNC-01,L,299.4341951799811,314.41511066954695,2013.1802027081692,39.02263391085167,180.26110204848638,3.1726803330535027,14.842172939606035,54.86518389727793,0,2026-09-03 06:23:53
2026-09-03 04:32:12,CNC-01,L,295.7423876967933,308.23821349789745,2139.8240107978745,25.959791044873292,24.3230110773356,2.6928176270098922,10.138082797372247,64.36138694216841,0,2026-09-03 06:23:53
2026-09-03 02:43:00,CNC-03,H,298.4735441496329,311.6630852446462,2661.276538056893,19.553625130102187,228.91727656152594,4.058746250641187,9.69866043829709,54.13148975192655,0,2026-09-03 06:23:53
2026-09-02 15:33:00,CNC-03,H,299.45645111227026,314.43864877096877,1643.043480006977,46.84895348726991,168.9959625897374,2.474333605078434,14.417641239854872,49.891053696860084,0,2026-09-03 06:23:53
2026-09-02 11:30:37,CNC-02,M,296.6749009423397,310.1498271524081,1321.8087067965193,49.73378267137664,1.6,2.0256746863573785,12.30799619727226,60.76082146246173,0,2026-09-03 06:23:53
2026-09-02 16:16:00,CNC-02,M,299.19113066140324,314.7864390364271,1839.231268645292,44.53547666121573,220.79733089324301,3.322082321285103,15.259183253182519,55.03302255850354,0,2026-09-03 06:23:53
2026-09-03 05:04:00,CNC-02,M,22.759625322143677,37.93628204731448,2328.2370536082967,31.691508623266504,206.09818291185633,3.5645963696124223,13.588445079947293,61.13490783086779,0,2026-09-03 06:23:53
2026-09-02 10:32:00,CNC-03,H,296.5814360908932,310.9860462328394,1456.8752000655172,50.095776972185185,162.4543453556778,2.3078910258297167,13.702404779445546,54.80323952078299,0,2026-09-03 06:23:53
2026-09-03 05:38:00,CNC-02,M,22.421231749754043,35.96204944874705,2077.21491747931,29.936243531220956,5.305467136425914,2.786233849118812,11.62004748120595,62.0254086505411,0,2026-09-03 06:23:53
2026-09-03 03:47:00,CNC-02,M,296.5576072648994,309.19784097313413,2539.1300292153805,17.287393527466346,111.80215374438332,3.13558370714776,8.092226249230865,58.862609849781116,0,2026-09-03 06:23:53
2026-09-02 16:01:00,CNC-01,L,299.2335316572264,312.8056610747322,1688.9163571462,40.16460259836781,19.06057137598487,2.3806764754499756,12.68882943548615,46.46237379266636,0,2026-09-03 06:23:53
2026-09-02 21:27:00,CNC-01,L,299.2281852963587,314.0057743110992,2549.281427635502,27.9604692162899,233.02123834878307,4.3108337667641345,13.641994313017337,49.583407599326236,0,2026-09-03 06:23:53
2026-09-02 18:19:00,CNC-02,M,299.4994355542609,313.83534523180606,2072.5230266289473,33.1069753470398,155.17952664116254,2.9248908297951597,12.787866334913591,56.30789238439566,0,2026-09-03 06:23:53
2026-09-02 06:48:00,CNC-01,L,295.87719543514066,309.45632950707255,1941.0921787488962,33.95125014096474,47.818445935887546,2.493251082810989,12.502913939816228,56.79193629895396,0,2026-09-03 06:23:53
2026-09-03 01:15:00,CNC-02,M,303.2844046370649,310.4850510355954,2740.5852621850972,17.329791916115894,180.34877043627034,36.51442985376968,9.23210809806447,41.82270048480611,0,2026-09-03 06:23:53
2026-09-03 00:04:00,CNC-03,H,299.7012247026926,311.7212212066919,2737.6300287308404,15.763669047493613,56.54393632667696,3.2552721108391514,7.988762559190652,56.74010204258281,0,2026-09-03 06:23:53
2026-09-02 07:44:00,CNC-01,L,301.71988309325195,310.3120053116964,1721.1093574149788,43.81642383990026,127.25526145566546,2.4626290273373987,14.223011731963895,45.81981018919402,0,2026-09-03 06:23:53
2026-09-02 09:34:00,CNC-03,H,296.4455491458384,310.65309803448315,1492.8639303621674,49.28472204833412,71.92651911082122,2.32851000547914,13.89093901776098,57.13275211478509,0,2026-09-03 06:23:53
2026-09-02 23:34:00,CNC-03,H,300.2045000087183,311.6519798173059,2689.673331875766,14.319163872060185,24.534439256582846,3.2797704389930513,7.430990306131834,56.211959404082585,0,2026-09-03 06:23:53
2026-09-02 09:34:00,CNC-02,M,296.26490132853667,310.1771521643805,1519.9241572461688,46.2084969611364,65.94707032467531,2.19327319125386,13.176807727031244,56.10407036040894,0,2026-09-03 06:23:53
2026-09-02 18:43:00,CNC-03,H,300.4589559060777,315.37942680427784,2260.392600156122,32.639093178644586,215.0523539349146,3.381947067671852,13.92293458360601,48.92707034338009,0,2026-09-03 06:23:53
2026-09-02 11:37:00,CNC-02,M,297.0057438298692,310.81808239243327,1382.8669455469737,48.646275446901264,12.783301706469981,1.937672860100764,12.538915698021405,61.26707947807762,0,2026-09-03 06:23:53
2026-09-02 17:28:00,CNC-03,H,300.09739084514814,314.45779782679045,1760.8272944699013,40.742482401115886,115.88363295233245,2.5166149307465857,13.01393653237744,53.974886177305216,0,2026-09-03 06:23:53
2026-09-03 00:44:00,CNC-03,H,305.0521675276465,312.3911469191465,2568.25330438663,22.222080063090914,99.19716198485335,3.2217079648848284,10.806950009294075,40.28998019969908,0,2026-09-03 06:23:53
2026-09-02 09:24:00,CNC-02,M,295.9540813722211,309.8609369248538,1500.7980015321016,47.0746988250836,50.56811273780036,2.143526737014335,13.142406654219831,60.87433486771706,0,2026-09-03 06:23:53
2026-09-02 06:42:00,CNC-02,M,296.09216710219204,310.1851404472444,2026.6774622391847,35.12125383462916,31.027801946194995,2.693344054245445,13.167007830718582,62.46296045511656,0,2026-09-03 06:23:53
2026-09-02 22:37:00,CNC-01,L,299.2269352211479,311.61070218022707,2657.358253932853,16.250903483294252,73.13960017330027,3.271483144171581,7.922440149438229,53.684019856742935,0,2026-09-03 06:23:53
2026-09-02 21:16:00,CNC-01,L,299.54401348339223,312.9541568176449,2593.3496225612103,20.509604646680362,220.4306408852739,4.27247291933061,10.000743206956196,51.98519252768124,0,2026-09-03 06:23:53
2026-09-03 06:14:00,CNC-03,H,296.2517968361815,311.3685532580635,2038.5362928461232,36.20124759843596,238.66223050943088,3.515014465854805,13.843526788179846,58.82014482656245,0,2026-09-03 06:23:53
2026-09-02 17:32:00,CNC-01,L,299.3181954513623,313.368931611419,1925.937260017327,34.8599549191276,147.9790251398885,2.8053726007375235,12.3833568290627,50.775947119664814,0,2026-09-03 06:23:53
2026-09-02 06:37:00,CNC-02,M,296.2025993271795,309.46646059656456,1950.9442218743661,32.14864073237849,24.218059379754866,2.5167724302741834,11.97698366437447,57.1574274665895,0,2026-09-03 06:23:53
2026-09-02 12:17:00,CNC-02,M,296.9781421650963,311.30697266456303,1397.570746108046,54.48184523729194,76.35599270417678,2.168695697881413,14.46098614812794,65.12866855827099,0,2026-09-03 06:23:53
2026-09-02 15:13:00,CNC-03,H,299.0148851167863,313.576814992413,1505.4229396254411,47.68932245335781,139.16343987231477,2.344100490436593,13.346799761054672,50.954139897238804,0,2026-09-03 06:23:53
2026-09-02 17:23:00,CNC-03,H,300.22184973173665,314.5496498163923,1860.0557689083298,38.68527523408693,108.93959538685341,2.571414106523597,13.497572877688565,48.11594699956137,0,2026-09-03 06:23:53
2026-09-02 20:26:00,CNC-03,H,301.231382468791,314.2279371434337,2429.222710069032,23.404915349858204,80.4431270159323,2.964161952432283,10.587698678722345,44.479105595236355,0,2026-09-03 06:23:53
2026-09-03 04:54:00,CNC-03,H,297.2523164691677,310.5176212883287,2312.199667582083,24.65553030965099,133.9251284660325,3.0608604185232653,10.677232825321001,57.30701165816892,0,2026-09-03 06:23:53
2026-09-02 06:45:00,CNC-03,H,296.2470395289659,310.22607608718226,1925.9892972396099,36.17401338182841,57.4954172654902,2.4925212589626544,13.228274353016268,59.58524827494695,0,2026-09-03 06:23:53
2026-09-02 23:23:00,CNC-02,M,298.5158847331914,310.0694365915523,2789.889827665521,12.747669232077106,61.02242450799434,3.4940065942894747,6.701251339508798,57.29203109624592,0,2026-09-03 06:23:53
2026-09-02 17:51:00,CNC-01,L,299.43869197541363,314.6430655202104,2116.0099336640874,37.556238709173776,173.6035262595984,3.207004960040433,14.831746779364064,52.60329033387309,0,2026-09-03 06:23:53
2026-09-03 03:50:00,CNC-01,L,296.4583366543487,309.99925011269846,2324.9962506632,0.0,192.2106243763992,3.5759985537587053,10.283491931768575,59.59667150973324,0,2026-09-03 06:23:53
2026-09-02 14:31:00,CNC-02,M,298.1914479426532,312.2780337791904,1485.3644841447015,46.824317051665794,64.22283679019057,2.2153720688916203,13.052344236218051,51.72896946181419,0,2026-09-03 06:23:53
2026-09-03 04:59:00,CNC-01,L,22.733748200509297,37.13849034401602,2188.8583878437917,33.90653806110114,57.98362565315346,2.753726426887671,13.828360978688803,61.0272720729025,0,2026-09-03 06:23:53
2026-09-02 20:46:00,CNC-02,M,299.564022486532,312.2433137124807,2523.1972898589115,19.218747225990974,116.30981800467208,31.45493172194102,8.917989455320377,54.3020722756754,0,2026-09-03 06:23:53
2026-09-03 02:51:00,CNC-02,M,296.58866979704004,309.144282866928,2543.812641646752,18.926739327255124,47.083816153122974,3.0928243438520076,8.90051544437574,56.57404736904877,0,2026-09-03 06:23:53
2026-09-02 07:48:08,CNC-02,M,295.7636463273582,310.3886477207081,1673.6408142155078,45.561284103744754,126.32251945875119,2.5405895554476547,14.312202552997249,58.82880450822617,0,2026-09-03 06:23:53
2026-09-02 21:48:00,CNC-02,M,299.2229883827701,312.49468546181197,2538.4337211117836,20.840326072857035,186.43350320109516,3.6221570762874844,10.064331567179572,54.68240090080455,0,2026-09-03 06:23:53
2026-09-02 13:43:00,CNC-03,H,298.1331584912949,311.6967985948111,1413.4210849123078,48.65995884374324,0.0,2.178332944824007,12.738629327788995,55.74966010967784,0,2026-09-03 06:23:53
2026-09-02 08:46:00,CNC-02,M,296.02235332082887,311.2810460287584,1565.2989103749112,49.846695993762786,211.34773382799074,2.9496753726689016,14.559846678449858,58.32032307817924,0,2026-09-03 06:23:53
2026-09-03 00:03:00,CNC-03,H,299.8006023927095,311.3536470509003,2681.2085913155734,13.970600509098881,55.50366030817791,3.2400593482418762,6.972042141703572,52.01460816924991,0,2026-09-03 06:23:53
2026-09-02 10:44:00,CNC-01,L,296.166780348854,311.24818454900776,1354.3810134078185,57.082110036957864,165.89469746228966,2.2993740278733776,14.441210276484268,63.03478753610823,0,2026-09-03 06:23:53
2026-09-03 03:31:00,CNC-03,H,298.38028750899264,310.9717775670836,2304.914743628623,23.40839954208772,33.55248780296762,2.945435819921122,9.866216780098782,52.04721342878237,0,2026-09-03 06:23:53
2026-09-02 12:04:00,CNC-02,M,296.84673869393947,310.27895005858204,1380.1983210161254,46.81637949728846,55.69790045830778,2.0650101263215226,12.340901777235981,54.33707820058584,0,2026-09-03 06:23:53
2026-09-02 17:54:00,CNC-03,H,300.41185523362793,314.74619692201503,2106.3335187135385,32.45488640275119,151.21047393245544,2.898213340337041,12.763022632020533,50.007045832753086,0,2026-09-03 06:23:53
2026-09-02 19:12:00,CNC-02,M,568.626162459567,39.068994864389026,2321.902127762176,22.940278632988246,3.7077410959029953,2.801004180531365,10.06927230120682,55.95940887299703,0,2026-09-03 06:23:53
2026-09-02 23:51:00,CNC-01,L,299.04528192737746,310.9022209723036,2694.122261567473,13.754783588599594,152.393306602915,3.5589955145735073,7.0925485489919335,52.73546329066237,0,2026-09-03 06:23:53
2026-09-02 09:42:00,CNC-01,L,296.3306587008588,310.7280293532614,1572.5778464167831,46.8610570081796,68.94508001926592,2.2170675958353296,13.860768824771315,59.10028234976576,0,2026-09-03 06:23:53
2026-09-02 06:56:00,CNC-01,L,295.85427762524165,309.87643467899437,1834.1975162072524,36.96967906899726,58.94040661432242,2.473077121927019,12.742449000562145,58.59271855521269,0,2026-09-03 06:23:53
2026-09-02 12:44:00,CNC-02,M,297.5302537149892,311.5829822144598,1325.0302893589646,51.044659558821174,119.2595544975717,21.132675824111775,12.807221190489976,60.4411442905061,0,2026-09-03 06:23:53
2026-09-02 16:15:00,CNC-01,L,299.27742027425313,313.14141782645174,1785.8139671569425,39.426560058628986,39.53827678665951,2.4936908374075855,13.282133036902497,53.17641709949397,0,2026-09-03 06:23:53
2026-09-03 00:10:00,CNC-01,L,298.6235545176524,312.4228758928749,2655.2835985036177,21.840346074671956,172.64489045088567,3.7232532034772694,10.529571927594967,50.23232104256343,0,2026-09-03 06:23:53
2026-09-03 06:22:00,CNC-01,L,295.42759204617806,310.53287908903104,2038.5526515277134,37.48639452813708,166.31041149642476,3.021258459592281,14.37430664150768,58.2220722781151,0,2026-09-03 06:23:53
2026-09-03 01:34:00,CNC-01,L,297.70455617924,309.8513448308519,2647.2459399666436,18.011026899123625,38.81260396942343,3.2095511717243452,9.044746223731556,57.804612140199914,0,2026-09-03 06:23:53
2026-09-02 12:33:00,CNC-03,H,297.696460579625,312.3301137790178,1324.2463306483169,,118.9143920636417,2.002926797852306,13.843461554874665,55.46934383470485,0,2026-09-03 06:23:53
2026-09-02 20:40:00,CNC-03,H,301.034676848521,314.5010260598944,2466.034537127042,24.26338701676589,96.6584623290837,2.9971541635588816,11.270613068159387,47.32217112467087,0,2026-09-03 06:23:53
2026-09-02 23:08:00,CNC-03,H,300.2190328646901,313.5403753240111,2696.4560969615427,19.27502824666072,260.1811622326127,4.3947682284302765,9.732456970728098,51.32083667949649,0,2026-09-03 06:23:53
2026-09-02 12:41:00,CNC-02,M,297.6942034500685,312.15819247659215,1385.766073496811,53.240207358836635,114.46105420614974,2.1215851639623544,13.749334217497564,54.406134070051955,0,2026-09-03 06:23:53
2026-09-03 05:14:00,CNC-01,L,22.4222238335434,36.456827326952464,2118.645828910497,32.735089257191326,77.03919285118226,2.8127040284727682,13.008666969192618,58.515880713718964,0,2026-09-03 06:23:53
2026-09-02 22:06:00,CNC-01,L,299.49774021902425,312.210891547674,2514.913346961588,21.3580188173642,39.68034555492772,3.080982300416195,9.950824899491046,53.059985596442154,0,2026-09-03 06:23:53
2026-09-02 10:01:00,CNC-02,M,296.36515391193785,310.4526659874802,1342.943785563968,51.96293784148195,107.85839831830944,2.135278436924486,13.410041317875432,58.9582999729404,0,2026-09-03 06:23:53
2026-09-02 17:12:00,CNC-02,M,299.1002722479168,312.7563780439011,1870.313605381878,34.05967133512712,64.78510274609388,2.5753411007886746,11.907614234940068,55.62600164657425,0,2026-09-03 06:23:53
2026-09-02 23:46:47,CNC-01,L,298.83319705931206,311.90298407475336,2669.5577258405747,18.88299160738086,149.16172385326254,3.5115676690108075,9.364033839119944,54.31402034091659,0,2026-09-03 06:23:53
2026-09-03 03:22:00,CNC-02,M,296.4905769876757,309.1636402235231,2395.7212589700057,20.72205710167932,82.68172653229954,3.049987610426849,9.242555457109406,59.200633275644684,0,2026-09-03 06:23:53
2026-09-03 00:12:00,CNC-02,M,298.19396670555506,310.9989418066661,2728.7545651074693,18.125710106665416,113.08148523383461,3.353049167454961,8.945440402848577,55.22239928704502,0,2026-09-03 06:23:53
2026-09-03 00:23:00,CNC-02,M,297.93046852778247,310.37287362411416,2754.7799664560794,14.701978966622098,124.8759453466503,3.3696626040406263,7.470218792354128,57.88461771861637,0,2026-09-03 06:23:53
2026-09-02 12:23:00,CNC-03,H,297.5259988730766,311.97150370027543,1362.1471058873876,53.630699336289794,103.07744551978851,2.104887982542487,13.659792859944933,53.322476603321576,0,2026-09-03 06:23:53
2026-09-03 05:58:00,CNC-03,H,23.43747790050776,37.836496279533776,,37.64428011124586,217.18127080169148,3.2583715732324157,12.99445172792684,57.49417882554171,0,2026-09-03 06:23:53
2026-09-03 05:30:00,CNC-02,M,22.610752197207432,36.987800762689915,2223.65562107779,29.35864986332172,239.46311748009998,3.7527101096742306,12.270581671520983,,0,2026-09-03 06:23:53
2026-09-02 06:27:00,CNC-02,M,296.0811762628564,309.36535855988296,1906.080257023889,33.91418782050825,10.659584634791623,2.5907709411430306,12.072961162684217,61.27877453634203,0,2026-09-03 06:23:53
2026-09-02 21:36:00,CNC-03,H,300.69504885807834,314.94124035981173,2489.5213691065564,25.757633162204733,160.28916438551852,3.3395567192643587,12.053325800009313,49.24396102932588,0,2026-09-03 06:23:53
2026-09-02 19:57:00,CNC-03,H,27.657287014792473,40.65283001309774,2494.498778774467,22.727513117828746,46.38570694316099,3.0987040976262454,10.994092812171639,50.507461918349435,0,2026-09-03 06:23:53
2026-09-02 22:52:00,CNC-01,L,299.45526425715195,312.0065802829328,41700.83848396851,17.923335607483835,89.25497041924511,3.310025558232825,9.03903856055927,47.77960218458125,0,2026-09-03 06:23:53
2026-09-02 14:40:00,CNC-03,H,298.72970337546286,312.97090736368136,1493.1355919203686,48.83276995583007,88.96653743076381,2.190372813767421,13.696665953715788,58.13632180049495,0,2026-09-03 06:23:53
2026-09-02 17:29:00,CNC-03,H,299.9217757987605,314.50732682521385,1719.1298969955988,45.09580618004032,117.29460947583728,23.57766393362253,14.574433727619702,48.93165995348001,0,2026-09-03 06:23:53
2026-09-02 18:10:00,CNC-03,H,300.19455434006215,314.1681570959333,2239.9791003220757,29.191178787990477,172.29585437824608,3.140639080017844,12.171793119330077,51.48021219638558,0,2026-09-03 06:23:53
2026-09-02 17:17:00,CNC-01,L,299.2906347516541,313.8510883394226,2000.7245557427198,37.83626055466945,127.30244869574412,2.8796913112979508,14.070198037939603,56.054889218075886,0,2026-09-03 06:23:53
2026-09-02 09:27:00,CNC-01,L,296.1061013223192,310.291537465707,1515.3208228093438,49.58547967321166,45.663618862251454,2.141756120065664,14.190728219508463,56.05369178578441,0,2026-09-03 06:23:53
2026-09-02 18:28:49,CNC-03,H,300.6352972132691,315.8265920236365,2251.8020854802016,34.020421290273326,197.07081935067245,3.268276175885946,14.372843035764078,48.571060550077185,0,2026-09-03 06:23:53
2026-09-02 18:46:00,CNC-02,M,299.67549056991055,314.80086481754233,2049.167123278964,36.88514271077013,189.87930819556527,3.312134305141767,14.36349157996283,48.00258074014987,0,2026-09-03 06:23:53
2026-09-02 15:24:00,CNC-01,L,298.7733538878493,313.3256425569537,1588.1794750735853,46.533351939960966,156.90844716758468,2.585394794891097,13.788372818780006,51.45390205487313,0,2026-09-03 06:23:53
2026-09-02 14:02:00,CNC-03,H,298.2195533563244,312.23156491513845,1330.0838993694547,54.60418748550924,29.886139045836682,2.0127474709557966,13.414274950012373,55.941056621867894,0,2026-09-03 06:23:53
2026-09-02 10:10:00,CNC-02,M,296.21702943033097,310.68439734448924,1454.9276707071162,48.8105152715158,121.90455932230276,2.297156076979439,13.30316777559561,57.546447824719614,0,2026-09-03 06:23:53
2026-09-02 15:44:00,CNC-02,M,298.6187594731155,313.44516859976613,1546.141986090471,46.93312063003042,174.54263625401055,2.5257146940902353,13.4903174683446,53.607581608035574,0,2026-09-03 06:23:53
2026-09-02 20:05:00,CNC-02,M,299.8083980758237,313.7832581097874,2444.979039137494,26.28341402167274,68.60659166929706,2.8957811663822857,11.747170022034236,52.167904191201096,0,2026-09-03 06:23:53
2026-09-02 12:27:00,CNC-01,L,296.7929218817021,311.89117126899146,1507.485312138851,53.575072314505455,117.67629915255199,2.312392524317249,14.844314063201248,56.25601627142804,0,2026-09-03 06:23:53
2026-09-02 22:03:00,CNC-02,M,299.0654312682347,313.2182509086633,2654.157273538313,23.239818714083274,202.85694329744243,3.806907266226502,11.764814932245214,53.71802677582063,0,2026-09-03 06:23:53
2026-09-02 12:39:00,CNC-01,L,297.1238116478365,311.8621238119571,1420.095551133901,53.930166180233606,136.71755911868615,2.3018368599798906,14.422705572363475,60.679363810947684,0,2026-09-03 06:23:53
2026-09-02 18:29:00,CNC-01,L,299.47753169926176,312.4495543822765,2225.576298537033,26.99320443542203,19.4521176711348,2.839557067647991,11.379775063958379,55.46469272822649,0,2026-09-03 06:23:53
2026-09-03 03:03:00,CNC-03,H,298.22187465518334,311.0828412635491,2442.03029240733,24.325705391994795,1.1862649659311004,3.0380860870678794,11.01029146892947,54.33129197132667,0,2026-09-03 06:23:53
2026-09-02 14:25:00,CNC-02,M,298.39008291306897,312.3575819625134,1431.658918140011,47.01581731296209,54.864724204208635,2.0565012950166306,12.666389317988331,51.31580074664497,0,2026-09-03 06:23:53
2026-09-02 20:04:00,CNC-01,L,26.426793230382145,40.35871465869286,2409.2585682491376,26.955039689865526,137.12720693579084,3.1831176600925697,12.060294859896198,51.64633724331479,0,2026-09-03 06:23:53
2026-09-02 15:53:00,CNC-02,M,298.76414985225483,313.561296833265,1678.561444598637,42.391012776869005,187.6253543073546,28.587676339363842,13.25915882415817,54.666356623995924,0,2026-09-03 06:23:53
2026-09-02 11:31:00,CNC-03,H,297.12915234108976,311.09607518660226,1334.9495486994333,53.70963588966654,20.71125217702347,2.022689546007881,13.211580958694066,54.909122222935785,0,2026-09-03 06:23:53
2026-09-03 05:42:00,CNC-02,M,22.446477913285662,35.903753842447315,2059.1542138195887,30.99669761523218,10.597736462971117,2.618530655619781,11.960843786183217,55.611151687634475,0,2026-09-03 06:23:53
2026-09-02 12:04:45,CNC-02,M,297.12740299530395,311.1763689528817,1430.8608991683707,49.31868958203353,57.29790045830778,2.028439723653165,13.152658024852919,52.478168868381566,0,2026-09-03 06:23:53
2026-09-03 01:37:00,CNC-03,H,304.33402008724096,310.1814151647062,2745.222926561827,13.949515875204444,156.09064538757372,3.513058054099165,7.036431014277511,43.64348084801566,0,2026-09-03 06:23:53
2026-09-02 17:34:19,CNC-01,L,299.4864780958773,314.07180729277593,2084.2818751406326,35.260642334339664,149.30418111560425,2.9730888264703124,13.984874312656846,48.51693375356791,0,2026-09-03 06:23:53
2026-09-02 16:06:00,CNC-02,M,298.84820602115207,313.96051391213757,1848.3018494280223,42.11483043638116,206.29807770101965,3.172806169532724,14.507699058802729,55.02356143518819,0,2026-09-03 06:23:53
2026-09-02 12:54:00,CNC-03,H,297.7728435089484,312.49391468225247,1385.297250985123,53.007564608586975,152.1362620859767,2.247270432813471,13.907013812367978,55.318130103439174,0,2026-09-03 06:23:53
2026-09-03 00:44:00,CNC-01,L,298.50637887996913,312.2246170319554,2627.5586942756895,21.57309115844683,208.71788705238492,4.0689577782851645,10.475254374590039,51.38644471317885,0,2026-09-03 06:23:53
2026-09-02 10:35:57,CNC-02,M,296.3330304653068,311.02939822235635,1391.6854603572008,53.21306300830317,161.31022719243754,2.440965501964665,13.817354708565015,56.283535712773784,0,2026-09-03 06:23:53
2026-09-02 22:42:00,CNC-03,H,300.3099104836736,312.5157204041338,2766.077805531638,13.563365667013535,232.13096081074647,4.119893207825842,6.92581340497991,52.700634427495686,0,2026-09-03 06:23:53
2026-09-02 09:32:00,CNC-01,L,296.1023177620444,310.1314652050352,1512.781985185464,47.2824425990033,53.4486549802785,2.149149611543309,13.554924629641052,57.98399979006049,0,2026-09-03 06:23:53
2026-09-03 05:18:00,CNC-03,H,23.756010064256145,38.81332146884978,2131.9403620318294,35.72613981247169,164.52813787740436,2.9494632510560876,14.193273449044892,56.90459899145321,0,2026-09-03 06:23:53
2026-09-03 00:25:00,CNC-03,H,299.4821537894823,311.6486168983292,2747.3958442961543,15.558869701906596,78.83921429370992,3.267804076168877,8.319368112768306,50.42019710451846,0,2026-09-03 06:23:53
2026-09-02 17:23:00,CNC-01,L,299.59236690522727,313.71669655950745,1839.4861787557838,37.29856453855936,135.67998536479493,2.7253903987289543,12.730281560974781,50.53999318479635,0,2026-09-03 06:23:53
2026-09-02 09:13:00,CNC-03,H,296.51592844580057,310.1541210947589,0.0,47.799644283719765,39.66203463685071,1.9439924681019574,12.175297015292227,59.65546960063628,0,2026-09-03 06:23:53
2026-09-02 15:24:00,CNC-03,H,298.99335904898425,314.05499148719326,1759.8587511190417,45.42532432174724,155.47265837633662,2.6554278869591696,14.73881345444957,50.46552760801736,0,2026-09-03 06:23:53
2026-09-03 00:32:00,CNC-01,L,298.6740884932049,312.05010267677955,2751.306967392115,19.607776557503634,195.95377135141754,39.268828917116316,10.207429115056065,58.87157494762342,0,2026-09-03 06:23:53
2026-09-03 04:37:00,CNC-02,M,296.1824330511409,310.14421563405347,2288.620783483196,26.1066531887773,172.46636329925943,3.2961693566627974,11.373603402900983,55.44608178452546,0,2026-09-03 06:23:53
2026-09-02 17:02:07,CNC-02,M,298.9913512895601,312.8386279125007,1787.8942455548215,36.70671048601708,49.48459372091716,2.4111991874742444,12.173398206708834,56.66938009392108,0,2026-09-03 06:23:53
2026-09-02 21:09:00,CNC-03,H,301.00894423686333,314.22308029796204,2471.5960821742306,23.132607825134208,129.98662473626092,3.222898849786629,10.824456851592283,48.78380761866022,0,2026-09-03 06:23:53
2026-09-02 23:49:00,CNC-02,M,298.24886214702235,311.2976569223704,2656.126420279948,19.958834201546352,88.52358107509953,3.3268907007005786,9.988906771678499,56.09108914241134,0,2026-09-03 06:23:53
2026-09-02 13:15:00,CNC-02,M,297.63551617533994,312.0257842418015,1334.4921965990661,50.97789498511034,168.31975408933135,2.423337826316158,13.048683470477053,57.3751898528972,0,2026-09-03 06:23:53
2026-09-02 16:21:00,CNC-03,H,299.70151533852084,313.38727567042497,1759.4707461674177,39.96948865589222,21.77877797051984,2.361610412556846,13.20307357892434,51.54118762117204,0,2026-09-03 06:23:53
2026-09-02 08:41:00,CNC-01,L,301.56228889558577,310.53197874547277,1568.3381831427628,48.98312803376453,211.69716098801283,3.126911623157785,14.416019262540932,52.748762680739446,0,2026-09-03 06:23:53
2026-09-03 06:07:00,CNC-01,L,295.73898975079254,310.11176622618126,1987.4250137806825,36.81311074885712,146.0543030006287,2.8866903543088345,,58.41625951360411,0,2026-09-03 06:23:53
2026-09-03 04:31:00,CNC-02,M,296.2323430710439,309.9979857173708,2374.944135600759,24.869598485096915,165.0217767229704,3.2785465925318795,10.864630837021522,57.63456656750221,0,2026-09-03 06:23:53
2026-09-02 11:42:00,CNC-02,M,296.88147417483606,311.1800195557654,1382.067882797917,52.453143180231315,20.73476442309682,2.0066715220542317,13.598208847186555,61.88251339087659,0,2026-09-03 06:23:53
2026-09-02 12:14:00,CNC-02,M,297.0842980874307,311.0733308604945,1395.6135345992911,48.984719237596764,71.60094828629886,52.21797207801665,12.794335578691978,56.418119008540664,0,2026-09-03 06:23:53
2026-09-02 20:17:00,CNC-02,M,300.1614034411297,313.5517695890583,2541.1830807398364,22.22987966857988,82.73346026080445,3.0667691782489306,10.520272597321311,53.955659795630844,0,2026-09-03 06:23:53
2026-09-02 08:40:00,CNC-03,H,296.4672802810683,311.87182067574605,1672.4451758903294,48.73950023351299,224.5342311537406,3.057497078688109,15.220362949463043,56.14033900067435,0,2026-09-03 06:23:53
2026-09-02 19:29:45,CNC-01,L,26.761351183608838,40.10731749503498,2322.9383186359246,26.238570485182727,95.92646475184729,3.0036523359991603,11.48106490309211,51.45286844812389,0,2026-09-03 06:23:53
2026-09-03 00:46:39,CNC-03,H,304.9038047426739,311.57744853136535,2648.873063024102,19.39027133125253,101.3414107746333,3.3142735306316635,9.49079466787643,42.339643883675286,0,2026-09-03 06:23:53
2026-09-02 17:13:00,CNC-01,L,299.55536178193483,313.83932064513056,1985.9424333683526,36.553148890687446,121.86918691083294,2.7820818244185737,13.596401843010012,54.21204956270334,0,2026-09-03 06:23:53
2026-09-02 19:30:00,CNC-02,M,26.620918750516864,39.694383406892825,2368.9202440263084,23.550109590021037,26.21228323603114,2.946552731449272,10.398007906613955,54.86528978642362,0,2026-09-03 06:23:53
2026-09-02 08:55:00,CNC-03,H,296.2339472321993,309.55863569801244,1578.762588154306,40.69826765865591,12.094623625688284,2.217698408062316,11.865698570311942,58.9760885240764,0,2026-09-03 06:23:53
2026-09-03 05:43:00,CNC-02,M,22.611885802548898,36.325702057813885,2257.77925883187,28.315101761293104,11.865249753490119,2.850111648685581,12.141729702148053,56.36814033903816,0,2026-09-03 06:23:53
2026-09-02 23:37:00,CNC-03,H,300.0118426511145,312.7216665375578,2553.423131221909,21.371574265842558,27.8367864594532,3.1548899123528695,9.976680024660853,47.55518426445024,0,2026-09-03 06:23:53
2026-09-02 10:09:00,CNC-02,M,296.2943358191936,310.5721229019585,1520.9099181655033,46.8510847142097,120.33655541924102,2.293890821090646,13.475054178756944,60.00559913083744,0,2026-09-03 06:23:53
2026-09-02 17:26:00,CNC-01,L,299.2700315767764,313.5937960796662,1912.564942396997,38.18786294791823,139.84334463481346,,13.569725135975483,55.27327419834163,0,2026-09-03 06:23:53
2026-09-03 01:42:00,CNC-02,M,297.33739373898993,311.5330241022719,2535.0999285648622,25.072437833321246,209.58294869166667,3.8098785898179037,11.90502279307899,56.18414817070399,1,2026-09-03 06:23:53
2026-09-02 18:32:00,CNC-01,L,299.6367452848358,313.09465531336707,2101.818051321086,32.35764782824548,23.32553887940216,2.817096302463995,12.956680538417448,51.102235668783734,0,2026-09-03 06:23:53
2026-09-02 23:15:00,CNC-03,H,300.20625289458235,311.9658446428666,2515.5932379869014,17.57162609097399,4.313450342969986,3.085561095189008,8.300969845613656,48.692893082437934,0,2026-09-03 06:23:53
2026-09-02 08:46:00,CNC-03,H,296.43902310586145,311.83797191329586,1574.6601935945969,49.65235092573644,233.5862194202788,2.9564259695799793,14.568353305326335,54.99283582999869,0,2026-09-03 06:23:53
2026-09-02 23:23:00,CNC-03,H,300.19341328815955,311.5943664985966,2763.676275063339,14.2527592855544,12.89535262007108,3.3767829118671133,7.5662133982528585,49.82955439197047,0,2026-09-03 06:23:53
2026-09-02 19:51:00,CNC-01,L,26.468402252875364,39.835181188216325,2325.8004816044445,24.90640612361303,121.43973353665518,3.1596177812246498,10.824765488714814,50.96027096955403,0,2026-09-03 06:23:53
2026-09-02 19:11:00,CNC-03,H,27.34537458024363,41.908681000693775,2233.3541327697853,29.894351296373898,250.14948525537284,3.7114946029086275,12.61369411344337,52.056935566527976,0,2026-09-03 06:23:53
2026-09-02 08:39:00,CNC-01,L,301.8015452358145,310.76045048485986,1567.131144764479,48.457338082528096,208.74022490482963,3.0194663255309964,14.245993132651114,45.457127686053795,0,2026-09-03 06:23:53
2026-09-02 12:06:00,CNC-03,H,297.1139908982299,311.2651855890882,1334.4849168612325,52.238871578747116,76.27420092367292,1.9255551317328476,13.200907909558122,57.385410517474405,0,2026-09-03 06:23:53
2026-09-02 09:50:00,CNC-01,L,296.0246483208899,310.07242625082773,1563.5036891826535,46.01581793962793,81.45656447648656,2.21026287413592,13.46891741423859,57.73303132084921,0,2026-09-03 06:23:53
2026-09-02 08:54:00,CNC-03,H,296.30916544723436,310.4746662734837,1527.0247082783467,47.84403481391599,,2.176601996886317,13.793766626113792,57.94341751079954,0,2026-09-03 06:23:53
2026-09-02 17:59:00,CNC-02,M,299.45813804912217,314.3109949656831,2041.4208151119578,36.78034878926721,128.8030172661201,2.8480298681267207,13.972623314274726,53.95321968104901,0,2026-09-03 06:23:53
2026-09-03 01:56:00,CNC-02,M,297.36075021008946,311.59591158240255,2588.424075358221,23.80252109546985,224.89219181887978,4.018937993936359,11.577980589045636,55.044794542932024,0,2026-09-03 06:23:53
2026-09-02 07:07:00,CNC-02,M,295.9670968895767,310.45083181747066,1891.7506621562673,39.99917269761222,66.06484820330873,2.5410855675645494,14.033810755659397,,0,2026-09-03 06:23:53
2026-09-02 07:03:00,CNC-03,H,296.4909824016235,310.61733684016275,1858.668595320173,37.32350208532486,82.72603989199048,2.5211129453693912,12.981348457623207,60.78594677317386,0,2026-09-03 06:23:53
2026-09-03 01:10:00,CNC-01,L,297.98311950263644,310.32141869775995,2636.5140817578094,19.341436014067856,12.8134467744785,3.096596020996034,9.206567063955376,56.24094878220979,0,2026-09-03 06:23:53
2026-09-02 23:42:00,CNC-02,M,298.2906798799433,310.16160445998764,2725.829817977362,13.988400170016185,81.13059886409638,3.3012314393821054,7.230649284323214,50.839963212446385,0,2026-09-03 06:23:53
2026-09-02 13:51:00,CNC-03,H,297.8283401328058,311.6475441684263,1397.563046825343,51.95833382610069,12.635140694169003,2.1284491184383745,13.62849161804547,60.198005654728156,0,2026-09-03 06:23:53
2026-09-02 18:30:00,CNC-02,M,299.5815228112799,314.46627571124753,2143.477822913556,35.50645588870964,169.49481988031172,3.1433298194573775,14.462113125456936,53.651250172122204,0,2026-09-03 06:23:53
2026-09-02 13:32:00,CNC-02,M,297.98227350500264,313.5870412418257,1499.897251461049,54.231308609952634,195.0648687888072,2.6882787020632906,15.207539854024208,56.82205734249799,0,2026-09-03 06:23:53
2026-09-03 05:54:00,CNC-01,L,22.44185412451469,36.8737625345787,2243.306975715861,31.045318113822177,128.77515332264548,2.8931312022821545,12.94340114854178,53.50824174482433,0,2026-09-03 06:23:53
2026-09-02 21:45:00,CNC-02,M,299.1947783644646,313.09397845784287,2528.6796437131475,22.099863102476863,183.04231049328328,3.544732857390388,10.519755162543012,51.14117894513839,0,2026-09-03 06:23:53
2026-09-02 18:44:17,CNC-01,L,299.9600682262028,313.18871044111984,2202.3180447592395,28.37685004619946,40.117109000764735,2.7226525090580775,11.76356801704228,49.04684167728174,0,2026-09-03 06:23:53
2026-09-02 08:38:00,CNC-02,M,295.6927390664408,310.5322760000358,1619.3524971619152,45.61620602515907,199.19086249349306,2.903907933593632,13.508856182769074,61.92934765424802,0,2026-09-03 06:23:53
2026-09-02 17:25:00,CNC-03,H,300.0545053775433,314.78459143097587,1897.0410568215295,39.935993371712414,111.70823799744478,2.5996562953960147,14.056435209312045,52.56189159106489,0,2026-09-03 06:23:53
2026-09-03 02:20:00,CNC-03,H,304.1163687376621,311.5618778275145,2611.4657663031335,21.271553899088158,203.25341460922303,3.7211456844205038,10.506793445697882,39.7911458829288,0,2026-09-03 06:23:53
2026-09-03 04:45:00,CNC-02,M,296.05229075081724,310.829962640046,2144.663062805626,32.29950395605235,182.29503970857076,3.1840610392068216,12.925862204271164,,0,2026-09-03 06:23:53
2026-09-03 01:20:00,CNC-03,H,304.7222781733122,312.09196956490104,2627.1380062869675,21.758310736686244,137.83725464638775,3.3902869126928565,10.695406563172789,44.52285086993345,0,2026-09-03 06:23:53
2026-09-03 02:23:00,CNC-03,H,304.1817805915032,311.5868590219718,2589.861182198983,20.78560827352862,206.5869235200278,3.798204470128618,9.949138023789695,49.04983478725004,0,2026-09-03 06:23:53
2026-09-02 10:11:00,CNC-01,L,296.117109627754,310.3581163713669,1484.36503664579,46.67833560048775,114.16182183584729,2.131554993841918,12.994596609653643,62.312973149959056,0,2026-09-03 06:23:53
2026-09-03 03:02:00,CNC-02,M,296.42412458278324,309.7931979269468,2373.5179299747588,24.43611722340077,59.67610916920429,2.9571393174583593,10.929787323156448,55.40274990682999,0,2026-09-03 06:23:53
2026-09-02 18:01:00,CNC-02,M,299.53707590665994,314.30631017234566,2227.8361008773322,32.54247952976181,131.40393005559852,2.906908322909932,13.512637404561138,46.51838341829047,0,2026-09-03 06:23:53
2026-09-03 00:00:00,CNC-03,H,300.140542074289,311.82131907275595,2766.607848287308,13.476102500806036,52.31845581957507,3.3575307539403974,7.049622760305125,55.21486008335958,0,2026-09-03 06:23:53
2026-09-02 10:40:00,CNC-01,L,296.6275019460986,311.8640507592539,1415.3510639474632,57.321896413528,159.57880659833504,2.4682272052011176,15.425310895580171,58.567613020567364,0,2026-09-03 06:23:53
2026-09-02 10:41:00,CNC-01,L,296.11803415719095,311.080935924096,1486.929608459017,52.36769257931159,161.14366788689543,2.56356810989809,14.539694553453653,57.44620260908342,0,2026-09-03 06:23:53
2026-09-03 02:48:00,CNC-03,H,298.3984051874312,311.80737078765475,2692.254133739727,20.72870768331582,234.59165650107107,4.085188046601211,10.383883849339243,52.51053979709931,0,2026-09-03 06:23:53
2026-09-03 03:31:58,CNC-02,M,296.4520375141501,6782.030189991824,2427.3038367095983,22.198155874696827,95.43926000806451,3.081348666690562,10.338311356251204,55.466113427003584,0,2026-09-03 06:23:53
2026-09-02 16:03:00,CNC-01,L,299.0662976367833,312.7066594282185,1692.6481784967457,41.47410826761023,21.96827266568025,2.4029143021410935,13.251040865201238,57.965285954771325,0,2026-09-03 06:23:53
2026-09-02 21:17:00,CNC-03,H,300.9000826251777,314.2130662462777,2381.11978999007,23.320239600883927,138.9969049323586,3.126220753476094,10.520048659250202,46.808856865190684,0,2026-09-03 06:23:53
2026-09-03 05:45:53,CNC-01,L,22.45814651582492,36.092172725418436,1971.2832874215894,33.294921198350444,118.27868141970478,2.7238784125052637,12.283998697348105,60.65254368070935,0,2026-09-03 06:23:53
2026-09-02 08:57:00,CNC-02,M,295.6598044860088,309.4877868779783,1704.4487050450487,41.94120639702987,9.18414450571826,2.3769241603484956,13.570120144474915,58.568065230114236,0,2026-09-03 06:23:53
2026-09-03 00:45:00,CNC-03,H,305.0370585738322,311.3719721020676,2757.2918011925444,17.161652505112116,100.2624292128828,3.300902886849672,8.945386126871028,36.92260617916378,0,2026-09-03 06:23:53
2026-09-03 04:54:01,CNC-03,H,296.7769905281889,310.4982475683286,2357.133819256126,26.68911476913859,132.7081755741085,3.02668023344362,11.653292724507006,52.11644018743375,0,2026-09-03 06:23:53
2026-09-03 05:06:00,CNC-02,M,22.666837692117383,38.96663896309167,2344.9606547707467,36.50571448184864,208.68693167816684,3.601193981516477,15.811859742651256,60.07996760778536,0,2026-09-03 06:23:53
2026-09-02 23:10:00,CNC-02,M,298.46666100405076,310.7145310029274,2531.0495637846307,18.45483190161419,46.94639314984809,3.123077266403966,8.655247758694289,52.72068171710465,0,2026-09-03 06:23:53
2026-09-02 14:22:00,CNC-02,M,298.5193275013359,312.46228563169205,1468.400795149931,47.70835772322795,50.151404215521694,2.193712433833214,12.85790019482082,51.29129688554984,0,2026-09-03 06:23:53
2026-09-03 05:45:00,CNC-03,H,23.446543169510846,37.976382260196885,2045.467992926502,34.8083648270935,199.73573393367198,3.149306520463379,13.367732889386973,57.68701161059779,0,2026-09-03 06:23:53
2026-09-02 17:41:00,CNC-03,H,300.334339701918,314.34243188876496,1893.8882188878533,35.856518876173055,133.71898189581407,2.6102839171737005,12.61532219886197,50.987753168768165,0,2026-09-03 06:23:53
2026-09-02 19:45:00,CNC-03,H,27.59410711698979,40.8229825387279,2278.9185833864667,26.74328934602093,31.88026795059321,2.8614449550194805,11.239902991634303,53.09824832487267,0,2026-09-03 06:23:53
2026-09-03 03:04:00,CNC-01,L,296.9866568760059,310.00812255219654,2573.966767469789,21.052453984333003,138.6109816162282,3.495105042534488,10.365308698846723,59.05695809762869,0,2026-09-03 06:23:53
2026-09-03 03:50:00,CNC-03,H,298.2741760769271,311.11034787431976,2342.942848641807,22.986736393923348,55.91225027768815,3.0349445399953123,10.015734733314249,54.36806006720537,0,2026-09-03 06:23:53
2026-09-02 20:48:00,CNC-01,L,,312.6381718871072,2442.073101466636,23.155845495725554,188.6008355566441,3.7034673735041013,10.563642921200051,53.70086585606485,0,2026-09-03 06:23:53
2026-09-02 10:22:00,CNC-01,L,296.0584599550889,310.27017312701975,1451.22848358506,48.474542016480434,131.37150598002495,2.172603412958292,13.254021343588718,58.72878059507877,0,2026-09-03 06:23:53
2026-09-02 19:53:00,CNC-01,L,26.167415381793205,40.26676463822861,2214.505837225125,31.5826543241518,123.84403432277514,2.8909815922212867,12.94082747966618,48.9926730708875,0,2026-09-03 06:23:53
2026-09-02 20:49:00,CNC-02,M,299.75526371077996,313.83154588867774,2397.0201844501357,27.29012041481529,119.80370244799771,3.195111658144786,12.108562866672603,49.65056877392924,0,2026-09-03 06:23:53
2026-09-03 00:26:00,CNC-02,M,298.0696634894415,310.3707387941953,2629.312370586622,15.499453229452676,128.09285764783354,3.3924927017990396,7.773554507658967,48.88307663303592,0,2026-09-03 06:23:53
2026-09-02 17:52:00,CNC-03,H,300.6482247646341,315.1970988160882,1856.1153430578156,37.8268774722532,148.505603168622,2.7242820503840712,13.356401876471665,47.280317215060144,0,2026-09-03 06:23:53
2026-09-02 16:59:00,CNC-01,L,299.37707512964573,313.5212796354969,1829.365341490737,38.49850677829762,102.31196046107993,2.5429192302161687,13.22763429811826,54.00637827391195,0,2026-09-03 06:23:53
2026-09-02 13:37:00,CNC-02,M,298.01457975047003,313.4979242078397,1504.2800984140638,54.283762402823115,202.97158190736144,2.801467560924676,15.23369896277836,58.5869583922582,0,2026-09-03 06:23:53
2026-09-03 03:00:00,CNC-01,L,6396.492333865634,310.6291496894364,2344.35777216873,27.98091623685194,134.05300852707722,3.127735654712406,12.154898101571934,60.102598599464194,0,2026-09-03 06:23:53
2026-09-02 06:48:18,CNC-03,H,296.34536182286024,310.91675321707396,1858.447386041336,42.51500429708718,60.347027013284695,2.4609366217071282,14.82835786449637,53.376271635193554,0,2026-09-03 06:23:53
2026-09-02 10:18:00,CNC-02,M,296.4319459985927,310.76567036038847,1334.2630129289862,51.884336655035625,134.51641028281637,2.1890494134396783,12.96687274193364,59.18168666621576,0,2026-09-03 06:23:53
2026-09-03 04:27:00,CNC-02,M,296.3706451053655,310.4876432119338,2248.257886750898,27.536143698148265,160.07939883606497,3.1426623462215906,11.792804426848715,55.4488239341467,0,2026-09-03 06:23:53
2026-09-02 06:44:00,CNC-03,H,296.209514848428,310.2244206380048,1904.3885927259814,36.625879342271396,56.10963792502833,2.548080648955586,13.324560993573188,59.10689507724492,0,2026-09-03 06:23:53
2026-09-03 01:35:00,CNC-02,M,297.4319082380936,310.60716975216553,2625.140135499508,17.30892941248754,201.8668141158056,3.827972496728232,8.499495257177394,55.53039266151837,0,2026-09-03 06:23:53
2026-09-02 23:10:00,CNC-01,L,299.24579988614585,310.6135724317052,2796.9709324499195,12.17561219083646,108.56214928473187,3.4327778796647923,6.519653678474762,54.21023038629029,0,2026-09-03 06:23:53
2026-09-02 21:20:00,CNC-03,H,301.03282316304444,313.78720050032575,2688.8071763798466,18.423690342639123,142.3440742311267,3.4500688114299685,9.517072412694624,48.46528517701296,0,2026-09-03 06:23:53
2026-09-02 20:40:00,CNC-01,L,299.1840156059281,313.0455589440459,2278.312846601411,26.817145260847607,179.41499185795317,3.380774435039553,11.353585086605557,52.37498553030006,0,2026-09-03 06:23:53
2026-09-02 20:06:00,CNC-01,L,,313.27090759575736,2371.3598592565145,25.434951863822704,139.51669533793793,3.1284105965142035,11.187699217097654,50.26498231198413,0,2026-09-03 06:23:53
2026-09-02 08:38:00,CNC-03,H,296.4056380039156,311.3603788573659,1446.2448847544288,51.73331379829582,221.57417063522948,2.844865008903133,14.105202272631043,58.559463896670316,0,2026-09-03 06:23:53
2026-09-02 09:03:00,CNC-02,M,295.79036153884687,309.7385490620671,1453.809460425571,47.42877656984392,18.249012270956634,2.1156514669040707,12.857940537891325,64.49497390271625,0,2026-09-03 06:23:53
2026-09-02 18:01:00,CNC-01,L,299.90450715682067,314.4194772995249,2047.83417574085,34.84165735355929,186.8793731194663,3.3084680445241803,0.0,52.82590501112961,0,2026-09-03 06:23:53
2026-09-03 02:12:00,CNC-03,H,304.39590980463936,312.1270854356594,2611.1634414500527,22.960444068991947,194.35178469345658,3.645324664733685,11.446164139713686,42.87993665420424,0,2026-09-03 06:23:53
2026-09-02 22:09:00,CNC-02,M,299.1897347903841,312.59549037829515,2586.924546448786,20.563346753534518,209.41926972979587,3.8632402120702585,9.808216602270095,53.13581724794223,0,2026-09-03 06:23:53
2026-09-02 20:50:00,CNC-01,L,298.97439654187446,311.5075623406168,2458.391132928011,18.122431626759557,190.88135998971126,3.62901435041987,8.303230423408019,56.034915072047106,0,2026-09-03 06:23:53
2026-09-02 21:05:00,CNC-02,M,299.17903201606924,311.53790410760456,2587.2734748088146,15.11264229619362,138.17242960521116,3.3890175432140235,7.279505747248467,50.93270870611249,0,2026-09-03 06:23:53
2026-09-02 14:05:00,CNC-02,M,298.40208442613476,312.3926464929804,1547.0372249478771,45.28070150623721,23.37446819023908,2.2587340517724783,13.152308710032875,56.750807712648914,0,2026-09-03 06:23:53
2026-09-02 20:52:00,CNC-01,L,299.3426518039178,313.04575694184155,2380.8886833983725,24.57768704489049,193.19302409635546,3.5984025184652766,10.781500405479962,53.80075707672121,0,2026-09-03 06:23:53
2026-09-02 13:55:00,CNC-01,L,297.8424547025496,311.1155991195893,1352.5634356884716,45.592008409839686,20.440622750140612,1.9529309073974066,11.600712305296684,56.871667320910085,0,2026-09-03 06:23:53
2026-09-02 18:42:00,CNC-01,L,,312.9759355292039,2347.6935462972397,26.352245156994005,36.29509703745095,2.896383180775337,11.452205639027788,52.55578863841559,0,2026-09-03 06:23:53
2026-09-03 01:01:00,CNC-01,L,298.45042080078264,309.17092262615427,2715.400416954627,11.191689503460154,3.1949180970154805,3.3312402502967977,5.5394289261703165,54.20430269967088,1,2026-09-03 06:23:53
2026-09-02 21:23:00,CNC-02,M,299.3314679132524,313.59627485503984,2490.1545745383764,0.0,158.71795347358983,3.451764163987565,12.089420156102506,55.17383973636731,0,2026-09-03 06:23:53
2026-09-02 19:59:00,CNC-01,L,26.30242880431848,39.76978054306318,2424.4484116316316,25.61935010412296,131.15423611154785,3.2657208767346253,11.748731514492398,51.50103621002646,0,2026-09-03 06:23:53
2026-09-02 12:10:00,CNC-01,L,297.02008581380477,311.17962356850614,1402.925428344433,51.954639458517235,90.69549660760228,2.1252300199706515,13.451918446176672,54.44714862348657,0,2026-09-03 06:23:53
2026-09-03 00:15:00,CNC-01,L,298.55979722783775,311.41590247466326,2747.1577170155133,18.157321665526023,177.97907817293452,3.8280767481065934,9.443711074675129,55.88469617133559,0,2026-09-03 06:23:53
2026-09-02 21:55:00,CNC-03,H,300.73773150218994,313.4453115358081,2632.123359054131,17.493087943844092,181.08316771856147,3.6569353489204497,8.545109629428197,50.6118401174904,0,2026-09-03 06:23:53
2026-09-02 17:43:00,CNC-03,H,300.1787321007517,314.9275404758457,2057.9372902718533,35.60942713632679,136.42165197758501,2.844461478448414,13.527743374781657,47.123659559691355,0,2026-09-03 06:23:53
2026-09-03 00:28:00,CNC-03,H,299.9226351862423,311.68173861909935,2672.298245206185,14.18098653886996,82.11101459293882,3.3276151531856195,7.406143768917724,47.61854064315733,0,2026-09-03 06:23:53
2026-09-02 19:13:00,CNC-01,L,26.379260902797114,39.783711785949606,2410.2778201597753,26.105933891671466,75.00225483577528,2.9991718652683863,11.713475170395709,50.787951908350124,0,2026-09-03 06:23:53
2026-09-02 13:03:00,CNC-02,M,297.715660220676,312.3726883316118,1412.2391780003388,51.0935106764868,149.31373666842276,2.3336971788611964,13.261795761619645,50.126136994460126,0,2026-09-03 06:23:53
2026-09-02 14:03:00,CNC-03,H,298.28004759546207,311.71720811546544,1550.78202680576,41.99220347390169,31.392030303376416,2.3317196539386087,12.321769540749687,52.1492889429183,0,2026-09-03 06:23:53
2026-09-02 12:55:00,CNC-02,M,297.44511619683095,312.3327361082216,1386.0272725466048,53.78979439983208,136.60185942855526,2.3715216225448588,14.147453061422087,53.92167313828455,0,2026-09-03 06:23:53
2026-09-02 17:53:00,CNC-01,L,299.5469905643165,314.3753913429862,2073.382791875874,36.17845357116892,176.18882826532806,3.275013375361507,13.869100570248134,50.33324091750718,0,2026-09-03 06:23:53
2026-09-02 13:38:00,CNC-03,H,297.8295250351263,312.66085011584715,1351.8707278242448,54.517545988203686,221.82191968483662,2.666856055528139,13.6846011478181,54.86234217843715,0,2026-09-03 06:23:53
2026-09-02 09:58:00,CNC-01,L,295.89716481908476,310.79861484616595,1535.7076235273369,51.07762506993919,93.71461497803338,22.21728146748523,14.765055033861252,59.507274392267064,0,2026-09-03 06:23:53
2026-09-03 05:06:00,CNC-01,L,22.87157614182479,36.88620727094565,2227.561203092782,32.410849872806736,,2.8579759040545856,13.757448821336823,53.117420910905125,0,2026-09-03 06:23:53
2026-09-02 20:16:00,CNC-02,M,299.8646807811958,313.17208418571965,2439.5407146673597,23.26662000575054,81.58452238065766,3.0260321367115046,10.602671444656213,51.10930238960798,0,2026-09-03 06:23:53
2026-09-02 10:31:00,CNC-03,H,296.6043243645794,312.0483374477777,1643.3982927919608,49.94771903066236,160.88716318195458,2.5036419362257485,15.321286049273942,57.260933200096396,0,2026-09-03 06:23:53
2026-09-02 20:09:00,CNC-03,H,300.96401778292494,314.10711974753565,2492.1836414874715,22.800228706709536,60.47412732045637,3.0461715680756054,10.49061076609318,49.29409028827245,0,2026-09-03 06:23:53
2026-09-02 13:34:00,CNC-01,L,297.8530382918702,312.9015762184234,1375.1290797045513,52.85506946279495,223.6826500882387,3.040478389698172,13.475953114639251,52.97482977684364,1,2026-09-03 06:23:53
2026-09-02 11:49:00,CNC-03,H,297.3699176370611,310.87863939795363,1319.2312927841842,48.86616176446818,49.2946573227778,2.035533072819029,11.728827931441646,56.723230624511885,0,2026-09-03 06:23:53
2026-09-02 15:52:00,CNC-02,M,298.5565056202498,313.4960343758856,1731.5848020747273,43.114358190222106,186.1693864979792,2.770666333687278,14.126738456047672,55.11849567398351,0,2026-09-03 06:23:53
2026-09-02 06:27:00,CNC-01,L,296.35495445962596,309.95661092286457,2006.8070171573324,32.874485373299315,18.849544899019207,2.6573014199524874,12.255858250184872,57.545982380107496,0,2026-09-03 06:23:53
2026-09-02 08:42:00,CNC-02,M,295.7192098589502,311.08786933564244,1639.5372640422586,48.823277929739554,205.25898217544085,3.141873671637407,14.781219077771487,59.737094136600675,0,2026-09-03 06:23:53
2026-09-03 00:39:00,CNC-03,H,299.4948049938536,311.4449522195306,2762.6592578180225,15.704221335535342,93.88195256583239,32.88437920244852,7.810795601735389,55.52338063486947,0,2026-09-03 06:23:53
2026-09-02 09:15:00,CNC-02,M,295.9110124878486,310.18601781169656,1548.0709818906794,46.032694744401766,36.78085136363354,2.1751364786679392,13.376953410732856,56.433717284509235,0,2026-09-03 06:23:53
2026-09-02 16:12:00,CNC-01,L,299.1683140797053,313.3009606166732,1835.4420572763438,40.573860528432014,35.18355433424899,2.3709612090800873,13.845498706231531,53.47504287281151,0,2026-09-03 06:23:53
2026-09-03 01:49:00,CNC-02,M,297.3690601171307,310.37940019455465,2692.808025961265,16.87676861072128,217.2481006009341,3.9794499112911246,8.548929313206736,59.87915822567466,0,2026-09-03 06:23:53
2026-09-03 03:12:00,CNC-03,H,298.22797834922903,310.7373538547251,2522.0422918903414,20.040154210046786,11.521242793543102,3.155240859493265,9.402607559992017,56.4192852140068,0,2026-09-03 06:23:53
2026-09-03 01:50:00,CNC-02,M,297.32262964130734,310.62702764264793,2745.1427134150053,18.079549411511163,218.31239224727798,4.078418563905829,9.087153664880962,59.06176531310205,0,2026-09-03 06:23:53
2026-09-03 00:19:00,CNC-03,H,299.650997196989,311.74238780950606,2572.3388916941194,17.21149620989898,72.51169905331244,3.1785382344007354,8.261640277070539,53.13624325500258,0,2026-09-03 06:23:53
2026-09-02 22:13:00,CNC-02,M,299.17269134710506,312.6912736137872,2685.407374880876,19.252414033783893,213.7343852008561,4.060287806533652,9.633693052379732,52.213263896099924,0,2026-09-03 06:23:53
2026-09-02 09:41:00,CNC-02,M,296.19003656902885,309.92451611962423,1388.6699195747065,48.59822986523415,76.90005581456036,2.025294473339965,12.818097541644441,58.079878988306994,0,2026-09-03 06:23:53
2026-09-02 23:05:00,CNC-01,L,299.45334814256574,311.4785977244642,2634.3668536731216,16.23261894962654,103.22733716360075,3.22476541139615,69.00353476845476,52.882933418180045,0,2026-09-03 06:23:53
2026-09-03 01:52:00,CNC-02,M,297.3132334189855,312.03627308598584,2484.566167751616,27.146354484365737,220.53291525880778,3.8095945956631994,12.813708648760631,54.748696361004555,0,2026-09-03 06:23:53
2026-09-02 20:18:00,CNC-03,H,301.0724497559394,313.48282868192354,2491.3362411608755,18.669323848062934,70.98248874670611,3.061313537096985,8.825849962409167,47.72730249184884,0,2026-09-03 06:23:53
2026-09-02 20:00:00,CNC-01,L,26.4781490360229,40.295950138234105,2352.639674081485,25.79665363203344,132.36261540968994,3.2010820025163444,11.302613840809004,55.95960064882599,0,2026-09-03 06:23:53
2026-09-03 04:57:00,CNC-02,M,,37.92752107806422,1970.7301236259502,38.027993247930915,197.36915637994628,3.239333033682808,13.844609495168568,57.50587993999458,0,2026-09-03 06:23:53
2026-09-03 00:35:00,CNC-02,M,303.44297760078246,309.91953850771364,2809.0300281436907,15.054359517351902,137.6248573953472,3.597627702068331,7.980523598896341,46.934293947352515,0,2026-09-03 06:23:53
2026-09-03 02:25:00,CNC-01,L,297.1788100367661,310.3620717658006,2397.356236455105,23.961611824160418,94.4048100713656,3.0218819962974965,10.765627767458325,60.01042564630891,0,2026-09-03 06:23:53
2026-09-02 21:10:00,CNC-01,L,299.02334537639723,312.6046047231477,2662.6271296147956,21.50982642223212,213.6994910299592,4.160086544596878,10.691301070228938,52.49200488134253,0,2026-09-03 06:23:53
2026-09-03 03:05:00,CNC-02,M,296.39502748176795,309.34503062341815,2442.641067550832,21.72807932477481,63.12478940262923,2.9258067258725875,10.120219197356747,56.337051050756,0,2026-09-03 06:23:53
2026-09-03 04:12:00,CNC-03,H,297.4964376364918,310.94336151079773,2387.197227264852,24.726591025275983,82.3726564742578,3.0283456886968527,,56.62385670401232,0,2026-09-03 06:23:53
2026-09-02 13:56:00,CNC-02,M,298.17623587418836,311.5770301446818,1338.6594884763128,47.583892001923715,9.420657888262893,1.9229401167227438,12.08568612254019,52.065683394572474,0,2026-09-03 06:23:53
2026-09-03 04:04:00,CNC-01,L,296.1784951833472,310.5598127517634,2324.4178553574907,28.314744870364063,208.97450103683258,3.6873993717539064,12.522739136187498,57.578369436267835,0,2026-09-03 06:23:53
2026-09-02 07:57:00,CNC-02,M,296.3505984721095,311.3479737063154,1664.1609801792993,48.32113017108236,138.09229678372034,2.5336811406158333,15.119182084077863,58.74158390444797,0,2026-09-03 06:23:53
2026-09-03 02:13:00,CNC-03,H,303.9643104237282,310.8882447905648,2583.208597627442,18.630907835964813,195.4624032338535,3.6361212583750087,8.987235410700642,44.53663433261645,0,2026-09-03 06:23:53
2026-09-03 03:02:00,CNC-01,L,296.83948212331876,310.3418063600113,2305.3061181656212,25.482200750469538,136.35766818836174,3.061090406118366,10.880549508903592,58.973643848268765,0,2026-09-03 06:23:53
2026-09-03 01:34:00,CNC-03,H,304.66811318940637,311.33759506913094,2724.90776683008,17.882045205047486,152.8749888950365,3.4699994709121955,9.098648841737779,43.148642456924016,0,2026-09-03 06:23:53
2026-09-02 17:36:00,CNC-02,M,299.46270363715223,313.7845315911442,2002.8592015449192,34.81430457312066,97.62196749124969,2.668460073331793,13.124601193926551,50.81061370711339,0,2026-09-03 06:23:53
2026-09-02 08:12:00,CNC-01,L,301.3745392181942,310.2612485319025,1554.1936696168793,49.74031842688839,168.34219427633408,2.620242471296694,14.470791336481708,47.941908053731765,0,2026-09-03 06:23:53
2026-09-03 05:22:00,CNC-03,H,23.91010812000883,38.19582137392797,2103.8012286239887,33.13723282993558,169.67962962236024,2.8860170441113526,13.072283196910796,57.933830960290685,0,2026-09-03 06:23:53
2026-09-03 00:21:00,CNC-03,H,299.8320067436382,312.48186591504486,2792.9368952275227,17.95624403221475,74.635773042302,3.235475243493578,9.219074148002752,53.677633318702924,0,2026-09-03 06:23:53
2026-09-02 14:15:00,CNC-03,H,298.19563796571185,312.01423944671103,1480.1958066626069,44.64397556042056,50.27398514887822,2.1755850211172407,12.533179958523657,55.85699807293525,0,2026-09-03 06:23:53
2026-09-02 20:00:00,CNC-03,H,27.525021824026794,40.036750636502916,2453.309971825882,22.145120154644225,49.87550188431477,2.9698748180428924,9.753895380664577,50.126865500384916,0,2026-09-03 06:23:53
2026-09-02 20:34:00,CNC-03,H,300.8404192908245,313.96625760252607,2385.163142462258,23.495334506874205,89.79479984014542,2.9746306964043696,10.609722985362534,52.60417062304136,0,2026-09-03 06:23:53
2026-09-02 08:27:00,CNC-01,L,301.609247281325,310.7873750039045,1613.8619529707125,48.26351893944622,190.58637263190863,2.940481830842134,14.716916584045029,44.8020043948271,0,2026-09-03 06:23:53
2026-09-02 19:58:00,CNC-01,L,26.439546335194393,40.5704707060691,2427.9570097559226,27.55636341752716,129.97153815187596,3.282955606987129,12.494478699014788,52.05994415816543,0,2026-09-03 06:23:53
2026-09-02 22:26:00,CNC-01,L,299.2524286139003,311.44621671616926,2675.443074680199,17.065486263308056,61.27760108096754,3.214871473870902,8.830671213099029,50.24082294919942,0,2026-09-03 06:23:53
2026-09-02 15:58:00,CNC-03,H,299.6876707322917,314.60380881767594,1587.4765861405926,46.76536779851491,206.2020096214347,2.782821174146155,13.773625539506448,48.820334741682146,0,2026-09-03 06:23:53
2026-09-02 08:21:00,CNC-02,M,295.7378902631777,310.52955851747475,1652.889211806599,46.38181452400296,173.67471251670284,2.6506337943456004,14.576001613856215,56.11208985748718,0,2026-09-03 06:23:53
2026-09-02 10:21:00,CNC-01,L,296.5687294631942,311.82586455256023,1637.1882712709207,49.97415630650443,129.8171187933857,2.4578209595938003,15.257559549766553,54.54016331477953,0,2026-09-03 06:23:53
2026-09-03 02:33:00,CNC-01,L,297.2852623039084,310.4866993333961,2488.5686279332526,22.518979356822296,103.40041301255931,3.267523871899793,10.53211896057822,54.27449303499001,0,2026-09-03 06:23:53
2026-09-02 11:34:00,CNC-01,L,296.910591822552,310.3849465463925,1430.538360765123,45.55482006383566,33.42010595414931,2.1107941067353284,12.078504594114214,59.060523251767584,0,2026-09-03 06:23:53
2026-09-03 03:28:00,CNC-02,M,296.66486753261734,310.3938978163346,2451.8815193973005,23.79624924768172,89.58516825251229,3.024485834350985,10.983955515577774,61.070970467600915,0,2026-09-03 06:23:53
2026-09-02 18:06:32,CNC-03,H,300.182954117097,314.7708204967124,2070.22532041801,34.24946552645987,167.11863348303555,2.911602203837311,13.296791754381925,51.47740877205152,0,2026-09-03 06:23:53
2026-09-02 23:45:00,CNC-02,M,298.3040999649214,310.5021364289802,2688.0903111367156,15.700835371781492,84.30810002990236,3.369170903009728,7.987942309791853,52.529098092879615,0,2026-09-03 06:23:53
2026-09-03 03:14:00,CNC-01,L,296.8153891327365,309.75664166450565,2429.07518598799,21.963727782731816,150.0646528568729,3.317170072528395,10.033314439525697,59.68273808798966,0,2026-09-03 06:23:53
2026-09-02 22:29:00,CNC-01,L,299.2868510917053,311.33149323900795,2684.693329066497,14.87171569674381,64.46584125419436,3.246697782395813,7.529298846473085,52.48869730107694,0,2026-09-03 06:23:53
2026-09-02 20:55:00,CNC-03,H,301.0616619980844,314.31175883030437,2479.241056750948,24.092077141236235,113.99187770684935,3.1127395421058757,10.782559794990183,52.48891021869138,0,2026-09-03 06:23:53
2026-09-03 06:19:00,CNC-01,L,295.78077623823515,309.3646765170751,1910.6660917192512,32.129795895332215,162.20227219502937,2.932691328107601,11.1445899595214,58.95457997050263,0,2026-09-03 06:23:53
2026-09-02 15:31:00,CNC-02,M,298.686801875142,313.69639359826186,,46.579642332936274,155.31175287648196,2.618844271302386,14.454393749346128,54.18012350606242,0,2026-09-03 06:23:53
2026-09-02 21:35:00,CNC-03,H,300.598553720985,314.1831787083463,2555.575526580321,23.19908773905711,159.13850804402648,3.3703793065599257,11.155692456624587,48.49471718069027,0,2026-09-03 06:23:53
2026-09-03 00:38:00,CNC-01,L,298.6169319105172,311.65692360445587,2766.386312719408,17.865884675449188,202.2936718211247,40.32091989236068,9.347052811293942,53.7086452404975,0,2026-09-03 06:23:53
2026-09-02 13:52:00,CNC-01,L,297.9065862953889,311.26537495171505,1359.909875924334,,15.764344497489455,1.976958840188312,12.0897327978069,55.04430659855082,0,2026-09-03 06:23:53
2026-09-02 17:40:00,CNC-02,M,299.309067755426,312.5797211074052,2003.1174526579332,28.32485875863499,103.048036819706,2.573918451508297,10.7425602570195,,0,2026-09-03 06:23:53
2026-09-02 10:34:00,CNC-03,H,296.4525737720428,310.8527806801737,1433.9674834433986,48.82038055182576,165.59839341871788,2.3340219727584195,13.09762350299396,56.75912997695603,0,2026-09-03 06:23:53
2026-09-02 23:32:00,CNC-03,H,299.91957112900167,312.0938768982242,2610.6960374155656,18.919426944237898,22.372682338096347,3.1042541672364448,9.180784982827275,48.67683649462904,0,2026-09-03 06:23:53
2026-09-02 18:07:00,CNC-03,H,300.53112670268405,315.10732301060057,2049.9107430962117,35.38248501079239,6058.325083116164,3.0339173683059952,13.936620573254562,49.68459869149295,0,2026-09-03 06:23:53
2026-09-02 20:23:00,CNC-02,M,299.7340867001555,313.1029746775473,2486.0095690605144,21.98121880015572,89.81725918813906,3.0638962161851273,10.308733131675455,50.75201741559377,0,2026-09-03 06:23:53
2026-09-02 23:29:00,CNC-01,L,299.47497922316234,311.7396971187851,2793.301443774981,15.855393675785976,128.9569739816111,3.557533127689969,8.532094719410615,55.1504356785933,0,2026-09-03 06:23:53
2026-09-02 21:00:00,CNC-01,L,299.055972366375,312.98288941625356,2493.738841981049,25.136952344035482,202.38806838411293,3.7477166474768504,11.631375788187425,52.76787768503859,0,2026-09-03 06:23:53
2026-09-03 02:07:00,CNC-02,M,296.9248139408452,311.1985466676579,2637.1649898090336,22.868879259603986,236.99000126146086,4.25643480927586,11.236154502601135,57.82249301862543,0,2026-09-03 06:23:53
2026-09-03 05:02:00,CNC-01,L,22.821569492574383,37.081336136923426,2246.8669386096276,30.957676521310784,61.814214704362875,2.7709490323792343,13.245211024163376,60.93681709472899,0,2026-09-03 06:23:53
2026-09-02 21:49:00,CNC-01,L,299.28426996430056,311.9107334421258,2467.3299511237087,22.384137086676926,21.079571995802944,3.1603285124365383,10.22691732548937,55.327932779668984,0,2026-09-03 06:23:53
2026-09-02 20:45:00,CNC-01,L,299.1476112532734,313.33528988653006,2491.5386242145078,25.7789965551032,185.14986259848095,3.7335972564241353,11.936634578576287,49.61529529094644,0,2026-09-03 06:23:53
2026-09-03 02:48:00,CNC-02,M,296.6092084382834,308.7392834406752,2727.989426047276,15.182138812906206,43.65556670189032,3.2519926659703198,7.807184349778519,56.65264907827779,0,2026-09-03 06:23:53
2026-09-03 02:12:00,CNC-02,M,296.8918033909907,309.5963879065259,2481.346029699667,21.309613239485298,3.3296334544510424,29.169617724076282,9.862557273397009,58.03154421132034,0,2026-09-03 06:23:53
2026-09-02 23:46:00,CNC-01,L,299.0759461792463,311.0532324579146,2731.187201661904,14.8673173607986,147.0233109868496,3.5514013011336303,7.799810088687361,55.14888994281517,0,2026-09-03 06:23:53
2026-09-03 04:08:00,CNC-01,L,296.06299128577837,311.5084666254971,2315.066809775385,35.146468383534696,213.89122551656044,3.6858325916964,15.147380983163325,56.16551533816681,0,2026-09-03 06:23:53
2026-09-02 11:52:00,CNC-01,L,296.7612468112603,310.53595756972027,1344.2666195974982,50.02833695432777,62.037131051183074,2.0113622921560337,12.730884838744181,56.863804072787964,0,2026-09-03 06:23:53
2026-09-02 20:07:00,CNC-01,L,299.3508076923722,312.276218699452,2392.1211819209184,21.968085561542065,140.71536089190502,3.294102142636781,9.595093656934754,51.40330812392503,0,2026-09-03 06:23:53
2026-09-02 07:58:00,CNC-01,L,301.03100669551935,309.74401712378926,1718.5160036944067,45.410713146839896,147.7406002777501,2.6911875585619467,14.446893377219522,52.452741353953876,0,2026-09-03 06:23:53
2026-09-02 11:41:00,CNC-02,M,297.35411774750753,311.06362102525065,1381.6349261783494,48.19436796185805,19.13476442309682,2.0447357212346273,12.408697291877813,53.34710693645013,0,2026-09-03 06:23:53
2026-09-02 10:39:00,CNC-01,L,296.3518808392508,310.99362006085016,1367.0149620959846,53.38468970864629,157.97880659833504,2.4455408046991827,13.395227503198642,61.51994600904994,0,2026-09-03 06:23:53
2026-09-03 00:15:00,CNC-02,M,298.29335297408255,311.2328812796192,2608.14851182706,19.07982047591527,116.30984766344007,3.1750537765188054,9.70291660950271,53.732549856828534,0,2026-09-03 06:23:53
2026-09-03 03:34:00,CNC-02,M,296.6506236907157,310.0895259461761,2303.1987632837163,24.797313854947433,96.62788357789738,2.90798236010677,10.33087819216235,54.99265355379101,0,2026-09-03 06:23:53
2026-09-02 18:23:00,CNC-01,L,299.5847538859812,313.0096869021476,1994.0027163676489,33.936413639284595,11.7221991302649,2.5686672010999603,12.483479014114396,46.59665019352087,0,2026-09-03 06:23:53
2026-09-02 19:16:00,CNC-02,M,26.285778115460005,39.76178284623393,2262.683687077313,27.84879770593399,8.766315711948986,2.8829817540792653,11.996304452625772,51.371899312217515,0,2026-09-03 06:23:53
2026-09-03 04:32:00,CNC-03,H,297.47120863643306,311.31509504723243,2173.8013146478283,,106.83327486094403,2.8241401686480154,12.551902073787245,58.377945348712366,0,2026-09-03 06:23:53
2026-09-03 02:15:00,CNC-03,H,304.2925119663573,312.5288998180051,2593.485965755919,25.792321799041865,197.70427831911144,35.63263617144288,12.39955789552333,42.22615058154658,0,2026-09-03 06:23:53
2026-09-03 04:44:00,CNC-02,M,295.8218305377423,310.5590496083583,2211.6473885857877,30.638474488553975,181.02998698279504,3.3183991307899445,12.855859537470641,55.830776719249265,0,2026-09-03 06:23:53
2026-09-02 11:54:00,CNC-02,M,297.1613411939301,311.18143745576407,1358.2306960904066,50.86461445944484,39.81817285386995,1.9963490165445943,12.831916469362257,54.429929431840556,0,2026-09-03 06:23:53
2026-09-02 10:08:00,CNC-03,H,296.83633455972904,311.35202187892634,1488.3314992787955,48.2682275299685,124.78863094238653,2.2330761729691955,13.19656544850317,60.91731773860407,0,2026-09-03 06:23:53
