ts,machine_id,type,air_temp_k,process_temp_k,rot_speed_rpm,torque_nm,tool_wear_min,vibration_mms,current_a,humidity_pct,machine_failure,collected_at
2026-09-04 00:48:00,CNC-02,M,299.29805872318667,312.38629394450544,2748.7984081580266,18.170006733420028,138.68062564690987,3.5072447301369247,9.243732761302043,54.34088850135633,0,2026-09-04 04:17:19
2026-09-04 03:09:00,CNC-03,H,296.427343525015,308.3179542498126,2644.2359938863115,15.823474235795473,101.12989372261067,3.240336942866932,8.034458315988548,61.600926891426234,0,2026-09-04 04:17:19
2026-09-03 16:35:00,CNC-01,L,297.73050917456146,311.85209750633044,1779.095800844876,40.482880276736076,68.32360229614805,2.312666815142517,13.117326627814053,54.21975580160813,0,2026-09-04 04:17:19
2026-09-04 02:21:00,CNC-01,L,296.64967474851545,308.05679702394247,2676.5647850856863,14.095461303880182,104.71752160003243,3.315158655930191,7.093755802743013,58.30924648595387,0,2026-09-04 04:17:19
2026-09-03 11:12:00,CNC-01,L,295.6366554977043,309.29365027057423,1339.0843816866416,48.15295316685937,36.260117600203735,1.9720134960763507,12.477698442573688,57.695787477413155,0,2026-09-04 04:17:19
2026-09-03 15:16:00,CNC-02,M,298.8134727957014,313.24735752897976,1671.832219020569,43.455165389430874,118.33780385408767,2.4134567776996176,13.516215518015954,51.2057665735923,0,2026-09-04 04:17:19
2026-09-03 10:59:00,CNC-02,M,296.67639665257485,311.69291925665436,1440.941727562852,55.481775480035274,153.17592106664685,2.448672589353047,14.936815206362787,57.543733161906495,0,2026-09-04 04:17:19
2026-09-03 10:58:00,CNC-03,H,301.61500474032084,310.2699844851383,1576.8653136977002,47.03974407508407,156.6254232034363,2.487884073212359,13.988360941428928,46.61247043820118,0,2026-09-04 04:17:19
2026-09-03 23:22:00,CNC-03,H,298.61178337232616,310.22076489305937,2834.1208320244245,12.304501366731468,117.91449949818339,3.429073090042588,6.691361160289694,54.579626225999824,0,2026-09-04 04:17:19
2026-09-03 21:55:00,CNC-01,L,298.50066235287863,310.4127832791205,2598.2902841624355,17.412983365801548,46.71798234995442,3.1693861074445353,8.669531002287773,55.77971677848172,0,2026-09-04 04:17:19
2026-09-03 08:53:00,CNC-01,L,295.3661030810357,308.66030404214877,1594.3579580762896,40.652632806389434,12.146034485053793,2.2518819263182692,12.227131969054415,62.8340900381588,0,2026-09-04 04:17:19
2026-09-04 00:37:00,CNC-02,M,298.994128462978,311.5274299411892,2612.7223596668478,16.829189964706327,127.05704063934792,3.3917558742818064,8.084683208047453,47.38917778523389,0,2026-09-04 04:17:19
2026-09-03 12:57:07,CNC-02,M,297.67599258113944,312.1234433818009,1493.0553161258924,,135.00504393592138,2.374374205410714,12.896895440440273,56.40552044335174,0,2026-09-04 04:17:19
2026-09-03 09:08:00,CNC-03,H,295.81155289559524,311.2743360821475,1488.1551332795018,54.97544509931248,205.69127907993055,2.719810966466069,15.3736897924035,63.17403747294776,0,2026-09-04 04:17:19
2026-09-03 21:50:00,CNC-02,M,300.4951825278088,313.9539311082475,2678.284348386222,18.78134230922204,175.49511851389104,3.514611561829518,9.582302876125745,51.02829968023408,0,2026-09-04 04:17:19
2026-09-03 10:15:00,CNC-02,M,296.77448457678497,310.65113443300567,1396.4367756971426,49.00352845409752,83.89099843026429,2.1480276915209164,12.59893874209067,57.58364120224448,0,2026-09-04 04:17:19
2026-09-03 09:55:00,CNC-01,L,295.4020495385755,309.9747961521451,1494.7545397631566,50.82998966348878,107.86034182381732,2.3300409417703505,14.362206950093793,58.74736089521535,0,2026-09-04 04:17:19
2026-09-03 05:27:00,CNC-03,H,296.3881174393368,310.59253073706316,2145.788554923403,32.41027845787573,129.66286739163468,2.840042679466375,13.19442509115782,57.5684408296663,0,2026-09-04 04:17:19
2026-09-03 08:26:00,CNC-03,H,295.74571898396533,310.56763096726553,1623.4053962318828,47.58434274439606,142.3901642900353,2.39764700409494,14.416183644337867,59.85216777689532,0,2026-09-04 04:17:19
2026-09-03 05:04:00,CNC-03,H,296.52596182718185,311.0060417159849,2246.850643846746,32.60286089497217,100.26356797618159,2.8288486495628438,13.573030552312794,56.897323678810785,0,2026-09-04 04:17:19
2026-09-03 12:53:00,CNC-02,M,297.7827733114453,312.59699436645275,1486.4674817453197,51.54624428655172,130.30421103544023,2.3080905545216996,14.017984009713285,62.09644081349452,0,2026-09-04 04:17:19
2026-09-04 01:50:00,CNC-03,H,297.1472300358448,308.5631312377897,2505.292174305479,15.154321886133776,12.845443472682675,3.065036503243026,7.02500304222726,55.7583829954812,0,2026-09-04 04:17:19
2026-09-03 04:55:00,CNC-03,H,296.2941431453585,309.9996389127058,2147.9578681660328,30.22485497932056,88.93501563465536,2.7574235205506783,11.893026502065046,61.10908495878056,0,2026-09-04 04:17:19
2026-09-03 08:35:00,CNC-02,M,296.35291752848826,311.3307520761671,1577.9840581728872,48.44500672654929,148.94391175239315,2.388869930777286,14.337479403219707,61.53484217940549,0,2026-09-04 04:17:19
2026-09-03 04:48:00,CNC-01,L,296.55961081618693,309.651408144259,2271.1809669110653,25.194911461090403,75.13630024660834,2.831719809100164,10.782594254339179,53.64292547772578,0,2026-09-04 04:17:19
2026-09-03 18:53:00,CNC-01,L,298.7047042248492,311.8297590562922,2168.127437677922,27.43295859617601,28.220410516809324,2.821722443641989,10.999959613356245,56.36187279325823,0,2026-09-04 04:17:19
2026-09-03 15:04:00,CNC-02,M,298.7027506546402,312.8213930978953,1422.4092540865004,48.494430172712406,100.30272155926508,2.214659496350931,12.890909993447453,54.502776682147655,0,2026-09-04 04:17:19
2026-09-03 19:49:00,CNC-02,M,305.8644055900448,313.078366053211,2351.444649656927,24.379057189456972,36.63817574960288,2.8570154304391067,11.050355406262943,40.72571702339667,0,2026-09-04 04:17:19
2026-09-03 14:00:00,CNC-03,H,297.5555103037675,312.66731941870773,1538.9518381933976,48.87661595138358,181.60409151978754,2.659918162035687,13.995363423808616,52.51987991151777,0,2026-09-04 04:17:19
2026-09-03 23:43:00,CNC-03,H,298.51747399405076,311.0981778386102,2786.0931476423457,15.880698480347577,140.2623570086338,3.4307111311574015,8.420345365603204,54.616296278910866,0,2026-09-04 04:17:19
2026-09-03 16:31:00,CNC-01,L,297.9919487043561,312.4840646595833,1902.0227162679273,41.11569023274029,62.65810526729096,2.566854477613498,14.674312418125714,51.473365072128196,0,2026-09-04 04:17:19
2026-09-03 12:39:00,CNC-02,M,297.20891696821064,312.1897512160672,1577.8604875860178,50.77165829162471,108.08733450737398,2.275145517801801,15.01200306167979,58.25778678340001,0,2026-09-04 04:17:19
2026-09-03 11:11:00,CNC-01,L,295.39469271471347,308.53509775979126,1416.6024213667154,43.996434299713506,34.66011760020373,2.1257236680160894,11.363724252276699,57.61002899897016,0,2026-09-04 04:17:19
2026-09-03 11:48:00,CNC-03,H,301.8734359346004,310.8597648534048,1378.5206374872303,53.2335730653889,235.93573490932246,2.9142542124966835,13.791130092504732,,0,2026-09-04 04:17:19
2026-09-03 07:15:00,CNC-02,M,296.315657937577,310.4395618899743,1818.6895013538572,39.514893762281936,32.28834787006357,2.369635257399703,13.346391494660706,55.36188495671896,0,2026-09-04 04:17:19
2026-09-04 00:49:00,CNC-01,L,297.5974125039237,309.20775561056655,2612.474650480448,15.6973062554968,5.321415299207512,3.0730698813812,7.481450208316217,58.84725756427813,0,2026-09-04 04:17:19
2026-09-04 00:35:00,CNC-01,L,298.0952697385426,310.5496378908988,2680.4154859982536,15.198711709429809,218.47512982025225,4.15230562748403,7.891262874908468,56.444248037663684,0,2026-09-04 04:17:19
2026-09-03 14:13:00,CNC-01,L,302.5902199745078,311.0669736802149,1530.8181436259397,49.06801944459749,94.19998134878772,2.2831372292578247,14.001651319036085,46.81866223895749,0,2026-09-04 04:17:19
2026-09-04 01:21:00,CNC-02,M,298.78996063486665,312.26452052443835,2643.8816943893166,20.448268362279617,174.09204939308748,3.6329060649378158,10.074897171490889,51.665360449848215,0,2026-09-04 04:17:19
2026-09-03 18:44:00,CNC-03,H,299.212755297775,313.08328531786555,2196.3132313646215,30.711100697852725,71.0137282172689,2.7941581417372356,12.473481852415434,50.19778123344769,0,2026-09-04 04:17:19
2026-09-03 18:58:00,CNC-02,M,300.3751349357019,314.84948352285915,2157.323700841792,30.553369925027216,199.16765863112042,33.56292212532506,12.340815864605895,53.801079726999,0,2026-09-04 04:17:19
2026-09-03 11:21:00,CNC-01,L,295.5851629285883,309.7709555402327,1508.2622743626232,48.190341204275995,50.409016642338635,2.1549603261027155,13.658515498320115,61.090103202761014,0,2026-09-04 04:17:19
2026-09-03 21:30:00,CNC-03,H,299.08030978383755,312.507826594407,2679.5235681458416,20.23432902895223,267.8226445653231,4.597022208012158,10.103219396460736,52.513271484745545,0,2026-09-04 04:17:19
2026-09-03 07:05:00,CNC-01,L,295.24921375481796,309.6382102323879,1830.3626152089919,41.0245613184812,58.15567375189619,2.4479118305762397,14.366540165480977,60.364552078388314,0,2026-09-04 04:17:19
2026-09-04 00:43:00,CNC-01,L,297.65786561159126,310.6762797866895,2750.33117895601,17.7419309892614,226.95323767890247,4.527354853563176,9.076204627624827,54.27237357974607,0,2026-09-04 04:17:19
2026-09-03 08:16:00,CNC-02,M,296.52140671846314,311.22725454068586,1631.8066665829795,47.18198118128826,120.72977406169281,2.4003932472825915,14.372996929337624,60.137533966941,0,2026-09-04 04:17:19
2026-09-03 05:06:00,CNC-01,L,296.32532081114636,310.43420827447846,2189.0210035502505,31.967788304074784,97.68719425786782,2.815260090723847,12.882435645209961,60.15677876797953,0,2026-09-04 04:17:19
2026-09-03 08:24:00,CNC-01,L,295.3864936257775,309.9482249886731,1642.299096365884,42.74621959537873,172.4653159849735,28.28905814422163,12.86707404736445,57.878669740107895,0,2026-09-04 04:17:19
2026-09-03 14:14:00,CNC-02,M,298.465356258821,312.38358564737985,1427.8747059858717,48.43901096540091,23.55063867824804,2.1396047355597063,12.872445462122071,58.604554057959,0,2026-09-04 04:17:19
2026-09-03 08:38:00,CNC-03,H,295.7810448254195,310.6071411308717,1632.1279229386314,47.47524099848581,160.26279406140938,2.452532626753755,14.427076434597005,64.4001562278052,0,2026-09-04 04:17:19
2026-09-03 05:18:00,CNC-03,H,296.4437269779778,310.41820951819506,2195.8884646698416,31.00344714923115,118.07572993212834,2.812185039593328,12.691546649664296,57.82370061130529,0,2026-09-04 04:17:19
2026-09-03 16:29:00,CNC-01,L,297.98092124111423,312.12372267686067,1682.697726742572,42.777867563735256,59.80315491604761,2.384551627997489,13.596565367705217,50.985672859853096,0,2026-09-04 04:17:19
2026-09-03 06:16:00,CNC-03,H,295.987418561307,310.76809699568065,1944.1134417284197,37.41865041208529,194.30409461657132,2.990479674650685,13.603706881072505,59.60953792649195,0,2026-09-04 04:17:19
2026-09-03 10:27:00,CNC-01,L,295.18519494133346,310.09426229284935,1441.0861614475566,51.624099230457794,157.89486059050103,2.5821946279355967,13.72911049358973,61.57509573157645,0,2026-09-04 04:17:19
2026-09-03 18:33:00,CNC-02,M,300.1343469614333,315.2124735467612,2104.3629169538576,36.00465072833684,167.48676911075586,3.0609373908831765,14.072135165531202,52.96303653254269,0,2026-09-04 04:17:19
2026-09-03 05:41:00,CNC-01,L,296.3209351665577,310.5278689156547,1937.9097549697701,36.30431673138725,142.88996397862672,2.7720705543880224,13.276918441360579,60.6203531551317,0,2026-09-04 04:17:19
2026-09-03 08:25:00,CNC-02,M,296.3185914059044,311.2882904759334,1732.8265525074014,43.30861786724697,134.0225488512538,2.641383383627603,14.310528535352143,57.74999482127658,0,2026-09-04 04:17:19
2026-09-03 19:24:57,CNC-03,H,299.3088666958826,312.7069937514353,2282.543454774026,25.126520422933577,123.30806931901238,2.985182410044515,10.692678453715526,49.37754734065821,0,2026-09-04 04:17:19
2026-09-03 12:25:00,CNC-01,L,296.072769297313,310.4525139537938,1406.3825514580737,50.4185288759286,152.01774879318933,2.3487216224738514,13.409733486420397,59.73811575023483,0,2026-09-04 04:17:19
2026-09-03 12:08:00,CNC-01,L,295.96131414740813,310.35340249695446,1419.460630162142,52.067247365489536,124.98857463877953,2.21162682519081,14.105447429244748,57.14180524826866,0,2026-09-04 04:17:19
2026-09-03 07:32:00,CNC-01,L,295.21575511917064,309.77226252996945,1796.6897857052068,41.74900387692521,96.44413966413788,2.4304060834466883,14.212516963180672,59.2283742216701,0,2026-09-04 04:17:19
2026-09-04 03:20:00,CNC-02,M,297.50311597721236,310.67479438837387,2561.4869215666436,20.713082801600624,98.5914293433638,3.2662713066886506,10.167741135747788,51.74233794449853,0,2026-09-04 04:17:19
2026-09-03 20:33:00,CNC-01,L,25.893506541025488,39.38995517804642,53156.11638810511,24.266553615870784,149.53848340552344,3.308296761688229,11.165995760555166,56.34685122519237,0,2026-09-04 04:17:19
2026-09-03 23:21:00,CNC-02,M,300.1337410953688,311.37272452998604,2737.944089703051,11.617231109730481,46.245441420023965,3.34904524422235,5.873790903894005,50.29805037396277,1,2026-09-04 04:17:19
2026-09-03 10:45:00,CNC-02,M,296.8450706154417,311.1248086262808,1258.2662545103565,53.648224317884726,131.0341320812511,2.192806274484954,12.654312840165868,57.172342069854146,0,2026-09-04 04:17:19
2026-09-04 03:53:00,CNC-03,H,296.1139722641183,309.3585251420095,2529.8497258259167,21.219308264358112,152.72419287338727,3.245431577604246,9.87248168422015,61.20438755455526,0,2026-09-04 04:17:19
2026-09-03 09:22:00,CNC-03,H,295.9949738550139,309.53601104660555,1440.1932673048132,46.72273078770099,6.119016463121262,2.045521632860977,12.66786160874371,57.71356724812687,0,2026-09-04 04:17:19
2026-09-03 19:37:00,CNC-02,M,300.52987494284923,313.82158126298884,2402.1546842014604,23.671223845733255,21.976555495378584,3.0305645573400466,10.365338577347192,48.11348577046759,0,2026-09-04 04:17:19
2026-09-03 22:56:00,CNC-02,M,26.903725805568,39.04813843669609,2706.3955503428365,16.894433833249796,19.411811690970115,3.2268904296433285,8.473143143273061,52.51254460107648,0,2026-09-04 04:17:19
2026-09-03 07:19:00,CNC-01,L,295.3864897455856,309.35704750904875,1720.524056198024,39.195137413756186,77.91346797651154,2.430887335877045,12.57260603594331,62.98056328346747,0,2026-09-04 04:17:19
2026-09-03 04:30:00,CNC-02,M,296.66065923475094,309.26795127689303,2291.5383671707978,22.018564143864293,71.1298200276228,2.8328058801435576,9.513684087543233,54.1081958171002,0,2026-09-04 04:17:19
2026-09-03 04:35:00,CNC-02,M,296.91345236821877,310.5221805329272,2226.5883174022147,28.214283069481912,77.36194248633788,2.8627441411057606,11.587022812182052,56.7314932170214,0,2026-09-04 04:17:19
2026-09-03 11:09:00,CNC-02,M,297.35118923511897,312.045095122424,1432.8490508343682,52.31286621070489,,2.4853847842776684,13.96181055758514,57.98794374978189,0,2026-09-04 04:17:19
2026-09-04 03:47:00,CNC-01,L,296.13858687887097,310.7497151809747,2232.057038725856,30.535742408532712,203.23934551356564,3.7425874219856454,12.89846675498703,60.524615671879396,0,2026-09-04 04:17:19
2026-09-03 08:50:00,CNC-01,L,294.95567158441685,308.0720477121504,1417.026644745816,46.38120889123911,7.538230174111073,2.047698637456704,12.39654715829773,62.81878215719407,0,2026-09-04 04:17:19
2026-09-03 12:36:00,CNC-01,L,296.16914944938435,310.8219333186488,1314.1726063075916,55.711656999354844,169.5287668845186,2.432886113679198,13.53507466114811,61.2638684159321,0,2026-09-04 04:17:19
2026-09-03 18:58:54,CNC-03,H,299.00217565489714,312.28921586076495,2134.8226101097293,27.779910243127272,88.65831216266268,2.7928038359500746,11.069163041525481,58.19718020707258,0,2026-09-04 04:17:19
2026-09-03 14:00:00,CNC-01,L,302.30286044836,310.3189227347673,1439.3543721308724,49.539167243670526,73.85721309940104,2.166175483372612,13.28212526719613,41.294511475583235,0,2026-09-04 04:17:19
2026-09-03 16:42:00,CNC-02,M,299.86582503732313,313.9036203174667,1785.4279110825066,38.42038897840859,17.121067673321637,2.4827604483240364,12.545388668664843,50.22526675949093,0,2026-09-04 04:17:19
2026-09-03 09:38:00,CNC-01,L,294.9923836924179,309.5246422723409,1579.3713423956813,48.99579634748741,81.55315005793095,2.3060883788079773,14.404207273163246,63.68956075603693,0,2026-09-04 04:17:19
2026-09-03 23:39:00,CNC-03,H,298.59085842951316,310.88213963450954,2682.355225909227,16.603137040641435,136.01744188920614,3.478861220420469,8.364632307295441,51.450371925298796,0,2026-09-04 04:17:19
2026-09-04 01:51:00,CNC-02,M,298.2551711142305,311.8527899914456,2603.6140943069668,20.00685244304428,206.43404450978062,3.8730373421481312,9.727906539252642,56.05943207686671,0,2026-09-04 04:17:19
2026-09-03 09:31:00,CNC-02,M,296.7764547430118,310.2227869520182,1416.4670698565187,43.855717684091644,15.356508688892164,1.9485932251495999,11.52758374453268,53.77257286642524,0,2026-09-04 04:17:19
2026-09-03 09:46:00,CNC-02,M,296.78647702177966,310.86332814414,1369.4640235045558,49.02274280124781,38.62618518449112,2.049512291622161,12.8026495034077,61.568813450576776,0,2026-09-04 04:17:19
2026-09-03 05:41:00,CNC-02,M,296.33012979877645,310.46903664511774,1992.8974529805741,33.47779817457565,161.20433472936384,2.8575576210459688,12.57709943300694,56.43655179510229,0,2026-09-04 04:17:19
2026-09-03 23:57:00,CNC-02,M,,312.53025376591535,2739.1214638165584,18.851671780728726,84.57724770325355,3.3695072916034636,9.569404715877884,50.44115478782746,0,2026-09-04 04:17:19
2026-09-03 15:01:00,CNC-01,L,302.91972296451405,311.5309585050641,1536.6704007683643,48.51130258211751,168.07135193699256,2.683237391704977,13.675574584204089,41.25416862411979,0,2026-09-04 04:17:19
2026-09-03 20:18:00,CNC-01,L,25.725052449023565,38.2202338162553,2463.419054261896,19.093589821552655,131.91919593711734,3.265706340401948,8.882661159488848,56.16324551687741,0,2026-09-04 04:17:19
2026-09-03 05:34:00,CNC-02,M,296.51720932802755,310.85056414577235,2118.10677701055,33.80504959240221,152.0645379391182,3.045551861800442,13.58807410925297,54.356665439722796,0,2026-09-04 04:17:19
2026-09-03 15:10:00,CNC-03,H,298.3361896002877,312.4706117789312,1686.4185027699975,41.80728903315321,45.63406292337789,2.328288173244859,13.023566103400617,52.294884005722324,0,2026-09-04 04:17:19
2026-09-03 22:02:00,CNC-01,L,298.6874526798573,309.95128122025204,2577.351171983991,13.768036769260647,54.52786151181183,3.049368398183616,6.734746485823029,51.628224934759835,0,2026-09-04 04:17:19
2026-09-03 10:35:00,CNC-02,M,296.9046152061988,311.2761514744905,1504.1375767332515,47.01483885259461,115.23200321893155,2.2492909033223305,13.270005098888026,59.00077890648891,0,2026-09-04 04:17:19
2026-09-03 20:36:00,CNC-02,M,32.96707546256522,,2452.871292461021,19.319611669637357,92.06188392163682,3.207255172353049,8.79329021501719,36.82349213961854,0,2026-09-04 04:17:19
2026-09-03 06:22:00,CNC-03,H,296.10386609108787,310.63831372295624,1873.0105287125957,38.251850109236905,202.50651011262778,3.0497116135687024,13.374177396661045,51.735290868545476,0,2026-09-04 04:17:19
2026-09-03 18:23:00,CNC-01,L,298.79597573501377,313.5170736831137,2016.7219603374529,34.96309729867735,215.43643241823497,3.6078237448486083,13.268851452949944,55.51637614203266,0,2026-09-04 04:17:19
2026-09-03 17:42:00,CNC-02,M,299.85724163801365,313.2596522999416,1999.5508993243157,29.64036683438162,100.55225826560117,2.715356515667511,11.049889261675988,51.07077461701918,0,2026-09-04 04:17:19
2026-09-03 21:00:00,CNC-02,M,27.605338229424774,41.223767746623935,2492.0556618318747,24.01938914108144,119.74855412243298,3.0569491161198483,11.001087896484044,44.18869983168525,0,2026-09-04 04:17:19
2026-09-03 14:18:00,CNC-01,L,302.4848147792379,310.14291274737667,1395.8317057697166,45.02860949203411,101.96597427900373,2.1964112405931147,11.64672121165416,50.30203500406955,0,2026-09-04 04:17:19
2026-09-03 07:08:00,CNC-02,M,296.341354602629,310.68439854349333,1931.750792464399,40.4405561630784,22.458171653088918,2.534883630071739,14.967017731379373,55.6548481190796,0,2026-09-04 04:17:19
2026-09-03 09:52:00,CNC-01,L,295.15995495600066,309.5999233260012,1506.1284080749115,49.69182040712562,103.26353974749199,2.1446093464594744,14.071402022618543,57.625160227365924,0,2026-09-04 04:17:19
2026-09-03 05:33:00,CNC-03,H,296.21381452441284,310.14183933459975,2101.6737403451802,29.40711128920722,137.38762873400782,2.862028569717631,11.591941549192148,51.654509941058734,0,2026-09-04 04:17:19
2026-09-03 12:19:00,CNC-02,M,297.67350611575085,311.87289722182953,1301.5158282111506,52.03790215053753,76.44624142861974,2.024908102182826,12.725213908119702,57.64067037774157,0,2026-09-04 04:17:19
2026-09-03 19:57:00,CNC-03,H,26.288211241489194,39.72816918051382,2514.418581314825,23.97809672419619,160.87212449416072,3.304383919908053,11.434224037245405,50.59560080691577,0,2026-09-04 04:17:19
2026-09-03 13:53:00,CNC-03,H,297.2651559931486,311.87486470245113,1435.8352125759145,50.304392798331236,170.68048705152984,2.4689392218358335,13.578493340913315,58.42803249668117,0,2026-09-04 04:17:19
2026-09-03 17:50:00,CNC-02,M,300.09254694638827,314.30808248726885,2065.627563443674,33.38364880438545,111.12783887609591,2.7619620835711403,12.802672564918922,51.76871676503234,0,2026-09-04 04:17:19
2026-09-03 13:58:00,CNC-01,L,302.38064999271774,310.84865566584796,1514.4075414136123,49.16342907940985,70.7157127021998,2.148045148445379,13.976748096429152,44.83436291642403,0,2026-09-04 04:17:19
2026-09-03 08:18:00,CNC-03,H,295.92524702883446,310.7776006351362,1662.4504165143524,46.63107599952527,130.57487864764278,2.4189082008453417,14.666073624868531,57.19207025132244,0,2026-09-04 04:17:19
2026-09-03 16:02:00,CNC-01,L,297.77269370153726,311.3615568679526,1578.4349738833953,41.889915117076306,20.546775459895585,2.233710421714468,12.368138412215554,56.10352509830345,0,2026-09-04 04:17:19
2026-09-03 20:04:00,CNC-03,H,26.267142685196234,40.24053085321532,2319.544686378733,28.096157755608257,169.20830657758364,3.2763977016559136,12.271070296424696,51.710710549021464,0,2026-09-04 04:17:19
2026-09-03 20:52:00,CNC-01,L,25.64697855514879,39.173279032657774,2453.245013401401,23.767637662437206,171.5377142717677,3.4126686575496317,10.988850584068924,55.516419161437646,0,2026-09-04 04:17:19
2026-09-03 21:52:00,CNC-03,H,298.8241879771151,311.04290290380465,2584.1294189411724,18.759441602874954,21.11789281532243,3.050579610595851,9.357117270430859,50.50753104327413,0,2026-09-04 04:17:19
2026-09-03 08:51:00,CNC-01,L,294.78954696102016,308.5933153897045,1511.4997343754562,45.40042732682388,9.07129599197838,2.1483412626161695,12.729630441784927,65.49415389485904,0,2026-09-04 04:17:19
2026-09-04 00:37:00,CNC-03,H,298.08974510712335,311.2465881297515,2814.1845794766778,18.881027755772607,197.5286189980896,3.9307837086005653,10.193619362196099,53.05952962043106,0,2026-09-04 04:17:19
2026-09-03 19:06:00,CNC-03,H,299.5288827479546,313.4983776878583,2181.023990887727,30.773761657348448,98.69674265464899,2.831419795441585,12.511663240799587,52.03885868408872,0,2026-09-04 04:17:19
2026-09-03 16:44:00,CNC-01,L,298.1020251689077,313.0435279442262,1925.6712948243571,41.75222410481759,80.9500402559077,2.483502045652389,14.921488609841349,57.40824185855413,0,2026-09-04 04:17:19
2026-09-04 04:00:00,CNC-01,L,295.7094786468535,307.81740398418765,2423.890099765832,19.984995113949708,4.730952988819311,2.8385262492787358,9.117700836475457,58.68171289678253,0,2026-09-04 04:17:19
2026-09-03 13:03:00,CNC-03,H,296.9888024052967,311.1053252408171,1374.0694798505149,50.87977001201169,91.92280096455524,2.1502974684366283,12.916240024171225,57.25401469893327,0,2026-09-04 04:17:19
2026-09-03 10:44:00,CNC-02,M,296.8794649148073,311.63354515261324,1371.5378822358605,54.83331872711098,129.4341320812511,2.13651089750817,14.138939737308885,57.94363352321427,0,2026-09-04 04:17:19
2026-09-04 01:30:00,CNC-03,H,297.33824726591934,310.08841599571525,2736.6990942770485,16.327583186778607,254.75171921978819,4.350229802750789,8.513154669408312,56.181708695461126,0,2026-09-04 04:17:19
2026-09-03 20:05:00,CNC-03,H,26.03348282925225,40.22998057800743,2391.210496452562,27.247835172377087,170.3845196146937,3.428876244911483,12.082148019801604,50.52348670377056,0,2026-09-04 04:17:19
2026-09-03 06:22:00,CNC-01,L,295.8130103944261,311.0409066937438,2000.8139769374955,38.780834297590296,197.3890204724631,3.3721347865421314,14.486361938353326,55.354535939128,0,2026-09-04 04:17:19
2026-09-03 17:44:00,CNC-01,L,298.55369389963676,313.2443899929255,2104.6874580169238,34.640875379257196,163.65380686212242,3.1353707426158075,13.543193752586683,52.730510987013474,0,2026-09-04 04:17:19
2026-09-03 06:42:00,CNC-02,M,296.26700336204084,311.3726204051177,1791.4650491965144,42.611983685550925,243.52135335700768,0.0,14.426717740979894,54.576785322732775,0,2026-09-04 04:17:19
2026-09-03 17:31:00,CNC-02,M,299.488963299366,313.9023745802619,1826.365914860231,38.20321611041003,85.44989696281428,2.5423052845934264,12.93383710448479,51.56335702669501,0,2026-09-04 04:17:19
2026-09-03 21:59:00,CNC-03,H,298.8816325834219,310.6666741984294,2702.471841981619,16.376712449546606,28.778552033547072,3.2637193777417686,8.475870477368975,51.45189217106447,0,2026-09-04 04:17:19
2026-09-04 03:56:00,CNC-03,H,296.16037024913373,309.69472965882943,2471.353083403885,23.56232412217922,156.30910459240707,3.3607334456654736,10.806768400366906,57.242501986331085,0,2026-09-04 04:17:19
2026-09-03 17:53:00,CNC-02,M,300.0831731097072,314.29864731760125,2106.834295921974,32.42074379662156,115.0766217226055,2.7469661481294296,13.02891574894344,49.75883693960711,0,2026-09-04 04:17:19
2026-09-03 05:56:00,CNC-01,L,296.3260182471943,310.8404395199868,2074.507348422502,34.71135024989925,162.57003225346253,3.0964096539302166,13.385795797602945,59.52758633585573,0,2026-09-04 04:17:19
2026-09-03 11:49:00,CNC-03,H,301.8495946731425,310.643043050395,1335.076577460713,53.85915939047679,237.53573490932246,2.943690238496458,13.294853155717524,45.60766330159749,0,2026-09-04 04:17:19
2026-09-03 10:47:00,CNC-02,M,296.8400871034478,310.8370625660838,1443.8898452707665,47.423740460697715,134.2133990233812,2.2935104388248795,12.95645894495028,55.07657426212792,0,2026-09-04 04:17:19
2026-09-04 00:57:38,CNC-02,M,298.9486644264282,311.5925438730296,2679.9061794143913,16.971040365500425,149.3629312268083,3.4731223633316124,8.589382845126103,51.72308791499194,0,2026-09-04 04:17:19
2026-09-03 19:39:00,CNC-02,M,300.1753511989182,313.48745373549525,2284.148052548638,26.165366611514937,24.43403193022797,2.870268879486535,11.198609963209773,53.006866425525615,0,2026-09-04 04:17:19
2026-09-03 05:40:00,CNC-03,H,296.2351004698486,310.19785738087353,2141.444711833409,,146.52400632379715,2.8613778082127674,11.12502144489321,60.02934112172681,0,2026-09-04 04:17:19
2026-09-03 05:49:00,CNC-02,M,296.1526589769555,311.0916389703282,2110.934661223982,36.79965499588073,171.72848223218554,3.019266738036558,14.645673536679393,53.34570642280111,0,2026-09-04 04:17:19
2026-09-03 08:53:00,CNC-03,H,295.8264128766489,311.38914519188364,1530.3942565407158,52.789129064709044,182.83981298390367,2.5639252773146652,14.933984000803417,59.57226856956204,0,2026-09-04 04:17:19
2026-09-03 09:47:00,CNC-01,L,295.0505692131376,309.5839176263294,1515.3295153647148,50.246940380891765,95.58478950835102,2.2690562472465783,14.27014300679418,63.72306951943696,0,2026-09-04 04:17:19
2026-09-04 04:11:00,CNC-02,M,297.2088720775608,310.75244528282036,2284.853360633635,23.771277962271586,158.79617147159453,3.2054255071915025,10.150981384587517,59.44326364664826,0,2026-09-04 04:17:19
2026-09-03 08:54:00,CNC-02,M,296.44663332852963,311.1965865914526,1498.9684725821025,49.51133036216693,177.12989104122377,2.6211362184530254,14.078233347139967,56.221537475724936,0,2026-09-04 04:17:19
2026-09-03 10:12:00,CNC-02,M,296.8700323171956,311.3601206121216,1557.2746425968078,46.90519672626178,79.2185592810021,,13.818586896041062,56.54748120864353,0,2026-09-04 04:17:19
2026-09-04 00:28:00,CNC-02,M,299.2581083641243,312.2460538245404,2700.3709768026474,19.13982718943314,117.53823070765296,3.3579000238753056,9.784146692378098,52.04331836941689,0,2026-09-04 04:17:19
2026-09-03 22:41:00,CNC-03,H,25.943030943652104,38.07448783185339,2721.8410147715335,16.56435258044494,74.33875489816488,3.3407216434448888,8.327052855909892,53.68270547251106,0,2026-09-04 04:17:19
2026-09-03 21:08:00,CNC-02,M,300.46603711903964,313.8363065386332,2618.3931854135762,21.208707147614096,128.739982421607,3.222638406040309,10.304378316811691,49.11083009439617,0,2026-09-04 04:17:19
2026-09-03 18:30:00,CNC-03,H,298.85221982282314,312.2978593989283,2315.4611520440985,28.665302390545236,53.09896813035259,2.9651894397468554,12.462523754893112,,0,2026-09-04 04:17:19
2026-09-03 14:59:00,CNC-01,L,302.8269855851694,311.5133476435996,1532.1015573908387,48.45106790795855,165.0061465997871,2.570643827993384,13.780760981947685,44.800172787350064,0,2026-09-04 04:17:19
2026-09-03 22:52:00,CNC-03,H,25.891344101348864,38.079504609092055,2749.0241954786234,16.830849568337584,86.11025114087883,3.309045101234477,8.745010242777584,54.60567567199564,0,2026-09-04 04:17:19
2026-09-04 00:52:00,CNC-03,H,297.9482489034159,311.80283948563766,2523.1075252161236,23.2524893894755,213.66191827448938,3.679416851005669,10.756457019800182,54.92885335088251,0,2026-09-04 04:17:19
2026-09-03 11:33:00,CNC-03,H,301.67321654981305,311.0590882426975,1525.0255666655823,52.92301910401315,212.1641677886285,2.883527978903988,15.165402312286998,49.95484534812606,0,2026-09-04 04:17:19
2026-09-03 08:13:00,CNC-02,M,11042.709184422663,310.96156572281626,1594.6780751795009,47.88634339755532,116.21745518092641,2.3095404459908897,14.260140408309248,56.17800381118062,0,2026-09-04 04:17:19
2026-09-03 10:41:00,CNC-02,M,297.0255893866296,311.1474920556183,1429.0095331248851,47.005644762270975,124.68834692504743,2.2577200589476973,12.597210861784204,53.33157698509627,0,2026-09-04 04:17:19
2026-09-03 07:04:00,CNC-02,M,296.3345812438314,310.76469078737597,1824.902987024149,41.43743609307842,16.916688755299816,2.505086755786573,14.175902508022784,59.39224441507169,0,2026-09-04 04:17:19
2026-09-03 06:46:00,CNC-01,L,295.5370172464682,309.69542067838677,2014.913527279507,36.82115134192282,31.520578703848297,2.556455575181944,13.875291834729127,59.68022777152653,0,2026-09-04 04:17:19
2026-09-04 03:41:00,CNC-02,M,297.1671840289025,311.1618783273615,2496.0816321848256,24.23733243321817,123.17328395517605,3.1940995061344903,11.236813912822681,56.812388069228604,0,2026-09-04 04:17:19
2026-09-03 19:27:00,CNC-02,M,300.2079262129638,313.522710891663,0.0,27.232785477268223,9.773623542191457,2.7413684106617797,11.349944745019178,51.215887822181806,0,2026-09-04 04:17:19
2026-09-04 00:04:00,CNC-01,L,298.2774796779168,311.4056727514488,2801.80183195568,17.930219891606754,185.3684235931301,3.9249881841139254,9.482178458033452,55.07503592168604,0,2026-09-04 04:17:19
2026-09-03 20:32:00,CNC-02,M,32.92492090354858,41.171110397477605,2563.055629202603,27.57915170346188,87.40334484882126,3.1763704254555325,13.265016225992245,42.711655514268486,0,2026-09-04 04:17:19
2026-09-03 21:21:00,CNC-01,L,298.7910664026396,311.24262097599876,2590.5244865330483,20.649273567115813,8.966082963244409,3.073355190803581,10.313631353806407,56.00074279283222,0,2026-09-04 04:17:19
2026-09-03 13:12:00,CNC-03,H,297.13671891778296,311.26273400022046,1387.0112255149845,49.23823571338237,106.21315816376907,2.1002325161139797,12.696310940253847,60.645845880555036,0,2026-09-04 04:17:19
2026-09-03 13:32:00,CNC-01,L,302.3428485467717,310.26286722628004,1293.6286800808098,53.65567803585074,30.01954575689757,1.947300034574795,13.207956645512802,47.73057700764829,1,2026-09-04 04:17:19
2026-09-04 03:32:00,CNC-03,H,295.8111452310354,309.30393320745287,2419.816453875654,25.561446064359465,127.93267649454383,3.097739342032133,11.375542812561159,53.46556273946668,0,2026-09-04 04:17:19
2026-09-03 19:12:00,CNC-01,L,298.9591559713018,312.1704289586935,2260.613642630869,27.256514936802933,51.96360713321519,2.8442742460840695,11.527318350331676,54.297874932340385,0,2026-09-04 04:17:19
2026-09-03 13:35:00,CNC-01,L,302.048877278334,309.7816695400986,1351.1476196227336,51.312922578785,34.743418305025635,2.0146357332791314,13.083289346183593,44.29836638748929,1,2026-09-04 04:17:19
2026-09-03 08:15:00,CNC-01,L,295.2609140525516,310.1138347310645,1750.165794618611,44.35890734997369,159.15340112879983,2.736420703286706,14.583644878139447,60.46606348831601,0,2026-09-04 04:17:19
2026-09-04 03:28:00,CNC-01,L,296.1090697601008,309.7703905703311,2395.375486483735,25.530685533553882,180.79018425226872,3.551032884497665,11.542988400081354,56.37587439653034,0,2026-09-04 04:17:19
2026-09-03 23:42:18,CNC-01,L,297.86125032125653,310.1483415083253,2685.2362932673077,15.82730317032365,163.13957433898062,3.597540101978086,7.830009241690188,55.88086739383845,0,2026-09-04 04:17:19
2026-09-03 19:05:00,CNC-02,M,300.10704512021033,314.43907822079217,2351.7126105170623,26.83772541735183,207.81607369451174,3.693137749055344,11.787500167463303,53.45584171885056,0,2026-09-04 04:17:19
2026-09-03 16:16:00,CNC-02,M,299.504455278025,314.426852555241,1714.1041871883706,42.8262120460741,0.0,3.024572414755096,13.599603679512148,51.402328848526416,0,2026-09-04 04:17:19
2026-09-03 19:51:00,CNC-01,L,299.1348702623715,312.5821753761307,2448.782801236685,25.189126053642145,99.79150323079458,2.95174649508172,11.59405225588073,52.587147374189655,0,2026-09-04 04:17:19
2026-09-03 20:16:00,CNC-01,L,25.84910846060933,40.00015957662106,2219.8317426681515,29.869460404490336,,2.9069362087804946,12.366830391181633,57.63572101935169,0,2026-09-04 04:17:19
2026-09-04 01:58:00,CNC-01,L,297.1203118281673,308.720954094871,2593.0817895632026,14.227007411187602,79.58448165760588,3.1860128589359302,6.728629597296795,58.38292256353499,0,2026-09-04 04:17:19
2026-09-04 01:43:00,CNC-02,M,298.34858228107703,311.35622692627226,2570.770766883549,17.632716730345535,197.6928964651073,3.7419439957367295,8.52926926032599,55.43871439005587,0,2026-09-04 04:17:19
2026-09-03 11:37:00,CNC-01,L,295.68836913743615,310.0979140713075,1462.55868022518,50.710342139075955,75.63172361365103,2.145864250379984,13.710372060265328,57.80639156896538,0,2026-09-04 04:17:19
2026-09-03 15:36:00,CNC-01,L,297.3086895952352,313.0774089648682,1655.81422924908,50.199044502411866,220.63534086185507,3.3071627459306625,15.52823389335272,55.020933139427726,1,2026-09-04 04:17:19
2026-09-03 18:09:00,CNC-01,L,298.7621864331418,313.47963893887584,2027.8354113672203,35.2711719058451,197.03113785382848,3.2714642138090775,13.463295418246233,56.12658331591574,0,2026-09-04 04:17:19
2026-09-03 23:17:00,CNC-01,L,25.198157119653786,38.22019166581157,2755.7707927301008,19.37302816753476,135.4028313439454,3.4200286183934967,10.117065138522083,55.20826514154424,0,2026-09-04 04:17:19
2026-09-03 13:19:00,CNC-03,H,297.10405877661606,311.42330611147037,1430.7764890591004,50.32509173110733,117.2344207090369,2.1630600568719194,13.305311206333576,56.516649368744694,0,2026-09-04 04:17:19
2026-09-03 12:28:00,CNC-01,L,295.8549646475808,310.49545505554323,1344.5715633564107,53.24923549158925,156.7990895542205,2.4434736342051235,13.294742770564122,58.84630985980759,0,2026-09-04 04:17:19
2026-09-03 09:17:00,CNC-02,M,296.8459472464894,312.02604320190443,1661.637139532806,45.261946133955504,212.01433746812626,29.948203341484938,14.092607858247256,59.22588794198675,0,2026-09-04 04:17:19
2026-09-04 00:11:00,CNC-01,L,298.11010560243665,311.9598109832402,2460.869371710449,25.423161660823343,192.95895026582392,3.6576366932767046,11.825197396315556,53.24969643834122,0,2026-09-04 04:17:19
2026-09-03 05:30:00,CNC-03,H,296.1615025460845,310.19329617641324,2198.4745400313677,30.455246810097965,133.5232935785356,2.8762822955335423,12.364828742522432,58.20449727662593,0,2026-09-04 04:17:19
2026-09-03 20:13:00,CNC-03,H,26.133291578662806,39.70381267201799,2333.9656068892605,25.883470016620457,179.8700267222848,3.248731104695453,11.326522348072269,54.565353302657584,0,2026-09-04 04:17:19
2026-09-03 17:42:00,CNC-01,L,298.30910758335415,312.5049555046396,2178.9491855958727,31.032827000958747,160.9620982447574,3.1813373922391133,12.701828595502157,55.269724088961055,0,2026-09-04 04:17:19
2026-09-03 16:55:00,CNC-03,H,298.56470761857884,313.2217864655822,1788.5622740327135,38.97300246307743,199.10638412161057,2.851581163338106,13.05710462827907,54.14132301357725,0,2026-09-04 04:17:19
2026-09-03 06:23:00,CNC-01,L,295.8801137045322,309.7602102170721,1983.3673309516037,34.79982970071903,0.0,2.525776403049784,12.691066060734576,55.6254119551871,0,2026-09-04 04:17:19
2026-09-03 11:37:00,CNC-02,M,297.4875172234996,310.9444396414243,1305.9189811089302,52.42182672380965,9.543684712977326,2.1031077060558716,12.809500888448715,58.7160402747412,0,2026-09-04 04:17:19
2026-09-03 17:30:00,CNC-02,M,299.80087299783594,314.0233689513758,1786.237027102313,39.25565346907748,84.0311791313859,2.4880010961797914,12.85283341340742,52.41056906653817,0,2026-09-04 04:17:19
2026-09-03 10:58:00,CNC-02,M,297.24131431363065,311.93251010438723,1474.5239185279133,50.25022891511773,151.6115288443852,23.205701415027363,13.688342696614544,56.23831675832113,0,2026-09-04 04:17:19
2026-09-03 13:03:00,CNC-02,M,297.7957719841987,312.19307979028605,1372.5955286957426,50.712502155289805,146.04353870177079,2.239133328849563,12.986707415545217,51.67922135362967,0,2026-09-04 04:17:19
2026-09-03 23:13:00,CNC-01,L,25.191693139303368,37.5735937566987,2765.3590012464033,14.78241400276748,131.1456243698024,3.457306492449308,7.569409127971555,54.24487524075729,0,2026-09-04 04:17:19
2026-09-04 03:41:00,CNC-01,L,296.01088452175736,310.00193739663405,2378.093095355436,26.812128074693856,196.04836452499146,3.6821895907108657,12.089008341795672,57.67510230007718,0,2026-09-04 04:17:19
2026-09-03 21:15:00,CNC-03,H,299.24316253355215,313.5149493754384,2542.7913531894296,26.167371152713812,251.04359911145167,4.109784583268962,12.493857925228761,55.2194704858793,0,2026-09-04 04:17:19
2026-09-03 13:56:00,CNC-02,M,298.29662190615835,313.6238941442683,1494.6865463086667,52.339263742148866,229.5502067596037,3.0780762608280288,14.6758677814394,53.95964394520474,1,2026-09-04 04:17:19
2026-09-03 05:36:00,CNC-03,H,296.44509638116756,311.0231926330634,0.0,35.074862166781635,141.3178333242201,28.149907583436097,13.646516038387968,59.0295920568374,0,2026-09-04 04:17:19
2026-09-03 14:12:00,CNC-03,H,297.69403884395194,311.9684278880359,1341.030067865585,49.763543026563276,200.32511677523166,2.5832642989988073,12.231497494968268,60.7643328779138,0,2026-09-04 04:17:19
2026-09-03 19:44:00,CNC-03,H,299.3955435517329,313.3941559331282,2298.6766692606075,28.04411979777299,145.1763738950533,3.052863391381758,12.189700322084969,56.90595003703523,0,2026-09-04 04:17:19
2026-09-03 12:59:00,CNC-02,M,297.6198309431479,311.80966697483,1368.8032308504598,48.93987954266927,139.7050329331639,2.3147299275357627,12.430603590857759,53.520832988733304,0,2026-09-04 04:17:19
2026-09-03 12:31:00,CNC-02,M,297.45152655361505,311.466940199464,1341.6151274510066,50.87396005680988,95.36751699449074,2.051781050413478,12.963176693605025,56.48885370725481,0,2026-09-04 04:17:19
2026-09-03 09:51:00,CNC-01,L,295.26403726143434,309.49601113917214,1492.1665961411072,47.234029339280184,101.72221758538377,2.178129465674306,,56.31063013929364,0,2026-09-04 04:17:19
2026-09-03 23:24:00,CNC-03,H,298.4520491621299,311.1373714083948,2676.5594551792165,18.278623405151592,120.02975249361491,3.2110089941457796,9.330177612193138,53.21026172133709,0,2026-09-04 04:17:19
2026-09-03 18:34:00,CNC-02,M,300.27890734453746,314.93877742997444,2207.3113123063376,31.739146904219435,168.7634123980059,3.2000324088540415,12.994870206358172,55.175556999895846,0,2026-09-04 04:17:19
2026-09-03 16:33:00,CNC-03,H,298.34836799650867,313.0769352042885,1784.3651429458412,41.38212511658165,167.91461738192018,2.7072387281336385,13.74940489078765,51.51926692191024,0,2026-09-04 04:17:19
2026-09-03 10:56:00,CNC-01,L,295.54379384662604,309.5316347590692,1392.760799660072,51.247299918853045,11.011550958026156,2.0176752295278026,13.440135930506823,60.67393798817331,0,2026-09-04 04:17:19
2026-09-03 14:39:00,CNC-03,H,298.1238868243485,312.9289509877609,1503.9532560469102,48.68114556501302,241.83984049501936,31.399738264133205,13.80779429281201,52.90272342000545,0,2026-09-04 04:17:19
2026-09-03 16:54:00,CNC-03,H,298.39155820756633,313.2325656008379,1903.057391127145,40.52063506446359,197.69256374102426,3.003359898433751,14.395779520636355,51.66516872607351,0,2026-09-04 04:17:19
2026-09-03 20:29:00,CNC-02,M,33.02598834220788,40.742734412851576,2455.0979636099937,24.239515924904353,83.93410643817623,3.042845806956404,10.983855475679512,40.08958615159005,0,2026-09-04 04:17:19
2026-09-03 21:37:00,CNC-03,H,299.3080276532087,310.8351242605622,2547.2205906554054,15.149369269755468,4.448738213440548,3.022776935068882,7.037309937751643,51.842239210319825,0,2026-09-04 04:17:19
2026-09-03 18:15:00,CNC-01,L,298.79866601010104,313.5644949935273,2009.8070993631593,36.20933154144279,204.94155451548556,3.5016682943292157,13.752366189330049,52.78635251235655,0,2026-09-04 04:17:19
2026-09-03 08:21:00,CNC-03,H,295.7400814209333,310.2778040258154,1789.8454915151158,41.551182866301524,134.97307773743162,2.4630420498015617,13.88626066790346,61.317632243337485,0,2026-09-04 04:17:19
2026-09-03 22:43:32,CNC-03,H,25.981225610565104,38.718445288373346,2527.3028735892412,20.848351524601757,76.48930111393479,3.0196698604497563,9.77148458058286,55.51368365937866,0,2026-09-04 04:17:19
2026-09-03 07:17:00,CNC-03,H,296.1793030392031,309.97614696844386,1686.6840666592118,39.59591816484512,42.234872259625455,2.3376587185456774,12.594144514798401,58.32822134091908,0,2026-09-04 04:17:19
2026-09-03 07:56:00,CNC-02,M,296.6235305141804,310.9843098442793,1743.0545901135858,42.00754621926659,91.37355858889947,2.4481479639677963,13.82383458484279,59.696850629741,0,2026-09-04 04:17:19
2026-09-03 07:01:00,CNC-02,M,296.17353659024894,309.74305293934583,1960.4548886673217,34.91392254389696,12.64280124615196,2.6193319046826486,12.984402534925891,61.1814676360712,0,2026-09-04 04:17:19
2026-09-03 11:47:00,CNC-01,L,295.73010199631545,309.90699016601786,1412.3499112753216,51.11667970510798,91.57029244271874,2.1841770208689435,13.483081341534078,61.41901772416674,0,2026-09-04 04:17:19
2026-09-03 09:05:00,CNC-02,M,296.34477931368315,310.9906832574564,1583.112488192315,44.254167384218775,193.82080441638524,2.852276322054599,12.854964097761549,57.05525353733319,0,2026-09-04 04:17:19
2026-09-03 07:10:00,CNC-01,L,295.2082538320285,309.3811684142223,0.0,38.753282027847625,65.22478768083054,2.491719315025956,13.409204642602043,52.5370766950303,0,2026-09-04 04:17:19
2026-09-03 16:22:57,CNC-01,L,297.8296133382319,0.0,1682.780566351495,40.5407611391153,51.04493678625844,2.401098404617364,12.351642938182014,54.95355088828231,0,2026-09-04 04:17:19
2026-09-03 10:10:00,CNC-03,H,295.57433290769575,309.62496196545754,1472.0010661575386,46.300357632576194,80.91320434411708,2.1167312042764,12.3721938001464,57.28059351185401,0,2026-09-04 04:17:19
2026-09-03 16:20:00,CNC-03,H,298.64128015931396,312.9322493942574,1818.5108708000969,38.125553069924706,149.22853758685406,2.6623967795968335,13.065648341080975,54.630233884963616,0,2026-09-04 04:17:19
2026-09-03 17:45:00,CNC-01,L,298.2369611767887,312.51506066151734,2015.512342803759,33.708964847221345,165.0150261491786,3.01663861069767,12.800931701302758,52.561348601912805,0,2026-09-04 04:17:19
2026-09-04 01:32:00,CNC-03,H,297.33303390099417,310.3262189203085,2650.7871351264967,17.516776839098075,256.85622195558915,4.21967155625204,8.984652192502223,53.942245337110094,0,2026-09-04 04:17:19
2026-09-03 14:17:00,CNC-03,H,297.6077101314634,312.1685133141057,1436.2142887151952,48.772542309476464,208.12098394632926,2.6964164341837273,12.750022917550044,53.12368290328675,0,2026-09-04 04:17:19
2026-09-03 15:46:00,CNC-03,H,298.59323768950117,313.0960180610652,1698.6705164301682,42.712131949878085,99.44546674995082,23.307858066368837,13.478515073340054,54.084030252217325,0,2026-09-04 04:17:19
2026-09-03 23:41:00,CNC-03,H,298.57249676358475,312.0172371606428,2615.410894257346,23.079497230867403,138.1698174168327,3.2829932540103797,11.327953302259244,54.70616621480105,0,2026-09-04 04:17:19
2026-09-03 16:03:00,CNC-03,H,298.09206802175686,312.46037005536573,1555.35649843862,46.97867485171349,124.55239288016035,2.2370278776829253,13.60836938618964,52.061616844508876,0,2026-09-04 04:17:19
2026-09-03 06:27:00,CNC-03,H,296.41493183722054,311.5807006809837,1962.6991199208096,39.16621275960081,209.37138282437354,3.248695310863583,14.398422526686868,65.23560415009744,0,2026-09-04 04:17:19
2026-09-03 23:58:00,CNC-03,H,298.39014054401315,310.7010107863205,2783.611209118725,14.922497360728673,156.10868512078576,3.5483608474568493,7.4531642077352105,53.96205108542377,0,2026-09-04 04:17:19
2026-09-03 12:04:00,CNC-03,H,302.0747108335998,311.18076338565885,1362.5013693572046,56.16574967714859,261.33829760286295,3.1397169901584103,14.45831284256797,47.8191070666984,1,2026-09-04 04:17:19
2026-09-03 05:28:00,CNC-01,L,296.28386439673153,310.62323617827644,1968.5564001547768,36.36511465046449,125.7778439691931,2.8199298876886267,13.145500976673688,60.603024526794506,0,2026-09-04 04:17:19
2026-09-04 02:02:25,CNC-02,M,298.2221065465906,311.06982152124397,2672.0441230918873,19.827938771278074,10.896872832440929,3.1877719359105177,9.967615790176376,53.76538982581925,0,2026-09-04 04:17:19
2026-09-03 19:45:00,CNC-01,L,299.31302663535035,312.42551497696735,2214.367935651519,26.493481693931052,92.49205838228936,2.95710012224674,10.92524096737974,49.6911728015907,0,2026-09-04 04:17:19
2026-09-03 10:38:00,CNC-03,H,295.9848859453663,,1443.951259450164,51.53830182825907,125.05551239753066,2.2728045113940114,14.017870357442893,54.36608211888749,0,2026-09-04 04:17:19
2026-09-03 21:32:00,CNC-03,H,299.2154929373258,313.19126867684287,2411.9325242540162,24.961573031859885,270.120282282017,4.13801912298724,11.235385221221499,55.449394069544965,0,2026-09-04 04:17:19
2026-09-03 17:23:00,CNC-03,H,299.08838488192237,314.34336467341177,1868.8151520100066,40.51674620291865,237.97351070746964,3.263095613271992,14.18140569407694,52.89902140936671,0,2026-09-04 04:17:19
2026-09-04 03:33:00,CNC-02,M,297.18386036225576,310.184395241247,2511.3997574620876,19.67523459110789,113.69469516401621,3.2198574901763983,9.220556792588653,59.96970497310969,0,2026-09-04 04:17:19
2026-09-04 01:24:00,CNC-03,H,297.498516093305,310.43834620861355,2665.026125053661,17.127715286857395,248.2354321942391,4.235930535318873,8.349634623241512,55.60112488611302,0,2026-09-04 04:17:19
2026-09-03 06:17:00,CNC-03,H,296.0131280097892,310.69856667782517,2058.5294295900967,34.905086277968806,195.62556180575896,3.181041213982784,13.307625311044202,57.75424366625903,0,2026-09-04 04:17:19
2026-09-03 20:53:00,CNC-01,L,25.856986391787416,40.984640698418445,2348.4564680956105,33.94155700786848,172.72596793055385,3.3539592493642507,15.23923916235989,55.76224794049656,0,2026-09-04 04:17:19
2026-09-03 15:37:28,CNC-02,M,299.21308536085706,313.88322304026525,1687.677682046255,42.09604888844645,151.326544150797,2.6447495507159795,13.525738633828428,50.880383760500266,0,2026-09-04 04:17:19
2026-09-03 20:46:00,CNC-01,L,25.734275528224885,39.36356697609517,2475.573445269394,23.732366146442885,164.50126864033118,,11.114500998912591,52.8000474029397,0,2026-09-04 04:17:19
2026-09-03 19:41:00,CNC-02,M,300.44623857407055,313.8181849167116,2373.709725927966,26.280871667760433,26.86788511693177,2.988952694632545,11.187066543551865,48.43421444656238,0,2026-09-04 04:17:19
2026-09-03 15:41:00,CNC-01,L,297.5720547930896,312.9658861927835,1764.347718263901,45.61569584559239,228.16303973572371,0.0,15.09621995448063,56.720693404302686,0,2026-09-04 04:17:19
2026-09-03 09:03:00,CNC-02,M,296.5696377041799,311.9837775734893,1474.45432316717,53.245113433960405,190.78454638789637,2.771018897063847,14.697877179898908,59.28092660306685,0,2026-09-04 04:17:19
2026-09-03 15:24:00,CNC-03,H,298.5163928721495,312.7099563547744,1527.9246606217694,47.78213990324152,66.81005062322917,2.2360808618168573,13.821698415343427,51.560458007011434,0,2026-09-04 04:17:19
2026-09-03 19:46:00,CNC-02,M,306.2697794257606,313.2694686198193,2348.0275656841263,23.15839988016529,32.95484395192635,2.927993418766154,10.149639463479096,40.55743340996803,0,2026-09-04 04:17:19
2026-09-04 03:18:00,CNC-01,L,296.1503079162586,309.6140528945573,2491.366931738539,22.976676158539547,169.2630234642169,3.5314429540622045,10.766119143599383,57.31239491562631,0,2026-09-04 04:17:19
2026-09-03 09:07:00,CNC-02,M,296.9191058301757,312.1005149681626,1558.648248181558,49.62571520776636,196.8423469164568,2.884833462352515,14.559037388950474,55.99709917465724,0,2026-09-04 04:17:19
2026-09-03 16:57:00,CNC-03,H,298.70965942626833,313.4614221868583,1864.6216467973404,40.52629412273655,201.83755325692806,2.9947954727190464,14.192092414981083,54.755505437877225,0,2026-09-04 04:17:19
2026-09-03 06:27:00,CNC-02,M,296.12023307167493,311.23921739210334,1812.816968439043,42.971980472148374,222.91150166515555,3.310719217262582,14.558020620582893,59.5528125479892,0,2026-09-04 04:17:19
2026-09-03 12:32:00,CNC-03,H,302.2199323590889,310.01446364011105,1381.0172557578876,48.902537865547316,42.76564012858384,1.9993908452516298,12.544749477691372,44.98922782472885,0,2026-09-04 04:17:19
2026-09-03 16:05:00,CNC-03,H,298.2682697585023,312.82456188939545,1520.4721159914295,48.63435942021009,127.53356475639828,2.3260702722334354,13.752075073636679,56.45917373086085,0,2026-09-04 04:17:19
2026-09-03 19:10:00,CNC-01,L,299.21469499284007,312.41123933977946,2377.876033235699,26.105974616617104,49.48494457621112,2.941854227318722,11.756603973268794,51.21063089057287,0,2026-09-04 04:17:19
2026-09-03 16:18:00,CNC-02,M,299.6310496034581,314.98579466664097,1609.8801523841887,47.32331347367584,210.18357320815082,2.954221235078518,14.209407114573024,51.236647760077595,0,2026-09-04 04:17:19
2026-09-03 14:57:00,CNC-02,M,298.5231799256259,312.463625810064,1473.6836288596194,45.50609423503554,89.54154880509896,2.0723868430359436,12.57612819690132,59.14392864584294,0,2026-09-04 04:17:19
2026-09-03 08:15:00,CNC-02,M,296.6007850567629,311.55012000434994,1626.5062975296378,48.26934669680189,119.23928303028337,2.4374810298874143,14.464393210820845,56.83248080350409,0,2026-09-04 04:17:19
2026-09-04 03:30:00,CNC-02,M,297.14621037295683,310.0218605473109,2693.8230409286734,18.586627579780448,110.1610017702297,3.307260669332277,9.22802430844976,55.986517164950165,0,2026-09-04 04:17:19
2026-09-03 11:06:00,CNC-01,L,295.53997178262716,309.2856481382357,29578.993563241704,49.526491412631096,26.78165588570931,2.052093105607053,12.30443839926758,57.01444975728784,0,2026-09-04 04:17:19
2026-09-03 13:52:00,CNC-01,L,302.4261380823827,310.1563539192245,1358.3490548055024,47.92759920112928,61.407116504198754,2.0564388493576606,12.189066994148748,49.48661254696374,1,2026-09-04 04:17:19
2026-09-03 14:36:00,CNC-02,M,298.3616914112843,312.4350997802669,1375.6965131617033,48.7819031411146,57.635594295240956,2.1124769174698614,12.434379120563383,52.0479694473126,0,2026-09-04 04:17:19
2026-09-03 21:40:00,CNC-01,L,298.76263735854803,310.68782128571195,2621.3783909269546,16.602330810300415,30.060803569910167,3.11548576565618,8.060129415677492,57.80142588153391,0,2026-09-04 04:17:19
2026-09-03 16:56:00,CNC-03,H,298.53424210801313,313.18720242293546,2097.686889211913,34.6435695469932,200.42884269104906,3.00319558706482,13.456574698201813,47.3841794311079,0,2026-09-04 04:17:19
2026-09-03 18:39:00,CNC-02,M,300.2916049854043,315.7937931447472,2186.9013750833915,,175.05503006930903,3.321569377235126,15.422980296248669,50.58437680140422,0,2026-09-04 04:17:19
2026-09-04 01:51:00,CNC-03,H,297.2274448189358,308.9068727276616,2738.993110814475,14.403138554512175,13.896584613904325,3.3248248367379505,7.593077408060828,55.88292225000954,0,2026-09-04 04:17:19
2026-09-03 13:39:00,CNC-02,M,298.45154484651283,313.5009595316163,1403.9917489374266,52.46624071503695,202.95239294694684,2.6979404923498786,13.900862901312536,55.022790322786456,0,2026-09-04 04:17:19
2026-09-03 09:48:00,CNC-01,L,295.2820936383673,309.2217302348225,1417.022815035944,47.44891735426883,97.15133794750655,2.152133632150643,12.568525019453606,59.59580144849062,0,2026-09-04 04:17:19
2026-09-03 09:01:00,CNC-03,H,295.73409045418487,310.6881212557255,1458.4040772520236,52.091311453659486,195.02517300590446,2.7141201434296254,14.156998827358928,58.18696606504954,0,2026-09-04 04:17:19
2026-09-04 02:08:00,CNC-03,H,296.8234324216381,308.8000630482977,2605.89398122387,17.984451526301832,32.49611948740099,3.137187483620581,8.758322187608716,58.03918137142803,0,2026-09-04 04:17:19
2026-09-03 05:33:00,CNC-02,M,296.7078546035941,311.2044385047452,2079.8694395449547,34.405723363172626,150.76712187742822,2.998540295846892,13.314634378459841,54.22660582331177,0,2026-09-04 04:17:19
2026-09-03 16:32:00,CNC-01,L,298.16585398498137,312.49038972965246,1834.1137084909417,39.03935476577713,64.08184935967734,2.4868380256895226,13.35699911262499,54.52082363762325,0,2026-09-04 04:17:19
2026-09-04 00:05:00,CNC-02,M,299.83707757519863,311.8211757393691,2730.156427711056,14.781532989539745,93.01437882647596,3.307277717146658,7.57674238946191,46.0862104102361,0,2026-09-04 04:17:19
2026-09-03 15:46:00,CNC-01,L,297.54507468357565,313.3670704883155,1634.1451921185853,52.53161135609765,235.54747738557478,3.4867121433996995,16.10738349670918,56.07087295572246,1,2026-09-04 04:17:19
2026-09-03 18:09:00,CNC-03,H,299.0211350185727,312.8468016132164,2012.6691868376765,33.7612270521303,25.52272791654574,2.504954555854504,12.760886426955791,50.35075264894226,0,2026-09-04 04:17:19
2026-09-03 13:51:00,CNC-01,L,302.22209442708686,310.53124922506674,1484.2042841759837,47.84987377742442,59.8188593847077,2.112624480638656,13.180143797953127,50.50734926499865,0,2026-09-04 04:17:19
2026-09-03 14:16:00,CNC-01,L,302.6497819088086,310.925717965418,1506.6381848802953,47.76587076304293,98.8432873021127,2.1554353942148485,13.434051787742828,46.4799339326236,0,2026-09-04 04:17:19
2026-09-03 21:12:00,CNC-02,M,300.3634176014276,313.7156804020183,2516.9601743555554,20.658355676841744,133.29430390275505,3.361063452587883,9.611095890841103,52.34199155551156,0,2026-09-04 04:17:19
2026-09-03 20:19:00,CNC-01,L,26.076520145193456,39.7120929362664,2346.1002711099627,26.399156489837242,133.13063124504922,3.070226586094404,11.41717148396214,51.45302792474827,0,2026-09-04 04:17:19
2026-09-03 08:49:00,CNC-01,L,295.2401189725578,308.81860925100585,1578.2123350481174,42.327761484163936,5.961982819167597,2.279248199660966,12.593053505802217,59.8443725399179,0,2026-09-04 04:17:19
2026-09-03 16:27:00,CNC-03,H,298.5747891314727,312.95091496012793,1762.3233868056552,41.45544874753907,159.2802992360232,2.6716983827311402,13.884705433261923,52.625205620200774,0,2026-09-04 04:17:19
2026-09-03 21:48:00,CNC-01,L,298.34494269355156,309.65781698978935,2567.3705997903585,14.26797773432463,38.966952180386606,3.0828040413049274,6.717407153548449,55.14256307441393,0,2026-09-04 04:17:19
2026-09-03 06:03:00,CNC-02,M,296.11948067208266,311.61228240087866,2158.9953943194696,39.381583984576345,190.3177220522817,3.2676269373391085,15.872340755246091,1015.8264149449528,0,2026-09-04 04:17:19
2026-09-03 17:57:00,CNC-03,H,298.98775837524846,312.32681771702113,2067.0828531815673,31.507433033816643,9.461719989345756,2.6703645051137004,11.883455378359795,51.71573332776773,0,2026-09-04 04:17:19
2026-09-03 20:52:00,CNC-02,M,32.84000067333682,39.51178916847243,2537.470192693948,18.703906136754423,110.5743504700995,3.054331435148402,8.866832463773212,37.99460834677841,0,2026-09-04 04:17:19
2026-09-03 11:16:00,CNC-01,L,295.50328513370357,309.0295008480075,1340.4867909481982,49.636314384081544,42.62473185211017,1.941359715604781,12.274121956099487,58.389072268610974,0,2026-09-04 04:17:19
2026-09-03 04:51:00,CNC-03,H,296.59716853344696,310.46735987880095,2131.239389577353,32.966123213613216,83.92537014640902,2.739224854413735,12.997522383085274,58.05593480382864,0,2026-09-04 04:17:19
2026-09-03 16:01:00,CNC-02,M,299.1608460677375,314.33955859337686,1806.4898677729204,42.85766280501875,185.38011428715313,2.9778090188043986,14.645810593479457,53.26795226335092,0,2026-09-04 04:17:19
2026-09-03 05:07:00,CNC-02,M,296.80016773983596,310.87600598890543,2311.384330953545,29.786230339977937,117.28406640660005,3.0684587295805255,12.928965010802456,55.583948580969945,0,2026-09-04 04:17:19
2026-09-03 17:19:00,CNC-01,L,298.4496188660293,313.03352725358644,1984.3877499230493,38.6678167693906,129.74104869020434,2.7744867141957146,14.519029387051395,52.22772049171128,0,2026-09-04 04:17:19
2026-09-03 09:28:00,CNC-03,H,295.73981962635236,309.6130444569073,1613.921310110842,43.35864566453762,15.304731774294776,2.311533586818481,13.229832739826692,63.3790225283034,0,2026-09-04 04:17:19
2026-09-03 08:14:00,CNC-01,L,295.3260062046382,309.8928791239605,1606.3213537362556,45.71733840628259,157.70271545931797,25.961127223563665,13.665721274174109,59.896708489828704,0,2026-09-04 04:17:19
2026-09-03 08:53:16,CNC-02,M,296.4731820604683,311.4483273941972,1764.6666868110926,43.325907219041426,174.10354847290412,2.8846112011338887,14.35301691173315,57.56064148333188,0,2026-09-04 04:17:19
2026-09-03 05:28:00,CNC-02,M,296.3890947780288,310.5345660286577,2067.793808026265,31.76471001284558,144.34643455205526,2.8989356703680813,12.34240672669199,58.21529560634337,0,2026-09-04 04:17:19
2026-09-03 08:50:00,CNC-02,M,296.11440685968324,310.52780729257734,1715.7554860418313,41.43197218042961,171.17051164468876,2.7851222000194835,13.26362899080499,58.417220301556306,0,2026-09-04 04:17:19
2026-09-03 11:32:00,CNC-03,H,301.57634285383847,310.28519199959345,1326.7766283170376,52.96892919790725,210.62774052499822,2.680265642954766,13.051374671656468,45.53529131013107,0,2026-09-04 04:17:19
2026-09-04 04:16:00,CNC-01,L,295.83854601783133,308.6044330962112,2271.3630347807,24.63009532988786,23.931253808883277,2.81629440623716,10.48527252509653,58.73413755591696,0,2026-09-04 04:17:19
2026-09-03 14:53:00,CNC-02,M,298.66895285941314,312.8383269789126,1631.0594020558751,42.43069360605852,83.54395511349463,2.2168665616089425,13.091724902179553,48.99412414661028,0,2026-09-04 04:17:19
2026-09-03 05:54:00,CNC-02,M,296.2189107241361,310.96226458913884,2006.215063057757,35.5768760293335,178.37089719623137,2.9860728099020295,13.310896131048493,60.804123288104435,0,2026-09-04 04:17:19
2026-09-03 21:27:00,CNC-03,H,299.27828664146904,314.4677207536289,2536.8882074003154,29.428809609958105,264.5067745458103,4.323487351688576,13.922030574423486,55.78760528422139,0,2026-09-04 04:17:19
2026-09-03 15:32:00,CNC-02,M,298.9997252548792,313.4848590886895,1686.015621820523,40.766269562803735,142.38356975125657,2.5725305341796494,12.679608288071806,55.84355789912665,0,2026-09-04 04:17:19
2026-09-03 18:32:00,CNC-02,M,300.3582455248863,314.8979584391128,2065.703292781487,32.930344889139015,166.1594061575197,3.0502012045415654,12.689900457239215,52.34118261433519,0,2026-09-04 04:17:19
2026-09-03 22:37:00,CNC-03,H,25.850438283464484,38.45320365675485,2588.512494368673,19.61309189523423,70.0419983466495,3.146060345589675,9.615286861242362,55.190127848081296,0,2026-09-04 04:17:19
2026-09-03 22:53:00,CNC-03,H,25.837438418071258,37.974450410325574,2734.0491849087125,16.345675516179114,87.18566121348303,3.337453310471584,8.47409445584911,53.95819814475179,0,2026-09-04 04:17:19
2026-09-04 01:15:00,CNC-03,H,297.51559450168196,311.0691268647589,2790.706438288936,19.086759458822026,238.5068660375767,4.317512890123694,9.918462389662666,58.11365549960252,0,2026-09-04 04:17:19
2026-09-03 22:03:00,CNC-01,L,298.7757414986296,311.1920153901937,2599.73323060883,18.633560705175032,55.63475765862707,3.145801175393073,9.05706357424737,55.75638173084118,0,2026-09-04 04:17:19
2026-09-04 03:29:00,CNC-02,M,297.16195928800096,309.8392329999391,2479.9619965039387,19.374875780832177,109.07767603760017,3.1466619575973,9.13797684396029,58.278527046445916,0,2026-09-04 04:17:19
2026-09-03 10:01:00,CNC-03,H,296.1103221859503,310.4347603263807,1542.5963767102737,48.48800605651056,66.76996044436866,2.233276544484911,13.87966603278354,59.701138394049124,0,2026-09-04 04:17:19
2026-09-03 13:11:00,CNC-03,H,297.35964304335727,311.8228995231062,1486.2228407488335,50.48726000980295,104.62886997693758,2.176072766555826,13.867227125653352,58.100604839316276,0,2026-09-04 04:17:19
2026-09-03 10:10:00,CNC-02,M,296.5834937005814,310.8137293272552,1448.9233931277208,50.48453603798391,76.12203382006842,2.233938861035,13.5760856204627,59.61539990808912,0,2026-09-04 04:17:19
2026-09-03 09:32:00,CNC-03,H,295.70545372871976,309.14894372905076,1501.8864661198136,43.03480111425518,21.472715373507732,2.2054956907751824,11.970759968322827,57.40138993648226,0,2026-09-04 04:17:19
2026-09-03 23:12:00,CNC-03,H,25.4031955383507,36.47729490426434,2794.8396044703372,10.025811697118588,107.29390094064277,3.427362400502193,5.405999011606475,52.38340557473807,1,2026-09-04 04:17:19
2026-09-03 23:08:00,CNC-01,L,25.320025676649323,37.856265763094996,2720.000746821651,17.164575343850935,125.83373522017017,3.3721350519614033,8.847304855577935,51.01045157469722,0,2026-09-04 04:17:19
2026-09-03 14:58:00,CNC-03,H,298.2684919514252,311.91136753644076,1514.6624635781234,47.018130045640866,27.33110960660786,2.2584725667014123,13.212976914362304,57.60730470262119,0,2026-09-04 04:17:19
2026-09-03 13:02:00,CNC-03,H,296.8873514053352,310.91859995947914,1318.763025479114,51.83107412531981,90.32280096455524,2.050274790131424,12.772729640738302,61.55858607430523,0,2026-09-04 04:17:19
2026-09-04 01:53:00,CNC-01,L,297.2362111186982,309.68531524436787,2659.8236866820553,19.101486914075032,74.01751477235116,3.258480293077467,9.464519951712782,57.653024120700195,0,2026-09-04 04:17:19
2026-09-03 13:15:00,CNC-03,H,297.3164425747345,311.4518095543375,1438.1351866038465,47.54893148456016,110.9660436388373,2.068893782842813,12.91570773387979,57.78872429144643,0,2026-09-04 04:17:19
2026-09-03 17:37:00,CNC-01,L,298.39001560641674,313.0639564441531,1898.260973636403,38.704048469052836,154.28923931449825,2.869325855586656,14.08157741746292,59.26463355185077,0,2026-09-04 04:17:19
2026-09-03 09:19:00,CNC-03,H,295.724474844494,310.0712989769079,1606.0036790077004,48.66542134441869,1.5179424105500288,2.218331698084925,14.439300324171741,55.66190675773112,0,2026-09-04 04:17:19
2026-09-03 06:46:00,CNC-02,M,296.333973079875,312.15420410710095,1906.1383426496402,44.18520552514491,249.12592096331971,37.502062993295425,15.811841897183664,57.85351235773141,0,2026-09-04 04:17:19
2026-09-03 19:40:00,CNC-02,M,300.4397680237824,313.68771466832266,2405.3343761767705,24.15697850855343,25.641810990439353,3.0032221270784247,10.848001670745761,48.399665935816074,0,2026-09-04 04:17:19
2026-09-04 03:58:00,CNC-03,H,296.1737174003396,309.2022600258129,2397.282004040868,21.142573738217934,158.6870492288715,3.2335916612864994,9.499941846014547,58.60441582173469,0,2026-09-04 04:17:19
2026-09-04 01:07:00,CNC-02,M,298.9282162893647,311.22314454372656,2773.3776813281274,14.252101637154858,158.96070641280642,3.5917643016751337,7.2462196556720695,51.7599397749025,0,2026-09-04 04:17:19
2026-09-03 09:31:00,CNC-03,H,295.6342781106921,309.1059092875916,1431.9226171814335,46.62817997489852,19.95809383424148,2.0050899501858024,12.613147102558072,64.43133399416249,0,2026-09-04 04:17:19
2026-09-03 10:54:00,CNC-02,M,297.0525403445748,311.8231452430613,1404.7635636671903,53.6824040351188,145.35888532846403,2.2855979051894684,13.893079093739862,58.17151396307276,0,2026-09-04 04:17:19
2026-09-03 04:43:00,CNC-03,H,296.7602497378795,309.3690510939759,2451.0267496585448,21.521353925826403,73.96495505259776,2.8693290783780645,10.046811110574703,64.41312185941216,0,2026-09-04 04:17:19
2026-09-03 19:21:00,CNC-03,H,299.68401080876174,313.0396968637834,2362.006283384239,25.613815150490236,117.10389806201819,3.069034729089976,10.954158874110345,51.759770016665286,0,2026-09-04 04:17:19
2026-09-04 00:49:00,CNC-03,H,297.6695361643384,310.5206145022005,2829.403538188933,16.46015157450329,210.44545082480658,4.081354654929135,8.787335730966104,56.339514313787674,0,2026-09-04 04:17:19
2026-09-04 01:56:00,CNC-02,M,298.5798808668511,309.8670657749998,2688.5235345432197,12.607877267109803,4.361375861870041,3.2600055313877627,6.590255395905348,54.75019656363628,0,2026-09-04 04:17:19
2026-09-03 10:27:00,CNC-03,H,296.0266564389223,310.57863802226495,1367.285686869627,53.48595609280848,107.72985776145111,2.1651155684302226,13.453950281230732,59.77944904924898,0,2026-09-04 04:17:19
2026-09-03 08:30:50,CNC-01,L,295.43151696899315,310.1894308389478,1631.4710742003172,45.98884321534637,184.2311229286681,2.8992655526668427,14.105723429251203,58.58652395972286,0,2026-09-04 04:17:19
2026-09-03 20:20:00,CNC-02,M,32.85409037782688,40.3598998782295,2462.7192007164836,25.002069792574286,73.4721591752377,3.109468924268246,11.561270469703533,44.9105260703847,0,2026-09-04 04:17:19
2026-09-03 05:40:00,CNC-01,L,296.33283652110833,310.5177195027407,2168.4664958025564,31.115615632476523,141.51994699072995,3.013058120240192,12.613028855059158,54.873852343957736,0,2026-09-04 04:17:19
2026-09-03 22:19:00,CNC-03,H,26.06687564205697,38.45888216788353,2555.4934037832572,19.28006628003391,50.57261089365048,3.0842968558957593,9.174566481472791,54.34239453895702,0,2026-09-04 04:17:19
2026-09-03 08:04:00,CNC-02,M,296.45878266785843,311.08459643266707,1689.2796013549296,43.13014798255888,102.96774529567483,2.4585820466018133,13.744904633591991,55.53538681779379,0,2026-09-04 04:17:19
2026-09-03 04:42:00,CNC-02,M,296.6600240906371,309.5498717341836,2277.5253585830474,24.27512150753683,85.91909081645294,2.8973082171607403,10.201797838451716,61.121371626693126,0,2026-09-04 04:17:19
2026-09-03 17:30:00,CNC-03,H,298.6130230652537,314.2601850233839,1900.3945051658102,44.932463361451475,247.41561482868352,3.438540294207407,15.947434159177988,55.945766158762694,0,2026-09-04 04:17:19
2026-09-04 03:31:00,CNC-03,H,295.8436561091641,309.4169162395687,2212.2694729140235,28.493307339409007,126.73643998994694,2.9300661761457434,11.673222968358408,60.07935198239296,0,2026-09-04 04:17:19
2026-09-03 18:22:00,CNC-03,H,299.0420220333134,312.833562220857,2146.2406554471486,31.302120081169836,42.660733147117924,2.7565462523777926,12.62082990899237,53.32567443771242,0,2026-09-04 04:17:19
2026-09-04 03:30:00,CNC-03,H,296.272202182249,308.8060326354126,2394.232474503165,18.245437814541997,125.49287254250815,3.042310505024498,8.196433957227208,58.51255101471395,0,2026-09-04 04:17:19
2026-09-03 10:42:00,CNC-01,L,295.30058081733597,309.92228966480553,1356.2544634176718,52.65369204878668,181.54170293953825,2.4258759974994444,13.437685174106845,65.46847974957811,0,2026-09-04 04:17:19
2026-09-03 22:30:00,CNC-02,M,27.107412308030916,40.05152748370432,2685.7911692950283,17.25980025921789,219.02071611265902,4.109439023123207,8.575996028776082,50.39885910195298,0,2026-09-04 04:17:19
2026-09-03 09:49:00,CNC-03,H,295.5899293577191,309.9309479357079,1513.9464856750867,51.77223285087417,48.07378755195602,2.040175319608305,14.744266524896368,62.530823179518976,0,2026-09-04 04:17:19
2026-09-03 09:36:00,CNC-03,H,295.5116556488545,308.90831541595173,1400.0944941434882,46.61386950743015,27.75331545306092,2.0183257581206955,12.05517425323411,62.05124487691334,0,2026-09-04 04:17:19
2026-09-03 10:29:44,CNC-02,M,296.8139642929383,311.6168089000663,1456.2450058329441,52.89373024325974,105.91706410415458,2.175913946909508,14.456668961315126,56.252129732715886,0,2026-09-04 04:17:19
2026-09-03 22:15:00,CNC-01,L,25.33809428537262,38.45971734467412,2579.756515984917,22.578725931656546,68.66747728010314,3.171906481326787,10.916238706385732,50.73113088658887,0,2026-09-04 04:17:19
2026-09-03 15:19:00,CNC-03,H,298.1408894247468,312.1044649054607,1583.6964313839703,44.3624720692999,59.24029507659324,2.2298867755620493,13.423491695532789,54.185307025013344,0,2026-09-04 04:17:19
2026-09-03 10:48:00,CNC-02,M,296.999298511431,311.32422923159396,1335.1248471591443,50.80958551884878,135.80409433296487,2.2287599180189215,12.726216173668696,54.0745940158727,0,2026-09-04 04:17:19
2026-09-03 04:40:00,CNC-03,H,296.5637841777831,308.6891325582424,,18.56813399861353,70.31129272147915,2.7939520276566965,8.08598258348489,59.43638657746768,0,2026-09-04 04:17:19
2026-09-03 21:03:00,CNC-01,L,26.118948111722887,38.921812468876794,2618.421563934641,18.548119090309587,,3.7120436459943598,9.067918379305562,47.916578741469095,0,2026-09-04 04:17:19
2026-09-03 08:11:27,CNC-01,L,295.30618430836205,309.7670723806888,1519.8511801918958,46.34896271220244,154.73636970957972,2.6537556289163184,13.341981249871202,62.139546538851846,0,2026-09-04 04:17:19
2026-09-03 23:14:00,CNC-03,H,25.49743781430783,37.73415548619829,2770.9213890554115,15.85058501685764,109.43197862970159,3.3710617665815934,8.442574196636025,48.80055204130315,0,2026-09-04 04:17:19
2026-09-03 18:18:00,CNC-01,L,298.7381601043688,312.988580663692,2005.9171632227217,31.697423374275278,208.87666341724696,3.5477652459567235,11.814582823913243,52.71451344000239,0,2026-09-04 04:17:19
2026-09-03 10:20:00,CNC-02,M,296.5318567734294,310.535890549694,1368.2710778121254,47.65377460931909,91.71804731826425,2.0942588744803947,12.051742959516469,63.84177113994417,0,2026-09-04 04:17:19
2026-09-03 05:52:00,CNC-03,H,296.21236280569775,310.628156940583,1997.6612479387481,35.47307654632012,162.2692882367605,2.881713111557609,13.525440974149111,57.998175814440714,0,2026-09-04 04:17:19
2026-09-03 06:59:00,CNC-03,H,296.56357366549446,310.20209526527634,1906.282248435215,35.24935726466653,16.71454430661917,2.4841065432102307,12.339580877748977,58.752696606331476,0,2026-09-04 04:17:19
2026-09-03 15:31:00,CNC-03,H,298.47691716909304,312.4770549042944,1759.968346223315,38.30672149067967,77.21224765490805,2.4199055927948323,12.737123599122224,55.109576756546126,0,2026-09-04 04:17:19
2026-09-03 21:51:00,CNC-01,L,298.64860452603915,310.15763507948697,2731.0545425194796,14.290539580773473,42.276596355193895,3.2255709244527413,7.460204002543202,57.839594821209154,0,2026-09-04 04:17:19
2026-09-03 20:39:00,CNC-01,L,25.796989462476972,39.85103006255929,2370.2375735869227,27.572623488838705,156.5720321840689,3.407568930739638,12.335283046167373,52.300948200127486,0,2026-09-04 04:17:19
2026-09-03 11:05:00,CNC-03,H,301.4912880518602,310.31408574704597,1513.3106051172672,48.50038360118715,4554.01551463224,2.5039490785191223,13.795068204044727,53.01264608683732,0,2026-09-04 04:17:19
2026-09-03 09:30:00,CNC-03,H,295.26189750056983,309.04673997421463,1439.1538198730043,47.64809052520527,18.410649109290826,20.26914475452796,12.773363765602017,59.863202088628945,0,2026-09-04 04:17:19
2026-09-04 00:00:00,CNC-02,M,299.7762967846161,311.4904262464385,,12.655667108039115,87.76223465604139,3.453250825576489,6.248817142862213,50.236477168614734,0,2026-09-04 04:17:19
2026-09-03 16:20:00,CNC-01,L,297.7602161326778,311.79230534137173,1798.1803469989993,38.76784325662836,46.767623084455785,2.3924387799080735,13.100137128338142,54.89868326491137,0,2026-09-04 04:17:19
2026-09-03 13:01:00,CNC-03,H,297.25033829492764,310.93214197962493,1368.440536096865,48.314207840163505,88.72280096455525,2.1097351865445426,12.316317789074697,60.6961537446814,0,2026-09-04 04:17:19
2026-09-03 08:38:00,CNC-02,M,296.64121990351606,310.92996045968295,1701.0584270715099,40.85565277581332,153.33771875249772,2.6325654449785962,13.151055532765621,57.21455007472326,0,2026-09-04 04:17:19
2026-09-03 08:40:00,CNC-01,L,295.19894101358415,310.1155204269224,1523.5766834834476,49.87030073899491,196.27404415621936,2.8776580974562607,14.083595429715867,59.557141362656274,0,2026-09-04 04:17:19
2026-09-04 03:21:00,CNC-01,L,296.0361685470027,309.57534491868967,2323.0323134919004,25.206704208122563,172.80852118189858,3.4299837332358782,10.894915292585376,58.6095171769377,0,2026-09-04 04:17:19
2026-09-03 18:19:00,CNC-02,M,300.061591727464,314.6796641801068,2182.786893954453,33.269389793677426,149.58882639058223,3.1080776090161573,13.488108020671204,52.66350491633273,0,2026-09-04 04:17:19
2026-09-03 21:33:54,CNC-01,L,298.8138491680149,310.84706880746853,2472.584143843407,18.413453345132798,22.304239118850344,2.9170002480689923,8.360124831223542,52.82290110691108,0,2026-09-04 04:17:19
2026-09-03 09:02:24,CNC-01,L,295.1214124791354,308.92420346305755,1659.9907424620349,43.91581903751617,24.476798279358217,2.2191289338047824,13.467045109579955,59.87634086826157,0,2026-09-04 04:17:19
2026-09-04 03:26:00,CNC-02,M,297.0265300780454,310.2397030811488,2409.7364665528357,20.799043749041896,105.56923209565147,3.1104571406657198,9.200001646103408,62.378389175567776,0,2026-09-04 04:17:19
2026-09-03 09:28:00,CNC-02,M,296.7185228101442,310.4850554940563,1459.9302866072956,47.373558825613124,10.720518348011993,2.160557682178971,13.143859958689132,58.98292262079561,0,2026-09-04 04:17:19
2026-09-03 23:48:00,CNC-03,H,298.63473257188946,310.74134585078116,2673.3185063309943,14.805679498739353,145.51950406533976,3.3409556918630035,7.56963216572213,54.48583276688934,0,2026-09-04 04:17:19
2026-09-03 10:56:00,CNC-02,M,296.82236675353437,311.35591585154293,1528.4135463401178,48.50548173822899,148.46056809049406,2.447857532734956,14.02717190584232,55.71039337610623,0,2026-09-04 04:17:19
2026-09-03 09:35:00,CNC-02,M,296.7172484071615,310.5660815546227,0.0,50.19356162913137,21.571378167478702,2.1338811829800495,13.292239792119593,56.19770192021343,0,2026-09-04 04:17:19
2026-09-04 03:05:38,CNC-02,M,297.88206134415515,311.65486475823906,2501.372292784783,24.6216814371981,82.40657548185204,3.132715991706801,11.785878558888143,57.42720459538306,0,2026-09-04 04:17:19
2026-09-03 07:30:00,CNC-01,L,295.38462285224927,310.0809888955207,1921.2767536327751,41.65988819000316,93.63118354575107,2.646577125807739,15.240508436016816,54.16773405170471,0,2026-09-04 04:17:19
2026-09-03 19:38:00,CNC-03,H,299.42871707582736,313.46832385312734,2373.9647908448983,28.360879346150238,137.9312817433322,3.1537272939177794,12.759341907897333,52.833743735445125,0,2026-09-04 04:17:19
2026-09-03 13:14:00,CNC-02,M,298.1408532549415,312.2723232258002,1336.8001594515283,48.466879105920455,163.47650079561814,2.2656378374521715,12.396858590597205,51.55741594457543,0,2026-09-04 04:17:19
2026-09-03 20:13:00,CNC-01,L,26.02757793765136,39.36478389357626,2464.3201765064246,24.10083566973582,126.10162761525078,3.1965656335599455,11.088352699362861,50.594465230675176,0,2026-09-04 04:17:19
2026-09-03 22:43:28,CNC-02,M,26.764799706650138,39.071247566183445,2562.3431852719227,18.773796395166286,6.500006323515732,3.199011230570907,9.092743607982268,50.826118249069665,0,2026-09-04 04:17:19
2026-09-03 09:10:00,CNC-01,L,295.14679987639823,309.103487449232,1368.319575064419,51.226591473328654,38.35523773417474,1.9712801073065251,13.08326470661445,59.57464873527317,0,2026-09-04 04:17:19
2026-09-03 07:31:00,CNC-02,M,296.61921579949,310.5624735069006,1746.4618196375131,40.00352764142098,55.06000638056849,2.4049306954274363,12.982494761853612,57.99838409383108,0,2026-09-04 04:17:19
2026-09-03 08:02:00,CNC-03,H,296.02441034049343,310.15623196444346,1559.6632652245921,45.48359640896976,106.95992496653383,2.3158962016779365,13.210589126491774,55.368414025726096,0,2026-09-04 04:17:19
2026-09-03 08:43:00,CNC-03,H,295.7876825872082,310.05457749833937,1583.1095814491227,45.18052054875086,167.7089643348036,2.539605975888449,13.614709916905719,62.876866234973285,0,2026-09-04 04:17:19
2026-09-03 23:38:00,CNC-03,H,298.59106294358673,310.8917733943527,2661.6120816573434,15.970573790913354,134.9628384706645,3.3119324405384583,8.150974744659656,48.990029361581044,0,2026-09-04 04:17:19
2026-09-03 17:02:00,CNC-02,M,299.60671278452526,313.8439374848286,1917.2480344312353,37.49531387968849,45.202809272234795,2.4620881223031392,13.585123110196186,48.61237254826957,0,2026-09-04 04:17:19
2026-09-03 04:20:00,CNC-03,H,297.0307463981534,310.30896977054067,2288.3635694192844,26.022592280815765,45.75372868337405,2.908778937233297,11.248833385841126,54.66464248437819,0,2026-09-04 04:17:19
2026-09-04 03:31:00,CNC-02,M,297.2848827164193,311.4382044968821,2311.862022779683,27.472599519451176,111.37441148810221,2.95277270256904,11.976151592536505,55.78413089396199,0,2026-09-04 04:17:19
2026-09-03 22:19:00,CNC-01,L,25.324633703220684,36.88024384491757,2640.979937471397,14.10891699025107,73.05106519679268,3.1518658899949497,6.6780927655637505,52.51735977196365,0,2026-09-04 04:17:19
2026-09-04 04:09:00,CNC-03,H,296.02906036354386,309.6009340275672,2347.568407414045,24.87782914985151,171.79442877313508,3.1924173968879184,11.120446914212149,58.97471049225008,0,2026-09-04 04:17:19
2026-09-04 02:04:00,CNC-01,L,296.659683974641,308.5199508937429,2611.0255066035234,15.908430069433983,86.12091760837843,3.200420681998295,,57.0577947895841,0,2026-09-04 04:17:19
2026-09-03 18:27:00,CNC-03,H,299.2136885975746,313.2058197267983,2013.6218503815055,35.03819776214025,49.23985447123413,2.6988967751325803,13.178437800881579,53.08630924025217,0,2026-09-04 04:17:19
2026-09-03 07:03:00,CNC-02,M,296.3047420920177,310.78950525306067,1822.8725073459923,42.65735208558247,15.490948764265477,2.56402850650741,14.619609430957539,54.59042407112141,0,2026-09-04 04:17:19
2026-09-03 13:45:00,CNC-01,L,302.07272891488566,310.5837443504554,1560.195685414976,48.99088457612751,50.495529522962606,2.2388621619484947,14.292407312781743,47.399550728968705,0,2026-09-04 04:17:19
2026-09-04 01:25:00,CNC-03,H,297.7596007058181,311.2677512804276,2676.997770380989,19.625867722773023,249.32643875041438,4.2092891997438935,9.878423281136342,54.38863671429032,0,2026-09-04 04:17:19
2026-09-03 21:33:31,CNC-03,H,299.3544220495862,311.2798921369289,2631.050466595853,17.12949252815269,2.267523408776336,3.203951248537943,8.384326111339245,53.132542394989535,0,2026-09-04 04:17:19
2026-09-04 00:26:00,CNC-01,L,297.8924720561242,310.7579781466235,2710.1242092536017,18.4197255307594,208.998117920081,4.0711185419202085,9.522666750175615,51.98699679466228,0,2026-09-04 04:17:19
2026-09-03 19:47:01,CNC-03,H,299.56622237550323,314.0484038826979,2262.5494480451366,31.468287529713777,148.83363580518454,3.0582373454630054,13.12898666425722,51.785344461436544,0,2026-09-04 04:17:19
2026-09-03 13:12:00,CNC-01,L,296.4376174808625,311.70066702333816,1489.9842452102903,52.036180003036144,226.45610553343505,3.3688076694219737,14.314669298315545,59.754836232376555,1,2026-09-04 04:17:19
2026-09-03 08:57:00,CNC-03,H,296.0060283828591,310.6983744630628,1637.1032738670147,45.637564428774326,188.93321867849514,2.805211447142761,13.871909236645054,54.091740974340546,0,2026-09-04 04:17:19
2026-09-03 19:17:00,CNC-02,M,300.29596059784,314.3778923551303,2239.649788680727,27.286503236440947,222.76152697819012,3.854378942661327,11.42165668185278,47.64701494376916,0,2026-09-04 04:17:19
2026-09-03 04:54:00,CNC-01,L,296.7173012874052,310.4716440503317,2084.5342436404994,31.145180829458678,82.58285713500086,2.761649159080921,11.93903232289695,59.204216250227944,0,2026-09-04 04:17:19
2026-09-04 03:21:00,CNC-03,H,296.22955946986383,309.5940059235881,2416.4192926500486,24.733196653438338,114.90101636284764,3.0728524271321405,11.268187732574745,59.56485442661346,0,2026-09-04 04:17:19
2026-09-03 22:53:00,CNC-01,L,25.524648029075763,38.35866298688154,2586.7856734259394,18.860129186165725,109.63020926656601,3.191650829793238,,54.185384529847454,0,2026-09-04 04:17:19
2026-09-03 22:33:00,CNC-02,M,26.971124685686107,39.864350236799964,2674.733150532536,16.629384189177422,222.1696231358087,4.0817746606060314,8.17352099393587,50.433765398121615,0,2026-09-04 04:17:19
2026-09-04 03:47:00,CNC-02,M,297.1371247178273,310.6188160253085,2525.9966719990493,21.55077252793518,130.22135141122615,3.2189852046931766,10.080183913832936,55.38912672470534,0,2026-09-04 04:17:19
2026-09-03 09:40:00,CNC-01,L,294.71866965141913,309.21109258460086,1587.3729171717248,46.22682155555178,84.58464675170073,2.1787198657518205,13.690235385418362,59.25245119047555,0,2026-09-04 04:17:19
2026-09-03 10:54:00,CNC-03,H,295.7729455735306,310.0520242248744,1418.175948336609,48.338890869327244,150.38701322730657,2.301437951566059,12.752540026296746,62.19873567144944,0,2026-09-04 04:17:19
2026-09-03 19:39:00,CNC-01,L,298.9890748594358,312.611215926624,2378.6177176210163,27.303218003073837,85.09025351473136,2.9878654012290022,12.214074676114947,56.069889007045845,0,2026-09-04 04:17:19
2026-09-03 18:36:00,CNC-02,M,300.21945850116794,314.7812756332623,2256.627231429561,30.528210812126435,171.26715807579157,3.1777613206579884,12.979599000842676,48.64883299255561,0,2026-09-04 04:17:19
2026-09-04 01:16:00,CNC-01,L,297.4466999022913,309.26881309720653,2775.8283180484977,15.346243605159998,34.14137809471786,3.1444306078941753,7.63555762354624,50.74004952879738,0,2026-09-04 04:17:19
2026-09-04 01:10:00,CNC-03,H,297.7904272852444,311.05047002469,2524.384066035222,20.06077170642609,233.17565731487434,3.934550595789946,9.50293905293219,54.1596719221364,0,2026-09-04 04:17:19
2026-09-04 01:08:00,CNC-01,L,297.45098932494534,309.4434808030073,2719.75597051744,16.308785559634522,25.647098480012396,3.217983860546582,8.353129654302098,56.764764872207955,0,2026-09-04 04:17:19
2026-09-03 07:51:00,CNC-03,H,296.2241338748244,310.8820547006603,1678.7644898507983,45.483112975799614,90.89580039245212,2.3250760824846393,13.886601456566815,58.65455439720091,0,2026-09-04 04:17:19
2026-09-03 23:14:00,CNC-01,L,25.141495506118588,38.056060257397576,2601.2440648348543,18.96052836045626,132.2401048488294,3.337047088735759,9.429012463956107,53.13355184812273,0,2026-09-04 04:17:19
2026-09-03 11:41:00,CNC-02,M,297.31351993910727,311.0380682225197,1382.8281384510915,50.05313037259745,15.940974852497895,2.0919494365695526,12.881328272411173,56.42310786195116,0,2026-09-04 04:17:19
2026-09-03 19:32:00,CNC-01,L,298.9369379918121,312.4043612899268,2223.6311796373006,27.24238137444641,76.56617220113807,2.809813409031794,11.492033360072048,52.77381788267215,0,2026-09-04 04:17:19
2026-09-04 04:13:00,CNC-03,H,295.99646956852195,310.4036034017023,2383.6967925998215,28.434941147536975,176.57264134061114,3.3298114999312745,12.778055618321485,59.3113185606304,0,2026-09-04 04:17:19
2026-09-03 23:04:00,CNC-01,L,25.215135180975096,38.05493453837903,2679.3422511773515,18.84579074153756,121.49543111093979,3.4393205317110724,9.650842073184071,55.63773719540718,0,2026-09-04 04:17:19
2026-09-03 15:01:00,CNC-02,M,298.4639790738317,312.9943112203334,1484.4669536944202,48.57398040326236,95.76321802422433,2.1925762005535585,13.80618598888384,58.3171878296869,0,2026-09-04 04:17:19
2026-09-03 18:44:00,CNC-01,L,,313.07545614842024,2005.2325046295962,36.43976927808841,16.829170048296017,2.630226351099999,13.581312594176858,53.72309623512306,0,2026-09-04 04:17:19
2026-09-03 21:34:00,CNC-02,M,300.21904001043833,313.3831488474317,2479.423974292884,20.890493570312962,157.90156535569784,3.351240107664188,9.494295017729726,54.65343295986435,0,2026-09-04 04:17:19
2026-09-03 21:20:00,CNC-02,M,300.8202793938328,314.5242391946369,2590.4220390234127,22.302067472847952,142.36274635972634,3.3764247571163137,10.683287205699873,50.446687897881404,0,2026-09-04 04:17:19
2026-09-03 06:28:00,CNC-02,M,296.1075085038928,310.7709418209803,1894.112382493484,37.44775250694229,224.28077823608095,3.3700740365518986,13.085542844352279,57.69514677875887,0,2026-09-04 04:17:19
2026-09-03 19:10:00,CNC-03,H,299.4995597970738,312.30732919938134,2222.991531977105,24.597690869573327,103.6432758873238,2.9020407803984414,10.29131775459472,51.66000250678474,0,2026-09-04 04:17:19
2026-09-03 21:44:00,CNC-02,M,300.53876900890384,313.700787871603,2714.965465796809,18.012078069202023,168.84852470348946,3.7378686595757227,9.074118097356722,49.52874226420813,0,2026-09-04 04:17:19
2026-09-04 04:05:00,CNC-02,M,297.21822956687276,311.0565941382563,2268.066903458679,25.94295751682585,151.5705860271299,3.127952491272472,10.910176992132174,59.65696413832167,0,2026-09-04 04:17:19
2026-09-03 11:01:00,CNC-02,M,297.33011491812465,312.12213169736805,1539.8346648018312,50.40249445442463,156.31613130161742,2.4907729729242805,14.543216320400763,57.69850976167319,0,2026-09-04 04:17:19
2026-09-03 23:46:00,CNC-01,L,298.03512289712637,310.8273572553121,2721.621872037471,17.51909991209663,166.3506776141801,3.727465382064462,9.021230751154855,51.8301927367495,0,2026-09-04 04:17:19
2026-09-03 16:06:00,CNC-02,M,299.0781982746579,313.6669087211572,1681.3592848236233,41.592166179494335,192.63060050001582,2.861748741414534,13.06538793759549,53.14223564868832,0,2026-09-04 04:17:19
2026-09-04 01:45:00,CNC-02,M,298.3450378772457,312.42814397478105,2565.527694310318,22.953529054733117,199.89119192778,3.790057984645604,10.802688197019991,51.98296039003386,0,2026-09-04 04:17:19
2026-09-03 14:27:00,CNC-03,H,297.9866756596669,313.03636190985094,1459.3121727099676,52.23622835722748,223.50012058185192,28.13797225714438,14.566833239437896,53.599350230214085,0,2026-09-04 04:17:19
2026-09-03 23:09:00,CNC-03,H,25.71756363034359,38.93539301626441,2583.7853446414597,21.994051775976125,104.18414398028207,3.291408234240077,10.659055413961692,54.39852790333635,0,2026-09-04 04:17:19
2026-09-03 10:31:00,CNC-02,M,296.797201636272,310.94904327847496,1581.8761303217275,44.75456516056088,109.0137375608176,2.4475085868458204,13.572993729481611,56.306433687266285,0,2026-09-04 04:17:19
2026-09-04 00:40:00,CNC-02,M,299.28080806470336,312.12801028451327,2693.5172743745684,17.09521085886145,130.21891585719828,3.475444017597052,8.657610372463758,50.01436210410259,0,2026-09-04 04:17:19
2026-09-03 19:05:37,CNC-01,L,299.1726399820397,312.5478854852331,2179.5446796248475,27.93156398925185,43.28219332688295,2.83736323003784,11.50398103928853,54.038840722656865,0,2026-09-04 04:17:19
2026-09-03 15:34:00,CNC-03,H,298.1612316304535,312.136664957749,1723.8041784504098,39.59118361756136,81.69835914600696,2.4486158375386875,12.779507095878971,57.76411612062026,0,2026-09-04 04:17:19
2026-09-03 20:15:00,CNC-03,H,26.37183635155327,40.43063868274248,2478.6237432544467,25.871266180489524,182.14502543573695,3.474167639682572,11.94977499668919,61.38166689642256,0,2026-09-04 04:17:19
2026-09-03 19:53:48,CNC-02,M,305.8834160946993,313.77135726335143,2338.9682732596116,28.579450208975498,43.845037260007665,2.9364661819279037,,37.44349083178484,0,2026-09-04 04:17:19
2026-09-03 14:03:00,CNC-03,H,297.5553380621075,312.4090924887672,1379.7172600144734,52.69709071537484,186.34550838858618,2.441138361043921,13.46505178541807,57.88284282820319,0,2026-09-04 04:17:19
2026-09-03 22:46:00,CNC-03,H,25.949172209747076,37.17447364840427,2685.270673643983,12.580256716412963,79.66931870245311,3.296172908266081,6.330015942310469,50.74124336028754,0,2026-09-04 04:17:19
2026-09-03 23:06:00,CNC-01,L,24.953438301023766,37.57144505520563,2495.6147340842736,19.239108148959854,123.7198341189546,3.276286060986579,8.85704613456207,52.36388249268897,0,2026-09-04 04:17:19
2026-09-03 18:11:00,CNC-03,H,298.89041993240613,312.65503286087153,,31.384127158042098,28.18414411188542,2.7561187669840583,12.738839060074753,53.36878431441322,0,2026-09-04 04:17:19
2026-09-03 13:11:00,CNC-01,L,296.41299535230337,311.5681864879751,1467.3717416527766,50.373563082865246,224.88642151876053,3.21177072019659,13.774668437513157,58.05622653471389,1,2026-09-04 04:17:19
2026-09-03 10:18:00,CNC-03,H,295.70771837214073,309.923381077444,1280.8963481956444,55.98039904427712,93.53973719093261,2.0169726138681825,13.323734697841006,63.3609008116923,0,2026-09-04 04:17:19
2026-09-03 11:02:00,CNC-02,M,296.90311472795025,311.8148302770553,1519.730196030241,48.79727082538958,157.8539543665475,2.5061472868528387,13.627566973913755,58.89730170295055,0,2026-09-04 04:17:19
2026-09-03 14:45:00,CNC-02,M,298.5279780006131,312.3309225902904,1460.1257112801393,44.80379068597887,71.34820773938355,2.20079986015612,12.323279509100018,52.77610491051117,0,2026-09-04 04:17:19
2026-09-03 20:32:00,CNC-01,L,25.906450849632677,38.853415928399784,2578.8717850048947,19.449000932041148,148.35556180066897,3.4100458319818245,9.537558260911423,58.09325221963371,0,2026-09-04 04:17:19
2026-09-03 15:14:00,CNC-03,H,298.3765527777353,312.3411790217148,1545.7519026911064,46.10908684891051,51.69907321168179,2.186281161332692,13.168884084602945,52.17435671712869,0,2026-09-04 04:17:19
2026-09-03 15:43:00,CNC-02,M,298.96594953354384,313.55047221789516,,45.19997156294326,158.77557602500065,2.5249480037294196,13.555356482222013,53.290945408255446,0,2026-09-04 04:17:19
2026-09-03 20:43:00,CNC-03,H,26.238313821425493,39.775980227453715,2563.453365311492,21.554359824110904,214.73229896115978,3.821551816612276,10.304717500875523,53.74682078571188,0,2026-09-04 04:17:19
2026-09-04 00:42:00,CNC-02,M,299.0266783249201,0.0,2682.543309854204,14.419372572521679,132.35500415469264,3.4162995424983014,7.136929914121389,54.158478567270734,0,2026-09-04 04:17:19
2026-09-03 07:59:00,CNC-01,L,295.2874752061065,308.88564566131726,1768.3115994927657,36.22266358968974,135.39772790575125,2.6743006508071816,11.810188871901003,61.40658658579628,0,2026-09-04 04:17:19
2026-09-03 08:35:00,CNC-01,L,295.35722443408673,310.5206749829009,1605.6676783219673,48.85848399551804,188.77811504415482,2.8727021787924008,14.715019904243293,61.40446237636866,0,2026-09-04 04:17:19
2026-09-03 06:53:00,CNC-02,M,296.3696129576316,310.03447498769395,1802.4221048035215,38.12500406983366,1.4166225195005775,2.4561173511491163,12.696325297592864,57.470798367653764,0,2026-09-04 04:17:19
2026-09-03 12:39:00,CNC-01,L,296.07010054999876,310.1470758443473,1313.1364320484288,49.43968248457059,174.3160281403434,2.5938439612046196,12.08906842950839,60.76236156605046,0,2026-09-04 04:17:19
2026-09-04 04:10:00,CNC-01,L,295.91155534437286,308.9246512048827,2283.8690824493256,25.092380187376964,16.64357080353955,2.782135843965345,10.907034717872925,55.150102226620874,0,2026-09-04 04:17:19
2026-09-03 18:09:00,CNC-02,M,299.9540180005794,314.72110788370645,2071.8367088239247,35.414604806040124,136.38932552992344,2.9389922361419467,13.748423202021147,55.92735760679212,0,2026-09-04 04:17:19
2026-09-03 11:42:36,CNC-02,M,297.519909673881,311.3452888751506,1489.5919411123423,46.11618345573563,19.100063858866413,2.149279769874969,12.70170837335312,55.61212502239668,0,2026-09-04 04:17:19
2026-09-03 16:47:00,CNC-02,M,299.6008291348857,313.4752813086287,1767.8964219075544,38.75708915482992,24.216466132569565,2.548841318534891,12.86323681137197,52.99698691290153,0,2026-09-04 04:17:19
2026-09-03 22:57:00,CNC-01,L,25.26873745285303,37.55443625682415,2801.487439364508,16.21747438340459,113.8891542324903,3.5084166054272705,8.420952790780289,47.769896958921095,0,2026-09-04 04:17:19
2026-09-03 12:37:21,CNC-03,H,302.40646876004627,310.13611995900425,1388.8719424896296,50.07225575287199,52.302331523598625,2.07030854920099,13.016907631232582,41.931972268869885,0,2026-09-04 04:17:19
2026-09-03 15:49:00,CNC-02,M,299.5141008241969,314.7287879578783,1666.0584878065913,46.545743385876186,167.72635524446093,2.671862191777895,14.502423013243481,48.536219859940246,0,2026-09-04 04:17:19
2026-09-03 05:51:00,CNC-03,H,296.18009466427657,310.255999728957,2056.5579149315913,32.32355716540197,160.92862532529043,2.9000814459598216,12.47188146383892,56.719383340322075,0,2026-09-04 04:17:19
2026-09-03 22:15:00,CNC-02,M,27.132099332008124,40.08754835451941,2607.6090589685627,17.166160183755423,202.77667133940616,37.29012726101159,8.632279821270714,51.759687780101565,0,2026-09-04 04:17:19
2026-09-04 00:30:00,CNC-01,L,297.936080207077,310.4077516458876,2783.6661113912232,15.014295845537273,213.2528819050959,4.304024258087631,7.907184630142968,53.07497999161426,0,2026-09-04 04:17:19
2026-09-03 13:04:00,CNC-02,M,297.77400030200357,312.0383254606168,1333.3886098312817,49.96046522148935,147.6423376416743,2.416057487316849,12.430424082111578,57.411028389372404,0,2026-09-04 04:17:19
2026-09-03 16:40:00,CNC-02,M,299.6613984656798,313.86770195143833,1694.5766046990425,42.595270876238864,14.298208877813352,23.23291245413609,13.40677249418816,53.332870269876295,0,2026-09-04 04:17:19
2026-09-03 05:26:00,CNC-03,H,296.2687008311275,310.3701963860589,1984.011168357408,32.60744753682927,128.37551633516756,2.7478727754230468,12.191180483592184,61.62208981237218,0,2026-09-04 04:17:19
2026-09-03 14:20:00,CNC-01,L,302.66657441166694,311.0958478855824,1503.1655296285628,47.804764678900725,105.05887358831865,2.2606184526586013,13.427864848894671,47.67006885658056,0,2026-09-04 04:17:19
2026-09-03 07:31:00,CNC-03,H,296.0726408367867,310.1786480639137,1791.2146289157529,39.4419219105675,62.11436146014479,2.3740952863137683,13.296147125857525,61.45856502916905,0,2026-09-04 04:17:19
2026-09-03 20:57:00,CNC-02,M,27.28164928626569,40.190307516921564,2651.2741506213133,18.511249329082826,116.31574872692637,3.3281700971932264,9.192332188537687,50.13645227416089,0,2026-09-04 04:17:19
2026-09-03 15:21:00,CNC-02,M,298.91109692119556,313.6348068930815,1684.3412824851366,43.68737863315301,125.88196313637198,2.3632706273144484,14.052937353455533,51.575389628003464,0,2026-09-04 04:17:19
2026-09-03 08:10:00,CNC-03,H,295.9067841458822,309.98837432754243,1716.0778124990786,42.051065999777066,118.80904845695702,2.524593880600668,13.284228877233138,58.41037127148374,0,2026-09-04 04:17:19
2026-09-03 11:11:00,CNC-02,M,296.92417320078437,311.41196524686916,1338.3783629016723,51.29635795513554,172.12945129697363,2.4831568016937697,12.818817278252482,56.82373965051191,0,2026-09-04 04:17:19
2026-09-03 21:39:00,CNC-02,M,300.4483518835385,313.2329263011903,2563.48329998278,18.762922407637454,163.39502829138218,3.4393134158736127,8.930035886381559,46.84037557986009,0,2026-09-04 04:17:19
2026-09-03 21:21:00,CNC-02,M,300.58405830181806,314.21899936092706,2348.753952330276,24.559060652697223,143.53007159324264,3.226460127918759,10.684753302920264,48.99722438127085,0,2026-09-04 04:17:19
2026-09-03 04:52:00,CNC-01,L,296.7988394052221,309.89094691538185,2332.1986874308627,24.61319155701335,80.06521180714034,2.946403647105475,10.759498324195171,57.967120760482885,0,2026-09-04 04:17:19
2026-09-04 02:05:00,CNC-03,H,296.9437977475719,308.858891109476,2494.158442230137,18.44145138127132,29.17250480853179,3.071818571157011,8.539483707960645,58.07852660685166,0,2026-09-04 04:17:19
2026-09-03 05:22:00,CNC-03,H,296.43914184237303,310.3648914530944,2059.133813523551,31.84280224962902,123.24669471816462,2.7525789973972987,12.261977700774734,59.767360843130454,0,2026-09-04 04:17:19
2026-09-03 05:14:00,CNC-02,M,296.7185824965205,310.5394678080849,1992.6440008919883,32.4031237211778,126.32271678104419,2.704868549824085,12.036517760447014,51.77075404472043,0,2026-09-04 04:17:19
2026-09-04 04:00:00,CNC-02,M,297.0743699151485,311.35368181007556,,27.353845943930445,145.56474858352595,3.088386891907216,11.906745502704435,57.9166253619394,0,2026-09-04 04:17:19
2026-09-03 13:59:00,CNC-02,M,298.2825455314236,312.31924852736415,1468.0586114499754,50.79032468950362,0.0,2.1250283228684683,13.938437963168816,54.10012460395388,0,2026-09-04 04:17:19
2026-09-04 01:58:00,CNC-02,M,298.3440519766069,311.08280881736266,2577.685120162181,20.86287346699544,6.592094346618989,3.1539365303439397,10.036082766506203,50.94093494167069,0,2026-09-04 04:17:19
2026-09-04 01:37:00,CNC-01,L,297.30754048380646,310.5927954230938,2495.6659527014217,24.846390406896365,56.80882505385415,3.0976130676148865,11.477369694080734,58.871481194910416,0,2026-09-04 04:17:19
2026-09-04 01:11:00,CNC-03,H,297.90446276391685,311.79665847074233,2648.5201892446653,22.31427984311773,234.24604683671615,4.047113314093467,11.170162116663525,52.189395159241236,0,2026-09-04 04:17:19
2026-09-03 19:15:00,CNC-03,H,299.2897319257869,312.60698353778747,2238.6936970866673,27.260867462647862,109.87145640375788,,11.536478068114816,49.28245410435361,0,2026-09-04 04:17:19
2026-09-03 09:39:00,CNC-01,L,295.0570679068926,309.46076806982893,1574.9863669948456,46.18665359966976,83.0453133002538,2.185510800031317,13.721388657359226,58.3858209155217,0,2026-09-04 04:17:19
2026-09-03 09:09:00,CNC-01,L,295.08285781890226,308.7960304755486,1529.5627256517612,44.11376945729508,36.75523773417474,2.2245053064309177,12.88428408540048,56.13979720254157,0,2026-09-04 04:17:19
2026-09-03 20:09:00,CNC-03,H,26.462589484538398,40.49559186701015,,27.753942041412934,175.1723119819482,3.1897935979414265,12.02321979201306,50.057430228089885,0,2026-09-04 04:17:19
2026-09-04 01:08:00,CNC-03,H,297.8894893699496,312.1327054133173,2713.43150055833,22.659704055855094,230.96298802737755,4.037554517889325,11.48251750431204,58.3004308602251,0,2026-09-04 04:17:19
2026-09-04 00:39:00,CNC-02,M,299.0949959118431,311.3607790433182,2769.152408323628,13.590975025086184,129.15562463802323,3.5836712263641903,6.8533605844665155,56.14911261022746,0,2026-09-04 04:17:19
2026-09-03 21:07:00,CNC-02,M,300.73375615880667,313.2206833430339,2569.484623445878,15.969207753066938,127.61085279561185,3.2702977493838996,7.9011523382442945,52.90996762644923,0,2026-09-04 04:17:19
2026-09-03 13:02:00,CNC-01,L,296.1478485918765,311.6537518685712,1496.4400414458564,54.41789530029158,210.72600581628149,2.989329569878834,15.025762514559615,59.32192726835008,1,2026-09-04 04:17:19
2026-09-04 00:26:00,CNC-02,M,299.40466520807286,312.11280847551467,2756.326559850277,16.631700340798695,115.41930387878966,3.4038460107537496,8.57986989821924,47.20935956472732,0,2026-09-04 04:17:19
2026-09-03 07:30:00,CNC-02,M,296.66328798024796,310.4608612335524,1679.0389115060593,39.677500599944324,53.6318439162969,2.352876125040734,12.465505687364685,56.44386572895692,0,2026-09-04 04:17:19
2026-09-03 08:32:40,CNC-03,H,296.08095679966254,310.3363857400028,1679.8585496669432,41.868859682718465,154.29834755590787,2.5650987819707427,13.217697975045722,58.517757324365604,0,2026-09-04 04:17:19
2026-09-03 13:49:00,CNC-01,L,302.39521642825594,310.11725885786353,1422.1073247363506,47.128566447311414,56.727164923541295,2.0908861568732693,12.641674387172776,47.31925777363669,0,2026-09-04 04:17:19
2026-09-03 06:10:00,CNC-02,M,296.23291448723324,311.25697500172487,1933.8939576040502,39.362883322808116,199.78189652759232,3.258030966451236,14.056022279605891,58.10080014272324,0,2026-09-04 04:17:19
2026-09-03 10:08:00,CNC-02,M,296.94562946065014,311.7951581572953,1552.5585701415234,51.54933958083341,72.9465608363644,20.996602335608728,15.059456287123881,54.337167377461896,0,2026-09-04 04:17:19
2026-09-04 00:38:48,CNC-03,H,297.93076821772144,310.7473154616095,2720.9322523422165,17.16626666077492,200.78678490898946,3.7165579324563884,8.768260327876696,57.02595241625392,0,2026-09-04 04:17:19
2026-09-03 23:36:00,CNC-02,M,299.8258206886457,312.7638290922559,2550.528220623666,21.029873539858357,62.435075167859296,3.062712527161977,9.878161261002889,53.757244349503424,0,2026-09-04 04:17:19
2026-09-03 09:58:00,CNC-03,H,296.1523656624584,310.6975167800331,1569.076807473237,48.79982965017443,62.138095028443566,2.2150022177681175,14.476440893328054,56.94629741010461,0,2026-09-04 04:17:19
2026-09-04 02:25:00,CNC-01,L,296.7064711783736,309.6323593264187,2633.960298155144,20.311973710753367,109.0931304583276,3.2663813502478005,10.055028884792971,56.16798766638281,0,2026-09-04 04:17:19
2026-09-04 00:35:00,CNC-02,M,299.52385945228025,312.0895915174529,2621.3410718673103,16.406446011930196,124.9392658669891,3.31283066423189,8.086555654614791,53.002286511696106,0,2026-09-04 04:17:19
2026-09-03 14:43:00,CNC-03,H,298.1743631575477,,1606.2734648698422,44.91343131776695,4.605249951613697,2.2611481357656293,13.440018298556895,56.329789416702326,0,2026-09-04 04:17:19
2026-09-03 23:31:00,CNC-02,M,299.6773104483658,311.8085815244777,2578.2054028798657,16.55198693393669,56.98419807788552,3.062585059838937,7.987164286555466,52.89504426609482,0,2026-09-04 04:17:19
2026-09-03 08:50:00,CNC-03,H,295.7792788705733,310.9125236380133,1682.197337626204,46.759995293014974,178.27090668379955,27.19261748237066,14.791940588882216,63.67040028797258,0,2026-09-04 04:17:19
2026-09-03 20:18:00,CNC-03,H,26.01819696154621,39.9656737415159,2501.6476859485365,25.14074374532274,185.64420578542115,3.422322424813153,11.846321291880392,56.02256036919311,0,2026-09-04 04:17:19
2026-09-03 07:28:00,CNC-02,M,296.4312619082232,310.49622372991723,1903.7453641434356,36.89027705859907,50.7349597929865,2.590743388486211,0.0,57.679511662384215,0,2026-09-04 04:17:19
2026-09-03 20:28:00,CNC-03,H,26.52557658485273,39.990905452069796,2461.861031813536,22.926337941852985,197.31924671605316,3.490068194226503,10.588010473045973,51.696895892291266,0,2026-09-04 04:17:19
2026-09-03 10:30:00,CNC-03,H,296.1266139875041,310.79785695495013,1414.1730108577156,51.557686633889595,112.45004505904818,2.1419196791868726,13.558141178901273,58.21580856183596,0,2026-09-04 04:17:19
2026-09-03 18:52:00,CNC-02,M,300.13810199098714,314.0635732788378,2112.5362367922025,29.443509723444834,191.5155002967174,3.3614776452257615,11.916499486044291,51.41096247211861,0,2026-09-04 04:17:19
2026-09-03 18:01:00,CNC-01,L,298.56696565786046,313.2169768324353,1847.9889230344963,38.86414606193702,186.39986503952852,3.1086859645546747,13.164223813566421,50.619903084920416,0,2026-09-04 04:17:19
2026-09-03 07:13:00,CNC-02,M,296.3823072054541,310.1050871607237,1886.3632682917591,36.27288230700957,29.478903199034022,2.5048057830575114,13.129275463514125,57.60942372788532,0,2026-09-04 04:17:19
2026-09-03 18:30:00,CNC-01,L,298.62577983416,313.83561061058685,2084.580471492633,37.35051391796656,224.56436112325332,3.7283436164171313,14.647923487130052,53.927706090851544,0,2026-09-04 04:17:19
2026-09-03 05:47:00,CNC-02,M,296.38855786839986,310.5252491923533,2063.889245117698,32.76554309370097,169.11671138794645,3.013661904751088,12.400480167841772,54.079296719972085,0,2026-09-04 04:17:19
2026-09-03 22:33:00,CNC-03,H,26.055505186421385,38.33932786149575,2663.919830111485,17.668197712225957,65.74588271202713,3.274803335435703,8.932834123566565,52.98506779384185,0,2026-09-04 04:17:19
2026-09-03 10:32:00,CNC-02,M,296.67677270814823,310.83918457427274,1536.3842942683689,43.4079015358203,110.54384161262747,22.29372901650804,12.28011929945504,59.36036454103778,0,2026-09-04 04:17:19
2026-09-03 07:58:00,CNC-01,L,295.29552884144636,309.94958478846996,1573.1044942696892,47.800327027097595,133.96092359574027,2.4671922243487017,13.906318417164695,61.0343507787769,0,2026-09-04 04:17:19
2026-09-04 02:19:00,CNC-02,M,297.9932576174669,310.2185109814278,2504.534940310314,17.017272081131182,29.668284049922125,3.0114339481873307,8.205495071736875,55.81475027179464,0,2026-09-04 04:17:19
2026-09-03 20:50:00,CNC-03,H,26.181954216223573,39.26663766888811,2480.7154868635475,19.55270292891575,222.61645649711272,3.7774143584373285,9.38940917740603,45.1779645598879,0,2026-09-04 04:17:19
2026-09-03 14:04:00,CNC-01,L,302.2588108985929,310.39197458295456,1416.4329640492415,51.07945748234989,80.07012493420221,2.1446523266640822,13.833559443257997,48.033508226641864,0,2026-09-04 04:17:19
2026-09-03 10:23:00,CNC-03,H,295.66993279134323,310.03682194192504,1491.9656820702562,48.97767846107161,101.37196249756377,2.332267130675352,13.73766480100271,,0,2026-09-04 04:17:19
2026-09-03 05:11:00,CNC-02,M,296.5365798433243,310.0231323075027,2253.2340200714007,25.825754539533857,122.40734631813119,3.0686844719236595,10.888234794492003,55.686227284264746,0,2026-09-04 04:17:19
2026-09-03 22:07:00,CNC-02,M,300.2010722350859,313.6784805884029,2698.1754760876966,18.459538361494854,194.10215229511488,3.7558381892735757,9.312485052368878,50.16292871534197,0,2026-09-04 04:17:19
2026-09-03 12:12:33,CNC-02,M,297.50623731647477,311.8524314830687,1439.897474956152,49.56150453439941,66.92927559480691,2.118698696765199,13.127436785539118,55.439649129770444,0,2026-09-04 04:17:19
2026-09-03 05:37:00,CNC-03,H,296.4516491674951,310.33255163344194,2074.886928273462,31.590672635045696,142.62428675278701,2.872310630933653,12.18225602435951,58.96902695921302,0,2026-09-04 04:17:19
2026-09-03 23:05:00,CNC-03,H,25.818421093531015,37.94673063474403,2748.986767949179,16.164234350758182,99.90668899389551,3.3700622326640386,8.382437199432223,55.1492573633217,0,2026-09-04 04:17:19
2026-09-03 13:31:00,CNC-03,H,297.2683735732936,311.70137160197476,1463.065364746784,48.15661868883452,136.17803325367132,2.239223681283955,13.247076088139766,53.8190119509224,0,2026-09-04 04:17:19
2026-09-03 11:40:00,CNC-03,H,301.6246808218254,310.7420677815875,1346.7112527622128,56.63740591516073,223.2597858849233,2.63760727145145,14.282976584049603,44.64939851552574,0,2026-09-04 04:17:19
2026-09-03 04:19:00,CNC-01,L,296.9702748441125,310.3452539726015,2499.0728119153778,25.93649247681445,39.292974935854645,3.033050688115448,12.210989500712992,51.62494467194279,0,2026-09-04 04:17:19
2026-09-03 21:49:00,CNC-03,H,299.1509975681695,310.78078991959774,2709.042817622696,14.658890186939514,17.785044857305902,3.2234530064012614,7.222263928565216,52.329748122421734,0,2026-09-04 04:17:19
2026-09-03 22:43:00,CNC-02,M,26.982910085374613,38.70663258446234,2599.4856375568893,14.638785526006583,5.37590634883321,3.191999368055879,7.213097525025932,56.89634597978491,0,2026-09-04 04:17:19
2026-09-03 13:37:00,CNC-03,H,297.4055977462903,312.0869598955627,1420.9440794524724,51.800264712722836,145.58790725178028,2.255364463278475,13.824214511417901,55.52201213894874,0,2026-09-04 04:17:19
2026-09-03 20:11:00,CNC-03,H,26.284660452387698,39.80370397604844,2437.993968596506,24.16936889189897,177.54591305323336,3.4198807952832757,11.18339064577976,48.63255837902635,0,2026-09-04 04:17:19
2026-09-03 17:47:00,CNC-02,M,300.18035336279104,313.96279301960703,1999.9714280846881,33.16964291009099,107.13709016704695,2.6562458534029574,12.310915608925502,53.21473760336934,0,2026-09-04 04:17:19
2026-09-03 23:11:00,CNC-01,L,25.046269267302648,38.07881662742557,2709.348237982965,18.961252865944466,129.04990821246724,3.5081406886545006,9.599757681493477,54.08904014961222,0,2026-09-04 04:17:19
2026-09-03 10:04:00,CNC-02,M,296.71429851530377,310.52661124695186,1416.3301526158061,45.68003419369413,66.62544655075419,2.055465547716339,12.169225230495124,58.09847716053498,0,2026-09-04 04:17:19
2026-09-03 22:55:00,CNC-03,H,25.850165986470188,37.44476042396241,2600.352393197355,14.612600513348546,89.29816568056857,3.1650226025766957,7.049614880978055,54.241514365448104,0,2026-09-04 04:17:19
2026-09-03 15:46:00,CNC-02,M,299.12537255878766,314.53276925850906,1674.5197506735428,48.668479669286626,163.22852500823507,2.6141524396917184,15.249224158413506,56.70672517939709,0,2026-09-04 04:17:19
2026-09-03 07:09:00,CNC-03,H,296.0602576195344,309.91043923542315,1731.6524813016006,39.02476339219337,30.83860211369904,2.36315695527861,12.939590095640375,57.28315517982241,0,2026-09-04 04:17:19
2026-09-04 00:37:00,CNC-01,L,297.46710529586454,309.9823999310762,2618.8089685167747,15.75330756306509,220.61556354519996,4.200459448394039,7.547242321487186,54.55889330728254,0,2026-09-04 04:17:19
2026-09-03 06:43:00,CNC-02,M,296.06288114370375,311.56907186422035,1726.900818767599,46.62985057690864,244.9615359577739,3.5816745123028375,15.005744553514665,57.67082163062053,0,2026-09-04 04:17:19
2026-09-03 22:59:00,CNC-01,L,25.082036535076384,37.969751446482746,2657.5828167444724,19.76683354856929,116.07038499571286,3.3803452389221365,9.943854284733167,58.25091778559437,0,2026-09-04 04:17:19
2026-09-03 11:24:00,CNC-02,M,297.21996033789446,312.08713118611223,1500.343265514452,50.352008438693865,192.77498161058256,2.7513375103810085,14.26488266578754,56.139885356819484,0,2026-09-04 04:17:19
2026-09-03 15:55:00,CNC-03,H,298.41331396604005,312.813671399382,1650.7689380435186,44.104090385103405,112.6935131119024,2.341595317127337,13.606078217785583,52.83927377224522,0,2026-09-04 04:17:19
2026-09-03 10:57:00,CNC-03,H,301.66963005779684,310.51622726550784,1445.377788025529,50.61214768026815,155.13027128749272,2.3411745675837934,13.684351065136875,47.51550954800718,0,2026-09-04 04:17:19
2026-09-03 18:10:00,CNC-02,M,300.018390184401,314.5888106831223,2135.520089191657,32.765312071775256,137.69983540037273,2.8581814618796604,13.186442848412902,47.16405987397499,0,2026-09-04 04:17:19
2026-09-03 18:40:00,CNC-01,L,298.93340440125166,312.77725941085646,2149.060375988664,32.48856126409506,11.69320670832929,2.716601493721736,13.123189127516849,54.525128828629576,0,2026-09-04 04:17:19
2026-09-03 06:09:00,CNC-01,L,295.96649683805316,309.78620388686,2118.5790646543996,29.44772575012844,179.87712134998563,3.17482145445767,11.821325819401459,60.33053123039284,0,2026-09-04 04:17:19
2026-09-03 10:04:00,CNC-01,L,295.0642294023044,308.6327199065123,1350.751217389206,46.46988808658203,121.92446339168619,2.2883254426256254,11.68096294305328,65.98558863273446,0,2026-09-04 04:17:19
2026-09-03 15:34:00,CNC-01,L,297.54100860601346,312.58898542484997,1607.769427983574,45.873242751257166,217.63958995335932,3.1195457130235673,13.841808057382762,57.476739801789876,0,2026-09-04 04:17:19
2026-09-03 19:08:00,CNC-01,L,299.15136488507716,312.45701829082316,1991.9168098903808,31.122617899863638,46.988922697983845,2.5972104976189603,11.481163188437243,50.0457754522045,0,2026-09-04 04:17:19
2026-09-03 14:36:00,CNC-03,H,298.03736792411337,312.68655474423616,1555.5915069977023,44.14919685183229,237.26079380942681,2.99292481381851,12.701550892012389,55.083947813229244,0,2026-09-04 04:17:19
2026-09-03 14:37:00,CNC-01,L,302.4263280613949,310.884012087559,1665.5193506407245,44.82319048613432,131.3705185918642,2.4780261696913524,13.922281637909812,44.16436616190841,0,2026-09-04 04:17:19
2026-09-03 09:43:00,CNC-02,M,296.7104330933946,310.6676336087355,1576.1730206555649,45.003226321385675,33.908777636095124,2.1905520590700416,13.244116596801241,55.980506436081775,0,2026-09-04 04:17:19
2026-09-03 10:13:00,CNC-01,L,294.98746069363307,309.62836918566137,1388.2361055313968,53.37043485215888,135.9651624450183,2.2440209567672658,13.8846506214369,61.29600741010309,0,2026-09-04 04:17:19
2026-09-04 00:13:00,CNC-03,H,298.0998985809768,311.04887426013124,2738.123467153161,19.209012154314088,172.1528995572216,3.671034969551909,9.606617545354169,54.47897187785116,0,2026-09-04 04:17:19
2026-09-03 14:14:00,CNC-03,H,297.97387391025825,312.8076467162479,1458.995803432216,49.991359313337455,203.46676028379736,2.764525354697849,13.582200989751488,58.096897354657315,0,2026-09-04 04:17:19
2026-09-04 03:26:00,CNC-03,H,296.1021208873906,309.25819177178226,2463.0296039418695,21.992903220884084,120.75613304265298,3.119067590950602,10.296826469913562,51.96610317719166,0,2026-09-04 04:17:19
2026-09-03 22:20:00,CNC-03,H,26.064377277461006,38.34792697190795,2588.0947043817137,18.285951918524308,51.714022333472315,,8.963009000690542,51.03304659278599,0,2026-09-04 04:17:19
2026-09-03 10:53:00,CNC-01,L,295.2936862629008,309.2088522687839,1454.0646112927739,48.530827387294046,6.2678662108083465,2.097784870651353,13.268470607635507,57.41322327602116,0,2026-09-04 04:17:19
2026-09-03 06:47:00,CNC-02,M,296.1321071986793,311.930632087364,1973.964440426806,42.07121786392628,250.49142285702888,3.897467795576663,15.397936209403616,57.460497057788736,0,2026-09-04 04:17:19
2026-09-03 14:51:00,CNC-01,L,302.941918422513,311.8917375547828,1558.3056919303526,49.67294457320664,152.80552920014958,2.547207995775507,14.329508844848624,46.10784521592913,0,2026-09-04 04:17:19
2026-09-03 19:14:00,CNC-01,L,299.0146738678965,312.6033924879183,2310.1908843317597,29.02829034658259,54.47210663120497,2.8348695417205656,12.653461838524452,47.70849256095322,0,2026-09-04 04:17:19
2026-09-03 16:53:00,CNC-01,L,298.1161464114735,312.4026647857856,1873.5868758490087,37.861496333556005,93.59418726134885,2.5807947743907613,13.27292522647278,50.54930188579695,0,2026-09-04 04:17:19
2026-09-03 06:16:00,CNC-01,L,295.9480854075942,310.0725151670003,1953.354895541188,34.19528577028915,189.2761677755818,,12.344454108748364,56.46496633296854,0,2026-09-04 04:17:19
2026-09-03 05:07:00,CNC-01,L,296.40148632837094,310.09049297267995,2182.596053320732,29.425629770446537,98.93932365735664,2.919013998189718,11.930232350444493,56.41012910342229,0,2026-09-04 04:17:19
2026-09-03 08:36:00,CNC-02,M,296.7575422366003,311.7327779019564,1646.7952091237214,46.95029009301392,150.42175207354555,2.629004279522404,14.55044328016297,57.68701644151095,0,2026-09-04 04:17:19
2026-09-03 22:52:00,CNC-02,M,26.857416628699298,38.694696549330615,2732.8760638966846,13.889110895831278,15.11109906939862,3.2334881715658286,7.309578311568333,53.57375629212377,0,2026-09-04 04:17:19
2026-09-03 05:13:00,CNC-01,L,296.3669195335808,310.8061194623095,2181.1094711917744,33.75286694287789,106.47306559251044,2.877365426166283,13.75991111717059,58.3489514263108,0,2026-09-04 04:17:19
2026-09-03 14:32:00,CNC-02,M,298.60101753482775,312.7995633871142,1583.8201469580927,45.01549709858999,0.0,2.1638298055713756,13.308575407927284,54.70881128984958,0,2026-09-04 04:17:19
2026-09-03 04:23:00,CNC-02,M,296.759185392615,310.0571727411452,2395.2660808561777,26.752014234891814,62.56888188267807,3.0348972629514446,11.953466042565429,56.55548931899821,0,2026-09-04 04:17:19
2026-09-03 13:05:00,CNC-03,H,296.9674564262615,311.5252399613959,1386.910116255863,53.97619483683139,95.11569595966432,2.162516308735692,14.059432754294305,57.877850608478205,0,2026-09-04 04:17:19
2026-09-03 12:01:00,CNC-01,L,295.7887070959316,310.20683878141597,1424.6747442670921,50.87488795631839,113.84760964108199,21.898478214579157,13.316257074326291,58.69215972592306,0,2026-09-04 04:17:19
2026-09-03 11:43:00,CNC-03,H,301.9181709858931,310.94700950285744,1415.57897327513,53.475869804668754,227.99200221091382,2.847873801733166,14.465368607899133,49.69537371004885,0,2026-09-04 04:17:19
2026-09-03 15:17:00,CNC-01,L,297.53338229015054,312.4619216990375,1613.9345023754802,45.24456971606168,192.2982743008334,2.878072554572593,13.815973121985046,57.466994147538806,0,2026-09-04 04:17:19
2026-09-04 00:11:00,CNC-02,M,299.7702898597234,312.0764501142047,2691.617720144078,16.194873726022987,99.3574489044125,3.335180125543466,8.391140374271766,52.783513891414216,0,2026-09-04 04:17:19
2026-09-03 15:01:00,CNC-03,H,298.4556612082646,311.97721314678734,1476.2110714898884,45.39002397195095,31.921374122654164,21.524634104704553,12.347197937063482,54.76451159625791,0,2026-09-04 04:17:19
2026-09-03 11:03:00,CNC-03,H,301.5741775066487,310.58623351861144,1346.5844631283671,57.43540750835679,164.5565280254751,2.297240962856641,14.549865505019957,52.02880186705498,0,2026-09-04 04:17:19
2026-09-04 02:02:00,CNC-01,L,296.88330893593127,309.30337689252445,2674.2864041644657,17.22458358712234,83.90116920213555,3.1859156044825245,8.605603032350539,63.43444938194441,0,2026-09-04 04:17:19
2026-09-04 04:16:00,CNC-02,M,297.0258390706608,311.31494065918497,2343.048231328701,28.514393137782246,164.81279534012336,3.1453210591494716,12.62613806002836,58.17464507643961,0,2026-09-04 04:17:19
2026-09-03 17:59:00,CNC-03,H,298.9482591545041,312.61082335899954,2003.4666033791707,33.76079513142939,12.167398831972564,25.67952784128347,12.752307167604187,53.305088326280185,0,2026-09-04 04:17:19
2026-09-03 05:18:00,CNC-01,L,296.5106659615522,310.5668950628909,2144.9958538931023,31.65603394249753,112.78675265963662,2.7636841347640138,12.983997485267178,56.118849433240854,0,2026-09-04 04:17:19
2026-09-04 04:03:00,CNC-02,M,297.2856267878283,311.5094297175707,2374.9741963928423,27.505147785329726,149.14570730985713,3.1539603900300515,12.158164406336141,54.08743580970918,0,2026-09-04 04:17:19
2026-09-03 21:06:00,CNC-03,H,299.32149180751907,313.5782783869835,2496.660643079549,24.814124600496665,240.8507854320382,3.968082852563172,11.539252334521382,53.217882121742115,0,2026-09-04 04:17:19
2026-09-03 14:28:00,CNC-03,H,297.9894207374948,313.0266057831747,1571.1711196398555,48.67938413732105,225.0258457327025,2.9185893435188497,14.336072461865891,53.381366626255286,0,2026-09-04 04:17:19
2026-09-03 15:18:00,CNC-02,M,298.6319081502546,313.30505624397546,1439.6377360038248,50.33479216694043,121.39548910482036,2.190655727551481,13.492680454680016,52.67016778684102,0,2026-09-04 04:17:19
2026-09-03 22:44:00,CNC-03,H,25.56950881603825,37.24882462195171,2790.525545780093,13.555792217848785,77.51930111393479,3.3859862936249314,7.28840142500046,58.74850641446705,0,2026-09-04 04:17:19
2026-09-04 02:27:00,CNC-03,H,296.9753562502058,309.1013435616144,2658.079960904461,16.603054110428104,53.59324386375497,3.2932376323044665,8.305609866761689,56.975124781376046,0,2026-09-04 04:17:19
2026-09-03 14:05:00,CNC-02,M,298.1891390463142,311.76265259865096,1457.0054570417904,46.10619357614847,9.424904745101749,2.0514855064420985,12.50272972236647,51.08546732321944,0,2026-09-04 04:17:19
2026-09-04 01:10:00,CNC-01,L,297.36987167605423,309.09887200321407,2711.316871739761,14.505975081917393,27.74693442914264,3.259856757994014,7.375959367058537,60.051104106751886,0,2026-09-04 04:17:19
2026-09-03 19:23:00,CNC-02,M,,313.77691952855355,2289.1211051325067,27.226262600060906,4.916344704906896,2.8859758223480205,11.334225899734642,50.154806592862066,0,2026-09-04 04:17:19
2026-09-03 21:09:00,CNC-03,H,299.3196504178986,313.33597896232675,2500.8107466502925,24.524068485343136,244.29450056742758,39.2362117690403,11.474869354569448,56.16974510468369,0,2026-09-04 04:17:19
2026-09-03 18:27:00,CNC-01,L,298.86574997452624,313.84883625791474,2088.081545721118,36.239009644215166,220.66224454193897,3.640998073604394,13.934100347384279,57.50988987352386,0,2026-09-04 04:17:19
2026-09-03 23:10:00,CNC-03,H,25.539026508110112,,2749.321917150464,13.441425808388534,105.21805527050017,3.356856306045998,7.276067947325197,52.65710757181765,0,2026-09-04 04:17:19
2026-09-03 12:20:00,CNC-01,L,296.1746196341626,310.7155899183396,1390.0299648721775,53.128124802136,144.02757380163058,2.2881569921994784,13.94637581410613,58.30167085438852,0,2026-09-04 04:17:19
2026-09-03 04:38:00,CNC-03,H,296.6752155131526,309.8809296791391,2196.903937779104,27.493300479924535,67.87171046424777,2.8556039456835283,11.451507133580227,55.20731477512991,0,2026-09-04 04:17:19
2026-09-03 07:03:00,CNC-03,H,296.18698290835977,309.8719660570795,1738.7580871621085,39.27756636583467,22.391282508050132,2.4361335346032598,12.679685498090148,57.347509279429275,0,2026-09-04 04:17:19
2026-09-03 23:57:00,CNC-03,H,298.3216847676858,310.96536231797387,2676.0474424255094,17.83600007731482,155.07868512078576,3.4792513406701526,9.02065544111776,52.20806385707844,0,2026-09-04 04:17:19
2026-09-03 22:29:00,CNC-01,L,25.189657864215462,37.535549886314925,2752.8255976418523,18.00225630095855,83.81970453975748,3.330728847908049,9.352043223112167,48.85204719113055,0,2026-09-04 04:17:19
2026-09-03 19:33:00,CNC-03,H,299.51232340472467,313.5229777663479,2278.190586699673,28.22969501113784,131.89717368884195,2.9957506774966376,11.892412565207811,55.16716378727064,0,2026-09-04 04:17:19
2026-09-04 00:51:00,CNC-01,L,297.655739047398,309.6833080676653,2412.5804607242403,20.016257927086954,7.489623487836874,3.0633868465710408,9.165359278552259,56.6885765431169,0,2026-09-04 04:17:19
2026-09-03 14:02:00,CNC-03,H,297.2781415197868,311.9208300824601,1429.0972618340634,51.97182876290833,184.77021563918947,2.465821945578124,13.847991864501498,59.84398513154931,0,2026-09-04 04:17:19
2026-09-03 04:46:00,CNC-02,M,296.5788776022848,310.736108676206,2274.389154131469,30.385606664874576,90.84891609108385,2.9424544621501507,12.917675217994313,57.29725212281025,0,2026-09-04 04:17:19
2026-09-03 08:03:00,CNC-02,M,296.36967474434766,310.77958751048334,1728.2436275014961,42.2740118765315,101.51667021946301,2.506472454210392,13.62153141771482,56.601750352127794,0,2026-09-04 04:17:19
2026-09-04 00:46:00,CNC-01,L,297.5889688497501,308.1058408752599,2766.542054481897,9.314914668753287,2.074553852267017,3.2825492633794666,4.972211946554656,53.65355065163844,1,2026-09-04 04:17:19
2026-09-03 14:30:00,CNC-03,H,298.04638627519347,313.49423115553094,1680.349906654904,48.30823785872058,228.02900868358105,3.145351295495789,15.416547812133045,53.346865735730134,0,2026-09-04 04:17:19
2026-09-03 12:11:00,CNC-03,H,301.8911166478146,309.89730450845457,1328.7954823447392,0.0,9.504840299154752,1.9917945332644773,13.349915705910853,49.81057656984144,1,2026-09-04 04:17:19
2026-09-04 02:09:55,CNC-02,M,297.9412622636998,309.72489098187253,2569.8535492402743,14.84734987069306,18.547610757497562,3.126852406023813,7.116066847633893,60.42196975676167,0,2026-09-04 04:17:19
2026-09-03 04:18:00,CNC-01,L,296.8634734025768,310.3472560444729,2380.5620908898786,28.2220843356425,38.08659670621092,2.903036134299705,12.835114091634994,61.33337888727108,0,2026-09-04 04:17:19
2026-09-03 21:41:00,CNC-01,L,298.346801167372,309.7020435230598,2462.4427589883203,15.789737324243376,31.180673101494836,3.0584533719192226,7.012492656719761,51.43119610056675,0,2026-09-04 04:17:19
2026-09-04 02:11:00,CNC-01,L,296.76782687984195,309.13243621596274,2612.6769359284467,18.191460312306482,93.81043470746388,3.28811623448615,9.102088307585902,63.662559097859294,0,2026-09-04 04:17:19
2026-09-03 22:22:00,CNC-01,L,25.32418718663581,36.861245995194736,2768.9559614994914,13.789166350128559,76.253174466126,3.405251722115123,7.160646461598547,58.234500994081664,0,2026-09-04 04:17:19
2026-09-03 13:47:00,CNC-02,M,298.4198014895661,314.4982778211457,1618.9423131177414,54.03941293403727,215.43017167006988,3.0820652328940508,16.370569774873815,53.903766278060615,1,2026-09-04 04:17:19
2026-09-03 11:01:00,CNC-03,H,301.3669198686811,309.66112927006253,1322.730018642429,53.99271794740637,161.42542320343628,2.3681084684256213,13.546177732847928,47.954087165919745,1,2026-09-04 04:17:19
2026-09-03 11:53:00,CNC-01,L,295.9408369385783,310.24952979807586,1441.528978275342,,101.13000437390154,2.2050605113731776,13.97025382218218,53.863291805679516,0,2026-09-04 04:17:19
2026-09-03 15:28:00,CNC-01,L,297.45168016094726,312.6829336459577,1641.7453421435387,46.26015027997897,208.7481431191867,3.1490180176267613,14.235557588386774,59.18032234632986,0,2026-09-04 04:17:19
2026-09-03 23:55:00,CNC-02,M,299.64915514396563,312.1738290292184,2743.4960855513755,17.039510979160436,82.43223236003337,3.319602322530981,9.088272587516792,54.605561857095125,0,2026-09-04 04:17:19
2026-09-04 01:11:00,CNC-01,L,297.27712037913494,309.2272193544131,2593.6648640368344,17.44607319153698,28.866392668601176,3.1041157593022124,8.841080153642373,55.31012174366705,0,2026-09-04 04:17:19
2026-09-03 15:50:00,CNC-01,L,297.75811481630444,311.5880851932008,1743.749044476878,40.02708663770537,2.8995939378814333,2.3878276382604833,13.410367357259352,56.194442251792175,0,2026-09-04 04:17:19
2026-09-03 16:24:00,CNC-03,H,298.64581467013255,313.27851459136605,1609.1370701696708,47.199276964783934,154.96275355456007,2.5058841396749765,14.495798670925897,52.67315418403686,0,2026-09-04 04:17:19
2026-09-03 21:52:00,CNC-01,L,298.58702392122655,310.37960284461286,2624.736254103185,15.015869073751505,43.36526093369992,3.1646349095661375,7.2238281849183394,54.30917166943614,0,2026-09-04 04:17:19
2026-09-03 10:05:00,CNC-03,H,296.1142616190139,310.07776082694636,1451.0431478847324,47.85993307344352,73.02825861536711,2.102172890922949,12.98582108367196,58.04849846315275,0,2026-09-04 04:17:19
2026-09-03 20:07:00,CNC-03,H,26.483162210059447,40.621231304872026,2308.8179148641793,27.92113652517357,172.74730284773995,3.1805040968528364,11.791248058904406,49.14412248390891,0,2026-09-04 04:17:19
2026-09-03 10:43:00,CNC-03,H,296.4210169654787,310.6488369542295,1434.265798717602,48.46722071271348,132.9271070168349,2.2146712415127094,13.122559407152526,59.282456710956275,0,2026-09-04 04:17:19
2026-09-03 12:41:20,CNC-02,M,297.60761364561097,312.15428703702986,1397.5947080846051,52.94362430075339,112.85244969559892,2.1058849285125563,13.811637226936378,54.923304888364356,0,2026-09-04 04:17:19
2026-09-03 11:00:00,CNC-01,L,295.54291167652065,308.97411557039675,1373.101204802989,48.54482284958181,17.297767383392,2.04994827594868,12.58299827821295,60.46314025034797,0,2026-09-04 04:17:19
2026-09-03 17:20:00,CNC-01,L,298.56470005725316,313.036993317263,1816.0538451945713,41.19433861896471,131.1528966040309,2.629051437714221,13.860644455984872,56.790558001847,0,2026-09-04 04:17:19
2026-09-03 21:25:00,CNC-03,H,299.2381346076723,313.18862240190094,2482.922646332119,22.874691065002846,262.2380437616272,4.196498595474755,10.625631998315734,52.06778344568461,0,2026-09-04 04:17:19
2026-09-03 04:28:00,CNC-03,H,296.8008083893167,309.9807229069885,2222.9021688416947,26.821417869269844,55.519594818325515,2.802178212510311,11.516413198109626,52.24828948362335,0,2026-09-04 04:17:19
2026-09-03 04:22:00,CNC-01,L,296.78762448188064,309.55322438382905,2282.990560188631,24.408656088540404,42.89400363443687,2.8297608082616645,10.545885855488894,55.61334090153698,0,2026-09-04 04:17:19
2026-09-03 08:16:00,CNC-03,H,295.947227494579,310.36897770071016,1810.4268369390488,39.9754555040616,127.60330115340733,2.6176752002228523,13.417620720954396,58.86772482027523,0,2026-09-04 04:17:19
2026-09-03 13:22:00,CNC-03,H,297.38610123788374,312.2120629981954,1434.1587402924654,54.59104503572357,121.98317360936416,2.1095444518729107,14.87917831695484,56.85109349161583,0,2026-09-04 04:17:19
2026-09-03 13:43:00,CNC-02,M,298.245772130491,313.34184577362595,1476.473777145039,51.55159171017638,209.20827826273987,2.776971882581059,14.069881514627383,60.308566233604886,0,2026-09-04 04:17:19
2026-09-03 14:35:00,CNC-02,M,298.4634565594637,312.4949558249019,1368.7235748691835,50.43386886344046,56.06224091754697,2.021658897916728,12.765955843067387,57.153486447862306,0,2026-09-04 04:17:19
2026-09-03 14:25:00,CNC-03,H,297.93539075067434,313.13074339889295,1492.435671702175,51.708288870938304,220.44937698055162,2.820412133348924,14.27369629844184,58.15902708032793,0,2026-09-04 04:17:19
2026-09-03 05:10:00,CNC-02,M,296.7603047923853,310.88582480860714,2212.820910503177,30.39524234388686,121.17727737014134,2.880500301164449,12.676863172477363,57.9504772453003,0,2026-09-04 04:17:19
2026-09-03 06:04:00,CNC-02,M,296.1556524331711,310.7946631655439,2027.3808188697362,34.820256843584,191.65121450785955,3.180948689941674,13.27146569588303,58.64367153911704,0,2026-09-04 04:17:19
2026-09-03 12:21:00,CNC-03,H,302.23934865936826,309.9679336801081,1403.5579547550317,48.86718975936944,25.30541338453879,2.0561207803565615,12.63411577612911,50.14258953646222,0,2026-09-04 04:17:19
2026-09-03 11:11:06,CNC-03,H,301.5437536532324,310.0038441284691,1430.9255246759958,49.009747156534246,175.65759648717975,2.34675933870314,13.124807957845084,49.12490488708817,0,2026-09-04 04:17:19
2026-09-03 19:36:00,CNC-02,M,300.3630359757179,313.2491207686077,2305.204371878977,23.735285760418876,20.780980515498516,,10.237239177795695,46.71339215601894,0,2026-09-04 04:17:19
2026-09-03 13:44:00,CNC-03,H,297.4013087755594,312.3050385051891,1503.0805486726656,51.96156838344854,156.50684242779306,2.4097878793396923,14.846585766070246,57.19791169324723,0,2026-09-04 04:17:19
2026-09-03 23:01:00,CNC-02,M,26.807110907564777,38.87348845006977,2615.809116917017,16.102718122626808,24.798653244001024,3.1118258681033364,8.06044111827162,50.896414993291074,0,2026-09-04 04:17:19
2026-09-03 08:20:00,CNC-03,H,296.2571939813326,310.7262327730303,1758.9974764781018,40.68680480082729,133.51562550896983,2.4878994909081453,13.473251395719833,56.13835912206074,0,2026-09-04 04:17:19
2026-09-04 00:40:00,CNC-01,L,297.62167825598823,310.7224478277097,2806.5252622246508,18.468167965594898,223.81640267146264,4.34790175415321,9.730939850909541,52.71962169363952,0,2026-09-04 04:17:19
2026-09-03 11:17:00,CNC-03,H,301.1940792153736,310.1420668954516,1376.9149167098396,53.82415106126144,186.73179240036146,2.50819812406819,13.982061290648467,49.93656550296676,0,2026-09-04 04:17:19
2026-09-03 09:16:00,CNC-02,M,296.46580932014035,311.9856573320407,1545.0492784669104,52.039552996536635,210.53743465323862,2.9928742497804675,15.05442381166256,58.0957319876979,0,2026-09-04 04:17:19
2026-09-03 06:43:00,CNC-03,H,296.24454854452324,310.44631554075534,,34.088594662454426,231.25656952229224,3.2873985264675647,12.033190043738934,51.50533483621274,0,2026-09-04 04:17:19
2026-09-03 04:26:00,CNC-01,L,296.9158971372714,310.36440082671186,2324.882850804599,26.939439558612506,47.75523171961446,28.3028614451858,11.608968645510835,60.73001758927742,0,2026-09-04 04:17:19
2026-09-03 18:20:39,CNC-01,L,298.66669928077584,312.6399950533738,2235.5895981457684,28.526618225817018,214.13912577147119,3.744809596586938,11.834107772933434,54.440523157797855,0,2026-09-04 04:17:19
2026-09-03 15:27:00,CNC-03,H,298.2585277575651,312.40515714556597,1585.1218654134166,45.22378559885837,71.2657160731516,2.211194899849439,13.249796642598275,53.616890626050505,0,2026-09-04 04:17:19
2026-09-03 23:40:00,CNC-03,H,298.67492385339614,311.3148971288997,2699.726037426131,17.295270871516756,137.08625402569976,3.4029814313146733,9.087239140770306,56.075100116463524,0,2026-09-04 04:17:19
2026-09-03 04:55:00,CNC-02,M,297.01517266082874,311.36043409379755,2206.4198237314367,32.82760210866215,102.06532361265698,2.8958952716890156,13.649902002113672,58.259204922473586,0,2026-09-04 04:17:19
2026-09-03 20:27:00,CNC-01,L,26.112842138933274,40.295862827624774,2441.6837713498785,27.138009027327616,142.54609315343185,3.1994084120370303,12.50843061504342,47.81137354238705,0,2026-09-04 04:17:19
2026-09-03 05:12:00,CNC-01,L,296.5638135683095,310.43495087394336,2226.093656670313,29.04502912595846,105.17691091081937,2.968549473227693,12.009656749073809,58.42136678590775,0,2026-09-04 04:17:19
2026-09-03 06:04:00,CNC-01,L,295.91096336600475,310.7361116124901,1921.5845780688799,38.33360325335934,173.22635073295837,3.0458978233453378,13.813469304750887,56.746791307062125,0,2026-09-04 04:17:19
2026-09-04 04:02:00,CNC-02,M,297.20855788731154,311.4054525470141,2396.9550769800258,25.923989041580846,147.93002029016927,3.198844543159195,11.659056010960372,58.1011346436178,0,2026-09-04 04:17:19
2026-09-03 05:08:00,CNC-02,M,296.52107344943937,310.8964505273649,1934.4645795351103,36.9086548128891,118.62915241898556,2.622056269643922,13.261811343879854,60.77343185760978,0,2026-09-04 04:17:19
2026-09-03 15:24:00,CNC-02,M,298.8654827209384,313.8796877154551,1687.761154735574,45.45788375046401,130.33159633718188,2.503108002072174,14.336120533088728,54.62123928604561,0,2026-09-04 04:17:19
2026-09-03 12:53:00,CNC-03,H,296.7694509680867,310.85796819515883,1402.7085671016148,49.093226565339975,76.06497147292895,2.119731374910931,12.831986956694418,61.73565822365676,0,2026-09-04 04:17:19
2026-09-03 21:03:00,CNC-02,M,300.4916082586546,313.1249669916964,2511.976666131871,17.89847251075647,123.12755832639371,3.2558793209794055,8.43216413744424,54.309497751290905,0,2026-09-04 04:17:19
2026-09-03 15:12:00,CNC-03,H,298.23814253494623,312.2486181122031,1512.9319041763538,46.89697937354357,48.71876739459189,2.1903047708529546,13.302097435027347,54.423777565529036,0,2026-09-04 04:17:19
2026-09-03 04:50:00,CNC-01,L,296.3736151303731,310.3413311021083,2324.00681786371,28.676943130375275,77.57425499917846,2.9343783772135787,12.53643520732042,59.66242339022876,0,2026-09-04 04:17:19
2026-09-03 10:12:00,CNC-01,L,295.245708018849,309.7465223873207,1338.4717378749656,53.884709757260445,134.40881614377005,2.1426959567155395,13.427428351195005,58.7234386576317,0,2026-09-04 04:17:19
2026-09-03 20:03:00,CNC-03,H,26.447351050314182,40.176312400911456,2458.607898169526,24.932331211506533,167.98309981873945,3.342816137793729,11.185012091151,49.63372887454642,0,2026-09-04 04:17:19
2026-09-03 09:20:00,CNC-02,M,296.5965269342791,312.12936839054817,1617.0623085899228,51.14788755743596,216.53102394250098,3.122604950618135,312.13143326621963,57.29834819396418,0,2026-09-04 04:17:19
2026-09-03 18:26:00,CNC-01,L,298.9105789667063,313.7891508749199,2065.226566649283,36.54508537082961,219.36353755126905,3.717613616875161,13.937534964906499,55.33965638662308,0,2026-09-04 04:17:19
2026-09-04 03:36:00,CNC-02,M,297.2683050004581,310.82156730165434,2290.830895632241,25.411690345582464,117.23701952372951,2.9727724291805036,10.946167156185671,54.832281925718156,0,2026-09-04 04:17:19
2026-09-03 16:30:00,CNC-03,H,298.84937694434416,313.0942284599927,1832.3015166578475,37.84817298022934,163.59035841474395,2.7443540639326662,12.952533798213862,54.353036606475236,0,2026-09-04 04:17:19
2026-09-03 23:13:00,CNC-02,M,26.841458610320956,38.23100057753902,2605.4265251631155,12.735251328473415,37.82621625682373,3.1690730691175997,6.308780789573692,51.28853365235951,1,2026-09-04 04:17:19
2026-09-03 16:59:00,CNC-01,L,298.2417759550636,312.79807567697617,1750.8929890736408,42.9441225732461,102.02312129376814,2.3906936542893633,13.871322499706515,52.97075133784218,0,2026-09-04 04:17:19
2026-09-03 17:24:00,CNC-02,M,299.5270491712949,313.50958729416624,1839.7204105711835,37.52151263069338,75.82172193290518,2.679386038200567,12.963625123418518,55.07869297377735,0,2026-09-04 04:17:19
2026-09-03 14:31:00,CNC-01,L,302.907104422572,311.3650136984672,1581.0503949741192,46.647725507421775,122.10642653428621,2.4416817084683533,13.5941187462984,44.415002452573965,0,2026-09-04 04:17:19
2026-09-03 17:40:00,CNC-03,H,298.87519991076493,314.0793250381249,1871.0519038028551,41.49952211217663,260.87911511226287,3.594140354054371,14.59113794393839,54.81343887501436,0,2026-09-04 04:17:19
2026-09-04 01:25:00,CNC-02,M,298.71178829457943,311.2684731119395,2718.1715022467706,15.818363262212506,178.3313260490323,3.5825211969349438,,55.54448816917072,0,2026-09-04 04:17:19
2026-09-03 15:17:00,CNC-02,M,298.6846306332374,313.28255229167564,1590.2929085133435,45.93076217774166,119.84105641767705,2.490737231457839,13.69863758775563,57.12431163133364,0,2026-09-04 04:17:19
2026-09-03 19:35:00,CNC-01,L,298.99218844138113,312.10383014391954,2150.329681809484,26.353232293016475,80.32328564201882,2.7619695182367483,10.528982361468323,57.23234343297206,0,2026-09-04 04:17:19
2026-09-03 23:56:00,CNC-02,M,299.696745511629,312.7874863742965,2658.1438561321484,19.96456897785769,83.51101504275931,3.351486838291481,9.84230988825966,50.00996045702138,0,2026-09-04 04:17:19
2026-09-03 15:42:00,CNC-03,H,298.3339678528326,312.20766434137823,1723.8787293370501,40.83091365435361,93.53078126560015,2.446049635916389,13.154204855931807,50.6925798655161,0,2026-09-04 04:17:19
2026-09-03 22:50:00,CNC-03,H,25.648857607354785,37.901193942664975,2641.0053124137703,17.558140966249308,83.94821335003732,3.202469095090211,8.606855728365645,50.849616383768875,0,2026-09-04 04:17:19
2026-09-03 16:15:00,CNC-02,M,299.43121970498197,314.78878652093994,1811.3706709763244,42.86066332961596,205.75268073631827,3.1542810002411636,14.79317584770784,51.75071260131351,0,2026-09-04 04:17:19
2026-09-03 12:31:00,CNC-01,L,296.07428042476755,310.19067548412033,1283.9890807587346,52.263678983823134,161.58014478600194,2.406671036962556,12.59583694316523,59.00533247282885,0,2026-09-04 04:17:19
2026-09-03 07:28:00,CNC-01,L,295.42317220926174,309.76300469177306,1676.3098615451775,43.01652755243222,90.82353562846959,2.3685687308990637,13.60069234857036,62.85147688376198,0,2026-09-04 04:17:19
2026-09-04 03:48:00,CNC-02,M,297.05821756971596,310.95234113905104,2444.52635104735,24.93794459579234,131.38206787757704,3.123143802112299,11.289925550217722,57.5232337457023,0,2026-09-04 04:17:19
2026-09-04 01:23:00,CNC-01,L,297.3689638687929,308.8783672022506,2674.8142002405207,13.992593030690701,41.63210727427321,3.1447571941295798,7.1113276560227074,55.67771706628806,0,2026-09-04 04:17:19
2026-09-03 08:48:00,CNC-02,M,296.72305038378283,311.714095238594,1548.835488808493,48.81957917001141,168.2242038297204,2.527191625142435,14.224346036037048,56.99788245207265,0,2026-09-04 04:17:19
2026-09-03 14:01:00,CNC-03,H,297.5594112351192,312.3433691741705,1372.4405013060932,53.33001849208909,183.19471496846919,2.3954753096379995,13.797327945829487,54.542457667775246,0,2026-09-04 04:17:19
2026-09-04 00:29:00,CNC-02,M,299.1329784937373,311.8015516490522,2744.7474565623143,17.62332337937208,118.60857040179934,3.3532521940208144,9.037007553052428,54.00799566522906,0,2026-09-04 04:17:19
2026-09-03 19:56:00,CNC-01,L,299.4579986974381,312.4998908156984,2355.265424746454,23.153085533128504,105.79962882615544,2.982958945136604,10.220536954105294,51.34893426575351,0,2026-09-04 04:17:19
2026-09-04 00:36:00,CNC-02,M,299.14292288073295,311.3930952653156,2735.0734123804996,14.784340666083757,125.97820438166072,3.4129411788747266,7.462460174498918,51.49175758029715,0,2026-09-04 04:17:19
2026-09-03 04:38:00,CNC-02,M,296.8883132222829,310.6375346356508,2293.560856742191,27.874478578639486,80.97755609072766,2.8133640270644804,12.276089897458013,57.610069200376586,0,2026-09-04 04:17:19
2026-09-03 11:56:00,CNC-01,L,295.5843735323214,309.728714024474,1336.9571163231149,51.45360669249228,105.89401195959911,2.112783482220968,12.71408361852461,57.107209639286964,0,2026-09-04 04:17:19
2026-09-03 13:10:00,CNC-03,H,297.21418150655376,311.355230754651,1368.0231937955677,51.15774632413711,103.07309376589242,2.125699634601962,12.921454811495924,54.23356071313351,0,2026-09-04 04:17:19
2026-09-03 19:01:00,CNC-01,L,298.6992739724664,,2222.7065346860018,24.41064924790308,38.309456898216304,2.7768375380770203,10.10942490730715,51.90398013159885,0,2026-09-04 04:17:19
2026-09-03 09:38:00,CNC-03,H,295.6350727525143,309.300490222896,1389.2354276102824,48.3747032764938,30.92914616989314,2.0218535670291904,12.723255111187335,59.885208193760306,0,2026-09-04 04:17:19
2026-09-04 03:06:43,CNC-03,H,296.50064333064915,309.87224862914115,2548.23386790689,23.56316654996838,98.92949026836615,30.10601841354235,11.282035057884448,62.741025793517565,0,2026-09-04 04:17:19
2026-09-03 21:53:10,CNC-02,M,300.4489229988413,313.4474685996115,2711.8115818193337,17.414753611902757,179.8154301825937,3.621363933641292,8.602655233166558,51.095452540103814,0,2026-09-04 04:17:19
2026-09-03 15:25:00,CNC-03,H,298.31112590576663,312.57753509864494,1623.6868373193192,44.11234782471886,68.29567981738585,2.2271206757098474,13.275013650064514,53.87054320326875,0,2026-09-04 04:17:19
2026-09-03 20:00:00,CNC-01,L,25.939118192110527,39.32322845040841,2399.590471467106,25.050395341510598,110.6545668849516,3.1248414521593117,11.221293653721707,53.08370177688583,0,2026-09-04 04:17:19
2026-09-03 13:37:00,CNC-01,L,301.9742465237521,310.24065708584584,1549.4555972581552,47.52923318192181,37.840173104666164,0.0,13.72936473920105,48.66849961066095,0,2026-09-04 04:17:19
2026-09-03 13:23:00,CNC-02,M,298.08114643377667,312.7499284276626,1323.7725590173654,54.86306996716444,177.70475210068514,2.3531784337106108,13.38840761777112,56.88396616079796,0,2026-09-04 04:17:19
2026-09-03 20:17:00,CNC-02,M,32.7765043909821,40.35965701876847,2429.6132571111148,24.867170517500934,69.94046073999256,2.9502418236799537,11.015375657975156,40.82654066355987,0,2026-09-04 04:17:19
2026-09-03 22:02:00,CNC-02,M,300.3648841802623,315.03329997089776,2609.328833272954,25.65481045591751,188.61759907018507,3.6357691181833007,12.288190682613525,52.53025553314403,0,2026-09-04 04:17:19
2026-09-04 03:15:00,CNC-02,M,297.80486293454265,311.21763032545925,2405.672574913474,22.391574429418867,92.87609588710129,2.9375993037943955,10.134126615332226,56.99240097090588,0,2026-09-04 04:17:19
2026-09-03 15:52:54,CNC-03,H,298.4049261109974,312.438451412884,1693.8664815755099,41.67612892828372,108.23892896815084,2.3634326357485858,13.20306778302154,50.73336443718147,0,2026-09-04 04:17:19
2026-09-03 18:48:00,CNC-01,L,299.0133539869571,312.4487662534395,2187.828097080683,30.757611605447668,21.948218730148188,2.6807772419258176,12.433334463311185,53.31372206664965,0,2026-09-04 04:17:19
2026-09-04 03:55:00,CNC-03,H,296.01017140671007,311.0094452932027,2379.579161768881,32.51287387670447,155.13863181107126,3.1288362956095184,14.232792246238983,58.51664032134318,0,2026-09-04 04:17:19
2026-09-03 14:40:00,CNC-02,M,298.2251294403623,312.33069075829684,1573.3374369671967,45.6353445114128,63.78582314739051,2.254504798781477,13.561262208947687,52.279545429553856,0,2026-09-04 04:17:19
2026-09-04 03:57:00,CNC-01,L,296.05873270940367,307.89645936857767,2429.446553841589,17.986318724008637,1.1685458203555439,3.0663883382396753,7.907819670776437,60.188525657510745,0,2026-09-04 04:17:19
2026-09-03 11:42:00,CNC-02,M,0.0,311.0520008513657,1358.152738803021,50.771108055597836,17.540974852497897,2.0560084387114417,13.204437309898411,53.931527410221996,0,2026-09-04 04:17:19
2026-09-03 20:31:00,CNC-03,H,25.964154208250534,39.99771104182031,2550.700479814982,24.382969161816348,200.72985758199772,3.6303801758271153,11.590109806934533,54.11752679021783,0,2026-09-04 04:17:19
2026-09-03 13:22:00,CNC-02,M,297.82986266937013,312.8759593903112,1313.1039150502295,57.31622929555576,176.10475210068515,2.364463766412017,13.918456828402498,50.46762887378317,0,2026-09-04 04:17:19
2026-09-03 21:55:00,CNC-03,H,299.11626047577414,311.00362903910525,2623.5841050621116,15.890220812937978,24.392218899033864,3.2304204724892913,7.761990555247271,57.16567769535478,0,2026-09-04 04:17:19
2026-09-04 00:05:00,CNC-01,L,297.960581218666,310.6722945015885,2632.044499012758,18.213545425435704,186.4638312496983,3.6571085994018957,9.227596405931033,54.021724751532375,0,2026-09-04 04:17:19
2026-09-03 11:12:00,CNC-02,M,297.14171406261926,311.96041155427355,1427.3675029848305,50.995189432970015,173.72945129697362,2.4830201487712884,13.694284518939408,55.81523813078799,0,2026-09-04 04:17:19
2026-09-03 09:40:00,CNC-02,M,296.6690971819301,310.2478962984504,1416.1490722238198,45.90208594291111,,19.981966359698138,12.438843115817372,53.855157210040886,0,2026-09-04 04:17:19
2026-09-03 10:05:00,CNC-02,M,296.65622676931423,311.2297115670168,1410.9889967820582,54.53791598132046,68.21338071748188,1.9849073064715739,14.530042848034018,58.742808638126505,0,2026-09-04 04:17:19
2026-09-04 01:26:00,CNC-03,H,297.78525679343363,311.5681113331114,2785.4781076261474,20.01975265496695,250.39638085280785,4.325791036344562,10.54209737705696,53.722321206319,0,2026-09-04 04:17:19
2026-09-04 01:29:00,CNC-01,L,297.077714727858,308.26759991726004,2741.066429855999,12.638014233861922,48.192258718311194,3.328728621571964,6.284934391629008,57.85918546196033,0,2026-09-04 04:17:19
2026-09-03 06:24:00,CNC-01,L,295.87747187554527,309.30841359332516,1934.0326300772101,34.65244081573491,1.3738832485921133,2.5655884633029853,12.815014946521952,55.25100394382986,0,2026-09-04 04:17:19
2026-09-04 01:35:00,CNC-01,L,297.0909929167947,308.70187730759125,2705.5543095971784,14.501359017314327,54.562810632973886,3.2499187543549226,7.324497422220259,52.090298548091084,0,2026-09-04 04:17:19
2026-09-03 05:32:00,CNC-01,L,296.285186187662,309.5067120765979,2209.4502857524567,25.10916249555811,130.93105444970817,2.972800033095194,10.505628862658163,59.28512910504456,0,2026-09-04 04:17:19
2026-09-03 07:18:00,CNC-03,H,296.0474918153332,310.3674093769191,1779.3433690243219,41.27853574505415,43.665464037148624,2.529485313386826,13.820120895373638,57.68083453926634,0,2026-09-04 04:17:19
2026-09-03 04:58:00,CNC-01,L,296.5974939327302,310.0152288466428,2156.460070825524,29.014230878754002,87.66952666010279,2.7648505793718874,11.650572483314638,58.58791031785096,0,2026-09-04 04:17:19
2026-09-04 00:48:00,CNC-01,L,297.69663471872536,309.6945290024624,2721.097760216256,16.7077659871991,4.246923194542048,3.238375579115968,8.339441144440215,51.79442361779016,0,2026-09-04 04:17:19
2026-09-03 07:06:00,CNC-03,H,296.4279897087605,310.23290065626253,1841.1146512139762,36.706601779502854,26.577912619262058,2.4491858875838632,12.745856178154087,55.47009612588111,0,2026-09-04 04:17:19
2026-09-03 06:24:00,CNC-03,H,296.4180552169856,310.8677638044712,1928.1862269391975,36.695919007934236,205.24079370196955,3.2102061720756248,13.201029634535391,59.74640880464789,0,2026-09-04 04:17:19
2026-09-03 22:35:00,CNC-02,M,26.934066148022907,41.0381125310505,2709.0038219498088,23.041017033655468,224.30943924853227,4.098672481963717,11.769364442774533,51.48106774346275,0,2026-09-04 04:17:19
2026-09-04 02:14:00,CNC-01,L,296.8447427942534,308.871035101403,2641.5696752209665,14.84297835576915,97.01361503921825,3.30566576878633,7.391595096456362,55.98200901540719,0,2026-09-04 04:17:19
2026-09-03 07:10:00,CNC-02,M,296.5023687844495,310.72828849354477,1925.8194177115406,38.60570295017978,25.253987142207105,2.5393873971339924,14.015972206845976,54.878515743001905,0,2026-09-04 04:17:19
2026-09-04 01:08:00,CNC-02,M,298.9215790751394,311.61561182432825,2480.775523691304,17.748052775389326,160.04515429102142,3.35511741481751,8.15387908725073,53.917510766147004,0,2026-09-04 04:17:19
2026-09-03 12:24:00,CNC-03,H,302.1822725405719,310.00411455901934,1346.6455435660623,52.91488957930216,30.105413384538796,1.9809070992109572,13.022834275417198,47.60315531246082,1,2026-09-04 04:17:19
2026-09-03 15:04:00,CNC-01,L,302.74534103655753,311.1686134452057,1527.1423061095052,46.43338826257239,172.58278297618742,2.6718816052385033,13.384227076540899,45.6780215365838,0,2026-09-04 04:17:19
2026-09-03 14:59:00,CNC-02,M,298.76743407042557,313.35063547563965,1378.0495701704622,52.03932430080471,92.65541783246387,2.172572053641321,13.581686542880155,57.98279743442068,0,2026-09-04 04:17:19
2026-09-04 01:50:00,CNC-02,M,298.45405083879433,311.9336424307025,2588.762752381044,20.1709780403716,205.36169309327502,3.779683476240911,10.094790121518937,54.096477579196986,0,2026-09-04 04:17:19
2026-09-03 06:31:00,CNC-01,L,295.8201387403538,309.80276721281916,,39.06415526382639,10.963421263367906,2.5067187449577872,13.833283576083247,59.398219411898204,0,2026-09-04 04:17:19
2026-09-03 05:37:00,CNC-01,L,296.18764485901045,310.45255921396546,1877.4528509803174,36.70532918009869,137.61888933921637,2.774181880656265,12.862269629210589,56.85482000637895,0,2026-09-04 04:17:19
2026-09-03 14:07:00,CNC-01,L,302.6054876265016,310.77374601036945,1408.726298541017,51.385683345709,84.78446321121035,2.0814993001828697,13.544439507126343,48.617680913933505,0,2026-09-04 04:17:19
2026-09-03 08:00:00,CNC-03,H,295.89264714988906,310.1547189667048,1740.775063660753,39.684625928191,104.0370714379532,2.479035490745523,13.016702156579502,58.05272366967657,0,2026-09-04 04:17:19
2026-09-03 14:46:00,CNC-01,L,302.8476651334059,311.8950606249518,1557.3427222979944,51.60158700475549,145.14721461050922,2.394349536702039,15.260818330874569,44.42836644210267,0,2026-09-04 04:17:19
2026-09-03 15:17:00,CNC-03,H,298.07793570352027,311.70800382913586,1614.8417592100784,43.08837361114518,56.17768686865813,2.2473587698184314,13.045829437139648,54.344416972287995,0,2026-09-04 04:17:19
2026-09-03 18:59:00,CNC-02,M,300.5270222804087,314.77487065623484,2281.998075097337,28.008729351382335,200.3880270917947,34.382652739985275,11.91469080176808,49.327297279859685,0,2026-09-04 04:17:19
2026-09-04 00:25:00,CNC-02,M,299.06913696214957,311.43664577760853,2726.886453862404,14.7792031008853,114.35319866775338,3.296250991208801,7.711134170040857,55.43122936860784,0,2026-09-04 04:17:19
2026-09-03 17:59:00,CNC-01,L,298.4231091281169,312.5782735067256,2120.614358416685,31.407485787211215,183.65911695166693,3.205858414298427,12.327482852731356,56.47772597309807,0,2026-09-04 04:17:19
2026-09-03 07:00:00,CNC-01,L,295.3713754177125,,1824.658002154915,37.43951308959366,51.15010672887481,2.5279659433658197,12.736762453279637,55.8484462415328,0,2026-09-04 04:17:19
2026-09-03 18:36:00,CNC-03,H,299.29146216634314,312.39658368599703,2215.989018951862,26.6709984593653,60.76656844847977,2.8974512360151143,11.16658413090968,52.93869213601375,0,2026-09-04 04:17:19
2026-09-03 11:04:00,CNC-01,L,295.20356511405674,308.78106208810254,1310.2774272100637,51.534987624444135,23.608195805999134,19.853055859364837,12.733314050029279,61.908208768367125,0,2026-09-04 04:17:19
2026-09-03 16:25:00,CNC-02,M,299.50976341425513,314.5155712507542,1720.0208768066968,41.31085721149439,220.20873581682764,3.1950673549631454,13.357108506782222,52.09380583955885,0,2026-09-04 04:17:19
2026-09-03 21:28:00,CNC-01,L,298.79354740638394,311.4808884265732,2556.094723452687,21.05034616402554,16.69597243201937,3.097358704201525,9.92241068357606,53.34245347038314,0,2026-09-04 04:17:19
2026-09-03 13:09:00,CNC-01,L,296.38776974415845,311.43371571337156,1536.5233575293228,48.359396175516785,221.68642151876054,3.2019302101982765,13.922977404919047,56.13719165754858,0,2026-09-04 04:17:19
2026-09-04 03:56:00,CNC-01,L,295.71346550580364,308.2508279420147,2358.7209784755423,23.842895046692227,0.0,2.867602017766785,10.226758630706813,57.97771905228714,0,2026-09-04 04:17:19
2026-09-03 22:25:00,CNC-01,L,25.63427073588946,38.06674254891499,2566.1922485273703,18.435850628514395,79.5209125678479,3.1535927844342857,8.54797206547808,52.5195404647264,0,2026-09-04 04:17:19
2026-09-03 06:19:00,CNC-01,L,295.6960024963997,311.11062407565765,1922.2002209953544,42.54986202101766,193.33149227271832,3.311841657186969,15.316708699399282,61.259351679764194,0,2026-09-04 04:17:19
2026-09-03 14:21:00,CNC-03,H,298.15172103231026,313.1639945015718,1374.2608881703347,53.6291333392117,214.28714812061074,2.7372073737376836,13.66598583631383,57.05964212222333,0,2026-09-04 04:17:19
2026-09-04 02:24:00,CNC-03,H,296.87000974562903,308.82253538350926,2622.515408311091,16.78467688880757,50.26670277033605,3.1895278997842267,8.377089769508057,57.71878833624412,0,2026-09-04 04:17:19
2026-09-03 09:56:00,CNC-01,L,294.7310044123974,309.18014649112706,1489.3136418252636,49.83550221043214,109.39802086004049,2.173878061138415,13.775366755240553,55.48259846145545,0,2026-09-04 04:17:19
2026-09-03 11:24:00,CNC-03,H,301.4923505361274,309.93218880551063,1374.8413788230532,50.032951363838116,197.87197946133188,2.475315786765374,12.797254863592494,47.43875331771672,1,2026-09-04 04:17:19
2026-09-03 21:36:00,CNC-02,M,300.62027571870783,313.1906407933793,2558.989589184201,17.190553430806318,160.11509118376296,3.502188522525942,8.314829015875738,49.464672949809085,0,2026-09-04 04:17:19
2026-09-03 11:44:00,CNC-01,L,295.61627792973655,309.97070001183,1350.6898621870546,54.031964476622704,86.80162391862477,2.0083163901667778,13.838412787784483,59.10731228611346,0,2026-09-04 04:17:19
2026-09-03 22:07:00,CNC-01,L,298.72621965651547,310.5474790456342,2745.7660318447556,14.428788748661772,60.01343818785124,3.374400060573795,7.212090317630804,56.73989994858843,0,2026-09-04 04:17:19
2026-09-04 01:29:00,CNC-03,H,297.47177387108655,311.72346510034055,2476.2361495976033,24.86872732488436,253.6995433194671,4.0768850857318775,11.4811850353964,58.18151699226418,0,2026-09-04 04:17:19
2026-09-03 16:08:00,CNC-02,M,299.38726277252795,314.8546815647148,1606.1026780214706,49.752470716035894,195.59529523805753,2.8230770458636294,15.05525649045664,48.869465251441376,0,2026-09-04 04:17:19
2026-09-04 01:10:00,CNC-02,M,298.95148123219406,312.1792222475534,2533.517318095845,21.149848196910064,162.2289592170191,3.50734887907658,9.992094475740865,51.27137919390832,0,2026-09-04 04:17:19
2026-09-04 01:47:00,CNC-02,M,298.23317789910766,312.37791493633733,2692.5219044730175,21.74700186827872,202.02828090815387,3.7754377802434367,10.820029034775972,57.70111862924172,0,2026-09-04 04:17:19
2026-09-03 11:44:00,CNC-03,H,302.04245457906677,311.36554799563845,1437.9247439912301,54.476223727222795,229.57453236843753,2.6987361265096883,14.713435781425277,48.14725319792952,0,2026-09-04 04:17:19
2026-09-03 17:52:00,CNC-03,H,298.7176044508945,312.2973988408242,1884.396857918918,34.650001061085575,2.702578208306492,2.525758432645971,12.078046328971645,52.56583321053079,0,2026-09-04 04:17:19
2026-09-03 21:06:49,CNC-02,M,300.69380266434257,315.2077579768354,2498.2560643629713,26.93644054283192,126.5068454579529,3.2649594125979804,12.320348277914993,48.77247993919573,0,2026-09-04 04:17:19
2026-09-04 00:27:00,CNC-03,H,298.40162920383034,310.894406231649,2778.2153091988594,14.579059143214561,186.95990970380285,3.805903743212281,7.565354577107141,56.96245460413959,0,2026-09-04 04:17:19
2026-09-03 11:21:00,CNC-03,H,301.57966061335134,310.0275164384844,1336.7705308223283,52.55249405497635,193.13162858941317,23.416288778034577,13.364605563734308,49.03881233208002,1,2026-09-04 04:17:19
2026-09-03 22:18:00,CNC-02,M,26.92199775106741,40.89814420984925,2549.387514426913,22.907470669605356,205.99612048427414,3.7272485835697067,11.019247908697803,51.84422729039373,0,2026-09-04 04:17:19
2026-09-03 18:39:00,CNC-01,L,299.14042446529186,312.6730671837527,2154.7240980061715,31.109205743448218,,2.6883941825673596,12.512142773002612,45.315774777848105,0,2026-09-04 04:17:19
2026-09-03 09:50:00,CNC-03,H,295.5695789951641,310.0491292166263,1464.6194986205608,50.52492527301319,49.66330259733432,2.240299956362461,13.922214491495874,55.52994029615309,0,2026-09-04 04:17:19
2026-09-03 22:39:00,CNC-01,L,25.649575403127926,37.08735630845251,2790.777832085018,12.384186333961747,94.53252547460332,3.4550248836418085,6.382409946552444,55.216699287263744,0,2026-09-04 04:17:19
2026-09-03 17:28:00,CNC-03,H,298.92692928007216,314.4671133686931,2030.2658005664496,40.39096145507645,6644.965983190787,3.5623934897738097,15.305916567062404,55.475734447337146,0,2026-09-04 04:17:19
2026-09-03 17:40:00,CNC-02,M,299.94883513142287,313.7338906020164,1903.3873701090797,35.03449880988602,97.80403239275641,2.493517754524373,12.37386907691062,54.51947782300195,0,2026-09-04 04:17:19
2026-09-03 06:49:00,CNC-03,H,296.01222034190005,309.2590317199055,2063.594825803459,30.877476008012085,2.73388178244564,2.772081666958138,11.966217756666307,57.779014070668,0,2026-09-04 04:17:19
2026-09-03 12:44:00,CNC-02,M,297.76592969401025,312.2542441890007,1434.5890475556198,51.3351505424339,116.01130663095967,2.0918185195097716,13.913196109469041,53.07683507561521,0,2026-09-04 04:17:19
2026-09-03 19:59:00,CNC-01,L,25.702870758075562,39.5639682663616,2282.808836122173,28.02811727241431,109.45453729650353,2.879124997522186,11.907820677141649,51.91636987965612,0,2026-09-04 04:17:19
2026-09-03 06:21:00,CNC-01,L,295.65221238538925,310.80594240537704,2041.31412972411,38.50474259369825,196.04620112912747,3.4601171509373163,14.64693066578398,58.043376015423256,0,2026-09-04 04:17:19
2026-09-04 00:01:00,CNC-02,M,299.6248470799697,311.6389480830398,2758.767934612714,13.261394912644832,88.79223465604139,3.4100593301246813,6.824693434969272,50.699106182188096,0,2026-09-04 04:17:19
2026-09-03 21:14:00,CNC-02,M,300.6890971679642,313.78497765649195,2623.134110468013,18.36590400841524,135.59726298544447,3.333151995148767,9.283587370594198,47.74497227559016,0,2026-09-04 04:17:19
2026-09-03 06:36:00,CNC-03,H,295.70979578048565,310.98972532203925,1968.808604893808,39.099762825881854,221.60499153974754,3.3198422292898493,14.291103208907659,61.845071399882166,0,2026-09-04 04:17:19
2026-09-03 16:33:00,CNC-02,M,299.6520297852521,313.56391596247335,1578.5731184704744,43.183065199238676,4.320858556196895,2.1972221804634957,12.845807572479242,49.80080836124815,0,2026-09-04 04:17:19
2026-09-03 15:37:00,CNC-01,L,297.58343945122925,312.7593223431998,1516.167903595077,49.44888545866741,222.18184275350416,3.2250493147084973,14.274004555992454,52.49825394048676,0,2026-09-04 04:17:19
2026-09-03 10:07:00,CNC-02,M,296.8183765454757,310.4982838284923,1341.7088551043005,49.791812216803656,71.40952980050784,1.9880007896848702,12.468910580237843,52.77568750838812,0,2026-09-04 04:17:19
2026-09-03 05:58:00,CNC-03,H,296.2348865852729,310.3910443110891,1983.1076247195176,34.100991603361415,0.0,2.948529198681808,12.766540048192308,1047.8435405283133,0,2026-09-04 04:17:19
2026-09-03 09:38:00,CNC-02,M,296.7219298962695,311.45672409663973,1659.6569496170132,46.724468643021495,26.12712287111887,2.303124818717056,14.54429121073835,59.62944915178408,0,2026-09-04 04:17:19
2026-09-03 10:10:00,CNC-01,L,295.30062517413637,309.6573130454682,1485.8824513901698,48.83425057224999,131.21107889362744,2.3125402997598163,13.461169199297805,59.872129832780445,0,2026-09-04 04:17:19
2026-09-03 20:06:00,CNC-02,M,32.58908438869537,39.42213387271289,2457.3822195827534,22.239685775644872,56.993574695003296,3.1419920278422944,10.176011948909144,44.612009642917585,0,2026-09-04 04:17:19
2026-09-04 02:08:00,CNC-01,L,296.7152235638032,308.4311684626152,2792.890354297872,13.836543415713034,90.50937546983054,3.4858904412220917,7.452137863159123,62.27617970124187,0,2026-09-04 04:17:19
2026-09-03 20:44:00,CNC-02,M,32.99985049476413,40.39452539328005,2389.642626116851,23.76252743848682,101.40708429164187,2.96637462230344,10.60644699705817,41.552779365979845,0,2026-09-04 04:17:19
2026-09-03 17:29:00,CNC-03,H,298.89392088082974,314.22479651133534,2043.368177121567,37.477685495791285,246.02290053979516,3.669565193256552,14.416760503846747,51.89238125290636,0,2026-09-04 04:17:19
2026-09-04 01:04:00,CNC-01,L,297.3839675644356,,2715.82169931709,17.985476023424365,21.387553724157367,3.1856132311209784,8.93536857498842,54.73416819203329,0,2026-09-04 04:17:19
2026-09-03 12:52:00,CNC-03,H,297.23558884693716,311.74983370380664,1397.9450156471366,54.834233738849264,74.46497147292895,2.1105128166897176,14.444845656471974,60.01993789463335,0,2026-09-04 04:17:19
2026-09-03 19:28:00,CNC-03,H,299.5561090033992,312.7740661803789,2123.5645598767783,25.862740241797418,125.84560286414819,2.859532277290602,10.458221722062829,53.10412263085308,0,2026-09-04 04:17:19
2026-09-03 14:37:00,CNC-03,H,298.184980065017,313.70710957242346,1595.4248086636483,50.61283180452608,238.78864229232045,3.172561965719438,15.143907209822181,53.48737980261685,0,2026-09-04 04:17:19
2026-09-03 19:54:00,CNC-03,H,299.37926483059454,313.00507204143895,2298.948882589035,25.50904052048243,157.3237315338924,3.1334609173472905,10.736202524574539,51.97266968674226,0,2026-09-04 04:17:19
2026-09-03 18:07:00,CNC-02,M,300.1847336768981,314.8511093036071,2064.310032349766,34.43258604617107,133.750185993791,2.851624265539269,13.499091853514791,53.66260223075215,0,2026-09-04 04:17:19
2026-09-03 13:17:00,CNC-01,L,296.3333660793401,310.47735824925945,1423.7135837898568,54.65504707900321,6.377977109075106,2.01890130190653,14.426820084152313,59.12846088418531,0,2026-09-04 04:17:19
2026-09-03 18:56:00,CNC-02,M,300.35161159845,314.932036989222,2156.6613210529,30.422710046046667,,3.329080944453781,12.22062592279015,50.307941866982965,0,2026-09-04 04:17:19
2026-09-03 14:49:17,CNC-01,L,303.0330332667514,311.3979526046919,1499.463002847346,47.1783170368204,148.20182589570234,2.4312584929028866,13.300264285034029,49.80930115974202,0,2026-09-04 04:17:19
2026-09-03 20:37:00,CNC-02,M,33.15807112296119,40.580041905372525,2346.192780014258,25.37548990379391,93.23986913060638,2.9373329955473046,11.187530710363461,39.28033797943444,0,2026-09-04 04:17:19
2026-09-03 12:29:00,CNC-03,H,302.4038395821992,310.69666478143847,1406.5840323442576,51.63522056080701,38.025610892111054,2.1762887777572892,13.712071355835777,45.25725756223831,0,2026-09-04 04:17:19
2026-09-03 16:39:00,CNC-03,H,298.06017106750664,313.07621601559316,1834.3516793809388,42.530467059286686,176.48015442854296,2.853647116477587,14.492370315957256,56.355428405676115,0,2026-09-04 04:17:19
2026-09-03 22:16:00,CNC-01,L,25.482606321628907,37.74704708915425,2725.013323563455,17.866231191332158,69.7352063348597,3.3752446080912417,9.240739246221741,52.02455950029263,0,2026-09-04 04:17:19
2026-09-03 04:53:00,CNC-01,L,296.6861718837564,310.88287849603887,2239.327928503119,30.735049664706732,81.31513228485392,2.8927174605147115,12.914511129934418,56.18903530988479,0,2026-09-04 04:17:19
2026-09-03 14:06:00,CNC-01,L,302.55671008304495,310.85784579631184,1452.2781155801442,49.93956323646175,83.18446321121036,2.154643051989533,13.39398703929044,42.97070032172751,0,2026-09-04 04:17:19
2026-09-04 01:39:00,CNC-03,H,297.26543440299895,308.5109895678806,2745.624656468725,12.916768700705344,1.0506836927204688,3.3211211073923286,6.613369044087,53.4858353352409,0,2026-09-04 04:17:19
2026-09-03 17:38:00,CNC-03,H,298.6484486625695,313.91010048781857,2054.0958516075075,37.65536283870649,258.15326227800904,3.785674192185256,14.345975092847947,54.216098893001025,0,2026-09-04 04:17:19
2026-09-03 17:49:00,CNC-02,M,300.00131379985595,314.13364141893607,2007.3810739694973,32.1102194292441,109.80650489335893,2.6642843992736385,12.110447179185277,52.82429233860149,0,2026-09-04 04:17:19
2026-09-03 23:44:00,CNC-01,L,297.88503449999615,311.6604517648657,2615.401240632102,24.089691552800723,164.25506327887092,3.6457830974080347,12.01358730557993,55.4099852891015,0,2026-09-04 04:17:19
2026-09-03 23:28:00,CNC-01,L,298.21111260643164,310.39623267217354,2605.6907208937264,15.406726459243965,147.14365734837654,3.4278740504152574,7.570535036066178,53.41440979269989,0,2026-09-04 04:17:19
2026-09-03 15:39:00,CNC-02,M,299.2885525740075,314.56677643511097,1737.57679029789,45.63404793209149,152.77840889625023,2.655711979638108,14.872366851946271,52.53663291503237,0,2026-09-04 04:17:19
2026-09-03 18:31:00,CNC-02,M,300.21638924560693,314.1588202043133,2259.119108678157,27.463831114202552,164.87993982103941,3.2277600700137623,11.7607645554237,49.9367661428508,0,2026-09-04 04:17:19
2026-09-03 06:30:00,CNC-03,H,296.0633609206666,311.68383381296536,1886.2926478194158,44.20511749631639,213.38930658369125,31.887830563456156,15.512285359830841,59.44436517917796,0,2026-09-04 04:17:19
2026-09-03 10:40:00,CNC-01,L,295.34616567132593,309.54136577637837,1386.983654701694,49.44198752347058,178.369831096506,2.6075636742160313,12.787764205822482,61.71963545429409,0,2026-09-04 04:17:19
2026-09-03 06:01:00,CNC-02,M,296.2319183224608,0.0,2026.976598751623,36.739867015496,187.65119033430187,3.130498266638968,13.923368496457304,58.34984168991042,0,2026-09-04 04:17:19
2026-09-03 12:45:00,CNC-02,M,297.69544510251194,312.4040017520504,1374.9524857994256,53.55842262226956,117.61055418055504,2.191715467851173,13.938224185140415,54.1130615726358,0,2026-09-04 04:17:19
2026-09-03 14:47:00,CNC-02,M,298.45360273536846,312.6228525479044,1464.860569148626,49.22598516747025,74.43619004312902,2.1546480253423264,13.50622379932201,56.88759548373782,0,2026-09-04 04:17:19
2026-09-03 06:44:00,CNC-01,L,295.2579175840519,308.5683104679515,2050.717876633695,29.178139369084906,28.70547530413991,2.6374851632996887,11.1559080392272,62.543792746933676,0,2026-09-04 04:17:19
2026-09-03 23:55:00,CNC-01,L,297.9381850542967,310.5935976924451,2686.4711305331466,17.970970598936905,,3.7677719891216985,8.973200853125915,50.936136378395275,0,2026-09-04 04:17:19
2026-09-03 05:01:00,CNC-01,L,296.6794108062584,310.1590350156944,2063.853892500747,30.82135443958561,91.42287169187111,2.698928054587639,11.912751981170038,59.96323539665088,0,2026-09-04 04:17:19
2026-09-03 07:32:00,CNC-03,H,296.55911328207264,310.59229362056186,1873.5648376447648,36.58657996267558,63.50627874498821,2.4493365977860346,12.66722905865126,59.75930126450199,0,2026-09-04 04:17:19
2026-09-03 18:55:00,CNC-01,L,298.9718913773311,312.38081703858,1995.7719834673776,32.850028560751745,30.75003214372881,2.61765544986307,12.18999712793586,53.986492395139756,0,2026-09-04 04:17:19
2026-09-04 01:47:00,CNC-03,H,297.0144723805599,309.1801707863549,2631.215110302155,,9.641717905596979,3.081972103738629,9.467736142762417,55.89678868468141,0,2026-09-04 04:17:19
2026-09-03 20:38:00,CNC-03,H,25.79283018347769,39.6154719831776,2480.9355945826533,23.44440930222826,208.96245241794165,3.6360005805745246,10.704704868983265,54.65020055069959,0,2026-09-04 04:17:19
2026-09-03 20:15:09,CNC-01,L,25.78656274976197,39.008099377868916,2436.03664452845,23.026373016150085,128.42615555360663,3.2418202775078755,10.731232783776308,51.34736798146428,0,2026-09-04 04:17:19
2026-09-03 20:34:00,CNC-01,L,25.7057488891096,38.30511005820148,2381.59836015301,20.391493147047967,150.71059094148106,3.2806971437572097,8.68070468381254,51.80861352296346,0,2026-09-04 04:17:19
2026-09-03 16:38:00,CNC-03,H,298.64848780538443,312.86908335754106,1675.5891366605476,41.05247487833812,175.05475709772125,2.6341137493783355,12.745051749533465,52.58022255811729,0,2026-09-04 04:17:19
2026-09-03 08:48:00,CNC-03,H,295.79239794885166,310.5586861130946,1463.7502210742864,51.63386552201099,175.26799260351777,2.4583982157978905,14.100055154808127,54.03054351062044,0,2026-09-04 04:17:19
2026-09-03 14:56:00,CNC-02,M,298.5280712670608,313.1044272333685,1595.2079598538865,46.886927637862776,88.03587898873623,2.2758183380058705,14.208586293585894,58.980908367657754,0,2026-09-04 04:17:19
2026-09-03 16:45:00,CNC-01,L,298.03750921978354,313.2516667903619,1900.4981834634157,43.1459724787519,82.36309397912981,2.7280579298659484,14.933853807066242,56.44311271933555,0,2026-09-04 04:17:19
2026-09-03 08:05:00,CNC-02,M,296.6445430145622,310.8850028299926,1812.405798000431,39.81253803957461,104.40539936960081,2.4401619108345276,13.55410161657285,58.41027380361124,0,2026-09-04 04:17:19
2026-09-03 15:43:00,CNC-01,L,297.6859745715015,312.8717165435506,1639.8674020728108,45.491140486085904,231.09589113598665,3.5627751880268104,14.103343164757195,58.46982381812193,0,2026-09-04 04:17:19
2026-09-03 18:51:00,CNC-03,H,299.2581268743359,312.7414284930961,2197.5140904068494,28.121089000879543,79.87255202363657,2.781763340139306,11.689395447207497,54.618914550499184,0,2026-09-04 04:17:19
2026-09-03 07:59:00,CNC-02,M,296.5008900726773,310.5502414281246,1614.8540831854557,42.86058364987173,95.79257547041743,2.314788028173858,12.887282966145952,59.79600374242404,0,2026-09-04 04:17:19
2026-09-03 16:00:00,CNC-01,L,297.716595535791,311.43765514358427,1609.2825839217144,42.43725438239426,17.603812573218846,2.2858648442099434,12.831830231317165,59.620371384918464,0,2026-09-04 04:17:19
2026-09-03 18:37:00,CNC-02,M,300.52544609698936,,2253.8439068084554,28.43407150953933,172.522253657854,3.2127332603751415,12.014596871668349,48.74307098942475,0,2026-09-04 04:17:19
2026-09-03 13:15:00,CNC-02,M,298.1066341774012,312.74133044151745,1372.303737577105,53.588370704948304,165.07650079561813,2.4553030973038075,13.691904764304589,52.919257425235074,0,2026-09-04 04:17:19
2026-09-03 06:16:00,CNC-02,M,296.3744433382142,311.4616000759735,1943.9661748816004,39.56698633647234,207.86183096099583,3.2081280767047877,14.676332669133785,60.803240781543046,0,2026-09-04 04:17:19
2026-09-03 08:24:00,CNC-02,M,296.6286422984161,311.31551408209884,1718.5846345230295,43.55140774804952,132.5512996035161,2.50149030783425,13.819189307239437,58.86822533058893,0,2026-09-04 04:17:19
2026-09-03 22:54:00,CNC-01,L,25.526917607335406,37.21400206379684,2731.6161302105384,13.569124496575851,110.67576467421101,3.455085155921132,6.697220868632502,54.52492154316345,0,2026-09-04 04:17:19
2026-09-03 23:29:00,CNC-02,M,299.52097967684796,311.68544679745196,2720.44454207358,16.787353782970616,54.85632962629262,3.234964060431784,8.613023343801393,53.98569640285009,0,2026-09-04 04:17:19
2026-09-03 18:31:51,CNC-01,L,298.69748183601985,311.7082463222641,1922.8084501132143,31.67737430840384,2.6403754888120288,2.5640156832215935,11.481981907811628,53.29993067102336,0,2026-09-04 04:17:19
2026-09-04 01:12:00,CNC-01,L,297.234976542323,308.8435462394569,2715.7270831613596,14.815818671751297,29.918726041777532,3.1744449907963435,7.3979778671809235,55.243271994240345,0,2026-09-04 04:17:19
2026-09-03 19:00:00,CNC-02,M,300.3035191037787,315.07788230001677,2159.136916995355,,201.63983501997004,3.39913682256849,14.022422308329931,50.757183202409834,0,2026-09-04 04:17:19
2026-09-04 01:20:00,CNC-01,L,297.1584976566256,309.53007757568577,2659.1795143889394,18.45841715124649,38.407239823686005,3.212471740576809,9.398557689145852,59.07803792693526,0,2026-09-04 04:17:19
2026-09-03 14:38:00,CNC-02,M,298.34778013347307,312.5516905137781,1392.9580276456495,52.221343434441394,60.74502775932095,2.100553547617535,13.731559793531046,54.53614233036135,0,2026-09-04 04:17:19
2026-09-03 07:11:00,CNC-03,H,296.29088069146405,310.4506020730787,1761.2558677733277,40.65347118097667,33.66097526609507,2.362593234720152,13.268151833488094,54.78450678441304,0,2026-09-04 04:17:19
2026-09-03 16:11:00,CNC-03,H,298.41258179954576,313.3374799455741,1670.8318842869444,47.670348476670874,136.19099819441877,2.462456951846108,,54.76532236626094,0,2026-09-04 04:17:19
2026-09-03 19:31:00,CNC-02,M,300.45417391219127,313.5633811602813,2250.387471853082,25.81053217268113,14.655825527105833,2.874183989618543,10.93674674600219,50.58164590098803,0,2026-09-04 04:17:19
2026-09-04 01:18:00,CNC-02,M,298.7528424694648,311.64005254227703,2664.312432393555,17.581005858105424,170.80244842381597,3.5669747817366493,8.766951800497841,52.512755017432326,0,2026-09-04 04:17:19
2026-09-03 21:49:00,CNC-02,M,300.58307097693785,313.8626604935665,2772.65428977738,17.564863206289267,174.38919783323442,3.6918312388711256,9.19347733065488,51.585424280746345,0,2026-09-04 04:17:19
2026-09-03 06:32:00,CNC-03,H,296.37010447445965,311.54893929594635,1813.7754453694079,43.01261486179817,216.1516620767766,3.0493484890376727,14.464367608142934,58.621177179658126,0,2026-09-04 04:17:19
2026-09-03 19:33:00,CNC-01,L,298.62961572519663,311.56203300998845,2219.5463957821466,24.005372631078217,77.80137508459399,2.8786504213245956,9.821304313992666,55.57292411055616,0,2026-09-04 04:17:19
2026-09-03 20:48:00,CNC-02,M,32.89088744090833,39.644153867275804,,18.233605142231244,105.94549771971083,3.1969510826650813,8.643299851964603,38.79480385135596,0,2026-09-04 04:17:19
2026-09-03 14:20:00,CNC-02,M,298.1494067982277,312.2987225119818,1468.6298164959758,48.544836083276046,32.96409035122551,2.207382628853532,13.212048881848604,52.598053345782006,0,2026-09-04 04:17:19
2026-09-03 19:23:51,CNC-02,M,300.3519658296833,313.1541279014626,2402.938116914363,22.080382376168426,6.104809303500135,3.0197668599121736,9.86444700406253,47.20804317836426,0,2026-09-04 04:17:19
2026-09-04 02:16:00,CNC-02,M,298.4384235256153,311.4552463487975,2428.003893025907,21.286710774228325,26.33389677295825,3.0925910037349613,9.631196605088531,52.70317875026307,0,2026-09-04 04:17:19
2026-09-03 14:13:00,CNC-02,M,298.47261700107293,312.3047522725236,1373.556320878626,49.07951540074147,21.968622853921328,2.0276411083424026,12.70159432308385,54.83275383548522,0,2026-09-04 04:17:19
2026-09-04 01:21:00,CNC-03,H,297.8519565186649,311.3849101807534,2821.6639741452436,18.1824157700045,244.99622029383613,4.350055859151363,9.694569609211824,56.369938159776346,0,2026-09-04 04:17:19
2026-09-03 09:42:00,CNC-02,M,296.8553834005162,311.0732164043472,1570.8938169780843,46.902389110464384,32.37144809256226,2.23063452176682,13.786970199306792,56.251202799125984,0,2026-09-04 04:17:19
2026-09-03 12:51:00,CNC-01,L,296.4132355511568,311.1217970383218,1334.9567982137748,54.82124351708257,193.328591588189,2.7240379403439925,13.565372691552554,57.96345212547941,0,2026-09-04 04:17:19
2026-09-03 07:08:00,CNC-01,L,295.1630868778961,309.18722264294286,1878.632331333589,37.30293523387042,62.42188125567619,2.434769987428862,13.122517216274616,61.019851440403194,0,2026-09-04 04:17:19
2026-09-04 03:24:00,CNC-01,L,295.6609694504472,308.39341943235564,2626.3858828959374,19.520357253830863,176.09508954242685,3.637958458207019,9.608163824937089,57.19727584997993,0,2026-09-04 04:17:19
2026-09-03 21:30:00,CNC-01,L,298.8085613967254,309.65409442215264,2599.197393772295,11.873855701040018,18.865181617649103,3.2004718632624853,5.576666731573989,53.26775074900058,1,2026-09-04 04:17:19
2026-09-04 01:28:00,CNC-02,M,298.87177513931044,312.18736029048836,2632.0961799433885,19.845095611653186,181.5516724473162,3.663150145828959,9.649528176115874,50.74031346501881,0,2026-09-04 04:17:19
2026-09-03 06:47:00,CNC-03,H,296.0678864160843,309.7154365701697,1937.7316876466223,35.645389666447436,0.0,2.456816330363518,13.102732808922326,56.43664475685821,0,2026-09-04 04:17:19
2026-09-03 06:46:00,CNC-03,H,296.14486157335364,311.38578124398384,1948.2420277943193,39.50285926261743,235.35100015657028,3.4059433391210496,14.477015054672643,58.74476768387449,0,2026-09-04 04:17:19
2026-09-04 00:06:00,CNC-01,L,,310.58419685517026,2520.1051826917997,17.282715579896664,187.59499650633632,3.7495210819824942,8.09541381062693,54.58016496248043,0,2026-09-04 04:17:19
2026-09-03 07:07:00,CNC-03,H,296.2947867122338,310.10285571618516,1817.6653067655884,38.112678948177916,28.011076085770174,2.503195348559956,12.815402340737602,61.07122058690581,0,2026-09-04 04:17:19
2026-09-03 13:38:00,CNC-03,H,297.2580494342267,312.01044189514556,1539.8737796538817,48.666411078461024,147.120116438242,2.460440094032109,13.863417485746075,57.20770201965018,0,2026-09-04 04:17:19
2026-09-03 15:35:00,CNC-02,M,299.06062260637884,313.6289684932956,1477.5784279847655,48.090495017227845,146.8227187574157,2.3219647399297507,13.21001153335958,53.98989449751101,0,2026-09-04 04:17:19
2026-09-03 18:25:00,CNC-03,H,298.87008390776646,312.79223274348317,2114.2678145465197,32.95591961802192,46.58372715402426,2.772795863298971,12.964686638796632,53.32101122258574,0,2026-09-04 04:17:19
2026-09-03 18:31:00,CNC-01,L,298.5552534495747,312.0157336181767,2102.022213781583,32.41808522894787,0.0,2.6562465508298687,12.804635008903432,54.94466798894434,0,2026-09-04 04:17:19
2026-09-03 19:22:00,CNC-03,H,299.40376018029684,312.9591572467562,2276.8779456703787,26.482880589703264,118.3557228277067,2.960471182605493,11.279816075025929,52.67255084945092,0,2026-09-04 04:17:19
2026-09-04 02:14:00,CNC-02,M,298.1670203400767,310.8177215588119,2632.982646882902,17.932649880106553,24.039202491067623,3.1247960907084122,8.84823930265476,54.580851634230655,0,2026-09-04 04:17:19
2026-09-03 13:48:00,CNC-01,L,301.93461378715483,309.8306397032126,1393.2846811772285,50.42489168295309,55.174129945513485,2.0461966905460534,13.13889758069572,44.330599681052895,0,2026-09-04 04:17:19
2026-09-03 12:30:00,CNC-03,H,302.16151543140313,309.6335911418433,1323.505665322621,49.2964375838686,39.625610892111055,2.0796514351668387,12.133942759302862,49.27049907211876,1,2026-09-04 04:17:19
2026-09-03 20:27:00,CNC-02,M,32.89450442691759,40.07811169387281,2481.072961538686,22.511139917697264,81.6009146767988,3.0901103867840476,10.488562446247048,38.638603791221456,0,2026-09-04 04:17:19
2026-09-03 15:45:00,CNC-02,M,299.34916256539157,314.70331287473977,1697.2144056535174,46.593684180689834,161.72437804092937,2.6271692216448264,14.545772136092394,51.27410793366007,0,2026-09-04 04:17:19
2026-09-03 09:30:00,CNC-02,M,296.76631066561157,310.3509866091324,1359.3941504661502,49.976684783579564,13.810753636618015,2.0238650001380236,12.549126608175815,59.600864324545775,0,2026-09-04 04:17:19
2026-09-03 20:55:00,CNC-02,M,32.91671393491538,39.547823229548726,2572.280477148218,17.45256351590648,114.07711051608189,3.3385475571897825,8.376042422625238,40.433654753140026,0,2026-09-04 04:17:19
2026-09-03 18:30:00,CNC-02,M,300.46669780876874,314.3415885775784,2138.5814714709986,28.48283698725736,163.64628659881322,3.1113463675437276,11.529952128016122,49.139903859277325,0,2026-09-04 04:17:19
2026-09-03 23:05:00,CNC-02,M,26.900226532737065,39.39946885725567,2630.5911218962556,18.157993236124845,29.162694661127365,3.2188774216385267,9.166835196408732,50.3065410950679,0,2026-09-04 04:17:19
2026-09-03 13:30:00,CNC-03,H,297.03555578015795,311.0536893851973,1364.2849161229447,50.94801861149217,134.60878012631923,2.209551857459985,12.836740062822361,57.1192346595278,0,2026-09-04 04:17:19
2026-09-03 12:15:00,CNC-02,M,297.2228572763743,311.12298908854956,1366.9287917903127,51.01994949205329,70.09897640348031,2.1087341058551927,13.142798020237358,54.07803311760636,0,2026-09-04 04:17:19
2026-09-03 05:42:00,CNC-01,L,295.99939030038166,310.4834155935116,2112.2312119534886,33.912033107178374,144.2022244101506,3.0496916973323116,13.413382819149886,66.32074818642246,0,2026-09-04 04:17:19
2026-09-03 07:16:06,CNC-03,H,296.11595778357184,309.5236897524878,1798.804818286197,36.661531399715024,40.76424842977229,2.4355166313272685,12.466389894106438,61.95931418749641,0,2026-09-04 04:17:19
2026-09-03 15:55:00,CNC-02,M,299.03184126732145,314.15250254582554,1594.9507830782748,46.840604914948734,176.57032149670135,2.7172179654774045,13.893125470582998,54.60029971528302,0,2026-09-04 04:17:19
2026-09-03 04:22:00,CNC-02,M,296.9894418736161,310.66399333391917,2376.6875766737116,26.13632312452421,61.36089542708759,3.0521935482105773,11.799918045217392,57.60673620772845,0,2026-09-04 04:17:19
2026-09-03 15:49:00,CNC-01,L,297.83670665136054,311.4185055071942,1657.8119200357664,40.071752752535,1.4582126114449092,2.300629670875628,12.398583194175398,54.793514077705154,0,2026-09-04 04:17:19
2026-09-03 15:59:34,CNC-01,L,297.7090102582671,311.96643631301043,1737.9496265248363,42.739771632511534,16.101027725526425,2.440375636204913,14.007544702614796,55.14243804257736,0,2026-09-04 04:17:19
2026-09-03 15:15:00,CNC-01,L,297.5785177700008,312.62906373024333,1444.4661700247345,53.22643401548061,189.28677284139786,2.6660181617299443,14.345205864299832,57.8539579948683,0,2026-09-04 04:17:19
2026-09-03 13:41:00,CNC-02,M,298.10552576166515,312.8612237765653,1454.1208900113977,49.480059407439214,206.05684786591257,2.75309614734413,13.44745526078121,53.35982268188742,0,2026-09-04 04:17:19
2026-09-03 14:15:00,CNC-01,L,302.45901070834975,311.0366562926789,1537.8305204006099,50.37136553958366,97.29043508827557,2.2670267496453516,14.603885144545131,47.54654229018427,0,2026-09-04 04:17:19
2026-09-03 11:08:00,CNC-01,L,295.5471909196132,309.37580768281913,1420.550822011336,49.51843666699104,29.971227939979826,2.1575555835971056,13.537552027508672,58.351896828427535,0,2026-09-04 04:17:19
2026-09-03 05:09:00,CNC-01,L,296.6887796011112,310.5362441973306,2299.699257412027,28.84321605557981,101.48457313092489,2.976874741715239,12.632398351950602,57.13640650395076,0,2026-09-04 04:17:19
2026-09-03 10:20:00,CNC-03,H,295.5694063071852,309.5418129632023,1390.4758095066704,48.773344809002026,96.69348384384278,2.187801335055048,12.565681162885257,58.60702940794152,0,2026-09-04 04:17:19
2026-09-03 04:59:00,CNC-02,M,296.6794927807471,310.49743947711465,2245.553461585887,28.710045124527674,107.08002550609471,76.03864884621206,11.860683520133028,59.203082624784535,0,2026-09-04 04:17:19
2026-09-03 21:53:00,CNC-02,M,,313.9124048909108,2540.7358590359854,22.985623250871562,178.75361172680982,3.5215393194043982,10.776112875020784,50.61718769095224,0,2026-09-04 04:17:19
2026-09-03 11:26:00,CNC-03,H,301.6211286480362,310.4186467727528,1407.4609254204101,52.989431346330434,201.06412277882185,2.6244703499130586,13.945779941801765,45.85519487454549,0,2026-09-04 04:17:19
2026-09-04 00:58:00,CNC-03,H,298.02825148161804,310.7141613313588,2717.887087641906,16.799233714696683,220.1273620839855,3.863984444400447,8.59623637726914,57.692441342416046,0,2026-09-04 04:17:19
2026-09-03 20:07:00,CNC-02,M,32.80951724522282,40.27652497089019,2403.2570781318464,24.167083841301498,58.17603665936035,3.0306613690751614,11.021825724647515,44.70125679093625,0,2026-09-04 04:17:19
2026-09-03 05:16:00,CNC-02,M,296.7368489296891,311.5652585877954,2155.573383772578,35.55694302288011,128.91482379778847,2.8747513436843946,14.267623533133955,59.12484508158766,0,2026-09-04 04:17:19
2026-09-03 06:36:00,CNC-01,L,296.0539870815197,310.13306220570985,2020.9358102552492,36.816153221771664,17.768396984802564,2.5352273884184355,14.18017864709445,58.54399546365103,0,2026-09-04 04:17:19
2026-09-03 07:24:00,CNC-01,L,295.23144053459635,309.24951313670005,1676.3376668971866,40.45733574936885,85.12678179183533,2.385592021648495,12.735405958537413,60.7851922611447,0,2026-09-04 04:17:19
2026-09-04 01:44:00,CNC-03,H,297.23299593974195,309.2230250542442,2638.8978987576347,18.43090783535304,6.396987726097491,3.108687251256465,9.159935536070261,57.83820657560697,0,2026-09-04 04:17:19
2026-09-03 13:05:00,CNC-01,L,296.08044860939856,311.03853406812254,1372.668755811646,55.418094292419646,215.44106605809705,3.042010840475388,14.025210966819634,57.393413196009334,1,2026-09-04 04:17:19
2026-09-04 02:25:00,CNC-02,M,297.74136381903827,310.13933615046335,2642.7796928416533,17.70460445793252,36.22407541607208,3.184209447957204,8.80327674469812,56.09866044812192,0,2026-09-04 04:17:19
2026-09-03 14:06:00,CNC-03,H,297.6803381546818,312.9350028634103,1562.023080750701,51.014737247276386,191.0451158150588,2.6701542529663764,14.926444757956334,56.30466421564783,0,2026-09-04 04:17:19
2026-09-03 14:17:00,CNC-01,L,302.69220787845853,310.88621564821347,1347.7016239443376,53.216570775273354,100.41935441469215,2.0498470084431486,13.423248421812715,50.52616486099349,1,2026-09-04 04:17:19
2026-09-03 12:43:00,CNC-03,H,302.4920620775872,309.96707720213846,1362.5405957922014,46.455122178192994,60.216241695021196,2.039979949502345,11.751887124182751,47.25880945964319,1,2026-09-04 04:17:19
2026-09-03 09:33:00,CNC-02,M,296.8194439929947,310.3043606269364,1415.132925949371,44.96445557847822,18.442559145402207,2.143091292968886,11.8623198958468,57.278534992334436,0,2026-09-04 04:17:19
2026-09-03 22:04:00,CNC-01,L,298.5426930707382,311.11201717183224,2680.5647193407567,19.248750682135842,56.73703124262123,3.257560123085211,9.564918635739552,52.156094928750306,0,2026-09-04 04:17:19
2026-09-03 06:13:00,CNC-01,L,295.56430513767964,310.1867463819521,2183.721003909588,33.1145449764299,185.19594754650709,3.3862234082276697,13.346506443047431,59.98379843968649,0,2026-09-04 04:17:19
2026-09-03 15:29:00,CNC-03,H,298.17106078748003,311.84686737706147,1522.292232381882,43.990690878178,74.25167629978252,2.156604433383675,12.639557274926904,56.09474423434185,0,2026-09-04 04:17:19
2026-09-03 19:59:00,CNC-02,M,32.830927939412106,39.404979128366904,2271.7033662091885,21.158153519457983,48.728843068312344,2.7924641686280185,8.858737483808833,38.69145317848414,0,2026-09-04 04:17:19
2026-09-03 08:32:12,CNC-03,H,295.96192282931054,310.9305875144743,1660.5173461900736,46.15616360497688,152.83582835859912,2.5021129045406827,14.252886242658949,62.80168957390994,0,2026-09-04 04:17:19
2026-09-04 01:05:00,CNC-03,H,297.7198947947863,309.8385363625461,2691.9250093372452,13.521051645622494,227.7160782016892,3.8736512225492308,7.027893397211001,56.93946294304658,0,2026-09-04 04:17:19
2026-09-03 05:38:00,CNC-02,M,296.4862713036381,310.7223105520478,2088.686067525121,31.21448921369298,157.24935392919707,2.9225740535904308,12.234157227731666,57.97204866787218,0,2026-09-04 04:17:19
2026-09-03 18:53:00,CNC-02,M,300.4407950455642,314.88430381389503,2175.756749237517,30.75689886035751,192.80121105834533,3.2598166385287843,12.5911140140235,54.3422653384183,0,2026-09-04 04:17:19
2026-09-03 15:14:00,CNC-02,M,298.73440633383115,313.5848944778215,1562.7130687932056,,115.3561177544494,2.34743075116363,13.96976684238798,54.655227807301685,0,2026-09-04 04:17:19
2026-09-03 21:37:00,CNC-01,L,298.6099850168865,310.1076701971827,2708.9011685978894,14.418850060035343,26.691514099029455,3.3215264242614277,7.393766373204844,52.415098108432964,0,2026-09-04 04:17:19
2026-09-03 16:13:00,CNC-03,H,298.3833230078472,312.77723734265356,1736.9520718368508,40.596147288697075,139.09311746925064,2.6004943866344092,12.954621571540283,52.77073517062306,0,2026-09-04 04:17:19
2026-09-03 19:19:00,CNC-01,L,298.9038146765318,312.2677542997749,2156.1341638232266,28.63913210665581,60.59742174185323,2.730625525687588,11.644270306300443,50.68740409836918,0,2026-09-04 04:17:19
2026-09-03 05:48:00,CNC-01,L,11053.659275884449,311.16290806694184,2087.4212348980263,37.04616112618424,152.1162923845348,2.915456329739001,14.378151105893059,54.574092270503755,0,2026-09-04 04:17:19
2026-09-03 06:09:00,CNC-02,M,296.16384305315296,311.4272173976557,2107.724810310314,38.863808279533224,198.40490297095724,3.3751213023932314,15.236738604149261,57.112048538945594,0,2026-09-04 04:17:19
2026-09-04 00:15:00,CNC-01,L,297.96186162041465,310.7589354531674,2672.992338148487,17.099554227801274,197.23085555633088,3.9684495002752374,8.578058470454923,52.46043401566375,0,2026-09-04 04:17:19
2026-09-03 21:09:00,CNC-01,L,298.9099147693419,312.1204831181315,2593.1580278080173,19.884708253272862,190.83035588873122,3.848171535377573,197.5382064926933,55.38515794542409,0,2026-09-04 04:17:19
2026-09-03 05:49:00,CNC-03,H,296.3768034778734,310.21394422703014,2220.5133479027313,28.008701127094753,158.3139125770223,2.990153746114031,11.50476302385904,54.79020757652469,0,2026-09-04 04:17:19
2026-09-03 07:15:00,CNC-01,L,295.18368373050794,309.23096575654955,1790.082791040313,39.3018171336098,72.25111913358775,2.470317419088684,13.193402578871623,61.735767606140136,0,2026-09-04 04:17:19
2026-09-03 06:25:00,CNC-02,M,296.3327550011487,311.6220677505547,1911.539318308788,40.25486232481089,220.18006603003616,3.3317956440865277,14.30471635756267,54.818763029469,0,2026-09-04 04:17:19
2026-09-03 11:34:00,CNC-02,M,297.3041929601191,311.2695014880121,1430.8598073505368,49.64946198225451,4.743684712977327,1.9575220707687155,13.3573579559108,59.143699376359834,0,2026-09-04 04:17:19
2026-09-03 06:13:00,CNC-03,H,296.3077551590767,311.33800071788164,1980.9698821648092,39.84515610039399,190.33653285845074,3.0957502041210727,14.567421202325075,59.875524412422585,0,2026-09-04 04:17:19
2026-09-03 18:32:00,CNC-01,L,298.68216194293626,311.9714223211442,2251.6923027322377,28.498478642812614,1.2680670913403083,2.767229790156832,11.967613459292968,54.922736747753866,0,2026-09-04 04:17:19
2026-09-03 15:57:00,CNC-02,M,299.4302158559633,314.15452877886264,1636.3012778509228,43.73456194865613,179.58129914240516,2.801570431876208,13.383349373596868,54.19359332853097,0,2026-09-04 04:17:19
2026-09-03 05:46:00,CNC-02,M,296.5338774952331,311.2327643677276,2084.933238557888,34.41298349593768,167.80331115402797,3.068024616522885,13.139745719996503,57.15001731555643,0,2026-09-04 04:17:19
2026-09-03 08:57:00,CNC-01,L,295.0290355669064,309.15586652685266,1365.6860845413757,55.68900952941821,18.381432616078744,1.9450491420710954,14.24683957482334,63.47207955254702,0,2026-09-04 04:17:19
2026-09-03 14:56:00,CNC-01,L,303.1193536898795,311.8292089883322,1484.0823670511395,49.10343693595739,160.49144688543302,2.6164582026904384,13.758082893842023,41.2995474146061,0,2026-09-04 04:17:19
2026-09-03 12:52:00,CNC-02,M,297.60720168765926,312.37661886163977,1406.7179792682207,53.4630886376347,3496.5923145438783,2.2224438303869576,14.25494592121225,57.83162548662622,0,2026-09-04 04:17:19
2026-09-03 20:23:00,CNC-03,H,26.096458681357774,39.5182619943792,2424.0710237686294,23.227147576899807,191.5282527447669,3.452084264109305,10.448127744919839,49.34089019852828,0,2026-09-04 04:17:19
2026-09-03 22:27:00,CNC-02,M,27.224446059119884,39.71835085908617,2735.2081731529843,13.692056564996868,215.7593456573893,4.061903498949032,7.005636747888706,50.687893944533556,0,2026-09-04 04:17:19
2026-09-03 11:47:00,CNC-03,H,301.6730683044782,310.80495149288726,1354.7047865059783,55.617274946552854,234.33922168311176,2.8760163645753933,13.977927201588287,49.41912823153584,1,2026-09-04 04:17:19
2026-09-03 21:05:21,CNC-01,L,298.8692209956307,312.33826329517933,2350.0484305959885,24.556505386205206,186.39746068077352,3.466157917403254,10.843009718101165,53.4366135599251,0,2026-09-04 04:17:19
2026-09-04 01:07:00,CNC-01,L,297.30203857323164,308.0390137968454,2657.5968471524,11.15988328107115,24.566537752568816,31.2605325163483,5.682139119146493,55.53566552674963,1,2026-09-04 04:17:19
2026-09-03 15:55:00,CNC-01,L,297.74911555804545,312.0602560607586,1731.0644715203084,43.03556590232044,10.184798517471046,2.2106021046618562,13.748940520423547,50.17323964285182,0,2026-09-04 04:17:19
2026-09-04 02:10:00,CNC-03,H,296.9756178412267,309.38793117150584,2646.9546168916477,18.707224978263444,34.70626368857172,3.1447658904671614,9.553941934971204,59.16487130406753,0,2026-09-04 04:17:19
2026-09-03 11:32:00,CNC-01,L,295.8744485260814,310.03573197527544,1494.386818259675,49.82386082626564,67.78725792881185,2.0699870209572344,13.649177359254763,60.35224305242366,0,2026-09-04 04:17:19
2026-09-03 15:41:00,CNC-02,M,298.98412118110406,313.97891983648634,1531.5109343030254,,155.77480556913227,2.5180103007376657,14.306203467070713,56.22317795272551,0,2026-09-04 04:17:19
2026-09-03 11:07:00,CNC-01,L,295.6865165534993,309.2445416066045,1356.5174074805823,49.25003506467221,28.38165588570931,2.0057055459011037,12.49765123567496,60.872240791424325,0,2026-09-04 04:17:19
2026-09-03 09:46:00,CNC-03,H,295.6016595863764,309.30686001795607,1451.0293739445387,47.30195641096481,43.37522946608374,2.0778004219258444,12.69110016842652,58.42148018499199,0,2026-09-04 04:17:19
2026-09-04 01:23:00,CNC-03,H,297.4882485103665,310.87958635729024,2695.1806647758353,19.37212056336916,247.16723540796454,4.162771178664427,9.807155789315429,57.370029322674895,0,2026-09-04 04:17:19
2026-09-03 09:44:00,CNC-01,L,294.90776425607686,309.1280927438946,1387.4646709419158,49.76037743020664,90.86177591166933,2.202889259037553,13.007332312269934,58.06261042340257,0,2026-09-04 04:17:19
2026-09-03 08:40:00,CNC-02,M,296.72576499357524,311.50574960601716,1764.8580992830468,42.70068872037176,156.2603396887708,25.114603094103504,13.920725733101168,53.04789494834616,0,2026-09-04 04:17:19
2026-09-03 20:33:00,CNC-03,H,26.1255002306454,39.93796825185615,2470.6799023373287,23.225610189339182,203.03160369700913,3.5302791073046045,10.562780118261268,51.435565441044595,0,2026-09-04 04:17:19
2026-09-04 02:21:00,CNC-02,M,297.96009786004765,309.53206852881465,2657.95452095198,14.522321013367353,31.847292171547284,3.169355392997508,7.216984260889864,54.804463168834566,0,2026-09-04 04:17:19
2026-09-03 09:13:00,CNC-03,H,295.77880088550893,310.9796893223541,1396.8762625969239,55.36245251984898,213.35198857499023,2.7535911781281257,14.463655648242039,64.2527318333948,0,2026-09-04 04:17:19
2026-09-03 04:18:00,CNC-02,M,296.926268001679,310.52486358002545,2175.423946483748,30.074978279837097,56.480235446792925,2.794514508043087,12.326353991801197,56.25098783116557,0,2026-09-04 04:17:19
2026-09-03 10:22:00,CNC-03,H,296.01092612116486,310.54081043450657,1428.3541683943317,51.19941517802484,99.81352503278715,2.0949381302032495,13.631270833212772,63.09847067432155,0,2026-09-04 04:17:19
2026-09-03 14:30:00,CNC-01,L,302.7742565401158,311.1064966834177,1543.0957123028913,46.913401895632,120.57180191791674,2.411280443829773,13.521857511710795,43.03921963238943,0,2026-09-04 04:17:19
2026-09-03 23:49:00,CNC-01,L,297.9406809929292,310.41867739596495,2704.8497381243374,16.037246408650052,169.46125012722558,3.649255544328209,8.199071637646727,52.592702140931124,0,2026-09-04 04:17:19
2026-09-03 10:50:00,CNC-02,M,0.0,311.7062628827338,1360.9674544971842,56.250746991451145,138.97826370798936,2.3451641187127112,14.294444944025724,56.85435914468512,0,2026-09-04 04:17:19
2026-09-03 13:11:00,CNC-02,M,297.9050782827916,312.94203723324847,1406.580339788184,55.54129343666134,158.7404909239915,2.3767192894030247,14.602707834452472,55.046080765878564,0,2026-09-04 04:17:19
2026-09-03 12:12:00,CNC-02,M,297.34211324476297,311.54515048736056,1396.4094115283203,52.64925797490403,65.32927559480692,2.0351008144606464,13.735581200527939,56.500197326543685,0,2026-09-04 04:17:19
2026-09-03 14:45:00,CNC-01,L,302.95927931968066,311.27390212746604,1452.7490143067764,45.69836179893593,143.61323531883937,2.5489538262419913,12.876653684336501,45.83877872767909,0,2026-09-04 04:17:19
2026-09-03 22:54:00,CNC-03,H,25.704749490427332,37.20926480661308,2752.8005014534588,12.965201997925272,88.21566121348303,3.316874861717939,7.048788109253755,55.36416162435315,0,2026-09-04 04:17:19
2026-09-04 01:48:46,CNC-02,M,298.39134310104356,312.71664163572706,2549.647472132184,,204.26210301532097,3.7095204155161237,11.87258768811441,56.89661846968031,0,2026-09-04 04:17:19
2026-09-03 22:31:00,CNC-01,L,25.53941027771947,37.797003497672165,2552.657280509048,18.445965166687916,86.02198031743164,3.2257308812193575,8.631366308263583,51.287841586936494,0,2026-09-04 04:17:19
2026-09-03 08:57:00,CNC-02,M,296.4110919729632,311.8683959976054,1605.9257989272946,50.431622306617356,181.6215475855238,2.6762606143092045,15.161486302016034,58.285549077833835,0,2026-09-04 04:17:19
2026-09-03 16:32:00,CNC-03,H,298.575157793832,313.37913971582213,1676.413843356613,44.055588082128445,166.4545159320888,2.6137546378995715,13.756101258140474,54.623428403854135,0,2026-09-04 04:17:19
2026-09-03 11:10:00,CNC-01,L,295.7107258579761,309.46015696484557,1337.802238750759,50.6345054601233,33.10307930167806,1.9716676751819573,12.823853789437699,58.171836161295765,0,2026-09-04 04:17:19
2026-09-03 06:25:00,CNC-01,L,295.6341442865862,309.50245058090593,2057.551998363818,35.75873710948383,2.7328969922869106,2.733979130593768,13.77486390274563,57.37723815800217,0,2026-09-04 04:17:19
2026-09-03 20:30:00,CNC-02,M,33.12052094024921,40.145596462556625,2442.5249170660263,22.37161425548355,85.09104442657802,3.01615438064081,10.191497350227614,38.9684241518551,0,2026-09-04 04:17:19
2026-09-04 00:13:00,CNC-02,M,299.51950912592474,312.5402812285191,2517.6534035927853,19.33257076209283,101.51745295993373,3.0887793673924318,9.13965887259399,50.730860854602405,0,2026-09-04 04:17:19
2026-09-03 05:15:00,CNC-01,L,296.46254376542777,311.1453880860799,2120.236125783507,34.85145010704527,108.97240661355119,2.7987891609725994,14.068766049179514,54.33587938909946,0,2026-09-04 04:17:19
2026-09-03 14:35:00,CNC-03,H,298.3352952328519,313.42298499575077,1524.859221236992,49.36052041248173,235.75905736960726,3.065415243142223,14.213755555711032,52.69045397021054,0,2026-09-04 04:17:19
2026-09-03 06:04:00,CNC-03,H,296.2718824069046,311.08445578140703,2045.2245555448796,36.76121870370682,178.3085107952135,29.541388803272547,13.902046799315848,58.88895354476801,0,2026-09-04 04:17:19
2026-09-03 09:20:00,CNC-03,H,295.3164383051133,308.66554320150397,1479.0421913625364,45.74101018894472,3.015171487359864,2.055688123223997,12.754976017439473,63.98761295109577,0,2026-09-04 04:17:19
2026-09-03 08:34:00,CNC-01,L,295.20452541485645,310.22125962282695,1657.978403570941,45.40594175587012,187.24194328802676,2.9782696635618726,14.219402671081468,58.135253393982225,0,2026-09-04 04:17:19
2026-09-04 00:14:00,CNC-02,M,299.50903541326306,311.64852579203557,2757.177058476,13.774080712807178,102.57892866804744,33.68051991816451,7.145688763125535,53.336821084005024,0,2026-09-04 04:17:19
2026-09-03 17:20:00,CNC-02,M,299.75084948590853,314.4243888947552,1886.16620983354,40.614983491002384,70.24198611337846,2.5343067951289737,14.237824971900254,51.91723316448214,0,2026-09-04 04:17:19
2026-09-03 05:13:00,CNC-03,H,296.5441729590133,310.267112166104,2088.619264550455,31.164345031828418,111.69404734906625,2.7027188637830353,12.009207089955062,57.0172027310351,0,2026-09-04 04:17:19
2026-09-03 23:37:00,CNC-03,H,298.6681779340417,310.0403016349665,2698.2759466312614,12.91386732580238,133.86848285439368,32.287731041504856,6.39307956063083,54.80054503951573,0,2026-09-04 04:17:19
2026-09-03 21:24:00,CNC-02,M,300.617184124922,313.942653005116,2625.527079459614,19.757626097990038,146.87863805144582,3.350917823013228,10.001846748597535,45.99170389175562,0,2026-09-04 04:17:19
2026-09-03 23:25:00,CNC-02,M,299.48828656985444,311.2295937620831,2726.540054483633,12.624685491120394,50.55490489293995,3.2425276556275096,6.708595937821143,52.44138870198347,0,2026-09-04 04:17:19
2026-09-04 00:07:00,CNC-02,M,299.5646175624429,311.78727276286986,2627.303857169925,15.82695123667143,95.18735716936648,3.196454422897909,7.758637240478227,52.36653461900365,0,2026-09-04 04:17:19
2026-09-03 10:17:00,CNC-01,L,295.1600386002434,309.50846274493097,1477.5402309215383,50.19143412906301,142.26332302698938,2.5081967180224676,14.06634755856968,59.092714320452544,0,2026-09-04 04:17:19
2026-09-03 11:48:00,CNC-02,M,297.34535232742815,311.606473835015,1334.0836865855067,55.63413985302098,27.072367470743544,1.973715481671208,13.724905070498506,58.58959592573873,0,2026-09-04 04:17:19
2026-09-03 08:29:00,CNC-02,M,296.32336992701727,311.4099208391929,1656.027487554106,46.48516289061072,139.85527708897808,2.4939387989300097,14.1572168741631,57.8755419247307,0,2026-09-04 04:17:19
2026-09-03 15:59:00,CNC-03,H,298.5018006569301,313.27282976749126,1658.11511090075,45.66555264846669,118.53099735903602,2.2429225980923544,14.270578051118067,53.34426324165445,0,2026-09-04 04:17:19
2026-09-03 15:11:00,CNC-01,L,297.6462114213079,312.43081690974657,1701.7219276647122,44.2197424813706,183.16120579420203,2.868082164922651,14.329667975734464,52.07940750190357,0,2026-09-04 04:17:19
2026-09-03 04:43:00,CNC-02,M,296.5353748684381,310.2607289459863,2280.042446388882,27.650816291112648,87.15041012887235,2.846098775424057,11.987213988976281,59.419416865585056,0,2026-09-04 04:17:19
2026-09-03 21:56:05,CNC-02,M,300.39076414003483,313.5344966274679,2663.85765410272,18.49530537015361,183.0978432290316,3.6592014182462176,9.213715090240727,50.971278696711714,0,2026-09-04 04:17:19
2026-09-03 22:18:00,CNC-03,H,26.167878266203218,37.63628056152709,2814.377699480599,13.612579102177598,49.45617227324631,3.221817496529612,7.115767826770214,48.557209258828145,0,2026-09-04 04:17:19
2026-09-03 09:21:00,CNC-03,H,295.745379740049,309.59127483864506,1486.58924733867,48.732562604374245,4.572540630716308,2.0311499253036884,13.578089403767224,57.318806336447416,0,2026-09-04 04:17:19
2026-09-03 06:41:00,CNC-01,L,295.6695926008817,309.53141049265975,1904.9486725030927,37.06174674338312,24.59755569293058,2.4990920463658677,13.160158124159922,60.93005766910368,0,2026-09-04 04:17:19
2026-09-03 15:44:00,CNC-02,M,299.160349149865,314.4630024152082,1683.1227384668914,46.46249290450699,160.24580763203687,2.6818958654300245,14.575572980518317,51.9376499997733,0,2026-09-04 04:17:19
2026-09-03 15:34:00,CNC-02,M,298.95800381027084,313.64827022432996,1837.092572626864,40.20479928629841,145.29867727525541,2.7496565287470607,14.112492030632064,56.69963551187423,0,2026-09-04 04:17:19
2026-09-03 05:19:00,CNC-02,M,296.70142811038687,311.37347278575487,2318.7067844596822,31.87270255590596,132.71444698264955,3.160975252478231,13.636191813016067,53.19500972115911,0,2026-09-04 04:17:19
2026-09-03 17:41:00,CNC-01,L,298.35360874703906,312.62395149716775,2067.965764321299,33.922469719409165,159.68766954062653,3.037566722719164,13.036365495884104,54.82213596315316,0,2026-09-04 04:17:19
2026-09-03 14:19:00,CNC-03,H,297.7147589445628,312.23161098035297,1457.1844033827854,47.997558866515064,211.16206209902552,2.7076195478594567,13.653680301526045,52.52605032117241,0,2026-09-04 04:17:19
2026-09-03 11:28:00,CNC-01,L,295.58163173965244,309.1800017687372,1391.9749354007527,48.20051150822183,61.47117325447767,2.106160416983585,12.749909813523889,55.858531191283724,0,2026-09-04 04:17:19
2026-09-03 13:49:00,CNC-03,H,297.4602663140221,312.1740405461005,1432.5869761161587,51.56476865809951,164.36012719770238,2.4074718679417653,13.682673745523326,52.01429303154749,0,2026-09-04 04:17:19
2026-09-03 16:01:00,CNC-01,L,297.7512221798118,311.2637640834464,1776.250216812717,38.1747074710085,19.03693377258192,2.402814883425147,12.576238782461425,51.98818404252178,0,2026-09-04 04:17:19
2026-09-03 17:22:00,CNC-03,H,298.64495853764356,314.6075038905629,1872.8067973205902,46.487360654942194,236.57982678575337,3.361885857314188,16.396737387996154,51.31994342611187,1,2026-09-04 04:17:19
2026-09-04 01:41:00,CNC-02,M,298.64946532788656,312.67897363129464,2723.8270932195446,22.200165149028393,195.46417777798308,3.7773033110790717,11.296479114741482,53.20897042670736,0,2026-09-04 04:17:19
2026-09-03 22:23:00,CNC-03,H,26.164774628007706,37.30565969248153,2783.7021789781406,11.377697358129222,54.89505155613712,3.2927492244003607,5.840792705756677,54.169640721678945,1,2026-09-04 04:17:19
2026-09-04 04:01:00,CNC-02,M,297.142169774701,309.8605532255511,2435.886609920821,18.338329711897842,146.73035711625297,3.2773997349651878,8.43764663162143,60.25718212104651,0,2026-09-04 04:17:19
2026-09-03 07:46:00,CNC-01,L,295.4059025447253,310.0569824426343,1700.9927787768784,44.27588801589277,116.49460944725081,2.6000946754491485,13.965778620658115,63.47723424337764,0,2026-09-04 04:17:19
2026-09-03 14:10:00,CNC-02,M,298.2988883073908,311.7608146508091,1455.6673532420882,44.969680950887806,17.197022211579235,2.0459168018379414,12.295761263363392,56.9432021507375,0,2026-09-04 04:17:19
2026-09-03 08:28:00,CNC-02,M,296.4964378376801,311.3624503224556,1700.2306249035305,45.967937332695236,138.39060080942915,25.019890774298887,14.504050877904557,56.79826472435886,0,2026-09-04 04:17:19
2026-09-04 00:45:56,CNC-02,M,299.21560910306306,312.4006390302171,2706.3906160703327,18.19619742355819,136.5674869367092,3.408744632234435,9.396432380928523,57.04355705597101,0,2026-09-04 04:17:19
2026-09-03 14:49:00,CNC-03,H,298.2572828552283,311.9593935071859,1636.7482527146199,42.44758350745057,13.644799455005115,2.3779855515179564,13.089336470966902,54.48310768289958,0,2026-09-04 04:17:19
2026-09-04 03:34:00,CNC-02,M,297.2079558800379,310.7182409923657,2380.004575961565,24.918805022188714,114.88707994493735,2.9390785227783254,10.860256447632562,53.72986316450251,0,2026-09-04 04:17:19
2026-09-03 21:41:00,CNC-03,H,298.9654651444631,311.21445554319064,2667.2073848840496,18.77670127956952,8.945964969507681,3.2667077366078305,9.367077086644638,53.13749501562354,0,2026-09-04 04:17:19
2026-09-03 06:15:12,CNC-01,L,296.0275453757612,311.0678586115897,2028.0100546389303,39.78423850476358,187.9187325800243,3.212355507611651,14.929659505605745,54.242971484315035,0,2026-09-04 04:17:19
2026-09-03 10:07:00,CNC-03,H,296.3557578539839,310.2167915102262,1393.8201675773598,48.5102169691436,76.19760287019888,2.145155931103594,12.613364623680855,55.04426198307678,0,2026-09-04 04:17:19
2026-09-04 02:18:00,CNC-01,L,296.7586018002619,310.48150726838924,2580.095970201614,22.958020726527238,101.47530163329243,30.82855853299836,11.336704999335407,57.27174840832373,0,2026-09-04 04:17:19
2026-09-03 04:48:00,CNC-02,M,296.90041903522604,310.8166280410058,49964.87200549958,29.559253204321557,93.32331408523152,2.828838902659035,12.643585283848402,54.94549667812613,0,2026-09-04 04:17:19
2026-09-04 00:45:00,CNC-02,M,299.23016296252996,311.7624788408959,2681.899435149988,15.76366577633053,135.52373303633362,3.383261967242343,8.072074247160746,54.17058713450432,0,2026-09-04 04:17:19
2026-09-03 08:47:00,CNC-02,M,296.71496443369597,311.5652615070707,1527.7021425081573,49.4928253061003,166.71702355339758,2.5680541178475194,14.03668574278639,60.19370076395239,0,2026-09-04 04:17:19
2026-09-04 00:57:00,CNC-02,M,298.89071294630867,311.114460919538,2637.7096324944673,15.298455377774836,148.2989627601186,3.471509884144153,7.514381525385862,59.5321608507952,0,2026-09-04 04:17:19
2026-09-03 07:26:00,CNC-01,L,295.31485323979734,309.18514235196744,1925.5017762128414,34.929523793879795,87.96050277671962,2.6970251753637293,12.409405926769427,57.439888535504736,0,2026-09-04 04:17:19
2026-09-03 22:05:00,CNC-01,L,298.90365759943626,310.76337297723705,2450.0974141589268,16.127889961972954,57.86324354771225,2.9796550957388264,7.529095424132749,50.728612289088424,0,2026-09-04 04:17:19
2026-09-03 22:07:00,CNC-03,H,299.06048459773143,310.82498098050183,2684.7397644865987,15.150575780658784,37.519060458413826,3.2432298568937727,7.52868559454668,52.29692062953292,0,2026-09-04 04:17:19
2026-09-03 17:24:00,CNC-01,L,298.45172851274356,312.4672234157248,2007.587694148807,33.345351123030426,136.61920086091203,2.7850883425094604,12.657484719536477,54.94829870373305,0,2026-09-04 04:17:19
2026-09-04 01:02:00,CNC-03,H,297.6275963213035,310.6730607973376,2775.4129324034325,17.171223745960646,224.52992229355345,3.9552756458334626,8.957660188845812,56.8130707977575,0,2026-09-04 04:17:19
2026-09-03 19:42:00,CNC-03,H,299.5321193507382,313.22400822720874,2218.8820311286895,26.526844078829374,142.75699606779943,3.0604861647895065,10.878167379774965,60.81622352430973,0,2026-09-04 04:17:19
2026-09-03 12:03:00,CNC-02,M,297.53324863091285,312.05048018559216,1477.0922094343457,52.27733038492634,50.93194053045049,2.0891930745164413,14.54966822770137,52.70349976508264,0,2026-09-04 04:17:19
2026-09-03 22:57:00,CNC-02,M,26.488594261055027,39.06230161545676,2526.5193757571283,20.52406678895225,20.544951141985802,2.980176169766564,9.847144934469874,52.675874512848196,0,2026-09-04 04:17:19
2026-09-03 10:59:00,CNC-03,H,301.54249702229833,310.10801349376567,1316.4652479398544,55.32918919477643,158.2254232034363,2.24609576441563,13.446017577451839,53.81770034635497,1,2026-09-04 04:17:19
2026-09-03 07:57:00,CNC-02,M,296.46894123416524,310.83299057291134,1737.7703743462664,41.53276400123331,92.82775250450922,2.303463053189682,13.615422696634148,53.66040134081553,0,2026-09-04 04:17:19
2026-09-04 00:41:00,CNC-01,L,297.87009975951776,310.886069344426,2722.2377301974825,18.470445581182187,224.8701760321627,4.237686977107751,9.28990513617996,57.026755176245274,0,2026-09-04 04:17:19
2026-09-04 01:20:00,CNC-02,M,298.80816938981656,312.78978955146016,2543.8122772336437,23.169697361094205,173.01264578473362,3.469715994103963,10.727908528061961,52.59245696772266,0,2026-09-04 04:17:19
2026-09-03 05:10:00,CNC-01,L,296.71744889371604,310.51098005499597,2298.460082704135,27.735136342265278,102.7124586488076,2.9934453613250027,11.785961093399775,54.16408231107492,0,2026-09-04 04:17:19
2026-09-03 04:36:00,CNC-03,H,296.68181817143807,7338.797295190623,2530.093447900334,22.104797955051893,65.35547804189255,3.0850012115281946,10.481141255990819,57.92711710708503,0,2026-09-04 04:17:19
2026-09-04 02:20:00,CNC-02,M,298.22525392112766,310.801383402041,2524.6439342652693,18.489541976898707,30.78056153441099,3.1024257353840365,8.862047838798777,55.02279310924356,0,2026-09-04 04:17:19
2026-09-03 16:41:00,CNC-02,M,299.58779296931243,313.3793531020103,1767.514093672645,37.55092405760377,15.70968471815205,2.3294475477606995,12.381599829848863,51.610700818074314,0,2026-09-04 04:17:19
2026-09-03 16:28:00,CNC-03,H,298.78573991429056,313.3713266659473,1626.0737962070793,45.47386971712344,160.75332318751742,2.4718759845037512,13.945013404842607,51.40061885423541,0,2026-09-04 04:17:19
2026-09-03 16:37:00,CNC-02,M,299.6776624427004,313.6188665070305,1824.5326813694478,37.80447950194328,10.011159289565242,,13.0538136228953,48.55804205625391,0,2026-09-04 04:17:19
2026-09-03 12:26:00,CNC-01,L,296.0774069802529,310.6575117923654,1360.8473066212339,55.86636282137131,153.5990895542205,2.443751079090163,14.440900553298107,59.4186021045884,0,2026-09-04 04:17:19
2026-09-03 22:42:00,CNC-01,L,25.26880561961866,38.36276578277807,2622.0768306282016,21.120647126764585,97.77338587561115,3.2998370493944984,10.617542533758332,53.184481252153084,0,2026-09-04 04:17:19
2026-09-03 10:52:00,CNC-01,L,295.53053430226345,309.0045850887444,1415.8213266270764,45.2509813663686,4.701149916783059,20.616708271375263,12.108056986920893,58.43387798638089,0,2026-09-04 04:17:19
2026-09-03 20:53:00,CNC-02,M,32.7789579172844,40.40333293174865,2390.3693955528856,24.386841763575596,111.75438275723471,3.083981126104837,10.926320382377545,40.768003144531974,0,2026-09-04 04:17:19
2026-09-03 11:56:16,CNC-01,L,295.78519344590467,309.97801216445964,1469.992240686508,49.56207611745901,107.468339433442,2.287912666092664,13.532479850630708,58.38335368191062,0,2026-09-04 04:17:19
2026-09-03 06:50:00,CNC-02,M,296.22171114594465,311.85785015823154,1836.465237857798,43.428818334744584,254.50131713641733,3.7194729970210596,14.969800884024634,60.129281859476954,0,2026-09-04 04:17:19
2026-09-03 07:27:00,CNC-01,L,295.03736069512433,309.5363266628486,1907.1761109722586,38.242062539262484,89.36245889462033,2.591631808594105,13.527144002228734,62.534634803964664,0,2026-09-04 04:17:19
2026-09-03 08:46:00,CNC-03,H,295.7632709190735,310.8660820215014,1643.9644656484863,46.94207874736267,172.17889568469838,2.653818202318964,14.52948037698268,59.904449996029896,0,2026-09-04 04:17:19
2026-09-03 12:51:00,CNC-03,H,296.94981520527125,311.02726933348197,1354.0948644079626,49.033192109888404,72.88944218401612,2.1183710949590133,12.528768226018373,58.778800101827215,0,2026-09-04 04:17:19
2026-09-04 02:28:00,CNC-01,L,296.82606357295515,309.4420560704763,2536.2950537044285,19.700958309652197,112.46064814509742,3.219228304028946,9.14733772271563,59.645004823532396,0,2026-09-04 04:17:19
2026-09-03 04:55:00,CNC-01,L,296.83830820762216,310.58533896336365,2170.783563852018,29.02270805876048,83.84216842325775,2.8407355592318133,11.866350327064039,62.653064651056525,0,2026-09-04 04:17:19
2026-09-03 12:48:00,CNC-03,H,296.6457374971922,311.1622009181179,1391.0771605889897,54.55679854556234,68.12146236274747,2.0309888971864267,14.182390240607353,58.67821714930288,0,2026-09-04 04:17:19
2026-09-03 09:47:00,CNC-03,H,295.5037355146723,309.22219795272684,1414.3856404155144,46.744574398785325,44.941901526713814,2.0628355977098694,12.34515307725995,58.33678526176326,0,2026-09-04 04:17:19
2026-09-03 16:07:00,CNC-03,H,298.2174261013051,,1759.2101149683508,42.43617215260652,130.42857973829294,2.536838080699273,14.08854559192525,52.825327762601496,0,2026-09-04 04:17:19
2026-09-03 09:20:00,CNC-01,L,295.31445452555727,308.85766192421767,1537.814185823934,42.54310430184656,53.65448606604887,2.1558925082425335,12.225686719814725,62.3206867749562,0,2026-09-04 04:17:19
2026-09-03 10:55:00,CNC-01,L,295.6333494427452,309.47259331226155,1438.7184420453752,49.363756857112364,9.411550958026156,2.161400656552745,13.323152543586565,60.509371992878734,0,2026-09-04 04:17:19
2026-09-03 13:30:00,CNC-02,M,298.129356820153,313.09701861962253,1449.7450363248663,52.02516472497759,188.78518132079137,2.697643862462221,14.110736326895474,55.02680082036827,0,2026-09-04 04:17:19
2026-09-03 06:15:00,CNC-02,M,296.45509485347935,312.22977928193836,2026.482175172821,41.65790664460853,206.51574626625043,3.3640269183096625,15.77854353669171,56.54187842428152,0,2026-09-04 04:17:19
2026-09-04 00:34:00,CNC-01,L,297.99354327838483,310.3799594406666,2700.225159183975,15.033533239472584,217.4276099577225,4.225121414828478,7.516158785504949,53.14929020269744,0,2026-09-04 04:17:19
2026-09-03 18:21:00,CNC-03,H,299.04282900401455,312.707024791122,2094.400794833536,31.624451077587906,41.378462747977835,2.595283217035407,12.246731890137218,50.5833959741646,0,2026-09-04 04:17:19
2026-09-03 15:40:00,CNC-02,M,299.04871359705123,314.34051091771505,1645.252602212384,48.85803810594516,154.2507699038783,2.5844884614460044,14.900261478770162,50.92122213093939,0,2026-09-04 04:17:19
2026-09-03 13:16:00,CNC-03,H,297.3406129115752,311.5318486993542,1371.9244302864606,52.05427012986219,112.5660436388373,2.021826904571179,13.255047229251872,57.46721707966238,0,2026-09-04 04:17:19
2026-09-03 10:17:00,CNC-02,M,296.49182499503934,310.9641011369858,1439.3775033519362,50.4849024874612,87.04220997149822,2.194303229609067,13.6862193949124,53.65312196732916,0,2026-09-04 04:17:19
2026-09-03 07:13:00,CNC-01,L,295.09278041258403,309.3969715897524,1843.358575487507,40.513913452550376,69.45007065434712,2.488091713207354,14.049336967869298,63.12136906915603,0,2026-09-04 04:17:19
2026-09-03 12:38:00,CNC-02,M,297.560220326488,311.50519785507225,1281.8229642998951,53.11730928010405,106.54542431140806,2.0128526436350063,12.89149268553193,57.824787106049094,0,2026-09-04 04:17:19
2026-09-03 04:56:00,CNC-02,M,297.0838150764456,311.2250998673361,2168.0303990044913,31.824918189389322,103.32897160023882,2.882391827330295,12.962398883407094,63.16778388641973,0,2026-09-04 04:17:19
2026-09-03 05:57:00,CNC-02,M,296.06001739334783,310.76490063038125,1910.3340519486017,37.90351588793764,182.35829171177892,2.906804178972526,13.507593175812165,54.780829291361385,0,2026-09-04 04:17:19
2026-09-04 03:10:00,CNC-01,L,296.31170839163053,309.45266451858066,2573.1496115640207,21.65924057660788,160.07045878078412,3.5901540330860113,10.455469598718567,59.38035133893494,0,2026-09-04 04:17:19
2026-09-03 19:40:00,CNC-01,L,299.0769364540694,312.5219586994941,2116.1316669133917,30.23174734229144,86.36376579167336,26.527238759567382,12.020427645235866,52.290770364790916,0,2026-09-04 04:17:19
2026-09-04 00:36:00,CNC-03,H,297.90516603815627,310.188784848111,2718.6493205715433,15.798128599353381,196.47651434398782,3.6563287772024062,8.052196348417061,53.38950880023004,0,2026-09-04 04:17:19
2026-09-03 13:25:00,CNC-02,M,297.6981729930554,312.642042722503,1437.8232538976156,52.91529175633934,180.88768162928713,2.4933129151452067,14.112972356712612,56.86619716304842,0,2026-09-04 04:17:19
2026-09-03 19:06:00,CNC-01,L,298.86709418801723,312.32125428018077,2463.6753069805914,25.525782050328,44.47364079773729,3.075916493199772,11.758916327556902,52.735779137884826,0,2026-09-04 04:17:19
2026-09-03 22:30:00,CNC-01,L,25.437085837494237,37.80900550142695,2563.631894394943,19.18261210649393,84.92029909168237,3.10852123670802,9.027037330445884,52.12917835782793,0,2026-09-04 04:17:19
2026-09-03 16:53:00,CNC-02,M,299.4141550100817,313.39656627741306,1903.0910796946725,36.42383370702869,32.53434227853555,2.482734001742831,12.946504130234414,53.602421358671045,0,2026-09-04 04:17:19
2026-09-03 07:22:00,CNC-03,H,296.29801549973126,310.47036082673856,1827.9854999328427,39.86864659425404,49.25248839008867,2.502501668202652,13.757669241479844,59.6533729726311,0,2026-09-04 04:17:19
2026-09-03 12:14:00,CNC-01,L,295.9099237558788,309.7743715810458,1504.0172337882918,44.61075102781457,134.4511482661661,2.3261079722999938,12.568144473437494,61.18448369477563,0,2026-09-04 04:17:19
2026-09-03 09:18:00,CNC-03,H,295.7247920039394,309.4074610285322,1457.4305541736949,48.01051562051547,0.0,2.084138485448541,13.387852324123923,61.53120108134636,0,2026-09-04 04:17:19
2026-09-03 19:51:00,CNC-03,H,298.9637556757533,313.0929262870824,2163.2366040050993,31.678162696991983,153.71555514392256,2.9770477263036423,12.849455919507474,48.95299296690405,0,2026-09-04 04:17:19
2026-09-03 17:52:00,CNC-01,L,298.42083166320924,313.2927719844962,2039.812048943648,36.594974525973775,174.40946781048854,3.072625997242005,14.275002435966574,57.47928863452661,0,2026-09-04 04:17:19
2026-09-03 16:23:00,CNC-02,M,299.6198894854894,315.23610855747535,1788.591072568756,44.73428814866413,217.35335598858995,3.19133345575684,15.20414879262461,54.64758839851921,0,2026-09-04 04:17:19
2026-09-03 13:35:00,CNC-03,H,297.3192027626483,312.25760670254465,1539.3474893055452,49.36721220677419,142.47128494883384,2.3402977298895795,14.319972846465452,53.12752446985348,0,2026-09-04 04:17:19
2026-09-03 13:50:00,CNC-01,L,302.28132224249606,310.69530823432626,1511.2736406900954,49.032955194173766,58.27513247536941,22.458002009974756,13.896970954868042,43.92281680528949,0,2026-09-04 04:17:19
2026-09-03 22:48:00,CNC-02,M,26.806941536842714,38.06546838382053,2649.051585899018,12.171749352974409,10.78619636531359,3.1626708666884475,5.922787864728763,48.94938633291188,1,2026-09-04 04:17:19
2026-09-03 22:37:00,CNC-02,M,27.063690813975427,41.33458492831517,2814.0311967014513,21.29546397669998,226.4340509926006,4.111534211556502,11.41986345733523,50.67341637974779,0,2026-09-04 04:17:19
2026-09-03 17:43:00,CNC-01,L,298.4799595089861,313.7063230154385,1944.925466708307,40.20519344007489,162.3464045272287,2.9361925058088065,14.461309355970425,56.0690087959527,0,2026-09-04 04:17:19
2026-09-03 12:04:00,CNC-02,M,297.83007109974153,311.871985476363,1367.2993134558428,52.58285505086279,52.53194053045049,2.127635954543412,13.642214549281741,55.17826778810372,0,2026-09-04 04:17:19
2026-09-03 08:59:00,CNC-02,M,296.8646727575996,312.0732622362847,1608.4751327531067,46.852194944490314,184.6918504425498,2.6912355738047036,13.971864115360852,60.634612852042935,0,2026-09-04 04:17:19
2026-09-03 11:51:00,CNC-02,M,297.40047523911267,311.00563182348077,1361.8071851507143,48.83483633039533,31.872367470743548,2.083816927860339,12.46721355887182,55.92345964713984,0,2026-09-04 04:17:19
2026-09-03 18:47:00,CNC-01,L,298.65733737429287,312.1899737668797,2001.7320781192902,33.55833519024205,20.658147275448073,2.4958801669210393,12.341330945439472,57.562888318072275,0,2026-09-04 04:17:19
2026-09-04 02:13:00,CNC-03,H,297.0654276245787,309.7946365930156,2427.5269709081763,21.71242062123482,38.088291698445424,3.037256519678642,9.621697853629865,53.663237422146864,0,2026-09-04 04:17:19
2026-09-03 08:14:00,CNC-02,M,296.4628228606469,310.76196070392984,1559.400408298786,45.27535886253074,117.71660671975843,2.2678435862065625,13.323071656699573,59.29251192870227,0,2026-09-04 04:17:19
2026-09-03 11:05:00,CNC-01,L,295.3297669373492,309.13349854287566,1432.2010450733726,48.855993683086965,25.19012597179007,2.064870831634773,13.018372192667043,60.316017252679735,0,2026-09-04 04:17:19
2026-09-04 01:41:00,CNC-01,L,296.6901042658591,308.02744288458837,2699.9518744489537,13.386044276217634,61.06242700675293,3.135202561827873,6.552729599414976,57.94726380856743,0,2026-09-04 04:17:19
2026-09-04 01:04:00,CNC-03,H,297.7715969864969,310.97531255813493,2630.942779846955,20.001701289575998,226.68607820168918,3.9068945353810096,9.782740763910832,57.7992419806191,0,2026-09-04 04:17:19
2026-09-03 11:33:00,CNC-02,M,297.1896963064645,310.8128326274147,1313.1181221640984,50.82986378657508,3.1802326374651693,1.953402849838154,12.427633496606783,53.542805589571735,0,2026-09-04 04:17:19
2026-09-03 22:36:00,CNC-02,M,26.81854715487981,40.37004290503853,2562.624361188904,20.36342438112286,225.39393899865283,3.9576643708580628,9.835853314582062,48.73859560135088,0,2026-09-04 04:17:19
2026-09-03 19:59:00,CNC-03,H,26.040541439022263,40.08550561194892,2445.2713434596235,26.015536513710657,163.21488067726543,3.3433931334865385,12.106224834079145,53.716352913007995,0,2026-09-04 04:17:19
2026-09-03 16:36:00,CNC-01,L,297.681653318156,311.4566893913279,1901.5377553240646,36.572026562151855,69.70095142628755,25.014861565932637,13.04891825252491,53.25744338641818,0,2026-09-04 04:17:19
2026-09-03 13:32:00,CNC-03,H,297.36249606398934,312.0197664287678,1314.6160257041472,54.49830045143782,137.7780332536713,2.1474086295336896,0.0,,0,2026-09-04 04:17:19
2026-09-03 06:23:00,CNC-02,M,296.39956131596153,311.43136565067925,1800.6465429123507,42.01843745719911,217.392090944123,3.2763432556725456,14.106501234276765,57.334328109864146,0,2026-09-04 04:17:19
2026-09-03 21:38:00,CNC-03,H,299.3543091933215,312.05215673206345,2572.4464929579663,21.27071681988263,5.5751853930241495,3.0799232494310362,10.033819747828094,54.7892169071876,0,2026-09-04 04:17:19
2026-09-03 21:02:00,CNC-01,L,25.712951997268647,38.58232926552597,2577.1803198158636,20.304830310361822,183.00355349041948,3.6658861956427917,9.686990598078406,55.29188903513813,0,2026-09-04 04:17:19
2026-09-03 20:40:00,CNC-02,M,33.22488153589745,39.79697615246465,2523.2082782802822,18.88509229115567,96.72458930165138,3.046041954135409,8.79828466859291,39.71543476322901,0,2026-09-04 04:17:19
2026-09-03 16:26:00,CNC-03,H,298.58704308780807,313.1761702418816,1737.1578209720947,43.16346783442826,157.84538768542146,2.6603993374458548,13.956684165753785,59.112865411324655,0,2026-09-04 04:17:19
2026-09-03 17:22:00,CNC-01,L,298.13830464861223,313.05103909110545,2011.3144619570005,38.118779419587675,133.92713595508874,2.8177679489236334,14.224058679742507,55.472022743514906,0,2026-09-04 04:17:19
2026-09-03 08:16:00,CNC-01,L,295.30251674959527,310.53043856930424,1753.9292775333586,47.710441188847774,160.66031726862292,2.6960982550844297,15.846824631001772,55.945416268544605,0,2026-09-04 04:17:19
2026-09-03 23:20:00,CNC-02,M,26.612299133569593,38.697698411615136,2689.0997305728647,15.231322982244677,45.215441420023964,3.2609175689302625,7.613169974797761,51.512640181514,0,2026-09-04 04:17:19
2026-09-03 05:11:00,CNC-03,H,296.44243404249784,,2277.3143771333134,29.970017245296955,109.15239920229645,2.9092041619411746,12.719382118143365,54.75916548808148,0,2026-09-04 04:17:19
2026-09-03 06:05:00,CNC-02,M,296.08147576768414,310.3079904442842,2055.2138773020206,33.13812469813415,192.96549682364244,3.220501135779241,12.813569981565962,60.726730929457744,0,2026-09-04 04:17:19
2026-09-03 07:10:00,CNC-03,H,295.86570734208476,309.94577807727336,1932.8232470231062,38.04090129333687,32.2174034077391,2.4932820954117245,13.700615890544766,62.65387918531367,0,2026-09-04 04:17:19
2026-09-04 00:56:00,CNC-01,L,297.3629196660244,308.8106783070083,2847.8401319242307,13.565901497291865,12.886432399282539,3.3909585730778664,7.329329380552773,54.83953457935333,0,2026-09-04 04:17:19
2026-09-03 14:54:00,CNC-02,M,298.5403196128995,312.93617586719415,1599.449310801316,45.948471329652996,85.0642481481091,2.2840573402729794,13.972302938886871,55.321254260874376,0,2026-09-04 04:17:19
2026-09-03 17:59:00,CNC-02,M,300.15231537371216,314.47931587438285,2031.8181884215371,34.35578358024176,123.16491184612396,2.8447499844383843,12.991661274559656,51.71519091461135,0,2026-09-04 04:17:19
2026-09-03 23:19:00,CNC-03,H,25.588463364056054,38.79512795032207,2613.5277897964534,21.912732616132914,114.80762398831857,3.2595785279734013,10.806180492347558,57.36770242711184,0,2026-09-04 04:17:19
2026-09-03 11:06:00,CNC-03,H,301.5443891293449,310.12585762920327,1348.8218831016347,55.03462966364226,169.28969104226366,2.3733055045574813,13.957505843342002,53.269188776306954,1,2026-09-04 04:17:19
2026-09-03 19:43:00,CNC-02,M,300.55208369485405,313.723813444588,2324.9488940209253,26.03041381575986,29.308880449975746,2.8722292782423886,11.092185107717635,44.36460370563517,0,2026-09-04 04:17:19
2026-09-03 09:23:00,CNC-02,M,296.7685776428656,,1397.8698961056791,50.824699515442234,3.0641987124774923,2.0232129213700794,13.344837266162086,57.84387020240651,0,2026-09-04 04:17:19
2026-09-03 14:24:00,CNC-03,H,298.09560728152945,312.76291363000536,1332.2499426457448,52.15806048374212,218.8931072416521,2.6282186630062774,12.948790604568151,54.13267057467664,0,2026-09-04 04:17:19
2026-09-04 02:03:00,CNC-03,H,297.2995839286505,308.90540444464455,2727.9449235435955,14.967424566750445,26.93119980560646,3.2627484432531135,7.408409410584623,55.654920658367146,0,2026-09-04 04:17:19
2026-09-03 12:39:00,CNC-03,H,302.6007156532338,310.9769812970896,1425.359494354619,52.103882719822046,53.873209884787784,2.0645949970944724,14.006277609878655,44.87048539821362,0,2026-09-04 04:17:19
2026-09-03 12:09:00,CNC-03,H,302.04280061370156,309.3339512477499,,46.916413019309324,6.304840299154753,2.0398523283039633,12.038275715827305,48.105681371855674,1,2026-09-04 04:17:19
2026-09-03 09:47:00,CNC-02,M,296.97100498867565,311.11090427120587,1480.0740194908565,46.44105279638614,40.18797735332616,2.1891137869009984,12.89112050825001,58.242057520666755,0,2026-09-04 04:17:19
2026-09-03 11:46:00,CNC-03,H,301.7561850348756,,1405.0211753799526,54.584934362362084,232.73922168311177,2.8466956322966994,14.332021965918944,46.90103807118708,0,2026-09-04 04:17:19
2026-09-04 01:54:00,CNC-03,H,297.3081171234662,308.6087269476195,2715.9587379535365,14.312679486826829,17.194545592369362,3.15849861954019,7.315313285091066,55.22982076867438,0,2026-09-04 04:17:19
2026-09-03 08:40:00,CNC-03,H,295.77647640418564,310.1853186773602,1533.1935254299367,46.15059899197149,163.2395209986667,2.502483167773968,13.628731427480604,59.070155646452335,0,2026-09-04 04:17:19
2026-09-03 10:08:00,CNC-03,H,296.0094015979861,310.8603225353801,1491.420113672282,53.73508585125243,77.74408042929561,2.1362371514306893,15.066160628258894,54.84948246239887,0,2026-09-04 04:17:19
2026-09-03 10:54:00,CNC-01,L,295.3627416072067,309.19639992852314,1477.706017414039,48.195528969004485,7.834788219645407,2.1397056075070324,13.249190953773624,58.4724134509408,0,2026-09-04 04:17:19
2026-09-03 07:50:00,CNC-01,L,295.263958427034,309.6960758142257,1677.6701932271676,44.10003598099684,122.37721086594038,2.4069526917864823,13.951417250392682,55.794747009941034,0,2026-09-04 04:17:19
2026-09-03 11:21:00,CNC-02,M,297.0375401435377,311.69610732928385,1460.3527314963867,48.44928038307539,188.0239231554669,2.5715716081488447,13.2487852165077,56.034186285828945,0,2026-09-04 04:17:19
2026-09-03 10:09:00,CNC-03,H,295.67516471590295,309.7424457892591,1441.6011156302031,48.66379576425658,79.32855766988388,2.12613257425445,13.110392076843914,58.82283735193215,0,2026-09-04 04:17:19
2026-09-03 22:31:00,CNC-02,M,27.069863435111245,40.765099116363615,2755.0293872895386,19.6137133708745,220.07279841986585,4.245294938317571,10.320987249742744,54.66173248082174,0,2026-09-04 04:17:19
2026-09-03 06:03:00,CNC-03,H,296.1584577126509,310.40620474459166,2019.4118170598792,33.46575745091589,176.9710315989744,28.874640376371495,12.531320902409961,61.065884036704716,0,2026-09-04 04:17:19
2026-09-03 18:43:00,CNC-01,L,299.006998546902,312.52359128098857,2329.6094462611154,28.364634390576754,15.497367232938892,2.8453457219792524,12.201463210674875,46.504068209741696,0,2026-09-04 04:17:19
2026-09-03 10:34:00,CNC-03,H,295.927535227518,310.2408139725862,1398.7148756821366,50.33118283405129,118.78283658616398,2.049767503831297,13.15742563068866,57.50483314335443,0,2026-09-04 04:17:19
2026-09-03 06:06:00,CNC-03,H,296.22310826431186,310.1452069604291,2190.5088740460146,29.77247689737724,180.90712187368064,3.235180465678987,12.100648745907058,56.821833003704,0,2026-09-04 04:17:19
2026-09-03 06:08:00,CNC-03,H,296.0996385375783,310.53507416040253,1957.561942947368,37.70515595779938,183.60612082296805,2.837135121411738,13.742568730577831,59.68529535620493,0,2026-09-04 04:17:19
2026-09-03 12:17:00,CNC-01,L,295.86052646792336,310.03343245603446,1291.8898917937017,53.07736110082816,139.23243087401508,2.2550802707083513,12.911080406912962,58.08056134960549,0,2026-09-04 04:17:19
2026-09-04 00:47:00,CNC-03,H,297.7351980218045,311.258907407294,2546.8698931040344,21.83864662359875,208.3483682334817,3.701708523373708,10.184982014020417,55.07990594461983,0,2026-09-04 04:17:19
2026-09-03 21:10:00,CNC-01,L,298.9574015801701,313.23423843933466,2423.720040521829,27.910005481192854,191.99840787009126,3.658533118482755,12.531333182530984,53.12974050952548,0,2026-09-04 04:17:19
2026-09-03 23:50:00,CNC-02,M,299.7539562815102,311.594876829454,2742.0480783399266,13.295724209150404,77.21313687386329,3.259200086118877,7.069023030448699,54.560362972854215,0,2026-09-04 04:17:19
2026-09-03 15:05:00,CNC-03,H,298.07197815717245,311.9448611696958,1495.084210664305,46.277826294084846,38.074055285140005,2.1980223948493545,13.102817309878866,53.80292701553188,0,2026-09-04 04:17:19
2026-09-03 19:54:00,CNC-02,M,306.0107743642468,312.52321900061,2409.629715341708,20.688421242648097,42.638992892087984,2.910548235770157,9.674661447819338,40.44564801233614,0,2026-09-04 04:17:19
2026-09-04 03:51:00,CNC-02,M,297.1750309542491,310.9303000008361,2400.3522551589263,24.219008566389167,134.93703228281558,3.1215921688056953,10.671341025519625,56.94931538480155,0,2026-09-04 04:17:19
2026-09-03 16:34:00,CNC-02,M,299.84093021492816,313.7785648698695,1878.0286036247312,36.642772919852376,5.730779329407994,,13.010847055271334,50.98504241210463,0,2026-09-04 04:17:19
2026-09-03 21:11:00,CNC-01,L,298.99740239222734,312.4850739842231,2516.341685976054,23.22622167872706,5245.421522395742,3.859740278458658,10.933094150795846,48.36146595095543,0,2026-09-04 04:17:19
2026-09-04 01:01:00,CNC-03,H,298.0071004860686,311.7189488949862,2501.0526619400207,23.955395949503355,223.46103797423444,3.7389230017440496,11.122690940050555,56.769033367285516,0,2026-09-04 04:17:19
2026-09-03 04:27:00,CNC-03,H,296.88865918586856,308.94277459707814,2351.939330741189,18.431560656368546,54.286517054015945,2.977241184188443,7.9351934460561715,57.19370169306413,0,2026-09-04 04:17:19
2026-09-03 18:35:00,CNC-02,M,300.14639328981866,314.83111487904137,2220.5824483368024,30.38368207252212,170.02239592579366,3.1118915726197107,12.66528310445342,48.556136106502045,0,2026-09-04 04:17:19
2026-09-03 17:25:00,CNC-02,M,299.76197787309445,313.49461272339664,2065.341531124329,30.205188998218276,77.15162055340326,,11.721177366107009,49.62751393506578,0,2026-09-04 04:17:19
2026-09-03 12:12:00,CNC-01,L,295.86960903315105,309.7329221313725,1324.3451401625969,49.852293982965875,131.34530217887993,2.2015783195102157,12.373948204808453,56.615152764733,0,2026-09-04 04:17:19
2026-09-03 16:47:00,CNC-03,H,298.37261340391774,313.94029009846264,1837.7041032902102,45.9291139555237,187.85676492589303,2.7511453850465593,15.870801339464853,54.22500033140492,0,2026-09-04 04:17:19
2026-09-03 05:18:25,CNC-01,L,296.37425285861235,310.229941766852,2168.4853463045224,30.527789345793565,111.52507239034435,2.7824180697483962,12.465952548988815,56.31094376786173,0,2026-09-04 04:17:19
2026-09-03 12:00:00,CNC-02,M,297.2368006072606,310.9047497872058,1351.7145928673922,46.28749800051914,46.150359474511596,2.11635756694337,11.83787308267056,56.8840939807543,0,2026-09-04 04:17:19
2026-09-03 22:21:00,CNC-02,M,27.126696852855673,40.99084226061592,2685.26920915831,20.72669943834611,209.27811379008352,4.032713973213341,10.106928627776698,48.63619456942566,0,2026-09-04 04:17:19
2026-09-03 16:42:00,CNC-03,H,298.5806517534495,314.0610854098094,1883.971526113231,44.59863673044721,180.75320884205027,2.9286472269514414,15.889532741392912,55.723573071856656,0,2026-09-04 04:17:19
2026-09-04 03:24:00,CNC-02,M,297.6546804026135,310.86498913647824,2368.0985524542566,22.43810877045045,103.25872240626535,3.045352837222693,9.977554338381006,55.873848764778906,0,2026-09-04 04:17:19
2026-09-03 17:28:00,CNC-01,L,298.34767753887127,313.18478998436365,1970.1804498764545,39.25998318977468,142.07456117880764,2.8251368017269134,14.51622445460861,53.22166684299983,0,2026-09-04 04:17:19
2026-09-03 21:33:00,CNC-02,M,300.7061495813998,314.8483958590131,2542.1167821719478,25.32950218353749,156.79943837773516,3.3789501421986947,11.89614094447343,47.66840262095725,0,2026-09-04 04:17:19
2026-09-03 15:41:00,CNC-03,H,298.3808393210314,312.61283776378946,1671.4924484795167,42.666515059227706,92.07907028224687,2.4015436661073712,13.505045173510352,53.32814003467496,0,2026-09-04 04:17:19
2026-09-03 08:17:00,CNC-01,L,295.27523718673797,310.5532969077572,1627.8636693880972,48.77633636964451,162.1705824025273,2.7518002846796703,14.954659560435456,58.37660285367423,0,2026-09-04 04:17:19
2026-09-03 19:16:00,CNC-02,M,300.1799408669649,315.22933455932605,2154.2828999468325,34.81084502417573,221.5345959326049,3.6004120038601517,14.210430227491187,50.04052846599626,0,2026-09-04 04:17:19
2026-09-03 16:58:07,CNC-01,L,298.0278191154814,312.74547690285243,1930.8215725270952,39.486229521590154,100.572225948101,2.581172371162977,14.156904025354796,58.33423642746877,0,2026-09-04 04:17:19
2026-09-03 05:30:57,CNC-02,M,296.7651406822998,311.10986067808756,2170.225222010475,32.699422828648665,148.19879029187084,3.073821612651925,13.220473245503394,56.1592842983408,0,2026-09-04 04:17:19
2026-09-03 19:07:00,CNC-02,M,300.47900393600037,315.44818696575624,2122.6562260233936,34.94226421070703,210.34707703269348,3.3976407251522787,13.776562630170792,53.51539724569441,0,2026-09-04 04:17:19
2026-09-04 03:27:00,CNC-01,L,296.20694756536335,310.279687739523,2359.2210982628612,27.183337793809404,179.61669508175797,3.3291153648620266,12.200330863510395,57.71213232910602,0,2026-09-04 04:17:19
2026-09-03 05:02:00,CNC-01,L,296.710138041769,310.79535107155436,2157.5395158797637,31.858447889302013,92.70857207307758,,12.719050171014608,54.12919278515841,0,2026-09-04 04:17:19
2026-09-03 20:12:00,CNC-02,M,32.84668641610699,39.83183160061026,2305.3496001244193,22.038288055163164,64.0526122706469,2.9063744945170003,9.376696268064437,40.63836172417916,0,2026-09-04 04:17:19
2026-09-03 18:53:00,CNC-03,H,299.2866186391175,312.9934646424471,2114.782993728215,31.280298905796162,82.39069829171007,2.6995638074163897,12.464611915204621,52.02299604620538,0,2026-09-04 04:17:19
2026-09-03 05:35:00,CNC-03,H,296.0981200662242,310.6579574191186,2078.322464256071,35.280688558719014,139.99540767648799,2.913823865139841,13.86462815388564,57.60699961358646,0,2026-09-04 04:17:19
2026-09-03 07:52:00,CNC-02,M,296.3791768236678,310.6812208107936,1658.0507306611178,44.095839906864036,85.50538911702185,2.4055367520178543,13.457656830122714,55.98550690993504,0,2026-09-04 04:17:19
2026-09-03 21:18:00,CNC-01,L,299.0292082438877,310.06506981548955,2654.790812823361,13.490662141253102,5.596995783101136,3.1637338745377974,6.860688649717942,52.98009020119288,0,2026-09-04 04:17:19
2026-09-03 22:22:00,CNC-03,H,26.025780537486526,38.72359398109086,2597.16427716822,20.097018105900933,53.85472244687099,3.1149313843705175,9.681510824450008,54.97292025149857,0,2026-09-04 04:17:19
2026-09-03 12:10:00,CNC-02,M,297.32818447745154,310.8498074890387,1371.4472233004299,49.31159562863786,,1.9970006458232217,12.831522184904067,56.17400051961429,0,2026-09-04 04:17:19
2026-09-03 18:36:00,CNC-01,L,298.63574132796947,312.1209725179879,2055.234892642768,32.93675252720694,6.577041340862409,2.639939592507599,12.759226346828605,55.67785852859443,0,2026-09-04 04:17:19
2026-09-03 14:29:00,CNC-02,M,298.6044140224848,312.875198442333,1706.4346721153074,43.69275239686849,46.743165077026866,2.372212246387341,14.005345261200091,56.02799857636127,0,2026-09-04 04:17:19
2026-09-03 12:36:00,CNC-03,H,302.4357989457292,310.27396989001096,1461.7599126666587,46.09432880712362,49.136132509957754,2.047737574617075,12.648733050732094,44.41006263751644,0,2026-09-04 04:17:19
2026-09-03 07:53:00,CNC-03,H,296.13128026565465,310.6897530762056,1787.167504079533,42.48211414699925,93.82089666393796,2.381245246476723,14.422585681831922,61.064335518935394,0,2026-09-04 04:17:19
2026-09-04 00:31:00,CNC-02,M,299.403123499855,311.6362460962808,2825.5699049729883,13.991216573265483,120.67540248068177,3.5060906589824747,7.511928922367561,55.01738471389924,0,2026-09-04 04:17:19
2026-09-03 18:14:00,CNC-01,L,298.5131785567802,313.2677778785545,2089.675079570923,34.820368419592704,203.61042122059726,3.445530685237192,13.60068228873699,53.00911565852596,0,2026-09-04 04:17:19
2026-09-03 08:37:00,CNC-03,H,295.7269496100178,310.54870767463586,1528.300853547302,48.930333002958065,158.7786335230925,2.3729440016757235,13.963369199041466,58.65076452840495,0,2026-09-04 04:17:19
2026-09-03 19:11:00,CNC-03,H,299.6429562904833,313.8164113286983,2324.4356642322105,29.421427403221983,104.87032943321323,2.9025535289962945,12.730565573308509,53.09080834886063,0,2026-09-04 04:17:19
2026-09-03 04:21:00,CNC-03,H,296.74464885600014,309.55306563611975,2355.5624407865785,23.402827743796024,46.96918530229693,2.9192919889566538,10.656666137126518,55.78826598824401,0,2026-09-04 04:17:19
2026-09-03 18:18:00,CNC-03,H,299.12972003354537,312.82047179079564,1989.7390839966913,33.81704252138656,37.48554020434385,2.617903509943604,12.83979276598018,51.55952410997256,0,2026-09-04 04:17:19
2026-09-03 22:17:00,CNC-02,M,27.03165138670505,40.031067898004665,2717.0664531645352,16.33752524531727,204.8830351258409,4.022507644331042,8.119646789549977,51.42150365168284,0,2026-09-04 04:17:19
2026-09-03 17:01:00,CNC-01,L,298.0891437948359,312.1849466114986,1981.640806925451,35.471909905145814,104.75994941360942,2.6865306196531153,13.234292473539467,54.88040496848585,0,2026-09-04 04:17:19
2026-09-03 20:40:00,CNC-01,L,25.65166812246025,38.977357312159995,2550.321120869563,22.12172963141216,157.67857543619112,3.396067057877639,10.713116937789193,56.52718458525645,0,2026-09-04 04:17:19
2026-09-03 20:04:00,CNC-02,M,32.665644298327095,39.8574005133122,2265.9530857539903,25.739564693425528,54.70070213031048,2.8186870923877203,10.852099851975138,41.97914399863284,0,2026-09-04 04:17:19
2026-09-03 12:05:00,CNC-03,H,301.89003721331454,309.6890618981903,1326.182699881306,53.41082227964191,0.0,2.078858155519162,13.23985672036376,50.162855206260495,1,2026-09-04 04:17:19
2026-09-03 19:57:00,CNC-02,M,32.65843656202247,39.90866768332495,2434.556761721398,23.643884999451767,46.28748282210937,30.324172470301686,10.82883323099923,41.35972313146087,0,2026-09-04 04:17:19
2026-09-03 07:21:00,CNC-03,H,296.08304992706366,310.0277236701395,1932.230972666656,36.00644848933933,47.837205867852504,2.5243884168662714,13.039324866092207,56.761065544416674,0,2026-09-04 04:17:19
2026-09-03 09:30:00,CNC-01,L,294.8743080416615,308.88364515733554,1448.0985084176664,49.02192786710802,69.2406393800572,2.0942269952915775,13.338872062884219,57.87884140497792,0,2026-09-04 04:17:19
2026-09-03 04:57:00,CNC-02,M,296.8058342131666,311.0069175558414,2188.7294371206845,32.15991799433618,104.60309380284576,28.192424902142452,13.100830912372645,54.565297870559895,0,2026-09-04 04:17:19
2026-09-03 06:21:00,CNC-03,H,296.10708389876726,311.33501092138505,1871.1954300205773,41.10184721357086,201.1294776262695,3.036657247884692,,56.233310662254645,0,2026-09-04 04:17:19
2026-09-03 14:53:00,CNC-03,H,298.10424222820376,311.8609238014133,1508.4758993080156,46.41424883735226,19.804797324000077,2.1710760670890017,13.191372248265324,51.04327589655501,0,2026-09-04 04:17:19
2026-09-03 04:27:00,CNC-02,M,297.1866026929339,310.8199732035241,2163.823337406022,30.751233087601047,67.51059184879722,2.9212780565328758,12.31576335684764,53.47105549820652,0,2026-09-04 04:17:19
2026-09-03 16:04:00,CNC-01,L,297.82266285590435,311.75058791388955,1954.5676753209177,36.24293333512535,23.37381452323394,25.22069863774453,13.20497827524024,57.09664583474596,0,2026-09-04 04:17:19
2026-09-03 21:10:00,CNC-02,M,300.4138032172437,312.93983151844014,2597.3356315335295,16.924459490759837,130.97979015299384,3.2646188006568733,8.08529341024732,44.38787848416869,0,2026-09-04 04:17:19
2026-09-03 12:18:00,CNC-02,M,297.3614450371099,311.7683677218767,1395.4331993927347,51.13929791967753,74.84624142861975,1.9209825168143992,13.451381273833102,55.46412166889586,0,2026-09-04 04:17:19
2026-09-03 08:42:00,CNC-03,H,295.8813133444345,310.70582074106403,1624.1794303698741,46.40929956240094,166.20414651558448,2.4796260052056676,14.21831780099256,55.51987217028376,0,2026-09-04 04:17:19
2026-09-03 23:28:00,CNC-02,M,299.6060336659506,312.49358849886676,2667.805963528303,20.02380534117374,53.77124886220628,3.126084030048032,9.82082691687908,53.91724227407633,0,2026-09-04 04:17:19
2026-09-03 22:47:00,CNC-01,L,25.287935026963396,37.94856687012759,2666.624855016414,18.18748975130923,103.2119005841448,3.2545123940716727,9.156817993163658,54.09566843692576,0,2026-09-04 04:17:19
2026-09-03 10:20:00,CNC-01,L,295.0859165898598,309.3864578981054,1544.6216555489175,46.10182872816409,146.87194550644867,2.5286541880201034,12.995310547780571,59.40640970401889,0,2026-09-04 04:17:19
2026-09-04 03:51:55,CNC-03,H,296.155622125674,310.0872661733241,2209.4797987253733,30.021151836158605,151.54981680020563,3.0529358919113587,12.32480261220018,53.578502958600126,0,2026-09-04 04:17:19
2026-09-04 03:38:00,CNC-01,L,295.7941900709385,309.83173623496253,2536.388071954733,24.73285666265329,192.53079816139604,3.777246200544064,11.745931913958353,57.20283615305205,0,2026-09-04 04:17:19
2026-09-03 21:16:00,CNC-02,M,300.68855883082836,314.14388479547466,2557.933969405339,21.17049991729074,137.8553044651087,3.3042463532160937,10.135107104987014,48.492853597748564,0,2026-09-04 04:17:19
2026-09-03 05:53:00,CNC-01,L,295.9801685689213,309.62141997454074,2182.990180337082,26.726515362980024,158.67134706647178,3.1277626404784877,10.660266488890594,59.9621563489233,0,2026-09-04 04:17:19
2026-09-03 12:37:00,CNC-02,M,297.60558668415837,312.36542915685635,1497.7474239491253,51.30419972880962,104.94542431140806,2.1879976914685035,14.605763386858966,49.771764771484364,0,2026-09-04 04:17:19
2026-09-03 10:04:00,CNC-03,H,295.9653153288688,309.6765851970465,1380.8163769072034,47.91078394464405,71.48203591959374,2.077397146200693,12.188851402617795,57.272453741302265,0,2026-09-04 04:17:19
2026-09-03 09:58:00,CNC-01,L,295.2976746803203,309.94284294370505,1479.333219575718,50.60572449563203,112.57654481378304,2.183100022516986,13.908686842176836,59.19038883444258,0,2026-09-04 04:17:19
2026-09-03 13:26:00,CNC-03,H,297.0978800726102,311.31442081850486,1415.2224477332181,50.555543577435486,128.3063961116313,20.97265381628793,13.245818720689066,54.05896497454012,0,2026-09-04 04:17:19
2026-09-03 08:56:00,CNC-01,L,295.3354200283026,308.63745311898344,1459.4127659985506,43.14060875573595,16.788021760999282,2.142786521497831,11.852543964899512,61.611151095933735,0,2026-09-04 04:17:19
2026-09-03 18:06:00,CNC-01,L,298.59683272668394,313.68595769260105,2097.998968153935,36.429119819735654,193.03813595130094,3.4963361088481912,14.414152986682529,53.58481303602016,0,2026-09-04 04:17:19
2026-09-03 09:11:00,CNC-01,L,294.9587554682523,308.5681258671489,1595.9887458796588,42.3417916944949,39.862318242925404,2.288432584751258,12.422826282581221,57.80541485252907,0,2026-09-04 04:17:19
2026-09-03 12:09:00,CNC-01,L,295.81334560177385,309.67195088792,1306.5350259193233,49.95289836918256,126.58857463877952,2.2234232440824018,12.185733921552849,58.23614863310447,0,2026-09-04 04:17:19
2026-09-03 08:45:00,CNC-02,M,296.65648514481825,311.3113293232251,1768.234011940286,41.156856841593346,163.67627657967319,2.784626398168575,13.362337646411405,53.709537262285494,0,2026-09-04 04:17:19
2026-09-04 01:31:00,CNC-03,H,297.4008521087905,311.0820517484391,2779.893666464133,20.0204894895255,255.78715929084572,4.265087126981639,10.122579546166044,58.98491618736828,0,2026-09-04 04:17:19
2026-09-03 12:29:00,CNC-02,M,297.1951224148504,312.0211770035359,1536.230212130737,50.87936908664994,92.18176197617862,2.156878665377763,14.682755325589646,58.40064819450313,0,2026-09-04 04:17:19
2026-09-03 22:45:00,CNC-02,M,26.66094702151173,37.652238228750434,2801.8982316138677,10.869935821604322,7.531189669461903,3.2487821615445363,6.0299131255390375,49.32420470000912,1,2026-09-04 04:17:19
2026-09-03 05:12:00,CNC-03,H,296.4520436277133,310.0288089034109,2325.607739283087,26.86314796706205,110.38884433764044,2.965324992294495,11.906596197289039,60.10326297983761,0,2026-09-04 04:17:19
2026-09-03 21:01:00,CNC-02,M,27.483958264361775,40.60488821399974,2508.0084165466856,386.4644754143027,120.86492317137785,3.3177430196668514,9.239953506732201,49.70220861082553,0,2026-09-04 04:17:19
2026-09-04 03:20:00,CNC-03,H,296.41593238228086,309.5261490313518,2592.829688042794,21.294719960380505,113.74111026162605,3.1983321718925533,10.185305880412361,56.06135180844301,0,2026-09-04 04:17:19
2026-09-03 18:13:00,CNC-02,M,300.1171013638963,,2066.2195026148834,36.16037133438206,141.6600596227108,2.8973639537001468,14.047380718557527,55.344335195234606,0,2026-09-04 04:17:19
2026-09-03 13:24:00,CNC-03,H,297.356148048663,311.54151246615737,1342.8280523448977,52.341353636620255,125.17445425376629,2.2786901618218542,13.261984754367717,55.70072687590007,0,2026-09-04 04:17:19
2026-09-03 12:50:00,CNC-01,L,296.2302358385532,310.72655953707124,1374.346183873171,50.151671582749664,191.728591588189,2.736432858764682,12.967710594051463,52.66641319170346,0,2026-09-04 04:17:19
2026-09-03 07:19:00,CNC-02,M,296.54992217536403,310.7103587543887,1911.7186229882063,38.70625220409438,38.02328364862605,2.5736898557159043,13.762714820683243,54.38193409521268,0,2026-09-04 04:17:19
2026-09-03 19:20:00,CNC-02,M,300.4644691673569,313.64799672475027,2239.657748950758,26.27609701544056,1.2358307551416348,2.811297126898166,11.031404588968279,46.73845552271083,0,2026-09-04 04:17:19
2026-09-03 12:54:00,CNC-03,H,297.09883108699535,311.142337996683,1359.2543183851924,50.41268124798291,77.65737901257319,2.064928655771665,12.736907854246816,58.05379081116453,0,2026-09-04 04:17:19
2026-09-03 22:14:00,CNC-01,L,298.61479115751126,311.67771888326814,2647.625445305544,22.151146763890964,67.54537321517793,3.3048425705955236,10.795068254704168,52.777767920371275,0,2026-09-04 04:17:19
2026-09-03 07:25:00,CNC-01,L,295.14000456209317,309.6994236174957,1750.9967716135889,43.8751523379953,86.57218232139209,2.4612002819417222,14.375847682380448,57.28377703094979,0,2026-09-04 04:17:19
2026-09-03 17:38:00,CNC-01,L,298.2796335392352,312.38573287205594,1916.0407067055567,34.6229027842567,155.64765320708935,2.8881710877884186,12.42999641759996,52.17583646256451,0,2026-09-04 04:17:19
2026-09-03 13:26:00,CNC-02,M,298.2280721218984,312.76633705405857,1416.3502647337334,50.09747216558919,182.44461748113497,2.56068869988323,13.149546976206302,59.71944358919602,0,2026-09-04 04:17:19
2026-09-03 23:18:00,CNC-01,L,25.07249398859011,37.132083737214884,2730.9753339466824,14.908345658405384,136.43529419921825,3.5393062084339313,7.697506361757149,55.856000760093664,0,2026-09-04 04:17:19
2026-09-03 09:43:00,CNC-03,H,295.4737036252143,309.0706548957664,1381.5743454160624,49.4979021989554,38.68448085349944,2.080046043980831,12.525900025384965,58.89444425389016,0,2026-09-04 04:17:19
2026-09-03 21:31:00,CNC-02,M,300.49537513297236,314.06792956899545,2692.4774179532515,20.18681350212286,154.56025820710076,3.5123071395006424,10.04533641097453,45.436430735027194,0,2026-09-04 04:17:19
2026-09-03 09:54:00,CNC-01,L,295.15755893039034,309.09619032861286,1740.1040093271668,39.79483991114314,106.29140511897138,2.5203185373669545,12.80213251902316,58.61724234697591,0,2026-09-04 04:17:19
2026-09-03 19:49:00,CNC-01,L,299.21809168010003,312.4907524447939,2374.2697754261503,24.522435932559024,97.4040480606718,3.0082165373253966,10.661217997901543,48.174056296632806,0,2026-09-04 04:17:19
2026-09-03 19:13:00,CNC-02,M,300.4772806072476,315.2910321430826,2232.425421845329,31.351118355670412,217.74399084202994,3.70152413589266,13.268840552987204,52.886392700576195,0,2026-09-04 04:17:19
2026-09-03 11:10:00,CNC-02,M,296.7955690094098,311.56680700485157,1347.6425224357736,52.44615086737576,170.52945129697363,2.4402996482581916,13.271013000773083,57.195719053858305,0,2026-09-04 04:17:19
2026-09-03 19:13:00,CNC-01,L,299.25728858607425,312.58926181701815,2161.8437875530103,28.51134908736969,53.232387918273126,2.7917528032246706,11.571992095044891,52.97250216743947,0,2026-09-04 04:17:19
2026-09-04 03:08:00,CNC-02,M,297.50397361128097,310.99238092719224,2443.4930085061183,23.32229021724813,84.76504741515036,3.0261290942849444,10.728809818316472,53.21306019350233,0,2026-09-04 04:17:19
2026-09-03 18:34:00,CNC-03,H,299.10958688154614,313.2146023923191,2325.2767787786947,30.185448588197122,58.195172578698944,2.7859703658550923,13.064456540795334,54.32296050725866,0,2026-09-04 04:17:19
2026-09-03 08:17:00,CNC-03,H,295.8877985090365,310.6352657286252,1683.9889496115331,44.10637872482846,129.09065518530355,2.471405861167213,13.93836397827233,54.71636205773759,0,2026-09-04 04:17:19
2026-09-03 11:31:00,CNC-03,H,301.4753452006825,310.08537131929035,1227.7702057762608,56.3451030118029,209.02774052499822,2.4863228157808974,13.00956528511306,45.31648109370791,0,2026-09-04 04:17:19
2026-09-03 16:40:00,CNC-03,H,298.7158681826007,313.8520908447637,1720.783602691965,46.241531916188784,177.93313912420217,2.682093596345929,14.928347615302714,57.16022056295894,0,2026-09-04 04:17:19
2026-09-04 00:36:00,CNC-01,L,297.8213009449256,311.65704721169004,2721.8167927181257,21.490446484764913,219.5472721646842,4.261318998102026,11.065832090604273,55.89096794510105,0,2026-09-04 04:17:19
2026-09-03 08:18:00,CNC-01,L,295.3309495473953,310.3411596637658,1790.558580589598,44.59961076370961,163.6053584852614,2.8624607246144422,14.974059798729577,58.49187542089965,0,2026-09-04 04:17:19
2026-09-04 03:16:00,CNC-03,H,296.4386690264093,309.03334044010006,2606.6028182762016,18.57815261761915,109.02017378367458,3.3168710380421547,9.027579501852738,54.68813882461811,0,2026-09-04 04:17:19
2026-09-03 07:21:00,CNC-01,L,295.2536027191958,309.81715504017814,1767.6183310038027,43.15058115723496,80.79808847908512,2.465520383329575,14.597334395125513,60.56420342931516,0,2026-09-04 04:17:19
2026-09-04 03:17:00,CNC-01,L,296.12157641624196,309.2531750080772,2509.0588978195447,21.782759957785974,168.1388083553212,3.4727256099794244,10.243986696094947,60.12334899745039,0,2026-09-04 04:17:19
2026-09-03 13:50:00,CNC-02,M,298.2303242884802,,1327.8653978806144,53.92230153226148,220.14374266705454,2.744334343694057,13.426017534407618,54.20149142607297,0,2026-09-04 04:17:19
2026-09-03 08:02:00,CNC-02,M,296.4757036813168,310.767292289517,1762.6969570824242,39.173925217634796,100.09982373471331,2.414530014404547,12.73209005491067,60.29144045843606,0,2026-09-04 04:17:19
2026-09-04 02:06:00,CNC-01,L,296.8196206212596,309.1754852920335,2665.876647286409,18.200825535979792,88.34273479980389,3.183902192941428,8.7903404746511,58.5504203364781,0,2026-09-04 04:17:19
2026-09-03 05:43:46,CNC-02,M,296.32650079573887,310.93004916096754,2198.4902886668533,32.86597798422728,166.52538959407337,30.94818658085917,13.587624961185925,58.06104849902368,0,2026-09-04 04:17:19
2026-09-03 06:35:00,CNC-03,H,296.10486330398726,310.9983146193959,2018.7336575621275,34.797054411780266,220.24813867193902,3.2405235304770423,13.282556741082832,58.132495185973426,0,2026-09-04 04:17:19
2026-09-03 12:00:00,CNC-03,H,302.19117139299357,311.00629935077603,1361.6455450156025,52.56089142574834,254.98134371985907,3.0441374853903485,13.270984475983308,49.54639885718357,1,2026-09-04 04:17:19
2026-09-04 03:54:00,CNC-03,H,296.03001119553005,310.0584876873689,2280.0929496067797,29.37161642257925,153.92180258984246,3.19374573063961,12.65434088977223,60.00044809808299,0,2026-09-04 04:17:19
2026-09-04 01:45:00,CNC-01,L,297.1104490545646,310.0762879356313,2637.0163633876937,21.587467400653225,65.34941124827198,3.199696085069922,10.516793863727337,56.74376513876247,0,2026-09-04 04:17:19
2026-09-03 10:13:00,CNC-02,M,296.71534107460934,310.84382352909614,1376.0478382844472,49.39517851631266,80.7833113455056,2.0169887748524555,12.892452633838406,57.96029072984456,0,2026-09-04 04:17:19
2026-09-03 15:08:00,CNC-02,M,298.895327267565,313.52663035505185,1591.9678579141093,46.3122097274426,106.32947402916544,2.333619816969567,13.767438597710225,49.713492565411144,0,2026-09-04 04:17:19
2026-09-03 18:28:00,CNC-02,M,300.52303104279963,314.94165028336386,2166.4738279203857,31.217141612888685,161.08153210173896,3.084115621805011,12.739357581804455,54.7578217638902,0,2026-09-04 04:17:19
2026-09-03 06:33:00,CNC-02,M,296.1525962754396,311.4366300064931,1940.203505875174,39.9832132541467,231.09094940349343,3.6011714767990277,14.673147383283371,54.56694028707813,0,2026-09-04 04:17:19
2026-09-03 16:57:00,CNC-02,M,299.6667489159052,314.20534898673253,1817.1170597447265,40.45405940201861,38.18436631564884,2.525466197651096,13.830057582187658,50.64807724085603,0,2026-09-04 04:17:19
2026-09-03 12:53:00,CNC-01,L,295.9616956307409,310.97442665507134,1375.699558701159,55.65887816969626,196.51114480973405,2.7494369988055674,14.208833777289339,56.15705405953695,0,2026-09-04 04:17:19
2026-09-03 23:31:00,CNC-01,L,298.1328117268552,311.0948374126764,2800.775824747555,17.978032208802702,150.3162239562274,3.6928592173985115,9.318820125174868,58.29054218160351,0,2026-09-04 04:17:19
2026-09-03 09:06:00,CNC-01,L,295.1974270139764,309.3047559933274,1472.907492874553,48.322782490325466,32.155198372185325,2.0843537608819376,13.536784348201012,57.310966362705884,0,2026-09-04 04:17:19
2026-09-04 04:14:00,CNC-03,H,295.99190561089523,310.0922753561614,2292.7314115109316,28.59413746547984,177.7996476274186,3.1598346640650115,12.390067839217169,58.970012547748404,0,2026-09-04 04:17:19
2026-09-03 19:08:00,CNC-02,M,300.0999880920226,315.2389093801549,2153.508104803923,34.793187428999936,211.59738961810712,3.3959224266701518,14.087992712436025,46.979725399503934,0,2026-09-04 04:17:19
2026-09-03 15:52:00,CNC-01,L,297.6690824500324,311.3670316825839,1873.4156886338153,37.15620398279262,5.81656170256893,2.3952210236244174,0.0,56.31475882883139,0,2026-09-04 04:17:19
2026-09-04 03:49:00,CNC-02,M,297.1584750686925,311.18769216045183,2435.270763792533,24.617850677374616,132.56182622013026,3.1765701939469952,11.477623276079273,56.632192727244465,0,2026-09-04 04:17:19
2026-09-04 02:22:00,CNC-03,H,297.1559182768515,309.69654042856797,2587.0217183605387,19.461332905298164,48.06655967558074,3.1957475198425236,9.598396596634576,61.304580942905204,0,2026-09-04 04:17:19
2026-09-03 17:19:00,CNC-02,M,11171.733155985958,7438.181773731787,1955.4178564908332,33.10910816208701,68.84443128396389,2.554044425668002,12.29909770088603,54.92477665854558,0,2026-09-04 04:17:19
2026-09-03 19:25:00,CNC-03,H,299.5424277805984,313.4430686903477,2192.3836815871487,29.593207843764766,122.10053618891781,,12.01116139615388,53.2633019182922,0,2026-09-04 04:17:19
2026-09-03 15:52:00,CNC-02,M,298.7168578610353,313.5959649966236,1624.0332119531013,45.28581258129139,172.18610448359004,2.595699496162397,13.916056908339316,52.22707651073831,0,2026-09-04 04:17:19
2026-09-03 06:58:00,CNC-03,H,296.11806930774054,7336.868949528692,1804.909963114373,37.071176868077245,15.350074860341646,2.397185769909756,12.518231915264154,59.81869755738575,0,2026-09-04 04:17:19
2026-09-04 02:06:00,CNC-03,H,296.9668275298809,308.4874741235122,2566.0469825047726,15.90880749762369,30.275642794370857,3.062039975437288,7.602768114535868,54.19729383678292,0,2026-09-04 04:17:19
2026-09-03 10:57:00,CNC-02,M,296.95386577922426,311.8940332358377,1465.3310081120508,52.17821993013662,,2.318529480852801,14.49526345225434,58.803089400189734,0,2026-09-04 04:17:19
2026-09-03 10:44:00,CNC-03,H,0.0,310.1451676275262,1436.625444522258,49.279215874040254,134.50990058191533,2.2517963245474295,13.260045706825897,54.605414401841074,0,2026-09-04 04:17:19
2026-09-03 23:52:00,CNC-03,H,298.7962239094123,310.6141726098199,2787.317730060888,13.109417555085797,149.7411526793958,3.4907165550678845,6.544158410191158,54.331516760474166,0,2026-09-04 04:17:19
2026-09-03 18:14:00,CNC-03,H,299.01112207628,311.5716229891462,2135.2111344522027,24.792738092448985,32.14482285099715,2.7678186061158003,10.099635953990777,53.3147408569955,0,2026-09-04 04:17:19
2026-09-03 23:34:00,CNC-01,L,297.96955639811546,310.0919844199158,2771.9434881929237,14.732251078493789,153.4708563226214,3.659259027058655,7.337358570228709,55.76905875938499,0,2026-09-04 04:17:19
2026-09-03 10:39:00,CNC-02,M,296.9025984616429,311.70153204234646,1512.8937536384265,49.80554003941432,121.5403811293551,2.2723312994785956,14.246897118428272,54.68966774759596,0,2026-09-04 04:17:19
2026-09-03 22:17:00,CNC-03,H,25.81333103371611,37.477957681557086,2736.1740446575864,15.411286513321969,48.405497033587395,3.277263734330817,7.495859808828878,57.63637712640359,0,2026-09-04 04:17:19
2026-09-04 00:45:00,CNC-01,L,297.6392935227517,308.55931241248027,2721.1167809841268,12.272097131869794,1.044553852267017,3.357429533215863,6.232585740530495,55.422833684883,1,2026-09-04 04:17:19
2026-09-04 03:34:00,CNC-01,L,296.0432725192975,309.4433470679117,2518.540570993996,22.118159086926752,187.83971572337316,3.789157699101928,10.18239948950791,60.580311070796846,0,2026-09-04 04:17:19
2026-09-03 23:46:00,CNC-02,M,299.77016369832165,311.64620307470966,2608.536450678223,14.411813488259709,73.00088859445023,3.244489291612408,6.937853798104921,53.66181980011483,0,2026-09-04 04:17:19
2026-09-04 03:30:00,CNC-01,L,296.2642684656765,309.88689241205816,2478.1967879857557,23.940914036475135,183.17118744902285,3.5643864173287807,10.79223823590705,54.82634905751811,0,2026-09-04 04:17:19
2026-09-03 10:14:00,CNC-01,L,295.28959176777255,310.1903405352873,1385.953506998584,57.489836635119616,137.5651624450183,2.3281278716690186,14.976120542348921,62.67808717350482,0,2026-09-04 04:17:19
2026-09-03 21:24:00,CNC-03,H,299.1803471384375,312.5526395798593,2588.679007379327,19.109185263242235,261.1169999796083,4.270224822479838,9.527366718897417,51.746994005748654,0,2026-09-04 04:17:19
2026-09-03 22:31:39,CNC-02,M,26.995435106042066,39.910900748872336,2754.0455402388475,15.520747598325332,221.10279841986585,4.170265344010838,7.759657181044749,43.50529551376,0,2026-09-04 04:17:19
2026-09-03 06:01:00,CNC-01,L,296.03139474424023,310.5369427837885,2132.111722172541,33.48779474156032,,30.680636656078907,13.340762630833712,0.0,0,2026-09-04 04:17:19
2026-09-03 10:02:00,CNC-01,L,295.43885882598994,309.3459054071018,1465.954144833025,45.82639462820313,118.8269951519927,2.248657453992329,12.374347745133644,58.470030615923896,0,2026-09-04 04:17:19
2026-09-03 20:11:55,CNC-01,L,26.067118358541506,39.30067475897329,2386.4995204054817,23.98916737503684,,3.129159695376702,10.698464996311445,53.361073010390264,0,2026-09-04 04:17:19
2026-09-04 03:16:00,CNC-01,L,296.3005184665039,309.55852544484645,2512.10997277314,22.44432369316115,167.01992249677824,3.67637597887778,10.602818708462092,61.684858886597496,0,2026-09-04 04:17:19
2026-09-03 22:58:00,CNC-02,M,26.86373376153273,38.06903143409545,2773.1161779596873,11.562248219140946,21.574951141985803,3.2341954746834514,5.976170623627086,55.177924705553785,1,2026-09-04 04:17:19
2026-09-03 07:07:00,CNC-01,L,295.5393409166,309.582589673537,1852.1338333198175,39.003787044765005,61.038234443525845,2.4550962793747417,13.624071572110086,58.87857541015845,0,2026-09-04 04:17:19
2026-09-03 11:24:00,CNC-01,L,295.6052754375835,309.84080129762947,1551.1236614679394,47.99189384342491,55.1373730521656,2.3262992125046997,13.957414896686181,60.12165595718784,0,2026-09-04 04:17:19
2026-09-03 12:07:00,CNC-03,H,301.74496107093665,309.4335003726222,1467.5801957450005,47.11559830197615,3.104840299154753,2.1346907499992134,13.116055079112702,52.47705200447255,0,2026-09-04 04:17:19
2026-09-03 21:18:00,CNC-02,M,300.69339783488357,313.69729302174784,2423.784012929475,21.244648303433316,140.1545170702904,3.147521401770556,9.524962840847294,48.432530110145066,0,2026-09-04 04:17:19
2026-09-03 15:15:00,CNC-02,M,,313.4242685590392,1621.1669162192186,45.92987575532261,116.85807868309729,2.413924965008031,13.859637596057027,52.340533644566754,0,2026-09-04 04:17:19
2026-09-03 16:03:00,CNC-02,M,299.3804655472664,314.92200963610554,1669.4881162854065,48.58647970114138,188.26278932335197,2.712483115446677,15.137759617406301,53.067223862276954,0,2026-09-04 04:17:19
2026-09-03 12:40:00,CNC-02,M,297.6285731593185,311.7722976855253,1338.7867832440677,50.635058278013545,109.68733450737398,2.1406795055413013,12.613682442706567,53.3659290506074,0,2026-09-04 04:17:19
2026-09-03 04:19:00,CNC-02,M,297.051582053367,310.3069384543868,2358.2958087283328,25.639163131922153,57.67921133129701,2.887984273582445,11.199571902453204,55.70168046412681,0,2026-09-04 04:17:19
2026-09-04 01:48:00,CNC-02,M,298.5991967770414,312.3224057298003,2648.6317585547704,20.950516136719656,203.12345711944525,3.8031407268770905,10.398400059135334,54.79502863680464,0,2026-09-04 04:17:19
2026-09-04 00:34:00,CNC-03,H,298.0711937169953,310.82019252112406,2774.9899517928925,16.46365049340831,194.3675252999827,3.7373697210014405,8.570770059451768,53.20915975159626,0,2026-09-04 04:17:19
2026-09-03 18:08:00,CNC-02,M,,314.0941670643774,2051.750169886787,31.079340356321293,135.0692378189135,2.9148069528544207,12.042072613354597,48.85710519934704,0,2026-09-04 04:17:19
2026-09-03 13:59:00,CNC-01,L,302.34989435589785,310.419666598209,1424.599185837108,49.995546468996245,72.2783084700622,2.105553658020386,13.177228895254363,47.5449861241683,0,2026-09-04 04:17:19
2026-09-03 12:15:00,CNC-01,L,0.0,310.4764153453571,1426.3302929985966,53.19312150015329,136.0480658025905,2.353132553285895,14.10144758957897,60.23345183492151,0,2026-09-04 04:17:19
2026-09-03 06:50:00,CNC-01,L,295.4888710117459,308.82009389912747,1951.4606134498179,33.24193987032223,37.09843789163524,2.5294537391240683,12.23801578788936,61.79290195433028,0,2026-09-04 04:17:19
2026-09-04 01:53:00,CNC-02,M,298.42585070971114,310.7646557699999,2648.449236963204,17.805789066021354,1.0807313845295132,3.2351543753771996,8.675965525179551,55.29234072672259,0,2026-09-04 04:17:19
2026-09-04 01:42:00,CNC-03,H,297.403168548072,310.1077074656884,2607.4181677110114,21.153951809295794,4.272871900443596,30.29606451357198,10.510428777475207,58.05119546682965,0,2026-09-04 04:17:19
2026-09-04 03:05:00,CNC-03,H,296.3992935356015,308.8588755120322,2529.757665023101,19.119063378795094,96.60884169207955,3.0507335771395994,8.914870477775295,59.5399567499059,0,2026-09-04 04:17:19
2026-09-03 23:54:00,CNC-03,H,298.217983231669,310.5697703850074,2752.6478700605194,15.720667456479534,151.82169164736197,3.4872559713259266,8.240368852390324,53.816375189895254,0,2026-09-04 04:17:19
2026-09-03 15:49:00,CNC-03,H,298.2607898843952,312.4028583915709,1649.9628937205102,42.369580238613075,103.8318613995644,2.3008758970219483,12.989103826237015,57.1925985496149,0,2026-09-04 04:17:19
2026-09-03 08:23:00,CNC-02,M,296.4462927310718,311.26785757090244,1592.9194572339966,46.546688394038185,131.07548412033714,2.4076208610871404,13.65238542238063,58.969665348748784,0,2026-09-04 04:17:19
2026-09-03 20:43:00,CNC-02,M,32.91599996567072,39.95462783526921,2556.410582813536,21.07809948898052,100.21969031285913,3.114053718312397,10.079381300063385,36.94297858964927,0,2026-09-04 04:17:19
2026-09-03 20:10:00,CNC-02,M,32.86249689614999,40.92535716126133,2461.2124522130866,27.361763706268686,61.69362624410367,3.0466424331091893,12.475090791280577,41.36547389724875,0,2026-09-04 04:17:19
2026-09-03 15:29:00,CNC-02,M,299.0317210573439,313.8955947262952,1723.1080070476592,43.57027661868884,137.82033686203468,2.6500364005239914,14.231957404327552,55.01170779074923,0,2026-09-04 04:17:19
2026-09-03 14:52:00,CNC-01,L,302.80476809433355,311.009129324499,1493.1226197160217,45.64576975896308,154.32771934389436,2.542539591000642,12.745725540769634,50.30465676964378,0,2026-09-04 04:17:19
2026-09-03 18:37:00,CNC-01,L,298.74725302687943,311.6330289652325,2287.141925545524,25.50795171564684,7.81175819487211,2.7959726257981523,11.075314465618453,57.66427671580126,0,2026-09-04 04:17:19
2026-09-03 09:55:00,CNC-02,M,296.84495708981103,311.3756084729348,1438.0223211807092,51.861835894654945,52.4764720656958,2.0727531257982346,13.695955058348659,53.219927865807534,0,2026-09-04 04:17:19
2026-09-03 14:19:00,CNC-02,M,298.1432943103846,312.10765044596667,1362.235862610251,50.41489807163041,31.422522515633805,2.1745166194579686,12.91973916846841,54.63156786496451,0,2026-09-04 04:17:19
2026-09-04 01:16:00,CNC-03,H,297.68382581251177,310.460288715567,2654.828131715349,16.93881674013973,239.57991837670073,4.129345180862888,8.388496079862358,54.18847269800398,0,2026-09-04 04:17:19
2026-09-03 04:34:00,CNC-03,H,296.7853925830765,310.03597696989334,2190.161539781867,27.43120074504402,62.923474689626744,2.744431277416385,11.15633858694849,56.06774995676567,0,2026-09-04 04:17:19
2026-09-03 19:55:00,CNC-01,L,299.3256775299,313.03388620035923,2273.509204127263,28.389202230164425,104.59976035803017,3.007164928820662,12.061927506967077,53.998888536371254,0,2026-09-04 04:17:19
2026-09-03 21:56:00,CNC-03,H,298.7541599978265,311.70267266837044,2628.940477435813,21.90640106042259,25.491363798338465,3.0652806693475396,10.915636198118014,48.93750165660058,0,2026-09-04 04:17:19
2026-09-03 04:25:00,CNC-03,H,296.8366613186969,310.19623587125284,2269.5777312042883,27.316458949613178,51.8176710599907,2.803874276461826,11.648150423633401,58.73594324815444,0,2026-09-04 04:17:19
2026-09-03 18:42:00,CNC-01,L,298.9202422243448,312.09623617743597,2245.103873552357,27.593066102573694,14.264594084204981,2.7660072557096025,11.643654541397472,53.9458991615329,0,2026-09-04 04:17:19
2026-09-03 12:16:00,CNC-01,L,295.90814159397416,310.59257600959774,1390.2666965153412,52.7765403037247,137.63243087401509,2.3648955910154332,13.917665716707631,58.45472078303056,0,2026-09-04 04:17:19
2026-09-03 11:52:00,CNC-02,M,297.10718529555254,311.1714386529469,1557.9089291942998,45.15538128061519,33.39982243817046,57.23468673004425,13.30927810929027,54.72648441900284,0,2026-09-04 04:17:19
2026-09-04 01:39:00,CNC-02,M,298.54663280747775,312.0826265150384,2753.701318955262,19.63486270467435,193.32787344849976,3.8525713375609136,10.370127220917071,52.91531334287434,0,2026-09-04 04:17:19
2026-09-03 12:33:00,CNC-03,H,302.1133335547682,310.3959092230796,1405.4599188018,51.048076650335865,44.35806401526397,2.231827519143183,13.460271268851038,48.38127579456846,0,2026-09-04 04:17:19
2026-09-03 11:40:00,CNC-02,M,297.37436558203405,310.9989643170882,1336.2233118562283,49.52315350384179,14.340974852497895,1.9794198232804385,12.572192841557248,56.32311681055463,0,2026-09-04 04:17:19
2026-09-03 05:03:00,CNC-01,L,296.45307371212255,310.04449898205695,2448.044421745391,25.572280062782593,93.89831853573159,3.136087122111712,11.555935853693088,59.6008465214917,0,2026-09-04 04:17:19
2026-09-03 10:55:00,CNC-03,H,296.14580254717174,310.62628273635596,1353.83986332206,52.595785674784096,151.98177574912512,2.213301978130694,13.484034928313651,56.66206351500538,0,2026-09-04 04:17:19
2026-09-04 01:24:00,CNC-02,M,298.75722682347066,312.2476426745487,2718.413813218248,19.447840045930175,177.28382615389847,3.6280442857267525,9.99603400800882,50.272990425275545,0,2026-09-04 04:17:19
2026-09-03 23:46:00,CNC-03,H,298.6618007384473,311.16746319813905,2635.339409957857,18.064779740469568,143.410018963724,3.482255217146186,9.054084218170384,57.90370544980375,0,2026-09-04 04:17:19
2026-09-03 12:34:00,CNC-02,M,297.6046902810031,312.10950026532043,1435.2574700774423,50.8701417823226,100.15532459109458,2.2659234801600534,13.581773134270007,57.29955024835029,0,2026-09-04 04:17:19
2026-09-03 16:06:00,CNC-03,H,298.42839571237914,312.8091739076167,1707.0394644225619,41.47468762475308,128.97024919562688,2.526533045634105,12.867880984170316,53.0199111085696,0,2026-09-04 04:17:19
2026-09-03 10:17:00,CNC-03,H,296.0961023266713,310.24597599832015,1450.9158087334365,49.21446026757363,91.93973719093262,2.262425919627575,13.331884175252961,54.14241477049742,0,2026-09-04 04:17:19
2026-09-03 12:36:00,CNC-02,M,297.73844178274294,312.0725041486414,1304.2665902242761,53.29513420269452,103.35532459109457,2.0050880380580414,12.828765796374212,52.53439510439038,0,2026-09-04 04:17:19
2026-09-03 20:44:00,CNC-01,L,25.859889540838594,39.16202472407082,2508.7587394398,23.687889510804027,162.2477870414509,3.456928006842149,11.071404231728042,52.347196897913726,0,2026-09-04 04:17:19
2026-09-04 02:22:00,CNC-01,L,296.6055225212493,309.47997068208946,2553.066951641127,19.446014984622582,105.81798118876002,3.2690937264591646,9.270675181112264,55.728399765395906,0,2026-09-04 04:17:19
2026-09-03 19:35:00,CNC-03,H,299.7727285061473,313.6788802786988,2273.3330249971787,28.67726898504304,134.30817821752854,3.0208696949481766,12.419832401772897,51.10225299862757,0,2026-09-04 04:17:19
2026-09-03 15:54:00,CNC-01,L,298.0607746882751,311.4280503148503,1574.2876855375923,42.41022558877884,8.72532453068156,2.1636198337496326,12.556520030485695,52.25008415407656,0,2026-09-04 04:17:19
2026-09-04 01:56:00,CNC-03,H,297.28854561321987,308.8985734714001,2682.0736290819004,15.325512858479406,19.37155852554671,3.206753923494697,7.7646800081731175,56.61750659180801,0,2026-09-04 04:17:19
2026-09-03 20:53:00,CNC-03,H,26.226103346231923,40.104909995911214,2503.3413740004107,23.55392873880756,226.01010862095413,3.7731645673294247,11.269082693174115,52.69017129760369,0,2026-09-04 04:17:19
2026-09-03 14:23:00,CNC-02,M,298.2778092519108,312.2127245694247,1488.8218887512073,45.27139797338957,37.6273889695328,2.1901012009732646,12.735180295972444,54.260861316666734,0,2026-09-04 04:17:19
2026-09-03 22:25:00,CNC-03,H,25.827903046739323,38.1452184259021,2525.5825233095734,18.90250895882507,57.06926069842798,3.140616166729853,9.141467669980893,52.79259968929107,0,2026-09-04 04:17:19
2026-09-03 15:51:00,CNC-03,H,298.22384818202005,313.3484965535477,1634.1380561693873,49.93704218081628,106.77761555068103,2.33131220596352,15.230787573143873,57.11831023373785,0,2026-09-04 04:17:19
2026-09-03 09:29:00,CNC-01,L,295.30270416868194,309.1642335348567,1530.2515201390997,43.79313878775655,67.69558730165646,2.1982008040105754,12.775363526708484,63.62756829634171,0,2026-09-04 04:17:19
2026-09-03 10:46:00,CNC-02,M,296.64601524985875,311.17069723671796,1308.4826707317259,53.582415670189285,132.62366547519557,2.202532872267912,13.270823251599277,51.432450164177865,0,2026-09-04 04:17:19
2026-09-03 14:55:00,CNC-01,L,302.93565368827564,311.54039308690477,1536.4960439080212,46.93983372309969,158.9388228710472,2.429908034576105,13.342941090853458,48.57846950245267,0,2026-09-04 04:17:19
2026-09-03 21:13:00,CNC-02,M,300.1919375679517,314.1109070062072,2411.4708028439513,26.342945106558474,134.48049933383453,3.1484152379982766,11.930934282413157,51.314635812536885,0,2026-09-04 04:17:19
2026-09-03 06:51:00,CNC-01,L,295.3551424581304,308.5295155144011,1843.7031647002295,33.52577077690763,38.507061246593395,2.5097387736672045,11.535858805266617,57.46044283251682,0,2026-09-04 04:17:19
2026-09-03 05:05:00,CNC-03,H,,310.1924006416626,2080.1715570099454,32.65323192212224,101.55094531944914,2.6840498441414202,12.744508120607223,59.8235039664064,0,2026-09-04 04:17:19
2026-09-03 18:45:21,CNC-01,L,298.98419222528526,312.723541321186,2294.9399460981986,28.408529114068482,18.086750478983262,2.8876110527087713,11.919238119738962,55.64411039074068,0,2026-09-04 04:17:19
2026-09-03 08:27:00,CNC-03,H,296.1818085319275,311.0441233526557,1617.1153438289423,47.999795525386446,143.88318506474226,2.459312101131946,14.726250272574369,56.81053036175028,0,2026-09-04 04:17:19
2026-09-03 06:44:31,CNC-03,H,296.07600446386243,311.5944808262153,2007.8149240943296,38.83486607546363,232.60165751787267,34.408020546410405,14.792013431679784,60.3121206165312,0,2026-09-04 04:17:19
2026-09-03 23:20:00,CNC-03,H,25.57020568020795,37.51525931573582,2747.6498496110166,0.0,115.83762398831857,3.3654859616157866,7.2451734178882985,55.37001084259249,0,2026-09-04 04:17:19
2026-09-03 10:33:00,CNC-01,L,295.19611031777123,309.75443426743107,1334.1507270311492,53.80030441207787,167.32288816058417,2.4251612804240295,13.593696535139768,57.33372676815573,0,2026-09-04 04:17:19
2026-09-03 16:19:00,CNC-02,M,299.2546409229315,314.34263222424124,1703.0440529190832,43.31267163050079,211.657474358822,3.016306837917531,13.863602599936591,54.01880398662649,0,2026-09-04 04:17:19
2026-09-03 11:14:00,CNC-01,L,295.5309162275253,309.52348423340146,1398.5010350125717,49.00708236463884,39.42473185211017,2.09913512336451,12.9356496567362,59.122086491922964,0,2026-09-04 04:17:19
2026-09-04 00:23:00,CNC-01,L,297.9651962125305,310.5597513132848,2712.1003900457144,16.344268541703737,205.79605610904642,4.106887549905011,8.194555965954097,55.11866695230819,0,2026-09-04 04:17:19
2026-09-03 23:33:00,CNC-03,H,298.638323175287,310.73641570662176,2789.7214534020695,14.422630683980676,129.5869319582044,3.402149239403839,7.389155898249174,56.119604967065214,0,2026-09-04 04:17:19
2026-09-03 19:45:00,CNC-03,H,299.3730883179275,313.1383072539947,2143.003481047266,29.818839541383575,146.42157634326063,2.95720770600335,11.83057856055802,48.55939745965749,0,2026-09-04 04:17:19
2026-09-03 07:22:00,CNC-02,M,296.28708876529544,310.25620734520703,2072.7663233570056,34.09555320446226,42.2216738665049,2.7568385446646357,13.022504882877367,53.84428971345256,0,2026-09-04 04:17:19
2026-09-04 00:26:00,CNC-03,H,298.2030466130188,310.26155132585427,2743.2237894625614,13.405706094382683,185.92990970380285,3.7524779172890805,6.86052249089221,56.21568355710495,0,2026-09-04 04:17:19
2026-09-03 06:06:00,CNC-01,L,296.12642084831526,310.13520752393026,1845.7196995511374,36.42611068501929,175.95372506644557,2.9460358489133616,12.82980080483631,60.66602329457297,0,2026-09-04 04:17:19
2026-09-03 23:58:00,CNC-01,L,297.9110884541198,309.98772131127623,2700.495325411978,15.523388056625304,178.98862406609103,3.8337172819494274,7.819617494342321,55.36176983462066,0,2026-09-04 04:17:19
2026-09-03 23:32:00,CNC-02,M,299.9814690760782,312.71270053171224,2670.8743075920834,19.217365922704484,58.043818530685705,3.1507974614919223,9.280991923949593,50.40506530209791,0,2026-09-04 04:17:19
2026-09-03 11:23:00,CNC-02,M,297.1590244918419,311.82520134282146,1406.4262789725246,51.25775892516199,191.20019774981176,2.6481142301122396,13.524370810363672,57.192789227467344,0,2026-09-04 04:17:19
2026-09-03 14:24:00,CNC-02,M,298.6253133324102,313.05676789642956,1728.617338941232,41.62775453644593,39.10637862001912,2.382693613860354,13.29570583269915,51.3082583779453,0,2026-09-04 04:17:19
2026-09-03 21:49:00,CNC-01,L,298.904427440621,311.08109815832995,2595.5442000434987,17.990115649533458,40.06449616384031,3.1663514315853276,8.923724622715794,46.45213583449848,0,2026-09-04 04:17:19
2026-09-03 22:58:00,CNC-03,H,25.582806174303585,37.52237997608705,2768.3967675101767,15.217389890028606,92.50598579274957,3.4099458025256557,8.012429772082141,50.82921448991784,0,2026-09-04 04:17:19
2026-09-03 11:34:00,CNC-01,L,295.8020183766362,309.9329219110927,1455.2192865016568,50.84552926832308,70.92305938312629,2.1041194847046873,13.757104886754657,53.665872833846045,0,2026-09-04 04:17:19
2026-09-04 01:13:00,CNC-03,H,297.8501954784346,311.208383173155,2742.1060949259063,19.698579111533533,236.42864728221366,4.127964826744291,10.150941378700297,56.397373552225645,0,2026-09-04 04:17:19
2026-09-03 04:59:00,CNC-03,H,296.53306727335564,310.09488811103654,2316.949564733357,27.75966079897465,93.9184061778014,2.944865568104637,12.099787267651307,56.48931499775241,0,2026-09-04 04:17:19
2026-09-03 18:55:00,CNC-03,H,299.3892683953431,312.80449575200697,2192.4861174447715,28.18883458060921,84.89508600113182,27.735431758009696,11.40976810658635,52.99342863361788,0,2026-09-04 04:17:19
2026-09-03 23:22:00,CNC-02,M,299.66939969101276,311.7666622271412,2684.5040195575016,15.314175864604142,47.317645498816866,3.284439884107438,7.582079665838901,50.70896525023566,0,2026-09-04 04:17:19
2026-09-03 08:58:00,CNC-01,L,294.9192529990745,308.35804891598065,1606.94797097746,40.950840200835195,19.880385872964894,2.2949872875376567,12.558030533096312,57.60070395520284,0,2026-09-04 04:17:19
2026-09-03 17:31:00,CNC-01,L,298.45540148177076,313.43861316216476,2096.5586108922407,36.85553402254894,146.09927786410265,3.017930387743725,14.721007401132104,56.542432845421004,0,2026-09-04 04:17:19
2026-09-03 12:18:00,CNC-01,L,295.899140448748,310.02460670735616,1411.9318437676113,49.48985714221964,140.8275738016306,2.2497560415731575,13.21926852726991,60.09020682113105,0,2026-09-04 04:17:19
2026-09-03 18:31:00,CNC-03,H,299.0019862957814,312.3103037959595,2200.3204184745964,27.87836939259899,54.36061807329147,2.8086103142741083,11.63453888372079,54.81021113294259,0,2026-09-04 04:17:19
2026-09-04 03:33:00,CNC-03,H,296.10927596110497,309.77288525034896,2454.1182806375728,25.265356785401337,129.0857524307549,3.1555848703589353,11.77109745386919,57.52718302387978,0,2026-09-04 04:17:19
2026-09-03 07:34:00,CNC-01,L,294.98058095537164,309.5554652151845,1746.3985081895448,43.14730761711204,99.33717447346221,2.4913991489064364,14.125200918739795,61.385743238749654,0,2026-09-04 04:17:19
2026-09-03 17:56:00,CNC-01,L,298.09612273381435,312.8006485448253,2090.392663835569,35.917903424856384,179.69812182802565,3.2018787741970343,13.9750359778796,0.0,0,2026-09-04 04:17:19
2026-09-04 00:08:00,CNC-03,H,298.17813344439446,310.89929241786456,2591.0196423401817,18.870512380132258,166.93893642203426,34.14210058356133,9.341549368388176,53.920825837242035,0,2026-09-04 04:17:19
2026-09-03 07:46:00,CNC-03,H,295.9222588248063,309.8333004901803,1716.0700478996507,38.4001917822052,83.65696265751333,0.0,12.400832892670854,57.492373289819156,0,2026-09-04 04:17:19
2026-09-04 03:37:00,CNC-01,L,295.66733152462905,310.1685444837327,2341.8226664594818,29.656721059712083,191.38313492245499,3.6148922453908634,12.666007091936581,59.48517572315215,0,2026-09-04 04:17:19
2026-09-03 17:48:00,CNC-03,H,298.69213390057,314.04883146569443,,37.72472163097587,271.766951974925,3.9537499143768975,,56.173608586513296,0,2026-09-04 04:17:19
2026-09-03 16:21:00,CNC-03,H,298.82941819661056,313.6225179387076,1734.9839901781875,43.444352959156156,150.67036261847394,2.565874518889427,14.32637419853085,0.0,0,2026-09-04 04:17:19
2026-09-03 06:33:00,CNC-01,L,295.62625261967816,309.5969678963607,1971.9279755091277,35.4960120143242,13.686664834934911,2.4469298624053084,13.311813757514013,56.86597394574064,0,2026-09-04 04:17:19
2026-09-03 05:47:00,CNC-01,L,296.04056312750896,310.8537489313859,2109.441073347846,35.8726920419273,150.78466260750344,3.076792479599892,13.889162319195636,58.328351003817765,0,2026-09-04 04:17:19
2026-09-03 05:00:00,CNC-03,H,296.41735884127615,310.16215288815766,2149.439441289076,30.854677591858348,95.18230734669042,2.7173233901790055,12.666519912873069,55.348156164421134,0,2026-09-04 04:17:19
2026-09-03 04:34:00,CNC-02,M,296.6437129606326,310.02827523620317,2461.0609493689763,24.225447498382575,76.10267756447023,3.0513850442483275,10.986528072915508,59.63657274692035,0,2026-09-04 04:17:19
2026-09-04 04:01:00,CNC-03,H,296.1646779376557,309.65835814579304,2331.816553148094,24.664755806746527,162.23972305091732,3.2331272412994028,11.052939232745825,56.90628513644212,0,2026-09-04 04:17:19
2026-09-03 10:16:00,CNC-03,H,295.7223742089078,309.9184223746523,1480.9481204093888,49.79772838629009,90.35552449659171,2.2186357612097702,13.934076791343223,56.599530571239086,0,2026-09-04 04:17:19
2026-09-04 00:50:00,CNC-02,M,298.92574439982343,312.00329700221926,2533.072112657612,18.874036211677417,140.82281706223938,3.3729296721170003,8.954924279951637,51.889533606180855,0,2026-09-04 04:17:19
2026-09-03 23:07:00,CNC-02,M,26.74991077440069,38.857094123826414,2720.473829191518,16.174843461960588,31.2947743844551,3.2541921807846053,7.856187306831261,48.15586495817436,0,2026-09-04 04:17:19
2026-09-03 16:36:00,CNC-02,M,299.47172065959006,313.13773169967845,1748.945514588699,38.217080109237585,8.601992577580265,2.4041474807033825,12.187501466676,54.94333221838557,0,2026-09-04 04:17:19
2026-09-04 01:57:00,CNC-03,H,296.9602332260113,308.7536776134351,2626.6648047607932,16.56208140859703,20.46613447943036,3.202338548868097,8.001800376523754,56.40776157191534,0,2026-09-04 04:17:19
2026-09-03 13:43:00,CNC-03,H,297.3248859471256,311.3601127006352,1596.7564322350315,42.94781889200952,154.94761054107187,2.5393906898426013,12.847678301674751,57.4064340570819,0,2026-09-04 04:17:19
2026-09-04 01:52:00,CNC-02,M,298.32030394742037,309.42991006606786,2651.620759042436,11.112334008950352,0.0,3.1558562420214464,5.656346835784931,53.13648526935053,1,2026-09-04 04:17:19
2026-09-03 05:08:00,CNC-03,H,296.6927997087287,311.3306311682766,2213.0261300636635,34.29543322673366,,2.838179227766785,14.233614932713174,62.09579723964766,0,2026-09-04 04:17:19
2026-09-03 04:46:00,CNC-03,H,296.510464403565,310.43669422742767,2143.040857024559,32.40539401548137,77.7213472393059,2.8495705850630233,12.857024440686024,58.746752073834145,0,2026-09-04 04:17:19
2026-09-03 12:41:00,CNC-03,H,302.5311599560699,310.24496162427005,1424.3022382491156,46.95736902299003,57.04022779038927,2.0647226329845223,12.489257721094459,49.641896919422656,0,2026-09-04 04:17:19
2026-09-03 20:36:00,CNC-01,L,26.058518494717248,38.48047055562762,2395.2191674614232,19.01490650775834,153.02460148903396,3.314039646931722,8.481593263852965,51.446755340170775,0,2026-09-04 04:17:19
2026-09-03 06:00:00,CNC-02,M,296.5194408405542,311.41904671624366,2009.2830784033038,37.67737371930552,186.32581529732397,3.101233174731356,14.169026822318337,61.70269225621138,0,2026-09-04 04:17:19
2026-09-03 14:34:54,CNC-01,L,302.97214926172643,311.34097781804405,1371.7429451846472,51.59663735409528,128.36286945812506,2.117679965600179,13.27908385848793,45.01990329104283,1,2026-09-04 04:17:19
2026-09-03 14:25:00,CNC-02,M,298.62079702150453,312.60545894423285,1434.9427865698283,46.91929885261692,40.65869845061137,2.117746461401377,12.55260046863567,52.2676179542312,0,2026-09-04 04:17:19
2026-09-04 03:53:00,CNC-01,L,296.03538288020604,309.98976922235624,2330.3612983904122,26.63843103202269,210.354757869917,3.847675317506855,11.555371420076252,,0,2026-09-04 04:17:19
2026-09-03 19:11:00,CNC-02,M,300.2742209283766,314.8987404377538,2333.867765736869,28.029464255169287,215.26155229207876,3.697431565469636,12.35913154659024,51.759719708003125,0,2026-09-04 04:17:19
2026-09-03 15:04:00,CNC-03,H,298.4420782831703,312.2036433898411,1439.5611217242588,47.900911074760586,36.55308794623,2.158130138216318,12.987934851895158,52.322388600782446,0,2026-09-04 04:17:19
2026-09-03 13:29:00,CNC-03,H,297.2677175402916,311.15104903811016,1434.8547870181906,47.555290949913726,133.03612971983853,2.241311188067897,12.554173714896766,56.42771329736859,0,2026-09-04 04:17:19
2026-09-03 22:49:00,CNC-02,M,26.89628940660998,39.62300422478637,2526.1164526189023,20.703010593780924,11.90054452502305,3.148339242782558,9.630190930280335,54.10247777365259,0,2026-09-04 04:17:19
2026-09-03 08:45:00,CNC-01,L,295.2233442505349,309.27754690932676,1658.9839470914703,45.15998336823109,0.0,2.2511230421758124,14.041573646151061,65.25167228197989,0,2026-09-04 04:17:19
2026-09-03 16:09:00,CNC-02,M,299.5431703804998,314.9485862580091,1646.5668909324456,48.61292275697628,197.0758614932851,2.9602361174105503,14.82130037452555,48.38098379002234,0,2026-09-04 04:17:19
2026-09-03 08:44:00,CNC-01,L,295.143034509902,310.2348135477486,1848.869179780691,43.53546961939884,202.12751436540654,3.2828720570474186,15.25170992438801,59.844523487997094,0,2026-09-04 04:17:19
2026-09-03 08:45:00,CNC-03,H,295.96781888007337,311.2440174048904,1787.3433498440313,44.4038994342875,170.68356773401442,2.763355032843368,14.886615346300227,58.85346257937915,0,2026-09-04 04:17:19
2026-09-04 03:40:00,CNC-02,M,297.21393101579895,311.4038590951846,2508.837711814109,25.69599150980176,122.01451560980409,3.220861319923132,12.197714663581065,58.2537163255374,0,2026-09-04 04:17:19
2026-09-03 07:54:00,CNC-02,M,296.71660200418256,310.9525049298998,1594.3369682817784,44.24574476682346,88.52410161911966,2.342575802522752,13.178038303805018,56.16090983428213,0,2026-09-04 04:17:19
2026-09-03 18:24:00,CNC-03,H,299.3917024929011,312.80679770526694,2111.9339424745503,29.20137589302134,45.27316490768206,2.698228667099273,11.804025494746769,52.878326705567574,0,2026-09-04 04:17:19
2026-09-03 08:06:00,CNC-01,L,295.33395111981577,309.92308511626777,1615.5794137876212,46.84378725242469,145.76698064075086,2.5736258525046445,14.411703332729958,58.86492020950164,0,2026-09-04 04:17:19
2026-09-03 21:14:00,CNC-01,L,299.0478272078242,310.43890302763225,2611.5659314603427,14.689042236860903,1.1127390872410567,3.102827124429887,7.025576260592695,51.574621651041745,0,2026-09-04 04:17:19
2026-09-03 22:04:00,CNC-03,H,299.22944185484175,311.9350368981156,2591.8109732736843,20.384297925876375,34.28844857124582,3.1450201094745194,10.227572573075719,52.48105169057719,0,2026-09-04 04:17:19
2026-09-03 20:52:00,CNC-03,H,26.301178724590613,40.224836886962805,2554.956609395014,23.389340700570344,224.88400225265013,3.9931022831144034,11.077139325451975,51.58919299422691,0,2026-09-04 04:17:19
2026-09-03 09:02:00,CNC-02,M,296.5963474524522,311.24325711237,1510.544843042411,46.73229319661832,189.25760436665794,2.630078675308039,0.0,57.20721641247808,0,2026-09-04 04:17:19
2026-09-03 12:35:00,CNC-03,H,302.42607606264613,310.44441511178235,1302.3549224179064,52.340028991988895,47.54852852782007,1.962628828291868,12.779034253668208,44.841653890423515,1,2026-09-04 04:17:19
2026-09-03 08:01:00,CNC-03,H,11036.299782802034,309.7645155521208,1707.3500960565884,38.45827094575698,105.46820387584786,2.3957038155646377,12.406619957614133,57.24057163797793,0,2026-09-04 04:17:19
2026-09-03 23:36:00,CNC-01,L,298.1601057796648,310.4039562182522,2825.5653965182687,14.408489475740591,155.5308563226214,3.733547814381788,7.4314445653026855,58.76698674817438,0,2026-09-04 04:17:19
2026-09-03 21:26:00,CNC-02,M,300.58291020205894,313.32061209791993,2622.675376392389,17.154335680290963,149.06880500111737,3.392347944938617,8.239161695985091,48.67531488098291,0,2026-09-04 04:17:19
2026-09-03 12:17:00,CNC-03,H,302.30596074462954,310.011183797218,1453.5648334015475,47.25232029981688,18.96722637104734,2.0158853087869493,12.671184279579814,46.51175627103971,0,2026-09-04 04:17:19
2026-09-03 21:23:49,CNC-02,M,300.4714838292198,313.3746922066926,2575.9851812082725,18.79742843777403,145.7736811291174,3.3662819577414793,9.017947869744935,51.597582256247854,0,2026-09-04 04:17:19
2026-09-04 02:20:00,CNC-03,H,296.95274862853614,309.0220379623185,2645.303708649229,17.60898815009981,45.77369660434718,3.098316914132894,8.835559442043543,57.32144506217775,0,2026-09-04 04:17:19
2026-09-03 19:25:00,CNC-02,M,300.7328939771602,313.75563292006854,2238.441199905713,25.809053779672986,7.323669973596073,2.823855911185881,10.808584055883324,49.6086716497267,0,2026-09-04 04:17:19
2026-09-03 08:43:00,CNC-02,M,296.44888868624923,310.70272811007345,1535.906381574515,43.64174122597894,160.7447728654098,2.439587749972393,12.25290547835112,59.9464075881985,0,2026-09-04 04:17:19
2026-09-03 06:26:00,CNC-02,M,296.13198119903876,311.28639654840384,0.0,38.785652173925456,221.52767462618448,3.318803798511298,14.277996062216447,57.56997995118123,0,2026-09-04 04:17:19
2026-09-04 00:50:00,CNC-03,H,298.08237165056653,310.99864268086037,2754.4039824132133,17.15652634927673,211.4754508248066,3.823420146160727,8.981227633093685,53.0835464623707,0,2026-09-04 04:17:19
2026-09-03 11:19:00,CNC-03,H,301.5149637985915,310.20403308321926,1259.76671676077,58.02374813096542,189.93162858941318,2.4102545416942993,13.572057830891383,46.854142323836776,0,2026-09-04 04:17:19
2026-09-03 10:49:00,CNC-03,H,296.19487449321997,310.68629838756493,1406.9322136402802,52.51010694841326,142.45678060600412,2.3164672726433313,13.66628246294538,50.56216255333544,0,2026-09-04 04:17:19
2026-09-03 06:06:31,CNC-01,L,295.84579869074093,310.5968827780534,0.0,35.28782766781381,177.2645680763809,3.1576432146148012,13.640042154589555,64.17512604294137,0,2026-09-04 04:17:19
2026-09-03 08:01:00,CNC-02,M,296.22856906953626,310.3990967357608,1823.863272265154,39.70359660905,98.66052207420661,2.5306893033693263,13.45371834565298,56.9578032034679,0,2026-09-04 04:17:19
2026-09-03 09:51:00,CNC-03,H,295.90517924192994,310.2659304248787,1467.5245583194558,52.00856648099857,51.23814397434087,2.141444757131768,14.477561822827823,58.9969904376145,0,2026-09-04 04:17:19
2026-09-04 01:46:00,CNC-02,M,298.27056543733306,311.60345426542847,2754.6524776025726,17.876618456674706,200.95700327772548,3.86741915144494,9.065293211512945,56.19064217293961,0,2026-09-04 04:17:19
2026-09-03 21:47:00,CNC-03,H,299.30456234205275,311.64400520078766,2636.384439212947,18.980117840090507,15.569669757086533,3.1271849913881136,9.157850356131629,57.47816457722054,0,2026-09-04 04:17:19
2026-09-03 09:00:00,CNC-03,H,295.96324083248265,310.80725595537547,1527.2671263250847,47.48211313572119,193.47062740560412,2.624911294003845,13.452869347682197,62.8870988047476,0,2026-09-04 04:17:19
2026-09-03 11:03:00,CNC-02,M,297.1029164378852,311.88240543179984,1476.6176625576081,52.34783421726841,159.4432305952438,2.5067945241429825,14.722885054000724,54.21851340468628,0,2026-09-04 04:17:19
2026-09-03 09:02:00,CNC-03,H,295.8798932888046,310.57496958827767,1617.323804821367,46.63600030004043,196.51378860062263,2.7570235620065544,14.207007420374856,60.42929528622085,0,2026-09-04 04:17:19
2026-09-04 03:06:00,CNC-03,H,296.27223660123815,309.58808847996437,2519.3620017297626,23.46414791867329,97.77079172170215,3.1253143323008556,11.05134400821579,57.85882585512569,0,2026-09-04 04:17:19
2026-09-03 08:00:00,CNC-02,M,296.2326290421866,311.04295392521965,1861.6273108223163,41.55483810931195,97.22431807270897,2.54917191209075,14.471228810025089,53.58206562982649,0,2026-09-04 04:17:19
2026-09-03 05:51:00,CNC-01,L,,310.2003879684371,2007.431501823502,33.754697537454334,156.05017150250288,3.0184297376332405,12.95404513734954,57.13776974712704,0,2026-09-04 04:17:19
2026-09-04 03:59:00,CNC-03,H,296.0506542941199,309.4817643343303,2293.565557555885,25.049742463408382,159.89853231155428,3.092102975455422,10.643127162922102,60.70777834334333,0,2026-09-04 04:17:19
2026-09-03 07:21:00,CNC-02,M,296.6636092048407,310.3185329387026,1719.3621661098123,39.774244006284306,40.89956963082904,2.3879497924155486,12.637336686094,56.954080151764906,0,2026-09-04 04:17:19
2026-09-03 07:18:00,CNC-01,L,295.2968982795525,310.2810278567838,1876.4659521155434,42.71353822662181,76.48932870562233,2.6597335157983277,14.753685348568185,58.487301030515766,0,2026-09-04 04:17:19
2026-09-03 05:50:00,CNC-01,L,296.10468996184704,309.96542403093275,2226.124230544499,28.33297791201263,154.69892987486222,3.166695607489843,11.730169706449226,59.805124323423094,0,2026-09-04 04:17:19
2026-09-03 09:41:00,CNC-01,L,294.91464315201694,309.44441060042243,1562.761988156852,46.908899632987946,86.11061474132302,2.157928756345145,13.779819155859494,59.158043111339616,0,2026-09-04 04:17:19
2026-09-03 05:31:00,CNC-03,H,296.60246785773745,311.0717050429688,2041.4183230008584,35.55131194901673,134.8277377646086,2.7373676225573735,13.378552449523196,55.56907270511817,0,2026-09-04 04:17:19
2026-09-03 10:47:00,CNC-01,L,295.2119762440976,310.3783310937829,1451.392197543936,53.01381088704179,189.46501324506667,2.817302710768202,14.123745268813693,63.235782636930594,0,2026-09-04 04:17:19
2026-09-03 16:04:00,CNC-03,H,298.26705992059595,312.4730160766252,1681.65928221771,41.24411072929058,126.02187981155359,2.4141654794743315,13.253265119497053,51.91663412682294,0,2026-09-04 04:17:19
2026-09-03 12:46:00,CNC-01,L,295.9916423287118,310.7961435450697,1434.9153437651644,51.275638371637086,185.387802404106,2.7016911869517535,13.825323252062784,61.2154772183245,0,2026-09-04 04:17:19
2026-09-03 14:46:00,CNC-02,M,298.497529539565,312.6074992865144,1589.8611347095755,45.2099573795713,,2.2324923403397494,13.403922384631905,50.874242057939725,0,2026-09-04 04:17:19
2026-09-03 18:18:03,CNC-01,L,298.5808717951396,313.66998532396485,1997.8845922940147,37.85923352891126,207.54927138620343,3.4112508149841845,14.020212383812995,61.647708168449164,0,2026-09-04 04:17:19
2026-09-03 21:40:00,CNC-03,H,299.25063180425377,312.14242651076523,2418.1870277866965,25.194215385438806,7.855569482956231,2.983305753886642,11.085796924040618,53.52749611302604,0,2026-09-04 04:17:19
2026-09-03 23:07:08,CNC-03,H,25.714518485227302,37.474701968980185,2681.7769622801343,14.834188579296287,101.99190543530312,3.42320345340673,7.55586687110611,53.246660259012145,0,2026-09-04 04:17:19
2026-09-03 16:52:00,CNC-01,L,297.9890547006361,312.159282834126,1924.43590629227,36.02378273835147,92.18473930294151,25.63547794274842,13.09878055227719,57.961249501333604,0,2026-09-04 04:17:19
2026-09-03 20:25:00,CNC-03,H,26.05256587423952,39.84674785880429,2377.4632677781724,24.258079523893073,193.85707844249316,3.456475454166356,10.578017371830255,47.042454000288444,0,2026-09-04 04:17:19
2026-09-03 04:22:00,CNC-03,H,296.67410808580206,310.09704570908633,2260.7622714680256,28.292091321516008,48.210510871541274,2.8639342936229166,11.893217618269341,57.02647195649209,0,2026-09-04 04:17:19
2026-09-03 11:45:00,CNC-03,H,301.73342755482247,310.8340061625263,1407.2223125643393,54.01049149749923,231.15368996848483,2.7808405279737323,14.088126956621148,46.040233042909186,0,2026-09-04 04:17:19
2026-09-03 11:44:00,CNC-02,M,297.4532142223991,311.29738920123594,1321.2183047376936,51.50008868525877,20.691826986618906,2.0094188822599244,12.913572047310975,56.20878581274675,0,2026-09-04 04:17:19
2026-09-03 18:47:00,CNC-03,H,299.0357594096124,312.5497382251635,2145.9920365154644,29.598977894689394,74.81040179092551,2.7888062244273497,11.727768301612372,48.670280195654364,0,2026-09-04 04:17:19
2026-09-03 16:00:00,CNC-03,H,298.6014475488516,313.23033923269804,,45.656733473113206,120.01575327680797,2.4095740903647056,13.723946564093156,53.373554573552845,0,2026-09-04 04:17:19
2026-09-03 08:09:00,CNC-01,L,295.0027864170409,309.4157647319572,1543.4105949611583,47.32061093292038,150.23876163251606,2.540973007746405,13.683057320969587,57.9602735678859,0,2026-09-04 04:17:19
2026-09-04 01:43:14,CNC-02,M,298.4536420145235,312.0478522031045,2562.6029548227525,21.364474713402384,196.58612521051137,3.769354787954498,10.295598933835215,54.030856715377375,0,2026-09-04 04:17:19
2026-09-03 14:58:00,CNC-02,M,298.7577344371391,313.41801592836737,1643.6235086748356,45.43802479151457,91.06296385000695,2.2521204012220157,14.198849007224446,51.54874667183641,0,2026-09-04 04:17:19
2026-09-03 11:50:00,CNC-03,H,301.8300443809288,311.42197342527675,1485.372598979951,54.68044211728425,239.09147985296784,3.116775685623265,15.246680795532741,49.30934200435288,1,2026-09-04 04:17:19
2026-09-03 13:29:00,CNC-02,M,298.1968822340283,313.00857252716247,1538.479495097271,46.783089839582054,187.18518132079137,2.8094121880865695,13.339603418437566,57.20995997550601,0,2026-09-04 04:17:19
2026-09-03 16:44:00,CNC-02,M,299.4665032394607,313.4038250666795,1773.5437665737002,39.38904717336548,19.944308250060452,2.4364838761239946,12.91888466688367,48.668190757669194,0,2026-09-04 04:17:19
2026-09-03 04:58:00,CNC-03,H,296.60952512573624,310.4999079557204,2218.2345176752983,30.330285296824442,92.69001601457039,2.7981505292423807,12.455889376086784,58.03640809120743,0,2026-09-04 04:17:19
2026-09-03 21:00:00,CNC-03,H,26.46178201087531,40.248118913337805,2457.7893384118474,24.24375267658369,234.0002149691528,3.874320319367126,11.399911486724129,52.41953856818129,0,2026-09-04 04:17:19
2026-09-03 22:45:00,CNC-03,H,25.925750031768473,38.32915532911073,2620.8703007365957,19.44669788408732,78.60535084891401,3.2331027787147604,9.45912689147635,55.0897425052721,0,2026-09-04 04:17:19
2026-09-03 07:48:00,CNC-03,H,295.7928772170333,309.6671923022626,1881.0153746051133,36.883943774300796,86.49794735771175,2.5614847898501756,12.964497297321204,55.2774182675028,0,2026-09-04 04:17:19
2026-09-03 14:41:00,CNC-03,H,298.1941119108645,311.741403818979,1438.5042559581498,47.00956268258775,1.5535452778862002,2.073013541395272,12.700341693120725,56.356703460183255,0,2026-09-04 04:17:19
2026-09-03 20:21:00,CNC-01,L,25.82505745727451,39.41681620616089,2432.6325858449623,24.310713021052184,135.488008635245,3.2651592466793873,11.017327733892923,54.40901857860803,0,2026-09-04 04:17:19
2026-09-03 18:11:00,CNC-01,L,298.65982529945103,313.7352652485032,1987.2257025507586,,199.6589162242521,3.3385869721692183,14.547861953501071,51.93908434246286,0,2026-09-04 04:17:19
2026-09-03 12:49:00,CNC-01,L,295.81939339892307,309.9186587298227,1318.0746151255794,51.40997711876577,190.128591588189,2.6742395056488886,12.663948991911731,61.128766011863334,0,2026-09-04 04:17:19
2026-09-03 13:18:04,CNC-02,M,297.83940076911426,312.80531719546866,1453.9033276271841,50.780307779589606,168.21158931218332,2.578541850344434,13.956377301719119,57.50706123514948,0,2026-09-04 04:17:19
2026-09-03 21:43:00,CNC-03,H,299.04054688509547,311.7377923159122,2525.5678221170974,21.35231719083074,11.176911704845075,3.0307219557631675,10.39599318606105,52.03369620222663,0,2026-09-04 04:17:19
2026-09-03 20:01:00,CNC-02,M,32.723671773026126,40.653735862033045,2313.8344008318486,29.867355175285418,51.1125356626864,,12.82422689865109,39.97666613754469,0,2026-09-04 04:17:19
2026-09-04 00:04:00,CNC-03,H,298.31313633289034,311.30379921206753,2794.516802279886,18.46554081467114,162.56314074286874,3.613576122273413,9.633671067607223,52.66811190466842,0,2026-09-04 04:17:19
2026-09-04 03:22:00,CNC-01,L,295.9909813195718,309.30928757909106,2620.3489664471763,20.473197797664447,173.90337138457048,3.637327868495811,9.845805185001282,58.45506109485812,0,2026-09-04 04:17:19
2026-09-04 03:46:00,CNC-02,M,297.2798826984177,310.55468395049064,2465.4916183294667,22.607904844498023,129.07359094590865,3.164956147684281,10.315735283621152,59.67402000172683,0,2026-09-04 04:17:19
2026-09-04 00:24:00,CNC-01,L,297.824768399566,311.1213977818108,2625.4205920478694,20.106910772093848,206.88258436430198,3.9386484294926487,10.126463815419111,58.375908026097306,0,2026-09-04 04:17:19
2026-09-03 17:43:00,CNC-03,H,298.8127409721345,314.4512099780652,2039.0532254643474,38.30572085834378,265.0093943241698,3.873929568529416,14.49376900958854,55.71605789104465,0,2026-09-04 04:17:19
2026-09-03 04:44:00,CNC-03,H,296.56077468109,310.3649020797372,2222.739595044237,30.140663751418217,75.22320326762001,2.848094972946755,12.400887538849128,58.74972537442103,0,2026-09-04 04:17:19
2026-09-03 16:29:00,CNC-02,M,299.53347219143996,314.7034530956419,1557.5634476050036,48.568847326598004,226.09895685118246,3.1744555395869085,14.029758037743413,52.81813230467423,0,2026-09-04 04:17:19
2026-09-03 20:03:00,CNC-01,L,25.957748036654323,39.40073105779675,2344.4736683315996,25.430952130067517,114.25564091532976,3.0180409713454814,11.048713587476485,55.022689916324396,0,2026-09-04 04:17:19
2026-09-03 12:32:00,CNC-02,M,297.2939219916541,311.17045177805875,1405.7412658436988,48.160516394067855,96.96751699449074,2.201997693056163,12.57781853343008,59.33876594949514,0,2026-09-04 04:17:19
2026-09-03 16:15:00,CNC-03,H,298.6979489431368,312.883285439678,1689.9780481878006,39.42361639045482,142.00121822583608,2.5070521665221666,12.501373468378548,54.19748135129122,0,2026-09-04 04:17:19
2026-09-03 21:46:00,CNC-02,M,300.6902799500529,313.97414457917216,2618.7665010963424,19.139285275078745,171.11699892874216,3.5587891245527117,9.402168445244046,49.14426474763256,0,2026-09-04 04:17:19
2026-09-03 20:04:00,CNC-01,L,26.151798146982856,39.428668802958896,2444.1987011780907,23.943207961831014,115.43934624791211,3.141190974976951,10.915310834241303,55.95547972654201,0,2026-09-04 04:17:19
2026-09-03 07:59:00,CNC-03,H,295.93323948953287,310.1097842189908,1709.4176813306347,40.15138299300941,102.5713256930562,2.388884907320232,12.86047275557986,58.49301067186796,0,2026-09-04 04:17:19
2026-09-03 06:30:00,CNC-02,M,296.1099134391367,310.8101649740912,1918.5464107687108,37.022366705884195,226.99911214085617,,13.194704779336552,59.65590666695031,0,2026-09-04 04:17:19
2026-09-03 06:33:55,CNC-03,H,296.12461893845585,311.4582068965834,1928.8805943346258,40.487843535089056,218.93884130679407,3.1580140851347216,14.632119634682654,57.20934848165843,0,2026-09-04 04:17:19
2026-09-03 11:26:00,CNC-02,M,297.2258000370903,312.5141775964655,1389.8570309158947,56.61078879584289,195.94934828012092,2.7132738456017385,14.86636146741251,56.19212212029066,0,2026-09-04 04:17:19
2026-09-03 09:16:00,CNC-01,L,295.10284777821016,309.49809436904013,1567.1905154092954,0.0,47.57562537265059,2.1681475419244,14.240262404369204,58.66162075240205,0,2026-09-04 04:17:19
2026-09-03 12:55:00,CNC-01,L,295.9756926391284,310.644177973361,1324.4849927530825,55.12211791646403,199.71114480973404,26.875738400449556,13.357603687072512,57.63647002360052,1,2026-09-04 04:17:19
2026-09-03 20:45:00,CNC-01,L,25.62378576283544,39.029388057322194,2621.852195138137,21.735353770706432,163.35972190403427,3.574191896001019,10.785132349945474,49.36972331641989,0,2026-09-04 04:17:19
2026-09-03 05:24:00,CNC-03,H,296.3937490589329,310.9536489761664,2191.6026986530364,33.079177690845896,125.80289170365677,2.9223416637821313,13.325894427412292,57.247366999130634,0,2026-09-04 04:17:19
2026-09-03 07:49:18,CNC-03,H,296.286579934972,310.414605799302,1658.8241700328174,43.55237113848639,87.9692923261393,2.335405679094807,13.472952967226265,56.07730429147884,0,2026-09-04 04:17:19
2026-09-03 16:17:00,CNC-02,M,299.7109887852572,314.76001138223666,1717.8770589172277,43.916826715782406,208.6891660630302,3.0997391445718123,14.361445276135257,51.00339023066866,0,2026-09-04 04:17:19
2026-09-03 15:08:00,CNC-01,L,297.4227605007002,312.21807979995816,1595.5030644063713,46.3907912145889,178.6648678207871,2.8706630711699606,13.892401298184856,52.39475401996073,0,2026-09-04 04:17:19
2026-09-03 23:02:00,CNC-01,L,25.06900246991927,37.54091421050231,2595.6236970782775,18.23045718747818,0.0,3.2723085755690446,8.970817978796083,56.798242214624274,0,2026-09-04 04:17:19
2026-09-04 03:19:00,CNC-01,L,296.16334433067345,309.6068207251581,2446.2150189181693,24.098033945803596,170.43227531968085,3.466262922260399,11.130324791320247,58.751965411040416,0,2026-09-04 04:17:19
2026-09-03 23:34:00,CNC-03,H,298.69929153078635,311.7497221954432,2649.5994488008687,20.33507679885218,130.65958791341689,3.304589007499498,10.185446110440994,55.30021809710239,0,2026-09-04 04:17:19
2026-09-03 21:56:16,CNC-02,M,300.41005786094973,314.78692246491295,2588.9169969839686,24.635653471765885,180.9470110209894,3.644406183269791,12.22814449304699,54.65644505842732,0,2026-09-04 04:17:19
2026-09-03 21:08:00,CNC-03,H,299.2248484389409,312.77562586286956,2487.144864085469,22.65269074858827,243.15523102994686,3.9393217254334347,10.359058749714105,51.888391296944,0,2026-09-04 04:17:19
2026-09-03 21:25:00,CNC-01,L,298.7235457312086,310.604949003086,2498.327197458285,16.382509711243657,13.348544593251562,3.127311715920259,0.0,55.54758788842532,0,2026-09-04 04:17:19
2026-09-03 05:30:00,CNC-01,L,296.4629689537328,310.4297031177424,2136.0749507337414,30.806733369020208,128.33272424222935,2.942095738151378,12.371819986718771,59.0063463553849,0,2026-09-04 04:17:19
2026-09-03 15:48:00,CNC-03,H,298.1237409645281,312.54894970646484,1740.9979379825998,42.468453522551016,102.35637501979849,2.454096645203278,13.879347767055208,55.83561666827806,0,2026-09-04 04:17:19
2026-09-03 20:38:00,CNC-01,L,25.774342258451952,40.17736900299718,2390.24104320669,29.010200708776637,155.38551418205478,3.2650783190018533,13.168334713477998,56.506338263595595,0,2026-09-04 04:17:19
2026-09-03 17:21:00,CNC-03,H,298.6731211854343,314.27602618174166,1820.987425637861,42.9309142084816,235.1589469680177,3.266321488287715,14.634908843508903,53.71488333256449,0,2026-09-04 04:17:19
2026-09-03 05:56:00,CNC-03,H,296.2995951634499,310.85102870520996,2026.2501124478856,34.77685231167138,167.55534762480684,2.9439322801553347,13.026353145120728,55.430972374654985,0,2026-09-04 04:17:19
2026-09-03 07:29:00,CNC-03,H,296.2377929020222,310.76291643013127,1730.7520234022752,45.07058707494904,59.26381802119767,2.4186634892344734,14.494232390393341,54.86920364066052,0,2026-09-04 04:17:19
2026-09-03 11:22:00,CNC-01,L,295.7173199511588,309.2332466331446,1393.5391596779184,45.15100636748541,51.99543437688501,2.064887617875749,11.830559097500025,58.94612902244165,0,2026-09-04 04:17:19
2026-09-04 03:51:00,CNC-01,L,295.74849738724566,309.6519773274789,2398.0824753157954,26.00398277410296,207.97152470025955,3.8012419110539533,11.74153383234845,56.77930570548586,0,2026-09-04 04:17:19
2026-09-03 13:44:00,CNC-01,L,302.3681816001549,310.0365901351437,1450.1978944904404,47.22012667351755,48.93675426544078,2.148755406623629,12.65430577914625,45.025026093789094,0,2026-09-04 04:17:19
2026-09-03 06:29:00,CNC-03,H,296.2811802757744,311.05241407392776,2024.343617610419,36.04067372109619,212.0062384001981,3.3110528874243865,13.553610039754284,61.511891915399566,0,2026-09-04 04:17:19
2026-09-03 13:01:00,CNC-01,L,296.2672487330753,311.18415861376434,1502.0183546187438,49.646594722800785,209.16924292208427,3.096264676558982,13.963810276265674,57.63941950842929,0,2026-09-04 04:17:19
2026-09-03 16:43:00,CNC-03,H,298.4388606900299,313.14582982031254,1748.2983639058655,42.1104916961924,182.19428054752316,2.7122726233117658,13.794319054277254,56.70820178825995,0,2026-09-04 04:17:19
2026-09-03 14:37:00,CNC-02,M,298.617385393011,312.4060828611682,1476.4944675430459,45.20287322256655,59.145027759320946,2.2072278075672935,12.35303071996843,51.884892029908826,0,2026-09-04 04:17:19
2026-09-03 14:42:00,CNC-01,L,302.8655528541572,311.1199045502702,1435.012819201319,48.605070256578465,139.04576123992686,2.3666193512955895,12.691504457863939,47.69643840223627,0,2026-09-04 04:17:19
2026-09-03 10:06:49,CNC-01,L,295.0895303705896,310.2782575099489,1631.9637593047348,50.30007427562898,125.00925250803488,2.455359595247368,15.525600876709346,62.32251215267878,0,2026-09-04 04:17:19
2026-09-03 09:42:00,CNC-03,H,295.4198595052927,309.5696603455188,1514.573938895963,48.3619953900805,37.09027889192636,2.1509884274543283,13.76627363614637,60.027801258425015,0,2026-09-04 04:17:19
2026-09-03 22:26:00,CNC-02,M,26.848466199293853,41.2002868493185,2533.9605443498695,25.00303381241575,214.69505556001474,3.7973712378632243,12.0279394139059,51.39436029666292,0,2026-09-04 04:17:19
2026-09-03 10:52:00,CNC-02,M,296.71690387279574,310.80910763625894,1371.7893930634084,49.605550170432,142.15888532846404,2.2980356461676386,12.762446880959512,57.958709206418035,0,2026-09-04 04:17:19
2026-09-03 15:26:00,CNC-01,L,297.56593553508225,313.2734329591941,1813.884254091879,47.10383136719535,205.7422343196071,3.3862432717910482,15.870838579210282,56.981812363197456,0,2026-09-04 04:17:19
2026-09-03 09:53:00,CNC-03,H,295.4553500873351,309.73791776202376,1447.8081880783448,51.564862144574825,54.38324465802089,20.847534946645435,13.962535562855663,63.103214554979814,0,2026-09-04 04:17:19
2026-09-03 18:24:00,CNC-01,L,298.7447294605329,313.5943881132762,2101.7498112279904,35.461007309067526,216.73986230635236,3.7941688114060654,13.979425056185056,53.33105451677142,0,2026-09-04 04:17:19
2026-09-03 23:20:00,CNC-01,L,25.50779523604814,38.54061784889814,2722.853717484485,19.85211390007102,138.61464989188377,3.466572748779102,9.848158737361087,52.06558702424504,0,2026-09-04 04:17:19
2026-09-03 15:39:00,CNC-03,H,298.19502354153224,312.7202575106558,1630.1438276095303,46.92395876641651,89.15499919761801,2.2769749703105258,14.187572674273987,51.159473280038455,0,2026-09-04 04:17:19
2026-09-04 03:52:00,CNC-02,M,297.3365806858199,311.66075483110035,2431.410606051273,28.515126542887565,136.13883630952307,3.176714316094015,13.012866498052677,56.042841796752086,0,2026-09-04 04:17:19
2026-09-03 04:51:39,CNC-01,L,296.62506293884223,310.0332324116827,2216.8213449790715,27.89725542896487,78.84145758240979,2.816569414097206,11.324437536597543,55.1877500239135,0,2026-09-04 04:17:19
2026-09-03 23:53:00,CNC-03,H,298.4595610593931,311.28034245160234,2793.829829363137,17.57535242542039,150.7711526793958,3.624295359376025,9.366171083173738,53.781790988362324,0,2026-09-04 04:17:19
2026-09-03 12:06:22,CNC-01,L,295.72517965899107,309.4443964251868,1349.866074258563,48.80732699401513,120.19511513478685,2.083600241620643,12.33387236376744,60.95815955655899,0,2026-09-04 04:17:19
2026-09-03 12:26:00,CNC-03,H,302.2293658907997,310.1270153158923,1372.5226446745487,50.11377552578674,33.245353672168726,2.072132602166404,12.899770190453676,48.41092068542332,1,2026-09-04 04:17:19
2026-09-03 06:12:00,CNC-01,L,296.0243116107717,310.98737568282843,2131.2258085630424,36.10852739567799,183.89020359444743,3.2965347434763936,14.301074295653706,58.285584848262225,0,2026-09-04 04:17:19
2026-09-03 10:14:00,CNC-02,M,296.2612828029559,310.3949002946508,1512.881850730116,47.324654784137415,82.32341349559908,2.237697980318233,13.702364775458928,58.37932676049881,0,2026-09-04 04:17:19
2026-09-03 22:28:00,CNC-01,L,25.4122954752616,38.07748444263285,2526.051982905465,20.402540748064762,82.75582099592987,2.9577988310649723,9.35151279735205,52.6703761959456,0,2026-09-04 04:17:19
2026-09-03 10:56:00,CNC-03,H,295.9972728984262,310.42479042593266,1429.7466750304268,49.855200654929824,153.55545225972187,2.168410813723825,13.358128054416825,55.489805215372236,0,2026-09-04 04:17:19
2026-09-03 19:03:00,CNC-03,H,299.42249578130645,313.16539793176946,2345.9520872731828,27.41828483317921,94.93662028050151,2.9388558767463544,12.200764676091758,52.192698253589946,0,2026-09-04 04:17:19
2026-09-04 00:02:00,CNC-03,H,298.2659133114976,311.4435581134133,2701.7974737064483,19.271770997383452,160.43840596406528,3.548018754518676,10.028475913327748,54.05486577318969,0,2026-09-04 04:17:19
2026-09-04 01:44:00,CNC-02,M,298.2709425361708,312.0519531814414,2599.2532791617105,21.54223426345298,198.79661428801973,3.8638437060358406,10.86924605637584,54.285620778965395,0,2026-09-04 04:17:19
2026-09-04 02:05:00,CNC-01,L,296.9553583174554,309.73939588746384,2619.285499351029,19.6555234080974,87.23411988605744,3.2002356615263414,9.758853321969193,58.06053564317497,0,2026-09-04 04:17:19
2026-09-03 14:14:00,CNC-01,L,302.54085091921814,310.8293890615308,1482.9800002602913,50.569589439600726,95.73752845654677,2.111628841035708,13.913958855467989,47.33194829529524,0,2026-09-04 04:17:19
2026-09-03 08:20:00,CNC-01,L,295.32500709295886,310.6203670635667,1704.624648193789,48.52638787859818,166.5329410463517,2.7985651728480074,15.157313105134225,60.932492018090926,0,2026-09-04 04:17:19
2026-09-03 23:37:42,CNC-01,L,297.8021352127307,310.4495771687043,2652.9752111443627,18.08553456245741,157.6413899540033,34.730575006353256,9.039321271201917,50.87361483170632,0,2026-09-04 04:17:19
2026-09-04 00:29:00,CNC-03,H,298.10863140140395,311.1228951690456,2640.298099385824,18.98957033747759,189.11285556958507,3.554349682267837,9.289935246270563,58.118360424319235,0,2026-09-04 04:17:19
2026-09-04 01:26:00,CNC-02,M,298.7791946631465,311.5180524724856,2719.451363992878,16.35104787487156,179.37808343507368,3.6839109137992287,8.369921698194823,55.69250954791038,0,2026-09-04 04:17:19
2026-09-03 14:06:00,CNC-02,M,298.3922578885423,311.87934570974943,1490.4360180818067,44.773131658680114,10.970427933589715,2.1471177033851605,12.365864128662848,,0,2026-09-04 04:17:19
2026-09-03 12:27:00,CNC-02,M,297.53128644541465,311.78772085848794,1356.7581071498037,50.79007287702962,89.06184955607397,2.076436322757208,12.891209287464264,50.29133997382105,0,2026-09-04 04:17:19
2026-09-03 23:19:00,CNC-02,M,26.47719184657018,39.221120180545995,2637.5029093075186,19.460994373900277,44.16268117645003,3.2038686445470246,9.797616458493032,53.09305503669161,0,2026-09-04 04:17:19
2026-09-03 08:14:00,CNC-03,H,295.81500213193283,310.4987635764117,1680.6742652144878,43.979677428351835,124.66881893399247,2.436109142434664,14.058324697183096,57.5806269048468,0,2026-09-04 04:17:19
2026-09-03 22:48:00,CNC-01,L,25.36439590287074,37.677304999726005,2595.5104953411383,18.256617501923166,104.30967076382822,32.69423245375088,8.869648418531776,50.758875115870715,0,2026-09-04 04:17:19
2026-09-03 11:16:00,CNC-03,H,301.78402997291914,310.4720722077504,1421.4631078320347,49.91620321910275,185.13179240036146,2.472917020404599,13.587086720617185,49.505979593868936,0,2026-09-04 04:17:19
2026-09-03 15:36:00,CNC-03,H,298.48721078095934,312.69496908313937,1686.615580294728,44.00866773362922,84.68957648548545,2.419262292139487,13.933092621294803,53.71502322956616,0,2026-09-04 04:17:19
2026-09-03 14:51:00,CNC-03,H,298.45729351197633,312.7297537226967,1445.9241092111838,52.350799837984546,16.738909157884077,2.185404304126016,14.156911156505908,53.394888688250084,0,2026-09-04 04:17:19
2026-09-03 05:43:00,CNC-02,M,296.3740662075859,311.54349359812437,2100.9194147885482,36.61365482351183,163.88169627288715,3.084564124908617,14.38810063270546,59.362420156560525,0,2026-09-04 04:17:19
2026-09-03 17:47:00,CNC-03,H,298.7783409132537,313.661120166697,1799.957296576792,40.314253671447204,270.4354302199623,3.769961483977273,13.582380271494618,55.69184996064695,0,2026-09-04 04:17:19
2026-09-03 11:09:00,CNC-03,H,301.4710483859174,310.30235384025,1421.510069060931,52.1956082095881,174.05759648717975,2.585145640815624,13.991352067011318,46.34580188050025,0,2026-09-04 04:17:19
2026-09-04 01:22:46,CNC-02,M,298.74595257908084,311.79162490891406,2718.318190415274,17.728508659272286,176.2175903252849,3.633980424840168,9.008758670638304,52.65098376433126,0,2026-09-04 04:17:19
2026-09-03 04:29:00,CNC-03,H,296.8915743871673,310.5484713954586,2264.87338480181,29.284131942329388,56.749364214672276,2.889393743725956,12.287527026147899,59.957982032979736,0,2026-09-04 04:17:19
2026-09-03 10:19:00,CNC-03,H,295.9648250119814,310.33705737755173,1461.7620538907179,48.938340775011916,95.11617525778342,2.1367145774771727,13.306852782803235,56.87179113864096,0,2026-09-04 04:17:19
2026-09-03 22:24:00,CNC-02,M,26.983954457116283,40.5947121651414,2636.112515892673,19.514801497957198,212.4705327543576,3.9098704343032784,9.531872151817995,51.63352130014979,0,2026-09-04 04:17:19
2026-09-03 15:05:00,CNC-02,M,298.76829176264187,313.6512584444384,1624.4110864389886,47.293912607278685,101.79759696921649,2.3493293334932397,14.463363464853542,55.32650858630828,0,2026-09-04 04:17:19
2026-09-03 18:48:00,CNC-02,M,300.32213352035023,314.30970879300685,2142.2765325485675,27.93644931809773,186.38895257256405,3.2814569143086088,10.98743268465844,49.68007633985302,0,2026-09-04 04:17:19
2026-09-03 09:57:00,CNC-02,M,296.5459434965949,310.7312138422565,1392.4197929073728,51.059408458085755,55.63478526214457,2.083955029573174,13.256079261659226,52.36799177422872,0,2026-09-04 04:17:19
2026-09-04 04:09:00,CNC-01,L,295.7358768952738,308.21220791118463,2314.88561746351,22.27592106868526,15.401501326904036,2.854629055514075,9.731309751533225,60.91309062878348,0,2026-09-04 04:17:19
2026-09-03 04:56:00,CNC-01,L,296.497455692783,309.601199517787,2312.1595781502747,24.872757497687424,85.09974945457125,29.123553106608025,10.693252206436995,53.21141533383043,0,2026-09-04 04:17:19
2026-09-03 23:16:00,CNC-01,L,25.101051961071505,37.32571817123005,2598.1771953030448,15.87591976348862,134.3454706990334,3.406685645077896,7.854615469282636,55.82415417111949,0,2026-09-04 04:17:19
2026-09-03 15:33:00,CNC-02,M,299.0412998303077,314.1179806794853,1685.3013700660365,46.35718905337291,143.86264898168005,2.668210518104909,14.85606037432687,55.2996923228282,0,2026-09-04 04:17:19
2026-09-03 16:10:00,CNC-03,H,298.4468392547785,313.1900231354364,1880.1705012629795,40.13376125223114,134.73238608666227,2.560018731931808,14.270822292071793,54.440030669218444,0,2026-09-04 04:17:19
2026-09-03 08:11:00,CNC-01,L,295.19616418504893,310.1232835933122,1743.013102572653,43.975513600710386,153.209764291381,2.632814591282183,14.313993239545313,56.75751040431596,0,2026-09-04 04:17:19
2026-09-04 03:43:00,CNC-01,L,296.2354377885845,309.90385927863383,2497.6671475714534,23.727395539663664,198.3846369653388,3.783852750266223,11.1303014574123,57.318927325765536,0,2026-09-04 04:17:19
2026-09-03 20:48:00,CNC-03,H,25.93258532364746,39.41869399363134,2655.697291481713,20.393388263504413,220.4011419394785,3.9824719267171282,10.178177323952267,54.53622713127924,0,2026-09-04 04:17:19
2026-09-03 22:00:06,CNC-03,H,299.1470715288279,311.437155693756,2509.0317067344013,19.648755201852726,,3.066979213278654,9.177145475565633,52.026708539605124,0,2026-09-04 04:17:19
2026-09-03 18:23:00,CNC-03,H,299.11350781156267,312.48046952210126,2035.822042070408,31.573991290006408,43.97874966128029,2.618630062835445,12.027417241772108,53.90036282282214,0,2026-09-04 04:17:19
2026-09-03 13:53:00,CNC-02,M,298.13432612281724,313.56009292423886,1447.0674391148134,54.98615919507925,224.86667198555224,3.0101870009055673,14.987223596847917,51.52756745259102,1,2026-09-04 04:17:19
2026-09-03 05:01:00,CNC-02,M,296.8311325459885,310.76333532349855,2282.895510824659,27.959773714494137,109.58885472155663,2.9684352997801446,11.90781107031543,57.13622259551553,0,2026-09-04 04:17:19
2026-09-03 20:58:00,CNC-01,L,25.423738783817385,38.17668728753898,2663.782214680071,17.897874781745593,178.36980941790642,3.7777725346529394,8.97746064330417,53.52981164629254,0,2026-09-04 04:17:19
2026-09-04 03:29:00,CNC-03,H,296.0280118315397,308.92807127721375,2435.5031586170503,21.53251930319239,124.32168137729649,3.0567035530105566,9.624955901520156,58.29267538659947,0,2026-09-04 04:17:19
2026-09-03 16:45:00,CNC-02,M,299.509848708503,313.66336772845426,1758.8486732115614,40.79876887998849,21.370462329003313,2.3767068476554605,13.269226678948584,52.96702525232631,0,2026-09-04 04:17:19
2026-09-03 17:39:00,CNC-02,M,299.9476711364944,314.418114124202,1968.3274488403044,36.86066964038481,96.4081444914233,2.6000245038054834,13.916479615893353,50.79132793735083,0,2026-09-04 04:17:19
2026-09-03 08:56:00,CNC-03,H,295.74068298811267,310.4000798949522,1586.3952674129293,47.11673048714766,187.43128669477994,2.6087192085464563,14.198294550634769,65.17457556827108,0,2026-09-04 04:17:19
2026-09-03 05:00:00,CNC-02,M,296.7287359464322,310.8006588975389,2198.427680254772,31.153339668367508,108.347018377077,,12.973210773865711,52.26160328724791,0,2026-09-04 04:17:19
2026-09-03 11:07:00,CNC-02,M,296.8695564273924,311.06650104926837,1382.0732412222615,49.39926216888562,165.80499284743289,2.318454928833029,12.79078470391931,58.46778444035153,0,2026-09-04 04:17:19
2026-09-03 20:23:00,CNC-01,L,25.967061724081816,39.826182696568935,2296.387186175675,28.328162731614952,137.88660881723362,3.1448279633145995,12.483933400501446,57.015725044413045,0,2026-09-04 04:17:19
2026-09-03 23:23:00,CNC-03,H,298.5062127756909,310.2173526380479,2803.4167424455522,13.271494076521039,118.94449949818339,3.571244246087747,7.213986178719398,51.786999603867855,0,2026-09-04 04:17:19
2026-09-03 22:18:00,CNC-01,L,25.336634635155633,37.33039312262173,2639.613321599805,16.6682991113785,71.96974820185852,3.269608095420731,8.111517583977994,53.09807062463503,0,2026-09-04 04:17:19
2026-09-03 09:18:31,CNC-01,L,294.9673480152846,308.8440266009536,1514.1858263879822,45.24394290472428,50.607746091589334,2.2618572165935595,12.922188158017814,58.59557552001033,0,2026-09-04 04:17:19
2026-09-03 12:41:00,CNC-01,L,296.08203454791817,310.70456343606776,1369.6562583347184,53.193348805081676,177.48463029426313,25.129323879539008,13.667225449564391,57.389442656831534,0,2026-09-04 04:17:19
2026-09-03 04:39:00,CNC-02,M,296.74392504357127,310.04627499907775,2291.6621929656826,25.73091408699218,82.21491222957049,2.8138503561904096,11.121921928386236,54.725666020708296,0,2026-09-04 04:17:19
2026-09-04 03:59:00,CNC-01,L,295.5214500024691,307.44213889470075,2378.0540856461434,19.042756731611806,3.531614917133507,2.8724747592289708,8.328057382267666,61.61342711831313,0,2026-09-04 04:17:19
2026-09-03 11:14:00,CNC-02,M,11074.446197529254,311.67527419604767,1320.9157255100583,52.99609526729152,176.90804872086926,2.456383400499539,13.11348035723901,51.960393309907985,0,2026-09-04 04:17:19
2026-09-04 01:30:00,CNC-02,M,298.57362241632785,312.9439263480191,2709.6466738983,23.993815826453233,183.6739320721388,3.8018173235408765,12.004432532165524,53.39489456865907,0,2026-09-04 04:17:19
2026-09-03 16:25:22,CNC-03,H,298.4955570615155,313.0780212312868,1809.9169350175273,41.50015212117953,156.39576311020375,2.6884158413046033,13.811179279889267,50.30055424802599,0,2026-09-04 04:17:19
2026-09-03 15:03:00,CNC-03,H,298.20272696248117,312.6566510343191,1635.8646463575158,46.24011025217069,34.996445634646875,2.26270788968464,14.370466865785037,54.22324785345494,0,2026-09-04 04:17:19
2026-09-03 09:00:04,CNC-02,M,296.46953569961335,311.1347559543548,1601.2593748789325,45.82893904764142,187.73287003493635,2.7140822794047925,13.805622008380517,55.59655241657451,0,2026-09-04 04:17:19
2026-09-03 21:04:00,CNC-01,L,298.89673041362795,,2519.152164387822,19.509253418531227,185.22000396910397,3.623970020701083,9.174860477917589,55.80324114205734,0,2026-09-04 04:17:19
2026-09-03 07:51:00,CNC-01,L,295.4423067559287,309.78825974545924,1894.365950929945,37.141437537884904,123.77921964313184,2.6552747256437788,13.290372199995293,59.197387565976804,0,2026-09-04 04:17:19
2026-09-03 21:11:00,CNC-02,M,300.7086503519083,314.743752562325,2425.949570052015,26.990714155511647,132.16594123067202,3.143250478340145,12.221975914201053,50.364110725980694,0,2026-09-04 04:17:19
2026-09-03 06:54:00,CNC-03,H,296.136755381723,309.4958662003967,1903.8473307968075,34.36216240481422,9.759125022479072,2.5364263836854395,12.75888861720507,55.88797662358088,0,2026-09-04 04:17:19
2026-09-03 21:43:00,CNC-02,M,300.60090448185366,314.25539304311746,2572.4941841693562,21.872089439596273,167.78292090619811,34.58706073283801,10.080730094834367,42.510354844947216,0,2026-09-04 04:17:19
2026-09-03 20:51:00,CNC-03,H,26.087656830073684,40.21376529246601,2484.190435380806,25.29420385367903,223.76144460362684,3.708131080065621,11.836216640923627,50.25860726353766,0,2026-09-04 04:17:19
2026-09-03 23:26:00,CNC-03,H,298.71918269982973,311.74660160023325,2784.419140246736,19.22519974194561,122.15042004350539,3.423238312690381,10.085255400321987,53.107668877707965,0,2026-09-04 04:17:19
2026-09-03 07:07:00,CNC-02,M,295.9881159058177,309.936534606609,1886.280345049528,37.7425826798287,21.061639576589183,2.616733513708457,13.255635243166033,61.92655574857025,0,2026-09-04 04:17:19
2026-09-03 08:12:00,CNC-02,M,296.4368478887988,310.8936251695482,1653.6110080998624,42.88933877292257,114.7075571018787,2.4061697335401218,13.596176961385964,56.20913914402137,0,2026-09-04 04:17:19
2026-09-03 21:29:00,CNC-01,L,298.8168035032597,310.61255292733114,2722.554769278756,16.013873614913486,17.77740342444088,3.2301387541009015,8.186529992319585,50.58369936957861,0,2026-09-04 04:17:19
2026-09-04 00:07:00,CNC-01,L,297.82763975000563,311.5037673696892,2631.4497706109096,23.031204755068305,188.69657045966198,36.98501854001898,11.395557412447362,58.94322200365298,0,2026-09-04 04:17:19
2026-09-03 12:32:00,CNC-01,L,296.0112791995275,311.1279480701405,1449.30069474321,55.296268309977386,163.18014478600193,2.4722320535812985,14.873835007308738,57.89782668413878,0,2026-09-04 04:17:19
2026-09-03 22:24:00,CNC-01,L,25.185467196896752,37.348755851093756,2751.3529493315264,15.282353829343307,78.39002000907415,3.268024866371891,8.049825604565557,54.46139068338734,0,2026-09-04 04:17:19
2026-09-03 12:59:00,CNC-01,L,296.2561205627967,311.3246313374775,1464.2632698320108,49.34808218327685,,2.954757836183545,13.393353999972765,54.949648958936216,0,2026-09-04 04:17:19
2026-09-03 21:21:00,CNC-03,H,299.03580701171376,312.7226590421435,2728.736658772927,20.770469246023364,257.80277030629327,4.309426782578228,10.557499642632656,47.35913905240331,0,2026-09-04 04:17:19
2026-09-03 07:06:00,CNC-01,L,295.6642045277823,309.7780698772423,1657.9106785104386,43.86491306075805,59.64190733745104,2.298030236430556,13.550608067167968,62.61648736035574,0,2026-09-04 04:17:19
2026-09-03 17:02:00,CNC-03,H,298.49633245522597,313.4083553416158,1798.177196402043,41.517317830436404,208.7879529563646,2.9415682540964436,13.82569043260043,54.42647542387924,0,2026-09-04 04:17:19
2026-09-03 18:21:00,CNC-01,L,298.76874585329097,314.5883759581142,1938.0562190433554,43.37837888912367,212.8989204222723,3.494856726936827,15.65081212336251,54.55259257039516,0,2026-09-04 04:17:19
2026-09-03 23:25:00,CNC-03,H,298.70482868125333,311.7796179881007,2755.6378318309385,0.0,121.08902664212317,3.437167675923052,10.01150333948049,55.556291856110356,0,2026-09-04 04:17:19
2026-09-03 08:05:00,CNC-03,H,296.0631257039701,310.7528859944813,1628.6833968665624,45.959721561679586,111.39970528200986,2.284461555391335,14.071667426144963,61.99708218676179,0,2026-09-04 04:17:19
2026-09-03 11:56:00,CNC-02,M,297.5957648338051,311.2400850861808,1358.046239992884,49.95237130800695,39.799822438170466,1.969189417689052,12.608537392915066,53.1598114232037,0,2026-09-04 04:17:19
2026-09-03 22:26:00,CNC-03,H,25.998347343254068,38.078446485949826,,17.156498688560994,58.132925032620705,3.34006019669798,8.833073805892067,48.39373624828566,0,2026-09-04 04:17:19
2026-09-03 18:00:00,CNC-03,H,298.901417410006,312.17977911682715,1966.0266455061685,33.37360171397026,13.548936633446603,2.532341168228117,12.191829816071374,54.1325122219389,0,2026-09-04 04:17:19
2026-09-03 05:31:00,CNC-01,L,296.2865770676675,310.9742224188857,2032.0051052339936,36.683910109690565,129.68393884992324,2.7450756552422484,14.075337269293463,53.830659186564546,0,2026-09-04 04:17:19
2026-09-03 19:36:00,CNC-01,L,298.9548738304383,312.64022349200076,2286.8758343849336,27.565419877628766,81.54286855428751,2.971991200101974,11.494914771270848,54.0507265675657,0,2026-09-04 04:17:19
2026-09-03 18:51:00,CNC-01,L,298.9252554806687,312.335553213015,2192.9549815061755,28.759262603118017,25.713322448087467,2.876271285760779,11.879151102240332,57.56321098630272,0,2026-09-04 04:17:19
2026-09-03 22:50:00,CNC-01,L,25.313374814826773,38.106054737495185,2652.9885554588,19.428424467036695,106.44424460386601,0.0,9.371695853104864,57.275246960186465,0,2026-09-04 04:17:19
2026-09-03 07:55:00,CNC-03,H,295.5759879528428,310.0578306219253,1793.0748197788926,41.63360887601048,96.78341580745732,2.4093054674593923,13.88398595502411,57.727339214431495,0,2026-09-04 04:17:19
2026-09-03 13:52:00,CNC-03,H,297.6227136113941,,1337.277761279764,57.214589835552935,169.11812059944785,2.39240424148155,14.290956273593075,55.61462377985286,0,2026-09-04 04:17:19
2026-09-04 04:01:00,CNC-01,L,295.8548321316411,308.61967783263026,2439.306812605444,24.287321618112177,5.930542354653501,3.0674568950976817,11.115331565642006,57.93963175645913,0,2026-09-04 04:17:19
2026-09-03 23:52:26,CNC-02,M,299.84610435720384,312.1917649089292,2710.624763464833,15.476042045559137,80.34681123554616,3.3850299968471087,7.648434757285139,48.56939091798885,0,2026-09-04 04:17:19
2026-09-03 21:23:00,CNC-01,L,298.7953131372154,310.09744639432745,2574.299449214892,14.684860076180716,11.130873062866304,3.192608840947256,7.199887587775724,57.32198068069483,0,2026-09-04 04:17:19
2026-09-03 22:38:00,CNC-02,M,26.693298968733245,37.553418922858555,2796.8101590462043,8.94935600128701,0.0,3.297525724840123,4.697813970173825,49.01945623002328,1,2026-09-04 04:17:19
2026-09-03 09:34:00,CNC-03,H,295.6374851033722,309.41904994699973,1473.0221951989138,47.8323891352232,24.630854220982,2.1360586379369773,13.258619677762777,63.618116391184635,0,2026-09-04 04:17:19
2026-09-03 09:11:00,CNC-03,H,295.4599185816279,310.73778528820213,1555.6870891191752,51.2912970058192,210.27439287773748,2.7690082223484813,14.863415962833955,59.38480368825994,0,2026-09-04 04:17:19
2026-09-03 07:14:00,CNC-01,L,295.26042939090996,308.8778541617411,1905.3738757065537,32.671647488352136,70.82804317056306,2.5514237423056887,11.426998343904984,55.19754009917525,0,2026-09-04 04:17:19
2026-09-03 15:16:00,CNC-03,H,298.2644089461886,312.1434458251509,1576.4343277684031,43.16214201793757,54.689004492120404,2.2059763472511866,13.015094344012626,57.05989935043396,0,2026-09-04 04:17:19
2026-09-03 07:50:00,CNC-03,H,296.20572125916215,310.41851266386004,1730.415182650769,40.543926564910045,89.43541621858229,2.3887838360192952,12.864311539421488,58.39543145747678,0,2026-09-04 04:17:19
2026-09-03 21:18:00,CNC-03,H,299.27542946682814,313.41918567845005,2398.782072311322,26.02661187532552,254.46028227629452,4.139918448282346,11.80491031272604,47.96941426314704,0,2026-09-04 04:17:19
2026-09-03 23:41:00,CNC-02,M,299.7414281559183,311.8760743607592,2692.827249908043,15.487911762407418,67.70468692126985,3.301336473113581,7.905795686311316,52.89794565272744,0,2026-09-04 04:17:19
2026-09-03 07:13:00,CNC-03,H,296.20049934846367,310.55483941789424,1834.961732636823,39.46263391725514,36.48506647772326,2.4128983879678065,13.479174777905818,60.17809519287177,0,2026-09-04 04:17:19
2026-09-04 01:48:00,CNC-03,H,297.0469236072353,308.5166213205347,2773.107204253154,13.78855395114186,10.671717905596978,3.287650924789217,7.048452774753456,63.93921911929863,0,2026-09-04 04:17:19
2026-09-04 00:29:00,CNC-01,L,297.92519464722983,310.57807330431797,2692.197678349434,16.498227015214823,212.2228819050959,4.195020034844573,8.105052632057662,58.77139535447357,0,2026-09-04 04:17:19
2026-09-03 08:31:00,CNC-03,H,296.0677217577077,310.2038831215809,1627.53081629366,41.90132910519262,149.8200528698037,2.5639219955064134,12.97523628379919,57.876240530206516,0,2026-09-04 04:17:19
2026-09-03 06:29:00,CNC-02,M,296.0477302634428,310.4960786402148,1941.2936121307666,34.414420520755684,225.63534647325568,3.4810019342332734,12.734003572295324,54.60606065364812,0,2026-09-04 04:17:19
2026-09-03 11:31:00,CNC-01,L,295.33673091036076,309.08422460007773,1338.8068080362343,50.540009872782726,66.22804683003956,2.0352422230888347,12.907016112956594,62.91879512014657,0,2026-09-04 04:17:19
2026-09-03 22:56:00,CNC-03,H,25.925724201593425,38.294856541292745,2613.7287317454247,18.480475741622296,90.39188753689015,31.451203020834402,9.020592609368983,57.15620137079248,0,2026-09-04 04:17:19
2026-09-03 20:02:00,CNC-03,H,26.311397992124625,40.77348813885169,2167.9576635144977,32.84159123076052,166.83599417565472,3.120617405742647,13.188042785410076,51.43179242622819,0,2026-09-04 04:17:19
2026-09-04 01:37:49,CNC-03,H,297.4207083251401,310.875991579835,2631.1839150333035,19.74702944453814,262.2734371432814,4.382344527890936,9.894989361724312,57.590767031490564,0,2026-09-04 04:17:19
2026-09-03 23:24:00,CNC-01,L,298.4890926404949,310.341458149875,2678.743295404298,14.923604042671602,142.85057031373591,3.4532851688253268,7.479434569911177,51.47944032837889,0,2026-09-04 04:17:19
2026-09-03 21:13:00,CNC-01,L,298.9094696377994,310.5657717783023,2551.8080940805767,15.820485388696472,0.0,2.990280990429124,7.365465438417422,56.8577679995433,0,2026-09-04 04:17:19
2026-09-03 05:59:00,CNC-02,M,296.6536505900821,311.50850127681275,2115.6369544313384,35.50684330833483,184.98333800907312,3.276969418811575,14.223591437555582,58.565914134262506,0,2026-09-04 04:17:19
2026-09-03 10:44:36,CNC-03,H,296.05390156065505,310.2286688428268,1357.2471701436236,48.67036377002036,137.68563833904244,2.1620928343478663,12.427427425110576,58.165940734032596,0,2026-09-04 04:17:19
2026-09-03 22:46:38,CNC-01,L,25.27625954018538,38.516464666460195,2588.850360861685,22.474878442605107,102.13208884166676,3.207510472200449,10.703831309923686,55.10264572831168,0,2026-09-04 04:17:19
2026-09-03 04:32:00,CNC-03,H,296.42627638510373,309.5566283776046,2193.602201508853,27.6909073879813,60.44598990510384,2.74897847052126,11.482698968192274,59.876302513226015,0,2026-09-04 04:17:19
2026-09-04 02:21:00,CNC-03,H,296.7429486267005,309.6702275106472,2453.557100127821,23.430593279180115,46.94398206157707,3.007483414625756,10.741555371937208,58.88174884672282,0,2026-09-04 04:17:19
2026-09-03 23:23:33,CNC-02,M,299.8638574425444,312.3427385538752,2655.7106055198797,17.550869853799693,48.403675278796314,3.1413797241481594,8.512215603990681,50.70892580823818,0,2026-09-04 04:17:19
2026-09-03 11:26:00,CNC-01,L,295.66049084567015,309.1643494394644,1379.1564198370786,47.1152924249665,58.29632564331132,1.9782097819378475,12.677547367121447,60.980329649226356,0,2026-09-04 04:17:19
2026-09-04 01:35:00,CNC-02,M,298.8475233166597,312.7935548218823,2603.2401878820783,22.750506079635198,189.01383253355775,3.6784587685038277,10.991909430180163,54.58325408751063,0,2026-09-04 04:17:19
2026-09-03 15:22:00,CNC-03,H,298.3672508503895,312.2187128136415,1861.4401179799224,36.55054652247957,63.738323983760075,0.0,12.943184108800189,53.83983094416926,0,2026-09-04 04:17:19
2026-09-03 15:02:00,CNC-02,M,298.61867164072044,313.2611625853363,1676.5342289793487,45.74105094139746,97.26726480368544,2.3267341913331006,14.106258255720478,56.1309187805886,0,2026-09-04 04:17:19
2026-09-04 03:43:00,CNC-02,M,297.3338275747146,311.85095489048854,2457.3250032285955,28.025878627166527,125.56668966695155,3.088807470966151,12.925081443076053,53.14770813500337,0,2026-09-04 04:17:19
2026-09-03 05:54:00,CNC-03,H,296.07573708409336,310.65321614362773,2017.6717566453985,35.70757472661561,164.93699695332242,2.8229273264825205,13.094302393939369,57.52516041805538,0,2026-09-04 04:17:19
2026-09-03 19:53:00,CNC-01,L,299.14799922725535,312.59607201597356,2327.0798859119777,26.25624499237659,102.1539479734052,3.01605366430383,11.387882737619954,54.77973726019614,0,2026-09-04 04:17:19
2026-09-03 18:15:00,CNC-02,M,300.1515779384587,314.62046394910874,1992.6367816545994,33.77726661775007,144.37792256800873,2.7738722582572675,12.419565189346503,54.49822047391296,0,2026-09-04 04:17:19
2026-09-03 12:44:16,CNC-03,H,302.483431910229,310.0146416571937,1398.10483424044,45.01169342420318,61.78145229617177,2.0391121594822263,11.701734168176236,43.886638091856724,0,2026-09-04 04:17:19
2026-09-03 06:05:00,CNC-03,H,296.40328430505735,311.37833841416483,2114.076773511507,36.820370392829034,179.6293419778041,3.0376666756247137,14.905640488794733,59.842764760565615,0,2026-09-04 04:17:19
2026-09-03 08:00:00,CNC-01,L,295.211901224576,309.8041605722674,1711.343713200377,42.20448831602823,136.87556420943488,2.671825124652635,13.415956717701786,58.36062650426749,0,2026-09-04 04:17:19
2026-09-04 00:35:00,CNC-03,H,298.0431262287687,311.18298807371525,,18.08812229078634,195.42973191301326,3.810987633821543,9.450481745823012,48.70716704250218,0,2026-09-04 04:17:19
2026-09-03 16:50:00,CNC-02,M,299.8307936158041,313.10978498166764,2096.9023129724947,29.733292109069513,28.379932228279607,2.6921122148934242,11.47635829523247,54.17680423717776,0,2026-09-04 04:17:19
2026-09-03 15:23:00,CNC-02,M,298.87025762391033,314.3217493921041,1817.340480789243,46.311258539393016,128.82847444028494,2.6372537763780026,15.913348772864262,51.31964691488362,0,2026-09-04 04:17:19
2026-09-04 00:01:57,CNC-01,L,298.11294583070725,310.83706226869714,2602.8123542761405,17.919313990133592,183.26998829931316,3.7301345663857726,8.786198460101465,52.57279164394359,0,2026-09-04 04:17:19
2026-09-03 18:38:00,CNC-02,M,300.28813609858736,314.6552117089953,2187.376559023667,30.269447113255676,173.7807190353413,86.16248025278522,12.40313925823534,49.34494038063822,0,2026-09-04 04:17:19
2026-09-03 11:20:00,CNC-02,M,297.0867083390559,312.2727498468287,1456.42116191226,52.97466515269815,186.47229576644753,2.6634227848789807,13.987887086323042,60.25148258533272,0,2026-09-04 04:17:19
2026-09-03 23:04:00,CNC-02,M,26.767853900366163,39.58944922859877,2567.711554838032,20.230194420100748,28.05562766696282,3.1359053000176487,9.50877518455992,47.22191934802101,0,2026-09-04 04:17:19
2026-09-03 23:04:00,CNC-03,H,25.761089935200346,37.43414259610876,2747.38295880996,14.133146265009117,98.83877936897119,3.3088568086971395,7.440910411844069,49.70257658643109,0,2026-09-04 04:17:19
2026-09-04 03:42:00,CNC-02,M,297.15565810388654,311.38515968904284,2284.10051696284,28.748206438886974,124.39106227211883,3.0535270915335904,12.591333269383531,53.889346387265334,0,2026-09-04 04:17:19
2026-09-03 17:02:24,CNC-03,H,298.7689417572883,314.4303067291861,44205.26721166739,42.43964616216355,207.3590880392352,3.246368354584656,15.999470702610118,51.460797459087686,1,2026-09-04 04:17:19
2026-09-03 20:57:00,CNC-03,H,26.320568758646914,40.48746383292291,2506.682950551915,24.185751064418426,,3.808820892490187,11.158390699765146,51.335908608440995,0,2026-09-04 04:17:19
2026-09-03 21:34:00,CNC-01,L,298.6739717197665,311.645103300785,2737.4456697847877,21.51434868882656,23.38625633533273,3.225593628561954,10.948708009098397,56.80321754221862,0,2026-09-04 04:17:19
2026-09-03 23:14:00,CNC-02,M,26.978837161674278,38.800717557801875,2764.7134013100413,14.154169422377642,38.85621625682373,3.324899028460943,7.31637117682016,49.16605539969664,0,2026-09-04 04:17:19
2026-09-03 11:58:00,CNC-03,H,301.9686447908397,310.9394276430527,1385.2956734297445,52.92638552114656,251.7927274143953,3.126433759436714,13.818506136863512,49.10706646587417,1,2026-09-04 04:17:19
2026-09-04 01:36:00,CNC-01,L,296.8660913813066,308.1630006519297,2605.262685434488,13.71704014021136,55.658939753010685,3.253186161370381,6.891519042731572,58.12571080353629,0,2026-09-04 04:17:19
2026-09-03 11:04:00,CNC-02,M,297.0154183145633,311.94741017274634,1492.2522088803867,50.51997530613136,161.01611946783876,2.467659329345965,14.140698692057354,58.52541880463442,0,2026-09-04 04:17:19
2026-09-03 06:22:00,CNC-02,M,296.4782374170099,310.86436742886144,2021.026483734878,34.00111252014237,215.9635339874972,3.459319953113258,12.746673046819582,57.52814072594897,0,2026-09-04 04:17:19
2026-09-03 17:26:00,CNC-03,H,298.8904338688217,313.84336960088945,2115.5173202875235,34.945749507577254,241.98647473787358,3.5775474124838382,14.031326248945982,53.04929958945928,0,2026-09-04 04:17:19
2026-09-03 05:02:00,CNC-03,H,296.4655559154005,310.2913857561423,2034.991011472838,33.012369203083374,97.77658971269908,2.6125766192477005,12.686909366573708,54.50184081154884,0,2026-09-04 04:17:19
2026-09-03 17:42:00,CNC-03,H,298.9690885137852,314.70497575765467,1819.6252730622255,45.797037358742024,263.68220632581665,3.6335539509642416,15.565752582381041,50.34828963626795,0,2026-09-04 04:17:19
2026-09-03 17:40:00,CNC-01,L,298.1570546093169,312.7559538384411,1904.855070590801,39.8918320219926,158.38173131670118,2.881555776153858,14.322909445314796,57.76036716559662,0,2026-09-04 04:17:19
2026-09-03 19:04:00,CNC-01,L,298.90865153136303,311.7373668476368,2272.328004430466,23.69349386033681,41.99018956406539,2.7761781622796047,10.112905549390101,55.37110804690113,0,2026-09-04 04:17:19
2026-09-03 20:56:00,CNC-01,L,25.513395792075585,38.01302033230445,2555.9978739453513,17.105592353324838,176.16806515331655,,8.222990314650989,55.67378004398406,0,2026-09-04 04:17:19
2026-09-03 04:39:11,CNC-03,H,296.2811477366813,309.3333069590329,2205.311060632843,24.082495015123396,69.11564581763477,2.843679667504937,9.767452555187985,,0,2026-09-04 04:17:19
2026-09-04 00:23:00,CNC-02,M,299.3594008357942,312.9571014102445,2447.6044790960054,23.78254103513936,112.2029774607653,3.138277290921408,10.712432949647685,49.187467667320355,0,2026-09-04 04:17:19
2026-09-04 02:12:00,CNC-02,M,298.2174711089504,309.759019331227,2653.794274111264,13.689725563970763,21.775575352930336,3.180142608896289,6.8994111419782636,53.85909828004384,0,2026-09-04 04:17:19
2026-09-04 04:04:00,CNC-02,M,297.1674356571884,311.37176279915786,2369.0933954627903,,150.34579480452928,3.264868798393225,11.380564729931606,58.03718842933491,0,2026-09-04 04:17:19
2026-09-03 23:27:00,CNC-03,H,298.8722227271288,312.45478526974654,2646.56624979908,23.50778006851087,123.2351258676149,3.330553955188146,239.31050633081517,58.408851437722944,0,2026-09-04 04:17:19
2026-09-03 08:46:00,CNC-01,L,295.00143300425196,308.8401889478111,1773.8071314121896,39.79302170396869,1.4455198208737383,2.3687410275672716,13.213629305889308,62.96597809882375,0,2026-09-04 04:17:19
2026-09-03 23:07:00,CNC-01,L,24.975724079990187,37.10097619434157,2681.3770257385954,16.67896125843254,124.776110362578,3.484652966124901,8.529297652659615,56.46075893012319,0,2026-09-04 04:17:19
2026-09-03 17:55:00,CNC-02,M,299.99421262301314,314.41292656210345,2010.756440579699,35.23872660052124,117.7760122159738,2.6543340662741683,13.207462076390918,53.632313075548595,0,2026-09-04 04:17:19
2026-09-03 07:27:00,CNC-02,M,296.3254852359415,309.833619773811,1746.6026988541598,35.80799735253453,49.34014932513194,2.355358438627075,11.48803967159163,57.556818233682186,0,2026-09-04 04:17:19
2026-09-03 06:02:00,CNC-02,M,296.17739034675765,310.76240143846127,1937.375844652077,36.94991954386813,189.02144841129373,3.1558460600671308,13.528499326185335,57.8946481375491,0,2026-09-04 04:17:19
2026-09-04 01:27:00,CNC-03,H,297.7487013572586,311.70943715790423,2675.736491695604,23.831007400791503,251.4887885285817,4.256331738604193,11.978875395308775,57.41153739916204,0,2026-09-04 04:17:19
2026-09-03 20:17:00,CNC-03,H,26.331583797118242,39.90041376823672,2474.9894676849026,23.498111440098736,184.52231091164816,3.4242771801207676,10.842317563528463,54.07646025400489,0,2026-09-04 04:17:19
2026-09-03 11:39:00,CNC-03,H,301.63740225116936,310.36948740155657,1407.2962955474773,51.368008781679464,221.6597858849233,2.7569039644763995,13.626135144518436,50.93385309389295,0,2026-09-04 04:17:19
2026-09-03 10:45:00,CNC-03,H,295.9806607087014,310.72817134512576,1423.6299390427093,55.31448462866469,136.1017594803804,2.2894403065700324,14.731469914333985,62.58430893209994,0,2026-09-04 04:17:19
2026-09-03 14:15:00,CNC-02,M,298.44875625897595,312.0875954886336,1393.8254695047863,,25.15063867824804,2.045875306377483,13.120917889755027,55.214031863120745,0,2026-09-04 04:17:19
2026-09-03 11:36:00,CNC-01,L,295.6209600528689,309.678035079739,1359.09337797401,52.75529246934648,74.08984806107235,2.0335864600452385,13.554056898875174,59.987006344400285,0,2026-09-04 04:17:19
2026-09-03 05:16:00,CNC-03,H,296.55012248471235,310.66104580108305,2103.9693356697394,31.991416668584147,115.55650066860316,2.840358495513209,12.741619557328992,59.882663915086475,0,2026-09-04 04:17:19
2026-09-03 08:17:00,CNC-02,M,296.51032536714405,311.18438516736245,1761.7438254005217,42.996932333606004,122.16177934644884,24.76521347803651,14.056664854063403,55.69745325058205,0,2026-09-04 04:17:19
2026-09-04 01:21:00,CNC-01,L,297.35025793833444,308.6056136612722,2743.4073006497965,12.841201797650388,39.46709666468372,3.377667025993836,6.461981138756436,58.653574224382524,0,2026-09-04 04:17:19
2026-09-03 16:59:00,CNC-02,M,299.4580321672074,313.6731022898444,,40.303100884980175,40.98580739516097,2.4095670757955228,13.950190951835603,51.09998182532408,0,2026-09-04 04:17:19
2026-09-04 02:19:00,CNC-01,L,296.5229428400459,309.8251827390955,2741.329094661781,20.270562218446898,102.54187969993085,3.287599232961931,10.522116177441166,57.817142917176724,0,2026-09-04 04:17:19
2026-09-03 20:25:31,CNC-01,L,25.95547876253289,39.736499097119406,2347.3910617626734,27.11815327513548,,3.276632784279372,12.058622827302036,55.46005395073795,0,2026-09-04 04:17:19
2026-09-04 04:14:00,CNC-02,M,297.0961258885973,311.04294223873984,2335.4773627974932,24.55373488985773,162.3976470194063,3.223277122646616,10.721271522151621,58.08024602646858,0,2026-09-04 04:17:19
2026-09-03 04:36:00,CNC-02,M,296.9618699086728,310.46730724471416,2350.900222679127,25.852742779374797,78.55730847868983,2.965831177486236,11.430286014052824,56.301946225901645,0,2026-09-04 04:17:19
2026-09-03 05:39:00,CNC-03,H,296.0349354727258,310.2854389212505,2166.4185511358833,31.841820150708585,145.24478975535354,2.8712934040059657,13.12806674849122,61.844993543511244,0,2026-09-04 04:17:19
2026-09-03 09:39:00,CNC-02,M,296.8002937546931,311.1880931862791,1528.5478139962727,48.542232557260036,27.676254210474557,2.2335785407771542,14.02090008888551,60.649905955995514,0,2026-09-04 04:17:19
2026-09-03 15:24:00,CNC-01,L,297.72080379561385,312.9783749123297,1657.2740386369385,48.45466051409071,202.7699171613258,3.150421647289936,15.008968109847263,55.495516459781264,0,2026-09-04 04:17:19
2026-09-03 15:20:00,CNC-03,H,298.2978825892933,311.9995552338773,1294.2398948201494,51.81990914071888,60.84029507659324,2.0290629327200493,12.61375629371113,53.314690478954354,0,2026-09-04 04:17:19
2026-09-03 23:49:00,CNC-02,M,299.6226276583969,311.84450519993965,2777.01101735044,14.028039753181787,76.16737787451213,3.421910956516062,7.159359963221557,51.770458783667955,0,2026-09-04 04:17:19
2026-09-03 08:43:00,CNC-01,L,295.37375815221316,310.1834367245424,1603.2042208771436,45.689680689675114,200.68879405427583,2.988705637563453,13.438663539326882,61.136114173952436,0,2026-09-04 04:17:19
2026-09-03 06:37:00,CNC-03,H,296.13944581361636,311.48958770842097,2011.4001194969444,38.8294926080302,222.98297888657575,3.346578535595355,14.545004397916298,58.848875698096364,0,2026-09-04 04:17:19
2026-09-04 03:29:00,CNC-01,L,296.13614815461733,310.52935134246985,2312.4507082430873,30.004521589230688,182.00896603191202,3.4320179919489946,12.680480676944914,56.09596184486416,0,2026-09-04 04:17:19
2026-09-03 12:56:00,CNC-03,H,296.9986055601257,311.4726340181044,1397.4365240652878,55.586344649100916,80.82669530287544,2.0134024470027962,14.461547007522041,61.16950908173246,0,2026-09-04 04:17:19
2026-09-04 03:10:00,CNC-02,M,297.598837608731,310.7333446636257,2316.243404778488,23.22140007840438,87.10458784884231,2.9494245443369365,10.155354479292894,57.05033273295877,0,2026-09-04 04:17:19
2026-09-03 13:27:00,CNC-02,M,,312.49334474310285,1332.8956549337968,51.28800556142291,184.04461748113496,2.519789923536542,12.956421427533071,54.40731559006516,0,2026-09-04 04:17:19
2026-09-03 17:55:00,CNC-03,H,298.64514822783434,312.42942127376296,1952.5171759641344,35.53977874003424,6.841157132353558,2.6296899477248514,12.96446893485295,55.74216424539898,0,2026-09-04 04:17:19
2026-09-03 13:49:00,CNC-02,M,298.42818819283747,313.20885129818726,1370.6618599542696,52.066201942010125,218.54374266705454,2.851411007812734,13.302129652118754,53.31389506011467,0,2026-09-04 04:17:19
2026-09-03 13:33:00,CNC-01,L,301.81431846214707,309.5486385072241,1471.4478779841097,46.353795143946506,31.578206055843943,2.0347425378570536,12.475546052923782,46.11063710695725,0,2026-09-04 04:17:19
2026-09-03 11:53:00,CNC-02,M,297.48962336830607,311.191868807719,1293.2164992500693,50.62311714511199,34.99982243817046,2.0513068862425285,12.447519722121886,58.21134413872763,0,2026-09-04 04:17:19
2026-09-03 18:50:00,CNC-03,H,299.12136811330464,312.78430942858193,2228.385435212293,30.149264920931792,78.5936761587356,2.8050062726699454,12.595739552985856,55.20885611528776,0,2026-09-04 04:17:19
2026-09-03 05:24:00,CNC-01,L,296.2801447227356,309.95963720659535,2106.217564904255,31.14264481317265,120.54455738417525,3.0206425789593987,12.277898687168118,60.297025705801545,0,2026-09-04 04:17:19
2026-09-04 00:59:00,CNC-03,H,297.96324486299716,311.34045520046953,2564.3776971464335,21.465126506102134,221.2219744959024,3.8387388884476943,10.294673668635005,57.16092892179485,0,2026-09-04 04:17:19
2026-09-03 11:45:00,CNC-01,L,295.88259485656414,309.48545114066667,1426.1056644448488,46.7863536083843,88.37029244271875,2.174291947470609,12.451100712213188,53.82333888907676,0,2026-09-04 04:17:19
2026-09-03 19:18:00,CNC-01,L,298.95181809840017,311.85843547485905,2309.0932299974907,24.187957675504403,59.34566127898932,2.8420549838921034,10.5554229269285,56.016966186576155,0,2026-09-04 04:17:19
2026-09-03 05:34:00,CNC-03,H,296.2962226640565,310.3254765345259,2216.4655559141956,29.711771593742277,138.68641148665756,3.0732834970640615,12.316013455901851,56.48824661313775,0,2026-09-04 04:17:19
2026-09-03 16:17:00,CNC-03,H,298.5151893275161,313.2646000961696,1608.3072672955955,48.0050967726748,144.9482339094026,2.450649494279778,14.28704451774518,52.885136199478794,0,2026-09-04 04:17:19
2026-09-03 06:55:00,CNC-01,L,295.4823877592117,309.7096159388385,1755.2485976802257,42.74498349787107,44.11644022039462,2.359994162958378,14.19749146713966,58.0731424779406,0,2026-09-04 04:17:19
2026-09-04 00:06:00,CNC-02,M,299.7280784940393,312.9680746643661,2699.9263086362175,20.58963489484766,94.09289908434285,3.2144452217531096,10.268800156656644,52.221745008860786,0,2026-09-04 04:17:19
2026-09-03 04:53:00,CNC-03,H,296.554167887452,310.6265128458799,2325.1124096323983,30.724973066460272,86.37116389367856,2.959640480381513,13.313311397627803,59.56688169062152,0,2026-09-04 04:17:19
2026-09-03 19:44:00,CNC-01,L,299.0581090646397,312.03057000506954,2238.3646705025376,24.528112752575808,91.23246485905483,2.845419463018205,10.302032613576186,52.29141674411993,0,2026-09-04 04:17:19
2026-09-03 21:06:00,CNC-01,L,299.16382049158653,312.5977659803375,2590.20920512467,22.061424257664303,187.49678188249516,3.82451664167475,10.948044791851432,55.055226802673516,0,2026-09-04 04:17:19
2026-09-04 02:16:00,CNC-03,H,296.6924515967572,309.41054159592045,2625.5809280602844,20.190164476963677,41.401416751368714,3.143322272852699,,55.92486554830276,0,2026-09-04 04:17:19
2026-09-04 03:08:00,CNC-01,L,296.33287543527643,310.0841168558869,2366.261067999152,24.788992352141968,157.77633135381788,3.3020658995694747,11.011353869536688,58.233289332079316,0,2026-09-04 04:17:19
2026-09-03 05:45:00,CNC-03,H,296.1547608665332,310.76923389982187,2115.9717064521064,35.283474519794744,153.12063429809922,2.9699556950621853,14.038675913048861,57.90427158514521,0,2026-09-04 04:17:19
2026-09-03 18:27:00,CNC-02,M,300.21971526011913,315.05969079442207,2112.0705316896792,35.225317251014125,159.80113583387515,3.011471281906991,13.887680377873417,51.42625916115119,0,2026-09-04 04:17:19
2026-09-03 21:51:00,CNC-03,H,299.01068712539745,311.1301157340729,2658.8089240596687,18.758950736052398,20.002469688185187,3.1417948658081705,9.283448067219357,50.98045150732117,0,2026-09-04 04:17:19
2026-09-04 04:12:00,CNC-01,L,295.69381408006916,308.73110136321617,2229.2951711256164,27.984871316567308,19.113856120768666,2.723446299408005,11.618689199644619,61.807280927595514,0,2026-09-04 04:17:19
2026-09-03 20:34:00,CNC-03,H,26.130495564903697,40.50341965997819,2360.6457919999175,28.92922642526082,204.23998020490103,3.5871268431207834,13.036770132386524,51.74273902812951,1,2026-09-04 04:17:19
2026-09-03 12:43:00,CNC-01,L,296.2049357938277,311.28497136906424,1442.6527440025034,53.587967100632476,180.67649733057561,2.6291248767913316,14.494480798594479,59.30612750584094,0,2026-09-04 04:17:19
2026-09-04 03:39:00,CNC-02,M,296.96159149021787,310.48275138273004,2441.223337503791,22.104482730541385,120.83919688521323,3.2620964345064456,9.923199961798462,57.324444715647736,0,2026-09-04 04:17:19
2026-09-03 08:51:00,CNC-02,M,296.67587647294965,311.5457607111447,1650.7838404472766,46.603024860209324,172.67414992298202,2.6918669160828212,14.411374686716067,57.46322326872112,0,2026-09-04 04:17:19
2026-09-03 05:43:00,CNC-03,H,296.2718691088191,310.6647106123004,2168.3366507054434,33.04850738211149,150.47351863182357,2.9720207811198938,13.538042147318311,58.559958717416905,0,2026-09-04 04:17:19
2026-09-03 18:59:38,CNC-03,H,299.43291671621796,313.232832188861,2106.6646925642235,31.00800487034016,91.14812889508069,2.791838380129928,11.94204262967058,46.53864476503935,0,2026-09-04 04:17:19
2026-09-03 13:34:00,CNC-02,M,298.33208476447356,313.41469243905925,1438.587396017504,51.40907776360129,195.08870393388466,2.6871634539475155,13.785710875314743,57.77505457505033,0,2026-09-04 04:17:19
2026-09-03 20:28:00,CNC-02,M,32.985966131128805,39.99253881562515,2436.6407271013827,21.65892968457819,82.77681592391247,3.055209610389334,10.036139819095485,41.07451005733086,0,2026-09-04 04:17:19
2026-09-03 12:50:00,CNC-02,M,297.519097946396,311.9175561863265,1359.7969404630524,51.06617265659777,125.55574333054747,2.1891826742949876,12.842606289092597,54.01545481766337,0,2026-09-04 04:17:19
2026-09-03 23:54:00,CNC-02,M,299.50364857563096,311.1799023848149,2776.880227255609,12.681827274595038,81.3783937277727,32.4856640911805,6.556928166061367,55.02192539841435,0,2026-09-04 04:17:19
2026-09-03 22:12:47,CNC-03,H,25.89738545176482,38.53412254341907,2540.1905299412238,20.65174578870971,45.18192200433697,3.141656415213941,9.894729980612075,57.524889751290715,0,2026-09-04 04:17:19
2026-09-03 12:33:00,CNC-02,M,297.7009850757817,311.83230963840066,1346.866084016838,50.313151526931776,98.56751699449073,2.058806140100462,12.54528382265165,53.98464799514607,0,2026-09-04 04:17:19
2026-09-03 11:00:00,CNC-02,M,297.144026667269,311.7601302963339,1340.5762716753363,52.52327672927806,154.77592106664684,2.2822588454774593,13.087729476122208,57.52013289835939,0,2026-09-04 04:17:19
2026-09-03 12:51:00,CNC-02,M,297.42540015292946,312.07699716832775,1340.9921892182151,52.990414926280046,127.15574333054747,2.204823773556691,0.0,52.98789547658947,0,2026-09-04 04:17:19
2026-09-03 15:42:00,CNC-01,L,297.7329564086046,312.8375290404533,1794.1495769983203,42.62471498250521,229.58871213472207,3.6211637820555964,14.358709293046257,58.25103439496561,0,2026-09-04 04:17:19
2026-09-03 09:16:00,CNC-03,H,295.836952592772,310.92200898836103,1493.577477456736,50.68288408852162,217.83044385070454,2.9214902777790375,13.97918937355674,54.320778455909135,0,2026-09-04 04:17:19
2026-09-03 09:45:00,CNC-01,L,295.1982519914104,309.03481894909663,1379.9489311163627,48.33210683768921,92.45427722123351,2.1855828181563437,12.18180199482765,65.23967897311302,0,2026-09-04 04:17:19
2026-09-03 21:56:00,CNC-02,M,300.2001860138467,313.4312931335762,2665.9436751638377,19.009197206980655,182.0264136380282,3.633054400931237,9.409578029909836,50.96549759013327,0,2026-09-04 04:17:19
2026-09-03 23:59:00,CNC-02,M,299.67294774121183,312.6515288355334,2696.9334135051654,18.916776297223397,86.73223465604138,3.198853793202758,9.706809063339339,52.426077232644545,0,2026-09-04 04:17:19
2026-09-03 14:34:00,CNC-01,L,302.65093495848186,311.0987513038164,1453.4650489314404,49.706517460407476,126.78858546404058,2.2276450435553414,13.387174763179258,44.79718588626815,0,2026-09-04 04:17:19
2026-09-03 14:48:16,CNC-03,H,298.1905489516477,311.66041177653454,1497.809380415023,43.51634668216527,10.64982853159092,2.2113720900654057,12.394450476700113,53.443102770673235,0,2026-09-04 04:17:19
2026-09-03 14:28:00,CNC-02,M,298.5952158914955,312.26982428946866,1603.4554391631862,41.192716799862254,45.25774257217825,2.23715986440416,12.525085967257427,52.90015002579995,0,2026-09-04 04:17:19
2026-09-03 12:10:00,CNC-03,H,302.4320875098917,310.5155813673361,1365.3038330889312,51.912470234983815,7.904840299154753,,12.853072215178427,47.117797009881535,1,2026-09-04 04:17:19
2026-09-03 18:13:58,CNC-02,M,300.19815800315683,314.89428113026634,1937.400775673378,36.47336490820503,143.03972800833583,2.7466612906906205,12.971245732411704,48.34549517226513,0,2026-09-04 04:17:19
2026-09-03 13:25:00,CNC-01,L,,310.18226551159023,1512.7214302064554,47.06047491909995,19.015776501017882,2.173102272666296,13.425477319199725,55.804137314173566,0,2026-09-04 04:17:19
2026-09-03 21:12:00,CNC-01,L,298.75984057301287,312.45877302481,2598.268424967327,22.532718927432732,194.28217039768856,3.8627296217172806,10.941828130221438,56.63177821204096,0,2026-09-04 04:17:19
2026-09-04 02:01:00,CNC-03,H,297.1369902760845,308.81344860874265,2669.7370738629966,16.143740401615975,24.801096699460246,3.2039103704278875,8.118082653274632,54.968576746409454,0,2026-09-04 04:17:19
2026-09-03 06:52:00,CNC-01,L,295.3260178062913,308.7912989567,1830.1483310902704,36.80014670762543,39.91236872330657,2.5181703759941096,12.695890937047857,62.673985742220566,0,2026-09-04 04:17:19
2026-09-03 13:06:00,CNC-03,H,297.10558941349694,311.3417462821815,1362.940836494259,51.768721575356594,96.71569595966432,2.042749078864655,13.111305478764946,59.59977501085198,0,2026-09-04 04:17:19
2026-09-03 06:26:00,CNC-01,L,295.8615516365726,308.7484752253852,2025.5853330836192,29.11129039905297,4.07465470987347,2.6737234180586196,11.08839770856954,57.38315651139792,0,2026-09-04 04:17:19
2026-09-03 15:54:00,CNC-02,M,299.1120673887819,313.91151136940016,1738.5472715090575,43.38172988330251,175.06717375296077,2.799698709364166,14.134829284750515,50.10195562242259,0,2026-09-04 04:17:19
2026-09-03 08:33:00,CNC-02,M,296.4192790205143,311.4200270582652,1554.1918729321649,49.76164999703396,145.92500726021254,2.408631609264117,14.610480918490103,59.145012619159154,0,2026-09-04 04:17:19
2026-09-03 23:45:00,CNC-02,M,299.82311605923337,312.5961472755267,2563.8068990795678,19.170804405296465,,3.15360070526263,9.07269364272154,54.13604263432898,0,2026-09-04 04:17:19
2026-09-03 10:41:00,CNC-03,H,295.8377607318157,310.3167589380314,1447.4773514115032,50.093931036950295,129.76903216606556,2.191215286650843,13.49816021465162,61.41806678986549,0,2026-09-04 04:17:19
2026-09-03 05:57:00,CNC-03,H,296.20379987432665,310.7034925114035,1918.4763090163501,37.84852421704827,168.91832203523327,2.8755021106028673,13.451281158823758,55.665799698533384,0,2026-09-04 04:17:19
2026-09-03 17:21:00,CNC-02,M,299.69951102610537,314.1314758563969,1864.5148823040668,38.77239184630279,71.63259623049211,2.428365764806369,13.531624218154343,53.33687703145042,0,2026-09-04 04:17:19
2026-09-03 17:28:00,CNC-02,M,299.7211457182397,313.74878477055495,1907.2453732747178,35.300161655079435,,2.5196091007429726,12.56292433645672,51.245790732162334,0,2026-09-04 04:17:19
2026-09-03 13:07:00,CNC-01,L,296.1343097781375,310.9508466766133,1390.1962904347836,51.9697880208479,218.62646514263295,3.0874629409879826,13.65063009036733,58.49465445673119,1,2026-09-04 04:17:19
2026-09-03 18:45:00,CNC-02,M,300.107792684636,314.2054899225581,2242.591482733664,28.753872578035484,182.61611838099373,3.232781600353219,12.210303620929976,49.55226802288712,0,2026-09-04 04:17:19
2026-09-03 23:56:00,CNC-01,L,298.07402417735136,311.0551693838826,2576.236575339749,19.30814933127033,176.86350967513863,3.5961948101455854,9.520360729102185,55.893772235681986,0,2026-09-04 04:17:19
2026-09-03 05:52:00,CNC-02,M,296.1514359646586,310.5203682859667,2075.9691451704857,32.54423523455531,175.69544018495904,3.048861063014481,12.49753181524943,54.18481451717499,0,2026-09-04 04:17:19
2026-09-04 00:13:00,CNC-01,L,298.0181563224747,311.18019587889034,2713.805205955596,19.285077490601488,195.09658768851045,3.950413468067402,9.692095317638405,52.15888519469882,0,2026-09-04 04:17:19
2026-09-04 00:33:00,CNC-02,M,299.1376088403887,311.1474756692132,2817.639957745479,13.47823372264719,122.81347690638576,3.537300750347974,7.4370112359012985,52.71282163139839,0,2026-09-04 04:17:19
2026-09-03 12:37:00,CNC-03,H,302.2341879982974,309.25765947950924,1318.7690704944537,46.42916623045622,50.716395042066104,1.9617720922021669,11.500625831185294,46.19212964465783,1,2026-09-04 04:17:19
2026-09-03 13:48:00,CNC-02,M,298.25366385448143,313.4973066887089,1523.9742332034582,48.87244043550286,216.9576585156047,3.1061851790355175,14.279190120249726,55.26991501595925,0,2026-09-04 04:17:19
2026-09-03 17:22:00,CNC-02,M,299.8514818161154,314.01662230314184,1833.0052555853435,715.1446409085698,73.02243247070179,2.49643423360773,12.52187230014194,51.02727085932571,0,2026-09-04 04:17:19
2026-09-03 19:05:00,CNC-03,H,299.2742076505525,313.16851573440084,2307.2533175751373,28.886789153129552,97.40527084650961,2.9273706852479067,12.375868161533104,52.70914566290046,0,2026-09-04 04:17:19
2026-09-03 12:08:00,CNC-03,H,302.1081718561273,309.52847624828814,1326.2036677373171,47.169333081747624,4.704840299154753,1.9650804614905306,11.841804085801522,47.56231634097787,1,2026-09-04 04:17:19
2026-09-03 22:29:00,CNC-03,H,25.813752860115983,37.47908868401703,2637.5192259927617,14.929111053500883,61.4151767011947,3.285317313022815,7.589225483474565,53.48068818195344,0,2026-09-04 04:17:19
2026-09-03 07:52:00,CNC-03,H,296.1055359501088,310.71361669464045,1582.725595817706,46.154709712004745,92.38440426657681,2.2772477237444684,13.565578947038535,60.93340888983698,0,2026-09-04 04:17:19
2026-09-03 11:17:00,CNC-01,L,295.68826151038087,310.0149872721723,1568.8930105903441,48.260726649381745,44.18762573039788,2.2398476093386526,14.177891417008912,55.5287661634457,0,2026-09-04 04:17:19
2026-09-03 21:19:00,CNC-01,L,298.9060860700312,310.7498361460983,2538.294017244833,18.991408729032337,6.716991316998834,3.1312212202470264,9.03917538556245,54.78552566601318,0,2026-09-04 04:17:19
2026-09-04 01:15:00,CNC-02,M,298.7369249310926,311.2968896388202,2729.6932742775657,15.028235788394728,167.64863689280241,3.4628159721994907,7.681390705760309,48.64199487363701,0,2026-09-04 04:17:19
2026-09-03 23:11:00,CNC-03,H,25.541124925038048,37.49549795052843,2887.266759140316,13.734402400058153,106.25598873757048,3.5670072326427937,7.2906833478342055,56.58642276298781,0,2026-09-04 04:17:19
2026-09-03 22:41:00,CNC-01,L,25.474023387863724,38.5200853337256,2667.1783645949295,19.553255647660922,96.67634147157646,3.2652436305655783,9.795834791725149,50.77660418263025,0,2026-09-04 04:17:19
2026-09-04 02:00:00,CNC-01,L,296.8058759933677,309.07546140236315,2681.321144852802,17.24747047492106,81.69220340459147,3.2188238089730916,8.737485632326694,57.33731512655955,0,2026-09-04 04:17:19
2026-09-03 16:08:00,CNC-03,H,298.4766609330872,312.84615408663905,1792.6247203543935,40.93645263240627,131.88713852094654,2.5879943390909252,13.614526564524569,58.222916752082114,0,2026-09-04 04:17:19
2026-09-03 05:03:00,CNC-02,M,296.59964852705207,310.2398600918267,2275.4144792739507,28.155622770183076,112.16785963184559,3.093183611057799,11.78337402821229,55.443444879545694,0,2026-09-04 04:17:19
2026-09-04 01:31:00,CNC-02,M,298.60996269452374,311.67929834354703,2780.9757104644395,15.544113937395787,184.72679668900412,3.6712535008149763,7.995897347968261,55.27559362382656,0,2026-09-04 04:17:19
2026-09-03 06:39:00,CNC-02,M,296.3220364431128,312.28092321373106,1837.2521191824978,45.74087407447887,239.39656410408764,3.671877286055232,15.903604663031986,55.503529938275506,0,2026-09-04 04:17:19
2026-09-04 02:24:00,CNC-01,L,296.6359708374394,308.96479266824036,2610.0121134676115,17.613606504067246,108.00829648963843,3.245836931684037,9.022397827298159,56.89535775037991,0,2026-09-04 04:17:19
2026-09-04 03:14:00,CNC-01,L,296.2000975676463,309.3924479152186,2538.6934468958457,20.100805218744107,164.682764440385,3.51660937190402,9.525989557781026,62.0543616943873,0,2026-09-04 04:17:19
2026-09-03 05:10:00,CNC-03,H,296.5227810326166,311.07126455284043,2313.1516305387513,31.826673339827057,107.88785747345206,2.988932912179351,13.810414061123574,60.546275607390015,0,2026-09-04 04:17:19
2026-09-03 11:41:25,CNC-03,H,301.61710291834095,310.403649651375,1302.0826983446436,55.97628570443621,224.8597858849233,2.7697325511967024,13.793729568331702,47.49844304048498,0,2026-09-04 04:17:19
2026-09-04 01:05:00,CNC-02,M,299.3143094746322,311.5646739488597,2729.129898085169,14.094407882914442,156.85676180862805,3.5591068010200493,7.21036234539888,54.49650503099941,0,2026-09-04 04:17:19
2026-09-03 13:20:00,CNC-01,L,296.2183303862879,309.70502358975443,1349.1917439539088,49.470342869183945,11.123571040506464,1.9199674280502226,12.427633705961691,58.5497321319128,0,2026-09-04 04:17:19
2026-09-04 01:24:00,CNC-01,L,297.121216443154,309.20306292795,2605.6509454151687,17.481818868354157,42.74865725229794,3.160924897290079,8.153352537439702,61.20395090785296,0,2026-09-04 04:17:19
2026-09-03 12:23:00,CNC-01,L,295.84245051755136,309.9742557880697,1381.0974014845667,49.21132679918338,148.81774879318934,2.3566494229561004,12.702319604655807,57.05363572998437,0,2026-09-04 04:17:19
2026-09-03 20:56:14,CNC-03,H,26.462597833656048,39.3845275296344,2542.7444201935054,18.673091082663095,228.31466909215786,3.817430168684027,9.169868408665444,50.16663847590307,0,2026-09-04 04:17:19
2026-09-03 15:54:00,CNC-03,H,298.17689097301417,312.3536402565385,1638.6266900992912,41.62533916523679,111.20171685916459,2.2974806492577327,12.831535413090858,57.969055216069364,0,2026-09-04 04:17:19
2026-09-03 15:25:00,CNC-01,L,297.7137455292536,312.3232366978982,1490.6423153305764,47.89969570596271,204.2873701028174,3.0359705420487897,13.561211148007594,57.040827751897496,0,2026-09-04 04:17:19
2026-09-04 01:58:00,CNC-03,H,297.4218558684591,308.6881011995653,2582.2113484441948,13.832721981008321,21.548528919197576,3.2151033724165803,6.628094040988502,56.83522638348564,0,2026-09-04 04:17:19
2026-09-03 06:58:00,CNC-01,L,295.2831311654217,309.4268356581326,1820.3657811512307,38.24470452726052,48.33419650565328,2.5530490024404653,12.97283921408335,60.637978114687186,0,2026-09-04 04:17:19
2026-09-03 08:26:00,CNC-01,L,295.2051398427929,309.65419564637006,1773.2729551389357,40.42457617682,175.34582346257181,2.921989478771626,13.613029034004214,59.3552081293115,0,2026-09-04 04:17:19
2026-09-03 13:19:00,CNC-02,M,297.8091857166124,312.6074554810632,1358.569102426055,54.63042284142163,171.39033636926203,2.3865669189012517,14.014517589828701,54.85923418431549,0,2026-09-04 04:17:19
2026-09-03 11:52:00,CNC-01,L,295.6161387506022,310.19398789302016,1439.764252277206,52.590455926269264,99.57029244271871,2.1519881244547063,14.092007063149685,60.36145818520289,0,2026-09-04 04:17:19
2026-09-03 21:57:00,CNC-03,H,299.17126792742073,311.2911169293679,2567.5705507974503,18.032091311209673,26.589276687947592,2.997932085872082,8.557334185095836,55.08075372589961,0,2026-09-04 04:17:19
2026-09-03 20:25:00,CNC-01,L,25.826424672296014,39.33836604098093,2449.819485482085,24.53870337600969,140.17517501205472,3.287193753501551,11.245660624057267,50.20084570916248,0,2026-09-04 04:17:19
2026-09-03 16:27:00,CNC-02,M,299.19169898974826,314.5456947999144,1736.6255966974932,,223.1384398680897,3.2238899805407666,14.921125516018002,53.4144902156802,0,2026-09-04 04:17:19
2026-09-03 14:07:00,CNC-03,H,297.9336976131297,312.36748998848395,1399.2730782227884,48.193762015231364,192.62244904454488,2.628751745556132,12.577970193458093,52.943731272407355,0,2026-09-04 04:17:19
2026-09-04 01:09:00,CNC-01,L,297.24513531247686,308.6457857231789,2829.393111203737,13.882191512282438,26.677098480012397,3.3827098297477978,7.250286014338913,1102.9557982953636,0,2026-09-04 04:17:19
2026-09-03 13:41:00,CNC-01,L,302.0907024362299,310.0715705073212,1428.1998831266108,50.34231659486043,44.17592009175444,2.0484538478029735,13.70175004351461,45.544945283586976,0,2026-09-04 04:17:19
2026-09-03 17:00:00,CNC-01,L,298.2018807000393,313.12481291097595,1891.80141249768,41.08548975374896,103.41079789957342,2.5741228349181826,14.406268979569443,57.96173987329779,0,2026-09-04 04:17:19
2026-09-03 04:35:00,CNC-03,H,296.65941201470997,310.4439696940308,2254.7528407147392,29.998798532096178,64.18667351334918,2.8585333967003876,12.8259734967264,53.41577503643464,0,2026-09-04 04:17:19
2026-09-03 06:24:00,CNC-02,M,296.3376309194384,311.45159080864045,1749.3900072680235,43.07463102647997,218.8178496244065,3.203563068920763,14.176915947341742,51.86339689569971,0,2026-09-04 04:17:19
2026-09-03 10:49:00,CNC-01,L,295.29132095653085,308.67415107539574,1367.7150819940712,49.026505706173104,0.0,1.9936661405641534,12.263157363673255,64.25103284249435,0,2026-09-04 04:17:19
2026-09-03 20:41:00,CNC-02,M,32.92024192140366,40.93640481210139,2495.113391053029,26.027914694921215,97.87225557188772,3.1415315056169595,12.364247757338434,40.226798955960206,0,2026-09-04 04:17:19
2026-09-03 17:39:00,CNC-03,H,298.8014134154977,313.8564314062007,1939.1260662783661,37.917960293207564,259.4903125694276,3.644867254761851,14.21012204172996,52.349518023628725,0,2026-09-04 04:17:19
2026-09-03 18:49:00,CNC-01,L,298.8357213640739,312.237708476131,2135.1069529344386,30.290683826563154,23.2366569336427,2.629032694946297,12.049977428330426,52.446105837879465,0,2026-09-04 04:17:19
2026-09-03 08:20:00,CNC-02,M,296.51142878464213,310.7136827457635,1573.5152824859551,43.39761016563075,126.60673815958863,2.3961110724933308,12.83564542204509,57.42400035763594,0,2026-09-04 04:17:19
2026-09-03 22:58:00,CNC-01,L,25.065330364213935,38.073307379883886,2629.6925265970112,21.041977764222036,114.97649887781336,3.3234735159745545,10.399068694212271,52.10518460987258,0,2026-09-04 04:17:19
2026-09-03 11:25:00,CNC-01,L,295.6055906975067,309.67108197661736,1521.926416580322,48.04710885014635,56.69632564331132,2.104963544847265,13.521355844392081,58.56468046732394,0,2026-09-04 04:17:19
2026-09-03 19:55:00,CNC-03,H,299.3279651782007,313.3313584375051,2412.9481452025198,26.541370289537102,158.51360425005873,3.1359757481924957,11.995610549293698,56.15814700246554,0,2026-09-04 04:17:19
2026-09-03 14:30:00,CNC-02,M,298.6150413502433,312.55175172032307,1512.3820944735846,46.22692594411165,48.27643259417155,2.099007207932569,13.278075672232276,52.513464255322305,0,2026-09-04 04:17:19
2026-09-03 10:01:00,CNC-02,M,296.6172344578084,310.93575014064925,1695.0732297082334,44.24787796332919,61.91072263910991,2.318061998819006,14.082296178404057,56.068536858229045,0,2026-09-04 04:17:19
2026-09-03 12:55:00,CNC-02,M,297.6348531622288,311.57310797315273,1292.483461321658,50.21424984341483,133.4606602263152,2.242194903039987,,56.47559718311198,0,2026-09-04 04:17:19
2026-09-03 17:21:00,CNC-01,L,298.6694665618471,312.88741322285875,1798.2878207692681,39.48104226622748,132.58202210101325,,13.219476968129632,53.21036142337732,0,2026-09-04 04:17:19
2026-09-03 12:19:00,CNC-01,L,295.89868673047846,310.04099539178833,1276.5134137621264,53.15302374903925,142.4275738016306,2.223783374588556,12.71167831123702,54.60937134563609,0,2026-09-04 04:17:19
2026-09-03 16:49:00,CNC-02,M,299.8833005214454,314.1532402109632,1728.5142293741933,40.3325429575504,27.03954867602789,2.373100639460056,13.199854378729441,48.26468527311658,0,2026-09-04 04:17:19
2026-09-03 23:24:00,CNC-02,M,299.75481423881405,312.5955731192492,2646.1825757995603,19.766828553936037,49.50206167349338,3.134590420051034,9.686307369600756,51.55809990129481,0,2026-09-04 04:17:19
2026-09-04 00:02:00,CNC-02,M,299.74087896472423,311.53640137819383,2656.6314912242615,12.249576011047331,89.82618538613444,3.285038943027803,6.183056885622884,52.07145071572154,1,2026-09-04 04:17:19
2026-09-03 05:59:00,CNC-03,H,296.30372280816954,311.03727133996836,1962.0936631778343,37.505388514442174,171.60600299203062,2.9727514794750105,14.105956134712905,58.07244535912078,0,2026-09-04 04:17:19
2026-09-04 04:13:00,CNC-02,M,297.04819979440464,311.46610027519097,2425.027441361373,26.663030075342157,161.1989831712757,3.2462323884642137,12.24316752301539,62.7723040008171,0,2026-09-04 04:17:19
2026-09-03 06:55:00,CNC-03,H,295.96305522243046,309.60704461977184,1899.360262506666,35.28671292021421,11.122286406293544,2.538762327946373,12.525651076805078,59.137045473828245,0,2026-09-04 04:17:19
2026-09-03 20:57:00,CNC-01,L,,39.116223050957444,2577.4288449514665,20.20496547154164,177.28818229511228,3.6019333156382545,9.756717965291038,53.5230342613252,0,2026-09-04 04:17:19
2026-09-03 23:11:00,CNC-02,M,26.852831953846817,38.968814765414095,2717.330173990775,15.405663253973557,35.62155151236452,3.2476848026622696,7.876323952840823,52.675720881660204,0,2026-09-04 04:17:19
2026-09-03 08:52:00,CNC-03,H,295.72391120575685,310.5802633175866,1609.0312304420895,46.33064254854247,181.30258930365997,2.5735752617778633,13.853869105768402,58.14457425071913,0,2026-09-04 04:17:19
2026-09-03 16:44:00,CNC-03,H,298.57147676066984,313.1645540551889,1779.6653446440193,42.297767149305216,183.6253786780414,2.793070320216402,14.000890481987014,49.68073764878459,0,2026-09-04 04:17:19
2026-09-03 08:19:00,CNC-02,M,296.4928514674165,311.47352900733375,1633.3526215961087,46.44254203774721,125.11270428022961,2.283497853203509,14.074633470133872,57.08060082961994,0,2026-09-04 04:17:19
2026-09-03 09:26:00,CNC-01,L,295.0663637016821,308.8327563760395,1396.9330031919653,47.19139747404837,63.012001284077634,2.200999752103511,12.497302636230222,56.405159367321616,0,2026-09-04 04:17:19
2026-09-03 06:42:00,CNC-01,L,295.6951669209709,309.64763417122276,1833.194115474394,37.77207344839866,25.985027201382223,2.371919408670222,12.950583154998272,59.168548511888716,0,2026-09-04 04:17:19
2026-09-04 00:01:00,CNC-01,L,298.18497771350343,,2652.196158420406,20.040571949648342,182.18162163644587,3.8181885551592143,10.081499982231854,56.505701750595826,0,2026-09-04 04:17:19
2026-09-04 02:26:00,CNC-01,L,296.5399604947567,309.5109818272504,2608.8573416543613,19.39638245879953,110.2033198976179,3.2460185140430062,9.320572667561743,61.39191070952158,0,2026-09-04 04:17:19
2026-09-03 20:40:00,CNC-03,H,26.051531197570966,39.821669579672175,2304.2596255613166,25.0547509836534,211.332048272251,3.519957945616725,10.922858345227448,51.36645749698629,0,2026-09-04 04:17:19
2026-09-03 16:09:00,CNC-03,H,298.15661321657814,312.28737696046244,1714.8334065424062,40.70864711235355,133.33136575017457,2.5070446682311127,13.238180107245844,54.96101304619431,0,2026-09-04 04:17:19
2026-09-03 23:14:18,CNC-03,H,25.529500214564735,38.51941408851411,2654.430987085176,20.848594462988938,110.52765886623253,3.364299645090984,10.138215523685162,54.60689562412997,0,2026-09-04 04:17:19
2026-09-04 02:15:00,CNC-01,L,296.90479568874866,309.20847575315486,2691.687497262848,16.24183403001361,98.10581708284836,3.3256305615327078,8.348965176122466,56.22677258803702,0,2026-09-04 04:17:19
2026-09-03 10:16:00,CNC-02,M,296.50481648031507,310.8986895983583,1455.268770100117,48.84741519322392,85.47806123308317,2.127414954481143,13.271883982446381,54.768405617383706,0,2026-09-04 04:17:19
2026-09-03 04:24:00,CNC-01,L,296.8468442839563,310.41650541358325,2242.783730299476,29.905094418373864,45.31564762359254,2.82506943309219,12.460347300815922,56.51976548467229,0,2026-09-04 04:17:19
2026-09-04 00:31:00,CNC-03,H,297.89324052805597,311.38146179179967,2738.837641291821,20.486671453626588,191.21682279325998,3.738466188296218,10.393100973934034,55.98420772127752,0,2026-09-04 04:17:19
2026-09-03 13:44:00,CNC-02,M,298.3724204608961,313.2993566579182,1386.872052558647,50.988065530729315,210.78668282890504,2.7274247424608284,13.346117886970653,54.277768015848956,0,2026-09-04 04:17:19
2026-09-04 04:06:00,CNC-03,H,296.019283965378,309.2654186356368,2369.146181590857,23.85756421410937,168.20090543134208,3.229514749130476,10.731650380455939,60.200485211731014,0,2026-09-04 04:17:19
2026-09-03 19:36:00,CNC-03,H,299.18874455674023,312.5681262067134,2376.5422242937643,24.242531434243418,135.50975681088505,3.067909634926215,10.805851509457195,49.60734762913053,0,2026-09-04 04:17:19
2026-09-03 11:50:00,CNC-02,M,297.34079615771765,311.2801079582699,1401.8840856442544,48.51837301262087,30.272367470743546,2.009545385336295,12.594087943318517,59.31956463517918,0,2026-09-04 04:17:19
2026-09-03 23:59:00,CNC-01,L,297.97910523042873,310.86458643978165,2776.2200932431483,16.67812600428271,180.02327004290572,3.7902527059294675,8.539284175526792,53.242036572995985,0,2026-09-04 04:17:19
2026-09-03 05:03:00,CNC-03,H,296.37197238881026,310.23903049051177,2211.323770986827,30.577370784979696,99.01293870390073,2.859335107927518,13.002747434050281,,0,2026-09-04 04:17:19
2026-09-03 12:20:00,CNC-02,M,297.3060037094382,311.26178617853327,1297.2579609137067,52.11054843647812,78.04624142861974,2.0772686669750153,12.496009797242255,53.078938964476436,0,2026-09-04 04:17:19
2026-09-03 05:26:00,CNC-01,L,296.2265869448999,309.70061188370727,2100.5398686698545,28.733842822438746,123.08491147011799,2.9194256811254142,11.284900233408155,62.302987388081675,0,2026-09-04 04:17:19
2026-09-03 18:58:00,CNC-01,L,298.7889521632519,311.59143468352323,2281.413240469337,23.755429283089935,34.49961018936698,2.8189751659052313,10.512917041503806,,0,2026-09-04 04:17:19
2026-09-03 04:57:00,CNC-01,L,296.18753693522274,309.85169532528147,2174.1354107872385,29.483844568318634,86.38111493348119,2.8535706499251074,12.221823116123067,55.089556179945994,0,2026-09-04 04:17:19
2026-09-03 20:30:48,CNC-01,L,25.743821014624586,39.3363849579805,2588.5096882219286,23.169163984775235,147.24983478276704,3.5117610092238034,11.477178146926734,52.39995692201312,0,2026-09-04 04:17:19
2026-09-03 18:04:00,CNC-03,H,299.0739695107858,312.41528055214195,2003.3876871124382,32.15167231330832,18.857617349133406,2.6437268942115306,11.842578735438224,55.053610120957224,0,2026-09-04 04:17:19
2026-09-03 06:53:00,CNC-01,L,295.3189288614002,308.8621227733103,1950.9080167217305,35.58311739398584,41.28608202120023,2.5654547511569934,13.208248611619364,64.77565873174552,0,2026-09-04 04:17:19
2026-09-04 00:34:00,CNC-02,M,298.8764781645114,310.7395007354957,2742.394019626994,13.336982078047749,123.84851026167723,3.487497408142329,7.038542280905946,52.70250617433153,0,2026-09-04 04:17:19
2026-09-03 17:36:00,CNC-03,H,298.8781087176967,314.1919613482203,1932.0666187968907,38.433429425269246,255.53439860660652,3.6155289062755736,13.830995540222606,53.85126825475674,0,2026-09-04 04:17:19
2026-09-04 04:04:00,CNC-01,L,295.46811796824767,307.6069283942672,2239.4845059725503,21.61360706346761,9.455376550733352,2.706903570571408,9.115000788535578,58.88239085185054,0,2026-09-04 04:17:19
2026-09-03 22:33:00,CNC-01,L,25.350707135712014,37.05679245439893,2810.5493655857113,14.101449410842786,88.09883789637306,3.423969637267164,7.500654782447564,55.713724551774874,0,2026-09-04 04:17:19
2026-09-03 16:53:00,CNC-03,H,298.85020837787266,313.5623200353218,1857.5818875845816,39.26647922866287,196.3021974725864,2.9086113349262446,13.362871227947341,0.0,0,2026-09-04 04:17:19
2026-09-03 12:27:00,CNC-01,L,296.09071720064014,310.3875107343909,1366.357202450813,52.46130207768166,155.1990895542205,2.4406964163623335,13.021807604824689,54.61179953149636,0,2026-09-04 04:17:19
2026-09-04 01:04:00,CNC-02,M,299.3885235467921,312.68880885125355,2791.0723860422345,18.442137083202834,155.8106655550271,3.53731923512892,9.545903627966727,52.694185454721506,0,2026-09-04 04:17:19
2026-09-04 04:11:00,CNC-03,H,296.1142993682543,309.7377107047362,2258.4473454549334,26.678269663220174,174.23555919086738,3.1816399819844157,11.272664036629594,60.49804813454918,0,2026-09-04 04:17:19
2026-09-03 05:15:00,CNC-02,M,296.49818571905735,310.9376673277296,2181.222983021055,34.39563922897525,,2.8554757088499043,13.973188325983322,58.21628091664248,0,2026-09-04 04:17:19
2026-09-03 13:54:00,CNC-02,M,298.19519435345615,313.2362689088535,1364.806191407268,54.60536058134228,226.45808601465922,29.304311331505993,13.999152965813801,57.743349505379605,1,2026-09-04 04:17:19
2026-09-03 04:21:00,CNC-02,M,296.7159053659479,310.55725730176886,2203.3764165912125,29.85628950293221,60.160724180457805,2.6432647931045654,12.15507023004043,58.44140866284257,0,2026-09-04 04:17:19
2026-09-04 01:22:00,CNC-02,M,298.70737991410516,311.0832838748715,2761.7510371845447,13.802177068677018,175.14950655007829,3.7726642066661435,7.097567342718492,57.20941405005486,0,2026-09-04 04:17:19
2026-09-03 21:25:00,CNC-02,M,300.5099822816343,313.42419051945006,2649.898766557174,18.237235457205237,147.9734997167998,3.4749069111596675,9.099127021428595,48.71102539030158,0,2026-09-04 04:17:19
2026-09-03 15:00:00,CNC-01,L,302.6752032015942,311.11538353963317,1502.8649518832035,45.49270706982729,166.53619570123902,2.502177504113374,12.509969377686218,49.608746090150156,0,2026-09-04 04:17:19
2026-09-04 00:28:00,CNC-03,H,297.95254558090556,311.7792702869841,2645.064896268837,21.601099046146068,188.0407921747319,3.7073650254908754,10.75814986835237,56.35660142199652,0,2026-09-04 04:17:19
2026-09-03 16:16:00,CNC-03,H,298.44772732072914,313.21997863133066,1729.2758333324111,47.04474627952278,143.4566822169544,2.7381866152507217,15.410249553561885,53.04499170023904,0,2026-09-04 04:17:19
2026-09-03 21:15:00,CNC-02,M,300.4553649104026,313.87962843745134,2480.408369394371,21.983867859894207,136.73755846445488,3.230381847068184,10.144181426784929,45.585445323559746,0,2026-09-04 04:17:19
2026-09-03 18:01:00,CNC-03,H,299.0373662128097,311.9366874164625,2044.9519828691998,28.26288928170805,14.862835381130909,2.634679225364607,10.895358320622256,54.93249141738274,0,2026-09-04 04:17:19
2026-09-03 08:11:00,CNC-03,H,296.02006803573624,310.80358064144343,1756.7047304265368,43.93559119721543,120.25913621767415,2.482326076670009,14.596682135007704,54.42901961131203,0,2026-09-04 04:17:19
2026-09-03 10:00:00,CNC-03,H,295.7947515945223,310.0629246235177,1388.9064968946552,51.58655425309647,65.20185149012701,21.29748714828993,13.383536952800272,60.97128848938192,0,2026-09-04 04:17:19
2026-09-03 09:42:00,CNC-01,L,294.90104367901057,309.1133888461571,1414.001661642804,48.964641919916886,87.70643106813267,2.148786830640358,12.874707653579613,66.18052579402311,0,2026-09-04 04:17:19
2026-09-04 02:04:00,CNC-02,M,298.1925688957621,,2700.6457025434365,16.77009203083621,13.070126012362469,3.29887216864,8.290743105541594,52.970766799046714,0,2026-09-04 04:17:19
2026-09-03 12:58:00,CNC-03,H,297.1461770277724,311.38276248918584,1469.4793476370094,49.65806388393007,83.9614673313459,2.199574508134533,13.559985601620037,60.07629740151167,0,2026-09-04 04:17:19
2026-09-04 00:58:00,CNC-01,L,297.500033616129,309.08096085610657,2746.2307947300023,15.493695274219332,14.96817748479378,3.3065219771427956,7.919868379455462,55.33824554097857,0,2026-09-04 04:17:19
2026-09-03 06:57:22,CNC-02,M,296.5215593679155,310.29917015357125,1769.6362972454742,40.45209570598296,5.617602924961651,2.3863435457935753,13.222381659781162,59.698412245637535,0,2026-09-04 04:17:19
2026-09-03 08:31:00,CNC-02,M,296.5699015210859,311.4377655552576,1610.967268162689,47.34907694536014,142.88411840034684,2.4942396116307366,14.351651308623211,58.35487275204231,0,2026-09-04 04:17:19
2026-09-03 20:32:00,CNC-03,H,25.83069302450872,39.593070650994775,2420.2753643689325,24.721174568884283,201.89818203382958,3.5115079293053943,11.154096607044556,53.768378318169944,0,2026-09-04 04:17:19
2026-09-03 22:35:00,CNC-03,H,25.69635673419907,37.60091850406934,2622.7410004178705,17.654529283244923,67.89118384101724,3.316991790526587,8.804022078575336,51.458490334652765,0,2026-09-04 04:17:19
2026-09-03 06:09:00,CNC-03,H,296.019823119764,310.93654479591015,1917.5707262512235,39.90912101139484,184.9856188346891,2.8455845134113247,14.386735691675613,56.56796222102454,0,2026-09-04 04:17:19
2026-09-03 18:03:00,CNC-03,H,298.882364134626,312.5195265899655,2041.6099837841216,32.8310997027276,17.526331028676427,24.868794376347978,12.489267371602457,53.976425437875655,0,2026-09-04 04:17:19
2026-09-03 04:44:00,CNC-02,M,296.7118664195831,309.7996362052269,2340.7886906361528,24.848015706982654,88.36704212239941,2.940756644564004,11.070135515095927,53.60510162906443,0,2026-09-04 04:17:19
2026-09-03 18:54:00,CNC-01,L,298.69352021150894,311.3281556164904,2352.5495726724866,23.730477909114466,,2.787616999129229,10.439071772070312,54.456477071523295,0,2026-09-04 04:17:19
2026-09-03 11:12:00,CNC-03,H,301.97371518937393,310.5626259017414,1411.1715249284766,51.988429631879455,178.80961907186298,2.5109490720904715,13.515748859966717,42.872460539014334,0,2026-09-04 04:17:19
2026-09-03 04:18:00,CNC-03,H,296.8085128062848,309.297637654226,2447.549847873117,20.80697932694992,43.24841675555824,3.10065430674976,9.345767783009217,60.448324190048005,0,2026-09-04 04:17:19
2026-09-03 19:18:00,CNC-03,H,299.40997170687297,312.721170635887,2323.5161625635815,24.869576592987976,113.48915095239973,2.9309202202996816,11.11165530297031,52.62727452996949,0,2026-09-04 04:17:19
2026-09-03 19:52:00,CNC-02,M,306.08743359435215,313.4826268968661,2337.1494053392453,26.471597198148313,40.30642007144349,3.067720773040525,11.87848851248528,36.122619055935985,0,2026-09-04 04:17:19
2026-09-03 06:23:00,CNC-03,H,295.95849182577257,311.2503398990468,1942.0494022116595,40.72554037394545,203.87823601169956,3.0732458104568416,15.16146764489382,55.63111589030293,0,2026-09-04 04:17:19
2026-09-03 19:48:00,CNC-02,M,305.59817935894426,,2244.5449412026346,24.852695967315874,35.44265673262214,0.0,10.294186868071154,42.23732304671069,0,2026-09-04 04:17:19
2026-09-03 15:42:00,CNC-02,M,299.0395896223531,314.12338092492365,1646.7360711413721,48.163767349281976,157.27873556162868,2.604148405712162,14.858140991416903,50.88446059663516,0,2026-09-04 04:17:19
2026-09-04 03:42:00,CNC-03,H,296.25037320025353,310.15774393128896,2385.9430661251845,26.75279304533218,139.584354660688,3.0984905830210754,11.927272008943403,56.984395197375434,0,2026-09-04 04:17:19
2026-09-03 08:42:00,CNC-01,L,295.3552150200535,310.0808770760413,1685.158602949913,43.74548225158513,199.17244443405733,3.065041307990753,13.726958152783713,57.34015092324023,0,2026-09-04 04:17:19
2026-09-04 01:43:00,CNC-03,H,297.44823692348007,308.830077868411,2738.485257017778,13.697992785119922,5.329044949288227,3.260247471326178,6.792948252475948,48.26925915305361,0,2026-09-04 04:17:19
2026-09-03 06:37:00,CNC-01,L,295.78585592235476,309.54907308250887,2055.8684301967155,34.27790406167179,19.101290159700042,2.5705858523790326,13.33466241647171,58.5562364209206,0,2026-09-04 04:17:19
2026-09-03 23:43:00,CNC-02,M,299.78753563819015,311.5100852223263,2735.5690974485,12.33163854752426,69.79440569120278,3.2934457911309565,6.434050247645938,52.95390811845855,0,2026-09-04 04:17:19
2026-09-03 16:38:00,CNC-02,M,299.74344932775,7437.128456674521,1740.6278013475444,38.73238807761672,11.422200773270324,2.2949454287087914,12.773389059425458,53.20272936244838,0,2026-09-04 04:17:19
2026-09-03 06:14:00,CNC-03,H,296.2590769203341,310.09592690297643,2037.0687127843921,30.54700473043806,191.63984598809816,3.0489727292843116,11.757786571183907,59.44357789398212,0,2026-09-04 04:17:19
2026-09-03 18:06:00,CNC-03,H,299.13671282119077,312.4051593581732,2003.9442442030559,32.70598275651507,21.488956392442823,2.629909913114735,12.178441026435243,55.86602446350318,0,2026-09-04 04:17:19
2026-09-03 14:49:00,CNC-02,M,298.5853515066861,313.0443619552661,1529.8487493096657,48.53632901151399,77.48622097996116,2.160729538733121,13.991351209655948,52.62871046772875,0,2026-09-04 04:17:19
2026-09-03 16:11:00,CNC-02,M,299.4674383056145,314.6829415552785,1720.2421769088369,44.48608105576347,199.93197082839382,3.0434316708934546,14.102922837200966,53.029056454904655,0,2026-09-04 04:17:19
2026-09-03 12:44:00,CNC-01,L,296.2301408694353,311.22333553231874,1433.7937056248852,54.4734765232647,182.26583394028833,2.6289037193369884,14.679472882900388,60.94461951039095,0,2026-09-04 04:17:19
2026-09-04 02:09:00,CNC-03,H,296.7533935130317,308.25906637884236,2504.1394894063346,16.14630804564195,33.60335545396135,2.9875291785029168,7.6159938917679835,63.4831238104929,0,2026-09-04 04:17:19
2026-09-03 12:07:00,CNC-02,M,297.3363929076363,310.997009927334,1369.6744950641953,47.29748643672146,57.329275594806916,2.0681287168248725,12.430154299252438,51.369996686250865,0,2026-09-04 04:17:19
2026-09-03 16:59:00,CNC-03,H,298.41148460010146,312.8369100139131,1927.1044410560517,34.38446122192974,204.58157259624653,3.122376762118427,12.463413159296504,55.34503065310543,0,2026-09-04 04:17:19
2026-09-03 15:01:06,CNC-02,M,298.66151434726544,312.8933057877472,1526.4694073066016,45.31269617743505,94.206871642928,2.204504640764314,13.045488967038473,49.36711762898907,0,2026-09-04 04:17:19
2026-09-03 11:59:00,CNC-03,H,302.06103215493846,311.1227652747962,1390.978976828246,53.2811687437764,253.39008342398552,3.0644608185430062,13.805623767687889,50.55630314195427,1,2026-09-04 04:17:19
2026-09-03 16:13:00,CNC-02,M,299.32231336841016,314.69066666007626,1761.1936937296487,46.17455096376704,,3.0817841844858886,15.46496566047961,51.781908406952226,0,2026-09-04 04:17:19
2026-09-03 15:09:00,CNC-01,L,,311.8965566668704,1507.3460663753222,46.025624617195284,180.18341301773964,2.6752914474757525,13.11470079013311,55.78737704165221,0,2026-09-04 04:17:19
2026-09-03 12:02:00,CNC-03,H,302.3008539109403,311.89376205535655,1386.650661350161,58.42585820488331,258.16204103836077,3.219555712423865,15.047429222687517,45.5006047334956,1,2026-09-04 04:17:19
2026-09-03 08:08:00,CNC-03,H,295.7959581309182,310.24594507509494,1602.2245352726518,45.03634786029361,115.87134324557252,2.3713750713334782,13.434829562574444,56.447392151974626,0,2026-09-04 04:17:19
2026-09-03 17:56:00,CNC-02,M,299.9789850439893,314.5636847142801,1868.4447288662307,39.064203330646954,119.15962671369782,2.686606666245556,13.907484952284037,49.245630383873404,0,2026-09-04 04:17:19
2026-09-03 23:29:31,CNC-01,L,298.323922821307,310.30241182901244,2628.566340826879,15.450280320834237,148.21313352873895,3.436088158616378,7.675945340485129,51.700387224933664,0,2026-09-04 04:17:19
2026-09-03 04:52:00,CNC-03,H,296.66850154471405,309.47186446414105,2304.365661871145,24.48557608555605,85.13405883625849,2.8768455994987145,10.325844533082162,55.63091711665412,0,2026-09-04 04:17:19
2026-09-04 04:08:00,CNC-02,M,297.1312134476815,311.1137886125707,2245.434689616855,27.581989086935547,155.19150423670473,29.99305708929274,11.583763970865347,58.71254417288994,0,2026-09-04 04:17:19
2026-09-03 09:14:00,CNC-03,H,295.66733477451936,311.07621027558685,1646.833949296495,47.34894415872195,214.83010486252763,2.8976900222382875,14.462665866968162,57.415061830799885,0,2026-09-04 04:17:19
2026-09-03 11:56:00,CNC-03,H,302.1398703807167,311.1212918870903,1331.405638840271,55.35614574788532,248.67125011267257,2.8424505586667452,13.686947647536979,45.90159631059659,1,2026-09-04 04:17:19
2026-09-03 11:22:00,CNC-02,M,297.4029859513721,312.0074409266452,1326.3225468736646,51.056924803787815,189.62392315546688,2.5873589287321024,12.674897712516305,54.94751213920655,0,2026-09-04 04:17:19
2026-09-04 04:07:00,CNC-02,M,296.9816589309818,310.7265901858531,2406.8793703884635,24.265431506262697,153.98564661221909,3.284156094448557,10.911214356318071,58.64878414328373,0,2026-09-04 04:17:19
2026-09-03 05:51:00,CNC-02,M,296.0891614701308,310.5961863654469,2078.0462477635015,35.572299820077696,174.37407640919463,3.1362121721780603,13.877863561028411,58.36315161399814,0,2026-09-04 04:17:19
2026-09-03 18:38:00,CNC-03,H,299.4662159625444,312.503020539988,2246.07286407196,25.27522750209692,63.31906842132047,2.810633440160155,10.943175587090693,55.207235158411834,0,2026-09-04 04:17:19
2026-09-03 10:19:00,CNC-01,L,294.9351923782117,309.4369858034156,1497.2866051127241,50.92256767194956,145.39289857084827,2.4902768628371312,14.231293410770489,59.08874636399671,0,2026-09-04 04:17:19
2026-09-03 19:29:00,CNC-03,H,299.76942474903746,313.7175872031257,2315.072548155973,28.9164053658578,127.06161576972112,2.9401694034564776,12.730273339531164,50.260214194526725,0,2026-09-04 04:17:19
2026-09-03 22:35:00,CNC-01,L,25.350968195219934,37.50108331232269,2708.5120127192554,16.257679323323636,90.24122437200194,3.3601455255855477,8.228430887632404,56.167204154403166,0,2026-09-04 04:17:19
2026-09-03 13:36:00,CNC-02,M,298.0828937289234,313.1917334714433,1427.6342143322538,53.386607360628396,198.26941585399172,2.731040312626351,14.229976137518323,57.69435214138129,0,2026-09-04 04:17:19
2026-09-03 16:02:00,CNC-03,H,298.2214020171492,312.68042049323526,1591.1526307869553,44.935081956251075,123.02390205062721,2.3016871603155087,13.510109769537264,55.074401816784196,0,2026-09-04 04:17:19
2026-09-03 19:39:00,CNC-03,H,299.71514517587985,314.1355460702289,2394.337577405129,30.853853754364113,139.12124079659245,3.129508292962179,13.85256952892336,49.72595486748437,0,2026-09-04 04:17:19
2026-09-03 09:34:00,CNC-01,L,295.1298728634301,309.6138895665498,1553.4511118834541,48.959713315757696,75.43061103233273,2.3078534706928426,14.184670978355003,61.321482422841775,0,2026-09-04 04:17:19
2026-09-03 09:27:00,CNC-03,H,295.5672715477907,309.55894461185807,1474.4459667562498,50.61202962842336,13.79847233732863,2.13572839779864,14.051164588547723,60.54771026120756,0,2026-09-04 04:17:19
2026-09-03 17:30:00,CNC-01,L,298.09577179653303,312.39277995953927,1971.4111326186078,36.04773722080668,144.7871998973128,2.8515192957034667,13.14334814305874,57.92930098665114,0,2026-09-04 04:17:19
2026-09-03 15:18:00,CNC-03,H,298.5407515143214,312.29532275719396,1514.2040485777372,43.0545488294276,57.723297798163294,2.0297051929872465,11.961571367304979,52.865763872628506,0,2026-09-04 04:17:19
2026-09-03 05:44:00,CNC-02,M,296.208113170617,311.1843081758198,2006.8692903770886,38.22182451159569,165.24126604692228,2.9043965969952206,14.368759810368946,61.73458003821293,0,2026-09-04 04:17:19
2026-09-03 17:00:00,CNC-02,M,299.6299800472974,313.17170624291947,1867.7494158438537,34.5613444436035,42.388935704299705,2.3892062388377986,11.808274359799718,50.54402523278134,0,2026-09-04 04:17:19
2026-09-03 22:25:00,CNC-02,M,26.810652829440812,40.542102903138414,2661.0345065079905,20.027652442497573,213.54966998949513,3.900904584323649,9.935460879361107,50.096251453410346,0,2026-09-04 04:17:19
2026-09-04 01:52:00,CNC-03,H,297.7394678207537,309.74047602226455,2591.8812023587084,18.534020573236628,15.016271313321893,3.1051651078156657,8.935038764111457,52.91034392223264,0,2026-09-04 04:17:19
2026-09-04 01:38:00,CNC-01,L,297.1681478866038,309.46139107994037,2866.3468272295495,16.443265925420725,57.857052592517775,3.4954522806530264,8.918646763118991,57.52330505540034,0,2026-09-04 04:17:19
2026-09-03 21:46:00,CNC-03,H,299.2397412923173,311.00354936576053,2642.3128414811054,15.978736909948385,14.481507399911616,31.424321911004824,7.800130032451121,53.59204472250539,0,2026-09-04 04:17:19
2026-09-04 03:15:00,CNC-01,L,296.2827002590977,309.604827468378,2430.134109812166,22.587831362276873,165.866446228113,3.448031397486768,10.366157937760056,54.76503461257547,0,2026-09-04 04:17:19
2026-09-03 11:13:00,CNC-03,H,301.59313532681114,310.1482708957772,1388.570934359931,51.05274282893166,180.40961907186298,2.4585927228287465,13.392165652121857,52.340766393378004,0,2026-09-04 04:17:19
2026-09-03 09:07:00,CNC-03,H,295.58764872241443,310.28916409193397,1638.875375442632,43.286815098836456,204.15601904990956,2.838451014373806,13.280963960994631,58.93178342452708,0,2026-09-04 04:17:19
2026-09-03 10:35:00,CNC-03,H,295.97293997979233,310.4060569893071,1414.3315813700124,50.44907995950974,120.38283658616398,2.1478748218519423,13.42276066218855,58.79972565481826,0,2026-09-04 04:17:19
2026-09-03 18:33:00,CNC-03,H,299.0269040059102,313.2224231922289,2122.831562854702,33.93069407739001,56.952411482599466,2.8199223495771677,13.2073637477565,48.942045779933196,0,2026-09-04 04:17:19
2026-09-03 18:08:00,CNC-01,L,298.6971692300149,313.4992629393855,2085.038702387498,35.61862816381326,195.70898140157203,3.3500119470461116,14.004190446173899,55.21490979690059,0,2026-09-04 04:17:19
2026-09-04 03:44:00,CNC-02,M,296.8821349708214,310.1381516489894,2552.214877555235,20.96915809857553,126.71375545807676,3.2959282870176274,10.048963224775036,56.784461222034906,0,2026-09-04 04:17:19
2026-09-03 10:23:00,CNC-02,M,296.66163516695383,310.9867937826372,1402.4660225325647,50.64141087098073,96.42127710437751,2.106507005010401,13.230655901482965,56.86959912830578,0,2026-09-04 04:17:19
2026-09-03 11:54:00,CNC-01,L,295.59364984344836,310.2172238022706,1362.7656488946354,54.667084507230655,102.70184780644313,2.0975124060323287,13.979867656454035,56.63932670218477,0,2026-09-04 04:17:19
2026-09-03 04:32:15,CNC-02,M,296.8720548267292,310.623799742077,2038.0079572474838,32.535402626635566,72.44715787514676,2.7530195505120534,12.582599410531662,58.48608333834054,0,2026-09-04 04:17:19
2026-09-03 05:58:00,CNC-02,M,296.2087512866137,310.42219515828197,2103.284644362542,30.50103853074147,183.6573036189563,3.1831738817645614,12.043140719116028,55.96411204934562,0,2026-09-04 04:17:19
2026-09-04 01:54:00,CNC-01,L,297.1019783902864,309.444521295165,2589.0060901764678,19.146073361170387,75.11364454972248,32.03587319073619,9.467645818929986,59.438392604905026,0,2026-09-04 04:17:19
2026-09-03 20:17:00,CNC-01,L,25.962172191633783,38.92386132992203,2540.54430898769,21.07539428992269,130.78164297084177,3.386393492091419,9.94547743541812,46.924275524449996,0,2026-09-04 04:17:19
2026-09-03 11:07:00,CNC-03,H,301.647230950297,310.45286470101047,1389.0425806721346,53.020641717541075,170.88969104226365,2.359370719125445,13.673909839693085,50.556850658398325,0,2026-09-04 04:17:19
2026-09-03 16:55:00,CNC-02,M,299.5798543189226,313.41888181331154,1838.7508837380901,36.021715585880585,35.36104171640553,2.498721362873736,12.574787741514903,51.7305227848939,0,2026-09-04 04:17:19
2026-09-04 01:25:00,CNC-01,L,297.02809552805513,308.6873607973824,2636.3985639987736,15.52440916129568,43.83454643788298,3.098374078584257,7.7942887992801015,59.7452844804087,0,2026-09-04 04:17:19
2026-09-04 00:33:06,CNC-03,H,297.9161059917331,310.79648177533244,2678.247002688546,18.65054169704275,193.3375252999827,3.7155956882211525,9.10425360932023,,0,2026-09-04 04:17:19
2026-09-03 21:54:00,CNC-03,H,299.27165014482057,311.45001198662163,2556.9705028005487,18.621842433821357,0.0,2.9848412432682445,8.801903667056877,54.46850599887736,0,2026-09-04 04:17:19
2026-09-03 23:47:00,CNC-01,L,297.84781563143173,310.69596921045667,2824.311103806705,16.923850591981395,167.38094551232234,3.797656178454393,8.84338279254771,56.684746102421784,0,2026-09-04 04:17:19
2026-09-03 11:42:00,CNC-03,H,301.75804157169534,310.54643910075725,1500.816918066278,48.08255432759135,226.4033348471241,2.918698753206242,13.766725435485931,42.33749471028978,0,2026-09-04 04:17:19
2026-09-03 21:14:00,CNC-03,H,299.4645104719011,314.0038142822585,2349.9885638820638,29.37716041545659,249.91842743834863,3.900263290323229,12.676234074759595,52.391205523516135,0,2026-09-04 04:17:19
2026-09-03 13:39:00,CNC-01,L,302.16063249914015,310.59635757894085,1433.7628439703972,52.34981555902919,41.01056945819246,2.07567859896445,13.922054616392359,47.20054030669475,0,2026-09-04 04:17:19
2026-09-03 19:46:00,CNC-01,L,298.851900596267,312.52884815815935,2312.437409137841,27.959078158683262,93.7272324044173,2.8047614292636647,12.059265478579842,53.22931547232301,0,2026-09-04 04:17:19
2026-09-03 08:07:00,CNC-01,L,295.35357503945835,309.6234995269197,1646.7855616446273,41.01390279466625,147.2354226831501,2.6886263501504986,12.367146624506752,58.63086069261047,0,2026-09-04 04:17:19
2026-09-03 05:41:00,CNC-03,H,296.0702745128592,310.2336491949717,2051.3176693684636,33.705747206667546,147.82456244700205,2.8743399788444948,12.96453287185414,58.93420170167629,0,2026-09-04 04:17:19
2026-09-03 10:36:00,CNC-01,L,295.39554730172074,310.1009516122705,1483.4205499422467,50.6374159308815,172.08762573880685,,13.866300015922063,55.76915008923961,0,2026-09-04 04:17:19
2026-09-03 18:17:00,CNC-02,M,300.0898373820027,315.19949073159006,2271.352574932269,34.193256113962924,146.9419979645679,3.093244308976157,14.475861339673703,50.72309004994954,0,2026-09-04 04:17:19
2026-09-03 22:06:00,CNC-01,L,298.63476773157066,310.93139562853673,2572.3949626596227,19.18913604225936,58.96322079828275,3.1200659311488703,,52.081036687837475,0,2026-09-04 04:17:19
2026-09-03 23:58:00,CNC-02,M,299.417659098042,311.01963631515144,2743.082392036617,13.113301116651092,85.64988300129798,3.2577940047742864,6.728656664797357,53.57580438143076,0,2026-09-04 04:17:19
2026-09-03 13:06:00,CNC-01,L,296.40315158954974,311.4074334483374,1330.9248493470282,56.02333046102552,217.04106605809704,2.918548315558939,13.97743271980327,57.50433845446563,1,2026-09-04 04:17:19
2026-09-03 15:45:00,CNC-03,H,298.359405779232,312.70426223877723,1703.5889278505063,43.0038073469277,97.96777087341813,2.404804812932009,13.781779335352672,54.13081326324511,0,2026-09-04 04:17:19
2026-09-03 11:33:00,CNC-01,L,295.71751721954183,309.7506893267056,1458.2117166289459,47.75451633117076,69.35664235384444,2.1415865985489604,13.090535715593743,54.011644713811094,0,2026-09-04 04:17:19
2026-09-03 05:14:00,CNC-01,L,296.48713944570284,310.34197486534345,2333.768332356703,29.358137475112322,107.68574251589305,3.110127553106952,12.942997384002268,56.608231026403686,0,2026-09-04 04:17:19
2026-09-04 02:26:00,CNC-02,M,297.8857852511058,310.60924331726386,2691.759074227659,19.05166057323517,37.316192540996006,3.2821267173771353,9.661353560829642,59.1871543020292,0,2026-09-04 04:17:19
2026-09-03 09:08:00,CNC-02,M,296.78019715519866,311.2531035718367,1548.6899076644895,44.87408315380281,198.36867736208166,2.739602548132681,12.84893827741249,60.52626240850587,0,2026-09-04 04:17:19
2026-09-03 22:03:00,CNC-03,H,299.284022278798,311.26491507264393,2541.068750467119,17.23133338117666,33.17909855952066,3.1730671930826393,8.308916449935664,53.420606973820554,0,2026-09-04 04:17:19
2026-09-03 14:48:00,CNC-03,H,298.16595235936654,311.5455794543624,1533.6354933576192,44.25759287498429,12.170035402407096,2.2011124998811846,12.685674011532441,50.6987470116956,0,2026-09-04 04:17:19
2026-09-03 11:37:42,CNC-03,H,301.722059354717,310.46766859299623,1399.4470273420575,51.22533053478632,218.51490504240275,2.769093522093004,13.505933641902196,45.73970663763834,0,2026-09-04 04:17:19
2026-09-03 16:36:00,CNC-03,H,298.604815785469,312.86843170654925,1784.3473813831354,38.777285836612435,172.22139360145474,2.7729643421606007,13.019407744513078,52.104753433909956,0,2026-09-04 04:17:19
2026-09-03 06:34:00,CNC-01,L,295.72026078449124,309.62320047892615,1792.780192673897,38.691889295454885,15.075770872138238,2.3716178013216753,13.101765209772525,61.19205437611688,0,2026-09-04 04:17:19
2026-09-03 04:47:00,CNC-03,H,296.4360494199962,310.33399696749444,2342.285963776909,28.408622050959067,78.93311365780265,2.8592323963630775,12.29230004505333,56.48091960088868,0,2026-09-04 04:17:19
2026-09-03 12:07:00,CNC-01,L,295.9678206667042,310.03871092408747,,53.26842957132421,123.38857463877953,2.2479264684376905,13.262025082171805,61.62760255804423,0,2026-09-04 04:17:19
2026-09-03 04:24:00,CNC-03,H,296.99930716258785,310.12813234096166,2365.48811105246,24.32342160188094,50.59100907423629,2.8430584593329646,10.586721422990877,54.80511403199503,0,2026-09-04 04:17:19
2026-09-03 21:07:00,CNC-01,L,299.04357130996925,312.8948480782972,2579.0137718491906,23.67506344677453,188.59922938633383,3.773272842006583,11.51966000215128,50.856553578601975,0,2026-09-04 04:17:19
2026-09-03 07:12:00,CNC-02,M,296.21547715463413,310.2358883967914,1814.5955611483976,39.400261965665486,28.09280004739421,2.4661934939430066,13.4674014036211,57.189338659488634,0,2026-09-04 04:17:19
2026-09-03 13:01:00,CNC-02,M,297.6026142695711,311.7559099374859,1298.5323254035443,52.0963259736046,142.8435387017708,2.273120695995189,12.696881342229672,54.04710859668837,0,2026-09-04 04:17:19
2026-09-03 21:35:00,CNC-02,M,300.24097537672617,313.46872666246406,2657.003556795852,20.408434389800842,158.97269583312777,3.509518250615066,10.273516704679894,52.73825945433266,0,2026-09-04 04:17:19
2026-09-03 07:23:00,CNC-01,L,295.3175142029326,310.0858734491451,1880.0182344222294,41.93852458211981,83.64359046121254,2.710252202162985,14.830461780866212,57.90987516950806,0,2026-09-04 04:17:19
2026-09-03 13:26:00,CNC-01,L,296.52597998322705,309.8204414847217,1344.8877794022258,47.12265349431832,20.615776501017884,2.089250401987269,12.100151755258606,55.14158538373694,0,2026-09-04 04:17:19
2026-09-03 21:39:00,CNC-03,H,299.3584493618808,310.7714454357867,2574.0723111998477,14.813747015932467,6.671094768806454,3.1605145564878243,,58.06650018962654,0,2026-09-04 04:17:19
2026-09-03 16:01:00,CNC-03,H,298.4060407950488,313.1577862324046,1591.2253235532744,48.14317829181827,121.52020860429818,2.3805139847477172,14.3509789260276,52.45268654670307,0,2026-09-04 04:17:19
2026-09-03 18:40:00,CNC-03,H,299.1170977435002,312.5938819327668,2066.5649271279017,30.992476588373812,65.8676209621403,2.5681554816511474,12.069269433686753,54.68280659749206,0,2026-09-04 04:17:19
2026-09-03 20:14:00,CNC-01,L,25.915987630949473,39.48452541951622,2417.7332661338187,25.927593857316637,127.26831191207725,3.175471658665725,11.669543466309655,53.31436990708571,0,2026-09-04 04:17:19
2026-09-03 08:39:00,CNC-03,H,296.059690085425,310.58730580994563,1704.9226284023266,43.42202357443491,161.73001050612564,2.562544493550682,13.721017728295031,54.08386297584538,0,2026-09-04 04:17:19
2026-09-03 21:16:00,CNC-01,L,298.89122436984275,311.13983983713143,2557.1013361353853,18.589739499007212,3.378711256067304,3.1068869980118823,8.970271543085802,50.754810612126136,0,2026-09-04 04:17:19
2026-09-03 11:20:00,CNC-03,H,301.5106810992094,310.40301239112813,1338.2856344344177,54.55661446650519,191.53162858941317,63.358726911481384,13.754588491295417,47.88682309296787,0,2026-09-04 04:17:19
2026-09-03 17:46:00,CNC-02,M,300.1052658244788,314.41167081902154,2012.656849010259,33.960098629029,105.80331021295932,2.5575855614440917,13.062899702064394,51.32669983008945,0,2026-09-04 04:17:19
2026-09-03 18:41:00,CNC-02,M,300.0663598419975,315.6485501411118,2190.7164135967937,36.295013115810164,177.58424199025126,3.1961038039555514,14.814835197827419,50.1575308151797,0,2026-09-04 04:17:19
2026-09-03 07:52:00,CNC-01,L,295.1604383496774,309.716080019486,1859.6151834615237,39.15073869568074,125.205965723481,2.6392424405323403,13.688998104917136,60.93286149039599,0,2026-09-04 04:17:19
2026-09-04 00:56:00,CNC-03,H,298.0955207407761,311.24625872383683,2694.284238387077,19.769481686493524,217.9826157568765,3.8429725045891994,9.919080720166969,54.7299581735658,0,2026-09-04 04:17:19
2026-09-03 06:57:00,CNC-02,M,296.2562356960197,309.92653682033034,1811.2901457373985,37.32983802308938,7.021180862217859,2.521368558481393,12.507373670585674,55.30903634845433,0,2026-09-04 04:17:19
2026-09-03 19:04:00,CNC-03,H,299.2263776043054,312.53014113828647,2338.3799963467127,25.983078650751494,96.16655501860966,2.9559034553013004,11.205129275936194,51.04292662032803,0,2026-09-04 04:17:19
2026-09-03 06:18:55,CNC-03,H,295.96662620362605,311.2418719702912,1863.9431185131614,42.494781605148965,199.72860498097185,2.96503331370617,14.760711512422894,61.06008398614644,0,2026-09-04 04:17:19
2026-09-03 04:29:00,CNC-02,M,296.66593728810017,309.929605053035,2315.8701261583888,25.213304666402458,69.91731502946945,2.859526078561915,11.040463326798006,62.54700748102865,0,2026-09-04 04:17:19
2026-09-04 01:40:23,CNC-01,L,296.9391188314587,309.12282414393275,2618.951260841823,16.878541687989706,58.95801494230295,3.2954535790628556,8.168195428212583,57.40396190363229,0,2026-09-04 04:17:19
2026-09-03 20:24:00,CNC-03,H,26.345336505467742,40.28233043359512,2431.9590130091487,25.898317057159087,192.6832054199975,3.4785951946508393,11.762675046876351,48.06159188517632,0,2026-09-04 04:17:19
2026-09-04 01:27:00,CNC-01,L,297.1737401849639,310.05281795074114,2490.6814448181667,23.42895065807641,46.10942721534495,3.080273588965558,10.952469205120916,59.276014124163424,0,2026-09-04 04:17:19
2026-09-03 23:00:00,CNC-01,L,25.065731466285683,38.04116882562852,2581.8011749921775,21.276185382581136,117.16739911100545,3.363951155489597,10.336094776722158,52.615583211878715,0,2026-09-04 04:17:19
2026-09-03 08:29:00,CNC-03,H,295.63209007536506,310.05707924567287,1706.778648471979,44.13161677733357,146.84897928820436,2.5684427668686203,13.926716525095117,60.96618460670964,0,2026-09-04 04:17:19
2026-09-03 20:39:00,CNC-02,M,32.79634675143353,39.675038428423704,2427.1637851795253,20.779931727203667,95.59446745340121,3.053912965872677,9.638354393611838,41.5014922657218,0,2026-09-04 04:17:19
2026-09-03 18:01:00,CNC-02,M,300.1751404700199,314.7626447885866,2001.791014247405,35.840381913226025,125.84850778411898,2.797557923382087,13.407548108107958,52.181230004907576,0,2026-09-04 04:17:19
2026-09-03 04:26:00,CNC-02,M,296.7363450734016,310.18354904477536,2354.9476788420866,27.028084428764153,66.25728034857947,2.9340787667301678,12.004551987922232,51.589543457585535,0,2026-09-04 04:17:19
2026-09-03 05:24:00,CNC-02,M,296.69401311393375,310.65032051417523,2160.847944657516,30.911512880372978,139.19539066151341,2.900745514456175,12.03823077525974,58.17208351028031,0,2026-09-04 04:17:19
2026-09-03 18:06:00,CNC-02,M,299.9144591222618,,2073.8234773023487,32.98454933219521,132.4208389597686,2.9511924516770085,12.743462109671395,48.925959647363705,0,2026-09-04 04:17:19
2026-09-03 19:01:00,CNC-03,H,299.3887099054201,313.657109765675,2214.5182530322645,32.657026257025464,92.4438532376014,2.8108144692851145,13.59132017714519,51.172605753223834,0,2026-09-04 04:17:19
2026-09-03 23:35:00,CNC-02,M,299.78946725473526,312.0626664343714,2633.7519703618077,16.11364784167064,61.29965948322379,3.2265107159359676,7.934888692890531,52.0717310318856,0,2026-09-04 04:17:19
2026-09-03 13:14:00,CNC-01,L,296.2116830734169,310.25696080000677,1460.3011179070695,51.05549990292694,1.577977109075106,2.148215403398605,13.84780144576344,69.003456684465,0,2026-09-04 04:17:19
2026-09-04 01:12:00,CNC-03,H,297.7557048571779,311.7757466753106,2577.8617431678326,24.012620111131838,235.36399588218026,3.920548407678568,11.701191430287789,51.96557502575237,0,2026-09-04 04:17:19
2026-09-03 18:42:00,CNC-03,H,299.0385338855998,312.9343368927439,2109.772468937612,33.27454338685998,68.47952747166853,2.685654488307027,13.061576385695647,51.36713586930472,0,2026-09-04 04:17:19
2026-09-03 22:51:00,CNC-01,L,25.12429380174126,37.27031498919712,2795.2504032075194,15.309598033349747,107.47950164448515,3.463090228362887,7.860892101920514,49.51921740220393,0,2026-09-04 04:17:19
2026-09-03 11:17:00,CNC-02,M,297.13948787681704,311.74807791771235,1315.6450270076791,52.11816144508944,181.69755132339736,2.4574185327648372,12.689962219817994,55.96230056385465,0,2026-09-04 04:17:19
2026-09-03 18:54:00,CNC-02,M,300.01062533652185,315.49484999211415,2219.497095266887,35.420410723158504,194.063550675972,3.3124255688241178,,47.635250561748606,0,2026-09-04 04:17:19
2026-09-03 04:17:00,CNC-03,H,296.8570382829163,309.8029371535134,2356.738993969145,24.284844932504825,42.09981361913837,2.950074194889999,10.899232692041846,57.86648722258701,0,2026-09-04 04:17:19
2026-09-03 15:57:00,CNC-01,L,297.8398388195041,311.7452326982531,1765.4605931947553,39.371470935424746,13.136499726516224,2.4101556909725628,13.083037731846513,52.21000299280244,0,2026-09-04 04:17:19
2026-09-03 05:34:00,CNC-01,L,296.4638688062423,311.2684973965047,2222.277450886783,34.15224458067359,133.547806385174,3.0250711125983134,14.235505256858275,56.99999687233556,0,2026-09-04 04:17:19
2026-09-03 17:58:00,CNC-03,H,299.16209099099325,313.1305970850622,1971.6970315047363,36.7127903498199,10.825909586141615,2.546374135881405,13.607326397956383,53.12088948195869,0,2026-09-04 04:17:19
2026-09-03 11:59:00,CNC-01,L,295.9116446622778,309.9280540122512,1276.4300099176135,54.59273821034615,110.66833943344199,2.0994997274104437,13.044968466631989,58.1768615687757,0,2026-09-04 04:17:19
2026-09-03 17:32:00,CNC-01,L,298.1842763741757,312.7470366135927,1881.8978917510121,38.09203852913332,147.4785855380165,2.892521141336409,13.259106238643547,58.47303024335016,0,2026-09-04 04:17:19
2026-09-03 16:46:00,CNC-03,H,298.29229246652824,313.68670978669445,1901.821921085579,42.99557802445332,186.45645191726283,2.913187773516486,15.187678771094474,56.52714222206995,0,2026-09-04 04:17:19
2026-09-03 22:23:00,CNC-01,L,25.286459807380197,37.839322497784565,2656.499451114207,19.21273626046542,77.33486014473753,3.164788846447022,9.72425422707972,52.5826613921242,0,2026-09-04 04:17:19
2026-09-03 08:28:00,CNC-01,L,295.4739930242249,310.4334715101666,1773.7158170913772,42.652872952152414,178.30659143893973,2.8259671183900137,14.284910831555491,60.513381820562614,0,2026-09-04 04:17:19
2026-09-04 03:52:00,CNC-01,L,296.08765281740625,310.02323317320156,2384.6065320752004,25.75999320197516,209.15741385933603,36.748388807435674,11.445796438964882,58.40630708596351,0,2026-09-04 04:17:19
2026-09-03 22:42:00,CNC-02,M,26.871648238727857,37.56093307506967,2828.9477870041387,8.36173197605817,4.265387519423303,3.3452463206385143,4.696042647691337,48.66371672744506,1,2026-09-04 04:17:19
2026-09-03 12:11:00,CNC-02,M,297.4229505759516,311.48632222715804,1331.968920724598,51.91182501444217,63.72927559480692,1.989238870688244,12.963552783566504,56.72345290023471,0,2026-09-04 04:17:19
2026-09-04 03:31:00,CNC-01,L,296.0511456143559,309.6230031709205,2356.821595424193,25.21001985897021,184.35959344633955,3.55645001451219,11.007050624847151,61.652480861103726,0,2026-09-04 04:17:19
2026-09-03 07:25:00,CNC-02,M,296.5679554096802,310.5119995607642,1577.2282835207363,42.27391264556947,46.524456294211966,2.1765813775733966,12.352142942292419,57.221684410234204,0,2026-09-04 04:17:19
2026-09-03 04:42:00,CNC-03,H,296.4924844014338,310.71806952773505,2169.8642426497836,32.78559989147744,72.77996935802564,2.782596924889609,13.546033488393354,68.11932568622147,0,2026-09-04 04:17:19
2026-09-04 01:50:00,CNC-01,L,,308.42893595413904,2731.4938167985188,13.099752276379828,70.78517446427131,3.1995203168996658,6.902720709281527,56.05217158912148,0,2026-09-04 04:17:19
2026-09-03 11:57:00,CNC-03,H,302.15999139993556,311.62343301408544,1432.2925293832086,54.59120342461746,250.22549946148075,3.0431773878030084,14.842039954335437,41.62857895220972,1,2026-09-04 04:17:19
2026-09-03 22:38:00,CNC-01,L,25.653582882103933,38.50212889151072,2700.0889841649564,19.184519959351984,93.49821112149223,3.365710449278672,9.98973589304186,54.13184316224341,0,2026-09-04 04:17:19
2026-09-03 16:46:00,CNC-01,L,297.87168509887744,312.14832809290056,1835.5977206751513,38.48475479578449,83.7529687352943,2.4662812964441545,13.281357002548805,54.82665327404425,0,2026-09-04 04:17:19
2026-09-03 15:11:00,CNC-03,H,298.3360503867632,311.52404698704174,1457.6483175020605,44.94808065754309,47.20576541552134,2.0583741180300166,12.405527467978969,54.60776608697955,0,2026-09-04 04:17:19
2026-09-03 17:54:00,CNC-01,L,298.39049094186817,312.87257399465625,2081.844803335503,33.42462385998302,177.03185146950221,3.3190115876511443,13.023065847284377,54.98328217147883,0,2026-09-04 04:17:19
2026-09-03 20:49:00,CNC-02,M,32.69421676723175,39.73986933511037,2493.7522795943996,20.344953441776735,107.09683923575795,3.1694986760242685,9.282897544958166,44.78468192266888,0,2026-09-04 04:17:19
2026-09-03 16:57:00,CNC-01,L,298.0605784949128,312.4397733431963,1810.1676708078908,40.406092307991706,99.20170283392359,2.5319723203109383,13.788988640775571,57.53007332881537,0,2026-09-04 04:17:19
2026-09-03 05:53:00,CNC-02,M,296.4614231769396,311.99088207412484,2017.9746661644451,40.12431031788873,177.04926131929625,2.9767813408935533,15.27464872675151,52.985782978989235,0,2026-09-04 04:17:19
2026-09-03 09:19:00,CNC-01,L,295.34170509738783,309.2635695781142,1546.1623250336693,45.51440571516343,52.1341086261231,2.1434719076608455,13.041242446276078,61.460134406960854,0,2026-09-04 04:17:19
2026-09-03 11:53:00,CNC-03,H,301.66608938724806,310.6911410253665,1395.539758540031,54.46524064924749,243.87125011267258,2.978570123968141,14.321156160240312,52.17792646812441,1,2026-09-04 04:17:19
2026-09-03 09:53:00,CNC-02,M,296.8499386170631,310.96292540911895,1577.3481084048578,45.176899283812496,49.331583800851625,2.206916201354532,13.61245761785872,58.679257511503714,0,2026-09-04 04:17:19
2026-09-03 08:22:00,CNC-02,M,296.64996484119257,,1504.9047801819222,48.986051776106315,129.58130649639145,2.2870558440428983,13.722799159148323,64.99921898221884,0,2026-09-04 04:17:19
2026-09-03 17:43:00,CNC-02,M,299.8980493504335,314.56650414323354,1997.837488966793,36.96006475380461,101.88106838156273,2.7374996580400284,,48.4531159357909,0,2026-09-04 04:17:19
2026-09-03 13:04:00,CNC-01,L,296.1916217467798,310.94965793481816,1351.9722809861971,52.74519023705018,213.84106605809706,2.864390588128972,13.35826238238104,55.89449011957525,1,2026-09-04 04:17:19
2026-09-03 16:54:00,CNC-01,L,297.8440887494279,312.09238738589175,1739.9094558137351,41.27168692104311,95.01315524332243,2.39150522038963,13.486315606188944,54.32872571923826,0,2026-09-04 04:17:19
2026-09-03 08:04:00,CNC-01,L,295.1882206006168,,1642.7218548229134,44.67011176600929,142.76427677078956,2.5610948451812234,13.634354173830998,62.071195932544775,0,2026-09-04 04:17:19
2026-09-03 04:45:00,CNC-03,H,296.24635931124743,309.77147489785153,2374.037575523362,26.32405503060521,76.44152473026597,2.9180673007733446,11.5119759003895,58.70609510430802,0,2026-09-04 04:17:19
2026-09-03 16:30:00,CNC-01,L,297.90946156457693,312.30046767558736,1746.3105385985714,42.85904376593109,61.23882288572364,2.3531091904614625,13.712950517750384,56.89253829729881,0,2026-09-04 04:17:19
2026-09-03 13:28:00,CNC-01,L,301.9858832473595,7351.3625884171515,1429.4826711893604,48.104459006321804,23.761666052273362,1.9889835362530752,12.962570330437432,48.059469999533185,0,2026-09-04 04:17:19
2026-09-03 09:24:00,CNC-02,M,296.7977122840673,310.4968162820987,1589.4715150637844,43.4923573955295,4.575815230675088,2.3270232629169487,12.904414527967628,61.96526011792541,0,2026-09-04 04:17:19
2026-09-03 22:53:00,CNC-02,M,26.800445734462983,38.05802242321482,2587.047699345436,13.604484526817803,16.20652331649585,3.132947476415663,6.312041289757628,53.49910763298617,0,2026-09-04 04:17:19
2026-09-03 16:07:00,CNC-01,L,298.01116820425074,312.0207835841969,1806.873312733231,40.79968315109166,27.736095556783496,2.4485726146162934,13.646669471062209,51.03100100622438,0,2026-09-04 04:17:19
2026-09-03 13:27:00,CNC-01,L,302.09845627228344,309.90564252290824,1493.6198449981712,47.93182079265109,22.181738790306483,2.168151751073598,13.344609572245501,51.32253433959374,0,2026-09-04 04:17:19
2026-09-03 09:21:00,CNC-02,M,296.5333953568793,310.27039767023973,1628.2602038021357,42.45703552844061,0.0,2.353999226543629,12.85864967459748,59.56498331755286,0,2026-09-04 04:17:19
2026-09-03 06:56:00,CNC-03,H,296.5031267472396,310.3083284738248,1860.5473039800065,37.53115337583844,12.522423343399208,2.394704841592793,13.222569454194609,55.93669165711054,0,2026-09-04 04:17:19
2026-09-04 03:10:00,CNC-03,H,296.4053225993955,308.895849298097,2768.3541325435554,16.706091170670593,102.18845862584895,3.2682086498476117,8.622631105790374,62.31439577434583,0,2026-09-04 04:17:19
2026-09-03 12:49:00,CNC-02,M,297.4867952399517,311.40551485498185,1307.3635131721883,47.715108945877645,123.95574333054748,2.15414289415996,11.52902121283494,57.869177840553064,0,2026-09-04 04:17:19
2026-09-03 16:18:00,CNC-03,H,298.41405854965217,313.0768826547192,1806.7687942067216,40.93209011126062,146.3688522505905,2.5760394412860568,14.137711863987349,51.26388100794085,0,2026-09-04 04:17:19
2026-09-03 05:43:00,CNC-01,L,296.3436009832187,310.48800049417144,1984.0938451417612,34.55054788690613,145.51559716714385,26.86633912159882,12.95654106082448,61.55500258385739,0,2026-09-04 04:17:19
2026-09-03 06:31:00,CNC-02,M,296.26550736052496,311.2281221700569,1931.019776318313,37.52162200772476,228.36277812615484,3.4342946513051276,13.6287211277464,55.80686375022978,0,2026-09-04 04:17:19
2026-09-04 03:39:00,CNC-03,H,296.3529636858165,310.30411242745333,2447.286142761984,26.44632448004475,136.08305190047093,32.13536474662931,12.289512203313986,54.65941313328486,0,2026-09-04 04:17:19
2026-09-03 04:56:00,CNC-03,H,296.53425163813273,309.9965578740172,2224.7946666314097,28.13335111939441,90.17069088958385,2.808115181424583,11.750893552081035,55.440652627262516,0,2026-09-04 04:17:19
2026-09-03 05:04:00,CNC-02,M,296.702684469943,310.03384365444214,2081.422063078445,30.234123168301988,113.46794664066525,2.8978201943604525,11.931812668723591,55.38053487089231,0,2026-09-04 04:17:19
2026-09-03 21:22:00,CNC-03,H,299.08046125552625,312.08322121154185,2651.2984357082555,17.85653035913297,258.8699497781705,4.325185176580638,8.87583568870562,53.667440346714876,0,2026-09-04 04:17:19
2026-09-03 05:23:00,CNC-02,M,296.53915885304093,309.77466767318197,2250.297155807945,24.719105243725103,137.91568343446463,3.105392177405273,10.593131605098412,52.03861265024673,0,2026-09-04 04:17:19
2026-09-03 12:03:00,CNC-03,H,301.9083410216696,311.1060009584874,1486.5605875932163,52.794135644832124,259.7465731438257,3.2226457658048755,14.782482184775876,51.236264846452485,1,2026-09-04 04:17:19
2026-09-03 09:00:00,CNC-02,M,296.4173391337874,311.02303791661853,1535.2870810676568,47.80609245023772,186.21812587616182,2.7198800189572196,13.713480937077279,58.758230387011984,0,2026-09-04 04:17:19
2026-09-04 01:02:00,CNC-01,L,297.48058953677787,309.06896954490634,2805.8117864591927,14.124103793119499,19.295307848844534,3.2898176522286615,7.546933307664955,56.41681241125337,0,2026-09-04 04:17:19
2026-09-03 19:44:00,CNC-02,M,300.449989953312,313.86644209706293,2317.4460458634912,27.518492360750855,30.527248576509283,2.827723279682876,12.022533018386833,53.50958798688941,0,2026-09-04 04:17:19
2026-09-03 13:08:00,CNC-03,H,297.1125579771476,311.4595545356298,1328.3184290491636,53.23695094229023,99.89917706246757,2.0623863478086553,13.582672708610971,62.71141021248421,0,2026-09-04 04:17:19
2026-09-03 15:37:00,CNC-02,M,299.1695825288758,313.74224241715046,1640.229770260641,44.45013156630526,149.85454794900136,2.5653524858069607,13.634043983858703,55.42255845901765,0,2026-09-04 04:17:19
2026-09-03 14:23:00,CNC-03,H,297.85844191758383,313.0700588628758,1571.8545981865223,47.79772296707229,217.31014981941115,2.840796573749919,13.82202008116635,56.50770817870821,0,2026-09-04 04:17:19
2026-09-03 06:35:00,CNC-01,L,295.8414604184374,309.0889603655836,1997.9041610540037,32.03434616118418,16.42609675234587,2.676884091789035,11.967091026821828,59.49252925842963,0,2026-09-04 04:17:19
2026-09-03 07:06:00,CNC-02,M,296.23746966820084,309.2487083769047,1862.7163226237913,32.71974276883087,19.655153433081068,2.433986867538324,11.117952991890263,57.31140992653145,0,2026-09-04 04:17:19
2026-09-03 12:58:00,CNC-02,M,297.4770735324655,311.6462356517785,1348.6425788054132,49.70169444642868,138.11700883896998,2.2321514067526493,12.805536019725507,54.17772939423591,0,2026-09-04 04:17:19
2026-09-03 22:52:00,CNC-01,L,25.619792551527155,37.250355125639715,2713.5821673161176,14.205020752948235,108.53815059942336,3.3863058789324683,7.134170334045842,51.802331962959464,0,2026-09-04 04:17:19
2026-09-03 23:48:00,CNC-01,L,297.6964860304464,310.3983714548388,2720.73247904364,17.9995970233043,168.41094551232234,3.6826080841770645,9.062997911109012,53.36354483102982,0,2026-09-04 04:17:19
2026-09-03 14:58:00,CNC-01,L,303.1173193713901,311.80207798669267,1612.951077822219,47.354919176927886,163.48684616594892,2.7742204345212755,14.028257077890398,44.9392838436567,0,2026-09-04 04:17:19
2026-09-03 23:30:00,CNC-01,L,298.2528626728688,310.022172208826,2746.6458327998776,11.947837125281394,149.24619140448272,3.596797957965286,6.155584199209961,52.68520749165105,1,2026-09-04 04:17:19
2026-09-03 10:45:00,CNC-01,L,295.3277934974722,310.11320101236515,1339.720754836737,56.21186922721524,186.30569400842663,2.602211860678398,13.920199898820384,60.63240258627779,0,2026-09-04 04:17:19
2026-09-03 07:01:25,CNC-03,H,295.86539253448353,309.8052229426155,1878.3716543693172,37.0833522534016,20.96626005019197,2.5843122831339387,13.095647309196094,56.56977502442823,0,2026-09-04 04:17:19
2026-09-03 12:27:00,CNC-03,H,302.27335930701867,310.24903745888383,1312.8172738783253,55.10326630078721,34.84535367216873,2.0633972069681166,13.446809283896975,45.813874487133674,1,2026-09-04 04:17:19
2026-09-03 15:02:00,CNC-01,L,302.78399362886717,311.6791693933847,1605.8818092282834,47.468111457676976,169.57412823984436,2.7450321098108286,14.111821784755064,43.45154350352716,0,2026-09-04 04:17:19
2026-09-03 04:46:00,CNC-01,L,296.5140347100083,310.18920859309117,2192.307162782862,28.8435230643063,72.68039303723839,2.9408034247271084,11.700504178056864,56.87856665454807,0,2026-09-04 04:17:19
2026-09-03 13:46:00,CNC-03,H,297.485083872393,311.9591911558316,1444.8690738522296,49.113452976754736,159.64064639151243,2.314590105162262,12.946171899135848,61.89141721879389,0,2026-09-04 04:17:19
2026-09-04 02:09:00,CNC-01,L,296.9595364831517,309.045534116302,2629.070364991955,16.164818926297897,91.61613006396946,3.4170176332964197,7.703206707708868,57.87737637927112,0,2026-09-04 04:17:19
2026-09-03 11:59:00,CNC-02,M,297.1467316007682,311.31436509883076,1404.5031906631616,52.02218483298235,44.560192404689836,2.0592987694737963,13.781737298290512,56.05874266860629,0,2026-09-04 04:17:19
2026-09-04 02:17:00,CNC-01,L,296.7911670774252,310.61522064315085,2473.7303674287054,26.693283516245,100.33742648775643,3.1059861609877055,11.959516759730775,54.36435534261902,0,2026-09-04 04:17:19
2026-09-03 07:08:00,CNC-03,H,296.160440398114,309.91796281729773,1874.0286331353489,35.511588727482106,29.414482023938838,2.5374644424308586,12.586038085545383,53.46704765094018,0,2026-09-04 04:17:19
2026-09-03 07:56:00,CNC-03,H,296.05345118124325,310.5324572496347,1696.357668151001,43.571504566992395,98.25526117004705,2.399751476709735,13.741754959509704,59.80816886927499,0,2026-09-04 04:17:19
2026-09-03 05:57:00,CNC-01,L,296.16419980533135,310.184250679878,2092.582534196408,31.392892739376027,163.89678675196612,3.151148024039889,12.39171740207397,58.70391919065442,0,2026-09-04 04:17:19
2026-09-03 08:58:00,CNC-03,H,295.79701750987175,310.89112237917453,1750.1330841639717,43.843056109284426,190.40597785605678,2.7945344857841232,14.494085677349718,61.80623145215571,0,2026-09-04 04:17:19
2026-09-03 15:56:00,CNC-03,H,298.5750267680614,313.2146611471928,1776.5591840110308,41.19850408408122,114.13068521465011,2.500434942345667,13.73051068773499,58.727155255893635,0,2026-09-04 04:17:19
2026-09-03 09:56:00,CNC-03,H,295.88176065226975,309.7011181296654,1513.3888281104776,45.61796756159143,59.04182615056745,2.1950231340307087,12.910441355285474,53.84860134208884,0,2026-09-04 04:17:19
2026-09-04 02:10:00,CNC-02,M,297.6549398202096,309.7351207585883,2535.2680934091654,17.170657883358974,19.663687844553465,3.0130927568284847,7.9814622681302305,59.82142962504262,0,2026-09-04 04:17:19
2026-09-03 20:05:00,CNC-01,L,25.76287602055811,39.146724807414046,2309.0060843885044,25.520547986197826,116.65814683313091,2.992581368990773,10.910920097614456,52.181772557233195,0,2026-09-04 04:17:19
2026-09-04 01:06:00,CNC-03,H,297.74241814624077,311.027014441838,2638.068157575223,19.280511229274932,228.80131278950245,3.9682880690102236,,53.8771118190018,0,2026-09-04 04:17:19
2026-09-03 15:12:00,CNC-02,M,298.69023876819125,313.95441259593946,1664.4734536841192,47.84249066693519,112.30981184200685,2.4128766378947577,14.970504971656794,53.41035716616881,0,2026-09-04 04:17:19
2026-09-03 12:47:00,CNC-02,M,297.4225318394608,312.1421692668154,1389.230704670611,53.461107839989374,120.76740463628128,2.227941688473197,13.968769057118436,59.46810651321798,0,2026-09-04 04:17:19
2026-09-03 14:02:00,CNC-02,M,298.164002617065,311.9202755579047,1443.2912669634068,46.07934422482842,4.716293601966186,2.1873036566828437,12.41748516114136,56.522420299692406,0,2026-09-04 04:17:19
2026-09-03 18:26:00,CNC-02,M,300.4880921694396,314.626871456866,2152.903540503752,30.437976813619915,158.49930240157872,3.0992761923845173,12.49609804341863,43.891534282354904,0,2026-09-04 04:17:19
2026-09-04 04:07:37,CNC-02,M,297.02470953475733,310.8481831170865,2384.402490859844,26.349775877789064,156.36620164468425,3.1921777056082368,11.872148794007387,57.92138698226657,0,2026-09-04 04:17:19
2026-09-03 07:50:00,CNC-02,M,296.25351906483706,310.8962772489669,1758.8653155011145,46.17651054241906,82.55028740713428,2.378301345452894,15.266989399447946,61.88929615229721,0,2026-09-04 04:17:19
2026-09-03 10:35:00,CNC-01,L,295.2565391303292,309.9552215461696,1337.9992348559267,55.298859858682704,170.52288816058416,2.5062267415731405,13.681450183559166,58.06836765241581,0,2026-09-04 04:17:19
2026-09-03 05:15:00,CNC-03,H,296.2317760679728,309.98477335420404,2230.1245196189598,28.89881851081427,114.2558748236557,2.8479500027697173,12.320880214482383,55.765842489011646,0,2026-09-04 04:17:19
2026-09-03 23:15:00,CNC-02,M,26.91155342281155,38.71112438697526,2660.8393087429095,15.030960742733106,39.908726830633555,3.1464591411955225,7.130564616545014,47.46959212752953,0,2026-09-04 04:17:19
2026-09-03 18:35:00,CNC-01,L,298.6288187880885,311.6217591891032,2157.987311684108,27.247595019980857,5.27268455229488,2.683541153283906,11.078912679818377,52.180929315568264,0,2026-09-04 04:17:19
2026-09-04 03:58:00,CNC-01,L,295.5541861216508,308.19211436547613,2417.0473241684263,22.050607479022684,2.343225596875727,3.0340254681922785,10.071520500288829,60.822000651843375,0,2026-09-04 04:17:19
2026-09-03 21:32:00,CNC-01,L,298.76928996618693,311.06903687395663,2605.98606812527,17.99928757860613,21.153868521811596,3.183630250735176,9.098117689223898,56.11423021916758,0,2026-09-04 04:17:19
2026-09-03 23:18:00,CNC-02,M,26.8518646873311,39.17485374998569,2784.6234545759003,15.266657218110511,43.09158780431481,32.10130663148439,7.980797600932972,52.211454615184905,0,2026-09-04 04:17:19
2026-09-03 10:57:00,CNC-01,L,295.23624158009795,309.0768708076004,1446.6050075031649,48.02721955561818,12.586432569135633,2.2347200711952935,13.02219984322467,62.37798796794007,0,2026-09-04 04:17:19
2026-09-03 21:53:00,CNC-03,H,299.3277193800292,311.39963473348996,2638.3104387767225,17.7940364497742,22.20090395878062,3.2325817139075173,8.608430560606507,52.19975312865551,0,2026-09-04 04:17:19
2026-09-04 00:11:00,CNC-03,H,298.34266961987146,310.3133942369957,2770.9909197466686,12.92417870379181,170.07187660970126,3.626726893728297,6.5721003979164,55.17038881291786,0,2026-09-04 04:17:19
2026-09-03 16:28:00,CNC-02,M,299.3419534324887,314.97469685022605,1632.2313321964655,50.51714502284655,224.61199657342706,3.0743209412374473,15.311234546289304,53.77697326767883,0,2026-09-04 04:17:19
2026-09-03 20:21:00,CNC-02,M,32.693525279515995,40.540224411503516,49929.90509092686,27.380704224959285,74.68725506799386,2.9075591740602986,11.927394980406602,42.76402151702623,0,2026-09-04 04:17:19
2026-09-04 03:38:00,CNC-03,H,296.20761913699533,309.8888862074228,2550.0636700407936,23.64461997886565,134.90487884498427,3.2245387801865393,10.960463943594345,58.21796093069374,0,2026-09-04 04:17:19
2026-09-03 23:08:00,CNC-03,H,25.60294324679586,37.032993169300426,2685.7770419320423,13.060607520778657,103.06572629853761,3.3173034683937375,6.377514904352748,49.28364614305656,0,2026-09-04 04:17:19
2026-09-03 17:27:00,CNC-02,M,299.86384124764317,313.66523931608504,1834.7814360401953,35.587728832543746,79.91767718722863,2.497579238510444,12.280665467892382,54.887151663051206,0,2026-09-04 04:17:19
2026-09-03 06:18:00,CNC-02,M,296.2177184350683,311.776471341669,2039.668292946571,40.44860376373703,210.5947579227093,3.472523541211587,15.596199491763775,51.77819223958599,0,2026-09-04 04:17:19
2026-09-03 23:53:00,CNC-01,L,297.83408283706854,310.15206597949714,2728.9798493014764,16.19132924204797,173.64573603979753,3.645547064363342,8.307375160654159,54.338839986591864,0,2026-09-04 04:17:19
2026-09-03 23:42:00,CNC-02,M,299.97744057786804,311.4107407394942,2700.495483972088,12.586346077164404,68.76440569120278,,6.1288003936111854,50.08418191876655,0,2026-09-04 04:17:19
2026-09-03 17:24:00,CNC-03,H,298.8451301947408,313.8653224157526,1960.7808824368306,37.510744085326,239.33868602510327,3.4531868319989467,14.057275074429644,55.16772562634021,0,2026-09-04 04:17:19
2026-09-03 13:40:11,CNC-03,H,297.5590206957963,312.23269549101417,1378.159983644486,55.027364632562644,151.86660098950784,2.2373022345646567,14.119274398937193,55.359130250499554,0,2026-09-04 04:17:19
2026-09-03 20:59:00,CNC-02,M,27.4117067358456,40.703176174277644,2392.266489901066,22.406097496508274,118.61424130179859,30.618728313474005,10.240717788161588,50.16962871694929,0,2026-09-04 04:17:19
2026-09-03 09:27:00,CNC-02,M,296.65390734785404,310.5654318757415,1607.4720634085909,44.8677506768962,9.194559255399346,2.2430709193075984,13.54485907929339,59.16358659395855,0,2026-09-04 04:17:19
2026-09-03 13:40:00,CNC-02,M,298.117253351261,313.5248909594686,1494.8068019332698,53.602694396299945,204.5103281833397,2.874028052908,14.975966801386061,53.26937745537043,0,2026-09-04 04:17:19
2026-09-04 03:42:27,CNC-03,H,296.15592721973655,309.82925167741814,2478.064297093874,25.544187221596758,140.76534788233312,3.2164290989437028,11.853086502191783,58.19406777719097,0,2026-09-04 04:17:19
2026-09-03 10:30:00,CNC-02,M,296.91601466246766,310.79957617518085,1327.29663162063,52.378768075025064,107.50285554843707,2.0302416614284975,13.033113549899674,56.99826329278227,0,2026-09-04 04:17:19
2026-09-04 00:32:00,CNC-01,L,297.89221162745963,310.62608960871466,2858.848506734759,16.22211629280096,215.31692271681723,4.279627951337134,8.61094762383601,56.27524476603576,0,2026-09-04 04:17:19
2026-09-03 09:58:32,CNC-01,L,295.066909540328,309.4142131801264,1439.532310734902,50.38542128222203,114.15157142437857,2.3275903544987626,13.438813098026111,63.03025109473343,0,2026-09-04 04:17:19
2026-09-03 22:34:00,CNC-03,H,26.173660674910423,37.723727234645594,2722.798921833343,14.15406978638351,66.80694935466799,3.277111134105903,7.232359830210597,54.348048368426724,0,2026-09-04 04:17:19
2026-09-03 17:37:00,CNC-03,H,298.5390465056186,313.5708660245991,2076.520976564123,35.2255432526324,256.8413958873561,3.7744705210831673,13.5324255369766,51.30971661669835,0,2026-09-04 04:17:19
2026-09-03 12:49:00,CNC-03,H,297.0888294543433,310.459846467347,1275.5199114767697,47.921673583462926,69.71787799741666,2.027214946235093,11.606952708100694,54.14628949073135,0,2026-09-04 04:17:19
2026-09-03 23:01:00,CNC-01,L,25.045539286424457,37.05861132274566,2650.6949552344895,16.72489179472728,118.23292917754858,3.393420347660209,8.548718589252529,49.27604509460596,0,2026-09-04 04:17:19
2026-09-03 16:41:00,CNC-03,H,298.509648357865,313.2382590352552,1852.9260861608855,39.490259079327174,179.32363105881626,2.8709170165180757,13.654594748341054,55.61002031821191,0,2026-09-04 04:17:19
2026-09-03 18:29:00,CNC-01,L,298.9448033081313,313.20297084406974,2082.197224869924,31.875994062397538,223.26319645990512,3.736597238035155,12.135406490796553,51.39341278768391,0,2026-09-04 04:17:19
2026-09-03 22:26:00,CNC-01,L,25.419318533400144,37.6688125717061,2617.2260023394965,16.645905158244833,80.59251472990726,3.0934127316869926,7.993672898780713,56.97736147811477,0,2026-09-04 04:17:19
2026-09-03 22:55:00,CNC-01,L,25.170807068766976,38.05385827080909,2701.9822606443668,20.48011180166642,111.75161069126267,3.42223191536709,10.44280499324749,53.07239450444749,0,2026-09-04 04:17:19
2026-09-03 07:02:00,CNC-02,M,296.3524869456139,310.3504695186108,1816.9646247572687,40.03256052443442,14.058346943097806,2.4781168783104506,13.791627665263093,59.346168080544366,0,2026-09-04 04:17:19
2026-09-03 13:55:00,CNC-02,M,298.1709780481028,312.9907421934615,1451.7357251601247,49.22627076571641,228.01377815080582,3.1070292629680516,13.34573399168795,55.55802911041259,0,2026-09-04 04:17:19
2026-09-03 08:24:00,CNC-03,H,295.8136687634748,310.8577070944124,1685.9301662988291,46.22687384322022,139.40908750542678,2.4267412686482452,14.320224469385641,58.383241026713755,0,2026-09-04 04:17:19
2026-09-03 23:50:00,CNC-01,L,298.0518889080988,311.34276798318893,2900.0,19.078446257842646,170.49591597917814,3.8033521468766174,10.390987672970168,55.99798111938412,0,2026-09-04 04:17:19
2026-09-03 16:55:00,CNC-01,L,298.027579554825,312.15819277834504,1824.7338919317667,39.20889867326459,96.42873525048736,2.5771365154757055,13.343146271190799,54.40573402757288,0,2026-09-04 04:17:19
2026-09-03 05:46:00,CNC-01,L,296.25527651934254,310.87027304357827,2082.8006281535977,35.324458005440995,149.4661516873527,2.9649364865997936,13.959463382183863,58.162378872639316,0,2026-09-04 04:17:19
2026-09-04 00:47:00,CNC-02,M,299.13226371364044,312.04382664383377,2692.639406828662,16.449576165566025,137.63466910610344,3.43322440585794,8.150575335058218,50.74278361778266,0,2026-09-04 04:17:19
2026-09-03 22:04:00,CNC-02,M,300.466781655779,313.9768302051771,2531.578637796587,20.231212176259127,190.79178516561115,3.619292951167225,9.574183951327548,48.44459510846387,0,2026-09-04 04:17:19
2026-09-03 11:40:00,CNC-01,L,296.081164085097,309.77242641706977,1390.4394574927283,47.59394986176441,80.41900269809146,2.215452662195766,12.453425449992977,60.57253079365831,0,2026-09-04 04:17:19
2026-09-03 06:11:00,CNC-01,L,295.9278857007779,310.3573442542121,1909.2053109404012,36.14106852546621,182.56241103391804,3.1568858864202722,12.722940991423807,55.603373071819746,0,2026-09-04 04:17:19
2026-09-03 06:28:00,CNC-01,L,295.9403632968111,309.1976306117585,1812.5804935908204,35.97342485592096,6.895374499971193,2.4438752489815774,12.255977823965917,62.36275930143791,0,2026-09-04 04:17:19
2026-09-04 02:23:00,CNC-01,L,296.73373473658904,308.7726504366967,2631.781971472911,16.12444173997327,106.90717940178551,3.3620978231852057,7.8147665467554805,60.86407774201439,0,2026-09-04 04:17:19
2026-09-03 14:33:00,CNC-03,H,298.032415519957,312.75528656235673,1416.2832898758309,49.63820161385248,232.65961270304888,2.9313614954228577,13.122951149049225,50.36952143051346,0,2026-09-04 04:17:19
2026-09-03 11:28:00,CNC-03,H,301.4616437202999,310.384881204184,1376.5386713582595,54.993628234627884,204.2570522599839,25.87876204628892,14.346500909338015,50.50252920440933,0,2026-09-04 04:17:19
2026-09-03 16:43:00,CNC-02,M,299.42168341021363,313.4283256295181,1923.5974068272026,36.14716019616616,18.519609287778792,2.551290548494944,12.893079373802285,54.47438029839529,0,2026-09-04 04:17:19
2026-09-03 20:14:00,CNC-02,M,32.528900089588205,40.01238645406448,2214.9398467939045,27.84143965624931,66.44575305329501,2.7789579649776566,11.870032445105336,44.33273436101147,0,2026-09-04 04:17:19
2026-09-03 04:23:00,CNC-03,H,296.83735801320876,309.41443109652147,2512.0530975260317,21.149820555455037,49.37725724845782,3.0829647237405835,9.757886039341825,57.206143603921745,0,2026-09-04 04:17:19
2026-09-03 18:43:00,CNC-03,H,299.3605170693631,312.49536366663745,2240.7793598774615,26.44465822217252,69.71360217312959,2.8304575494196227,10.860969356782288,50.89369448199977,0,2026-09-04 04:17:19
2026-09-03 23:16:00,CNC-02,M,26.705121941063965,39.197517720143196,2559.94515457247,19.84957510053397,41.01362218514863,3.1175931357185367,9.39986759137788,51.83906354921681,0,2026-09-04 04:17:19
2026-09-03 10:01:00,CNC-01,L,295.3030011278944,309.9551127289748,1532.3040491536528,48.82869112062588,117.26746127285013,2.3165436330049824,13.990874304899709,61.81627497455027,0,2026-09-04 04:17:19
2026-09-04 03:25:00,CNC-01,L,296.0594700839138,309.34851699375537,2503.5623306454977,22.127403195605563,177.2241065573184,3.571163321531698,10.338603997944602,61.239060493111474,0,2026-09-04 04:17:19
2026-09-03 19:13:00,CNC-03,H,299.5713804525457,313.63174989238604,2269.507144554551,29.35492326446418,107.34769287349674,2.912977872860249,12.442464171308407,48.65183960356852,0,2026-09-04 04:17:19
2026-09-04 03:36:00,CNC-01,L,295.8781892630655,309.9881634199198,2353.5663887630303,27.76533078367858,190.1708753168499,34.32255816191115,12.16540048916455,58.019972657790525,0,2026-09-04 04:17:19
2026-09-03 06:26:00,CNC-03,H,296.2311710874401,311.37815469950283,1879.4385810507194,40.050453668204874,207.99704278522586,3.157821936144976,14.191500845467415,57.28734518451725,0,2026-09-04 04:17:19
2026-09-03 11:04:00,CNC-03,H,301.5158515710899,309.9400936300559,1418.6503600400456,50.85048827675563,166.14647636680584,2.3802848723744257,13.626753098654586,43.9763975531004,0,2026-09-04 04:17:19
2026-09-03 12:37:00,CNC-01,L,295.8777832892852,310.863002907525,1361.7421620963457,57.5289329754558,171.1287668845186,2.5040627315121102,14.645477252702193,56.0227433052221,0,2026-09-04 04:17:19
2026-09-03 09:04:00,CNC-01,L,295.23398951900197,309.07964690446346,1412.285570723184,48.02298148772212,29.10226936093258,2.1218680035423723,12.814966790028327,,0,2026-09-04 04:17:19
2026-09-03 11:47:00,CNC-02,M,297.10397332872736,311.02196662254227,1376.6838609108117,50.499828283179426,25.472367470743542,2.0421095091028443,13.09229200008716,59.24664026585483,0,2026-09-04 04:17:19
2026-09-03 12:12:00,CNC-03,H,302.18571031328304,309.7536992567032,1458.8618815233492,47.40446717276129,11.06959915368493,2.1133928608671133,13.04484962536228,44.90469913225046,0,2026-09-04 04:17:19
2026-09-03 14:38:00,CNC-01,L,302.91324528141723,311.6609940539674,1591.3647621574034,47.306900880779104,132.89982772818502,2.520423792134193,14.031787400205316,45.4830242921731,0,2026-09-04 04:17:19
2026-09-03 09:53:00,CNC-01,L,295.2967477319031,309.3659930377591,1524.1329589416102,46.56848476566082,104.80104640092203,2.274831951877977,13.459270228257763,54.36844456294043,0,2026-09-04 04:17:19
2026-09-03 19:51:00,CNC-02,M,305.9629573997043,313.1557535913401,2271.7001154090062,24.677851258344806,39.1032006858956,2.9312985320832867,10.505863610856249,39.15101232934507,0,2026-09-04 04:17:19
2026-09-03 09:09:00,CNC-02,M,296.93874665349836,311.5828551221124,1416.4569395190542,49.36673876323802,199.91820275686518,2.734309186084421,13.028806197979046,58.372680917181185,0,2026-09-04 04:17:19
2026-09-03 12:23:00,CNC-02,M,297.37181588761507,311.67839814990026,1409.5092796048934,50.73770602606494,82.78373078926455,2.054941637499461,13.392142475775096,56.98874260639649,0,2026-09-04 04:17:19
2026-09-03 11:27:00,CNC-02,M,297.42190324529776,311.6005453873081,1360.537633213187,47.784995992407765,197.5462384659917,2.6174356062434505,12.24129509189562,52.967042141577274,0,2026-09-04 04:17:19
2026-09-03 11:31:00,CNC-02,M,297.27621042486453,310.81064467192704,1356.9567697772934,46.92192673737663,0.0,1.929224495102891,12.0898737027377,56.841303827837706,0,2026-09-04 04:17:19
2026-09-03 17:25:00,CNC-03,H,298.85294103700625,314.40661589427805,2047.5783407586027,39.353116819284715,240.67309462585413,3.4913445227371316,15.148927668832275,54.873872490432596,0,2026-09-04 04:17:19
2026-09-03 16:26:00,CNC-02,M,299.5721559802415,314.65034694835254,1717.1747847614188,44.611017584541955,221.6658784059018,32.32409338085789,14.329485850500026,54.66740129456726,0,2026-09-04 04:17:19
2026-09-03 23:10:00,CNC-02,M,27.04410309647858,39.71803119477107,2604.855576210493,18.98765000360878,34.554749353780196,3.1179197705148227,9.16765414252306,50.882564233873836,0,2026-09-04 04:17:19
2026-09-03 05:48:00,CNC-02,M,296.3093104092251,310.43441118214884,2090.0267025117155,32.43272716632959,170.41159525958707,3.00079532987363,12.77035159331812,57.51029631857119,0,2026-09-04 04:17:19
2026-09-03 11:38:00,CNC-01,L,295.7598515805817,309.8330930640547,1309.671340870051,52.91173565414124,77.23172361365103,2.015202143040585,13.27428935745483,58.993884927602835,0,2026-09-04 04:17:19
2026-09-03 06:17:00,CNC-02,M,296.4090506251369,311.97413354169703,1929.5885867927313,42.755363835325426,209.23534558426775,3.2682232438838574,15.217054465422928,60.35609844896719,0,2026-09-04 04:17:19
2026-09-03 05:13:00,CNC-02,M,296.70215757886683,310.8604184701532,2176.2549560427647,31.258026903665055,124.97419635808208,2.976842636784634,13.048802721761671,56.33771273879402,0,2026-09-04 04:17:19
2026-09-03 09:22:00,CNC-01,L,295.0301789929969,308.9398182989705,1382.5238594261957,49.65545545447576,56.81160626762346,2.1763647246213282,13.178875601834658,54.23229395303972,0,2026-09-04 04:17:19
2026-09-03 06:52:00,CNC-02,M,296.34232834391946,309.44997796767075,1886.2837469366953,32.174280962333846,0.0,2.5838216159178087,11.157083596818751,55.461862313838886,0,2026-09-04 04:17:19
2026-09-04 01:01:00,CNC-02,M,299.2388425285956,312.24211103474113,2661.4918416322644,17.87109980294749,152.64530459743364,3.3135407538516746,9.214076866781665,54.30262669085131,0,2026-09-04 04:17:19
2026-09-03 19:15:00,CNC-01,L,298.95507121996815,312.5310762416964,2281.4147098759113,27.350912594357887,55.72727551794941,2.960224112884679,11.606226918082003,59.41626571810592,0,2026-09-04 04:17:19
2026-09-03 05:53:00,CNC-03,H,296.09930675908294,310.8323929172487,2081.9637638782597,35.07013937092829,163.58210279957552,3.094484803868414,13.658910165056845,55.217180580940486,0,2026-09-04 04:17:19
2026-09-04 03:28:00,CNC-03,H,296.18950298642727,310.0708626956856,2322.435953725716,27.967715722163902,123.14576663406483,29.320774160686256,11.939869208918847,55.93337009362155,0,2026-09-04 04:17:19
2026-09-03 05:40:00,CNC-02,M,296.66691127237505,311.16280291740486,1998.906130889027,35.58144757833275,159.87809891130493,2.8765276856158914,13.334209781542265,60.43770875086503,0,2026-09-04 04:17:19
2026-09-03 09:32:00,CNC-02,M,296.68063090205106,311.1476258141116,1544.8404072313567,49.979033540951534,16.90473004430047,2.1899513339447125,14.424533815032875,57.15663045250596,0,2026-09-04 04:17:19
2026-09-03 10:16:00,CNC-01,L,295.24583403842087,309.3732334262643,1402.2199556590429,49.28956128137004,140.70143420882434,2.3305763139012448,12.89744433370714,55.227148155281824,0,2026-09-04 04:17:19
2026-09-03 04:29:00,CNC-01,L,296.84217205615494,310.3752874090566,2194.778933463534,29.47981962459375,,2.8388521425027937,11.971490087672132,62.52838910964537,0,2026-09-04 04:17:19
2026-09-03 22:23:00,CNC-02,M,26.918203243625214,40.12243712130777,2789.047652157667,17.42107414351326,211.3931303883275,4.150198753508141,9.116219412588169,51.13539102611709,0,2026-09-04 04:17:19
2026-09-04 00:00:00,CNC-01,L,298.0239241787337,310.80770361130305,2596.006448780074,16.709890423761763,181.08921691396904,3.7747807733634,8.141978992044681,55.92551739707264,0,2026-09-04 04:17:19
2026-09-03 18:03:00,CNC-02,M,300.0827853291263,314.2204054155031,2078.5070702852445,31.445787218960657,128.46138252897353,2.8441317613763277,12.264008957200781,50.91276818524997,0,2026-09-04 04:17:19
2026-09-04 03:36:00,CNC-03,H,296.340160434331,309.37025764831935,2400.404405925571,22.830468292353892,132.6046580377248,3.1747275361578486,9.996908173034232,53.527594672651766,0,2026-09-04 04:17:19
2026-09-03 09:51:00,CNC-02,M,296.870076635826,311.0805075395236,1538.2366408222947,47.429043138129984,46.26675997924565,2.146748293135004,13.65241561115469,61.686345844101126,0,2026-09-04 04:17:19
2026-09-03 12:11:00,CNC-01,L,295.8532934558685,310.352642689361,1416.3817031734268,50.41295028956035,129.74530217887994,2.226911333638141,13.432784814832306,63.25013989567725,0,2026-09-04 04:17:19
2026-09-03 21:19:00,CNC-03,H,299.1629830142848,313.1651034876138,2459.2362232333835,25.408136221210203,255.5994050546447,4.055829605177331,11.69786789073771,53.50898170296048,0,2026-09-04 04:17:19
2026-09-03 13:35:00,CNC-02,M,298.12932107544594,313.0793269076364,1385.7320390288908,54.15742291269432,196.68870393388465,2.579668371250783,14.087892134079047,53.907470362629184,0,2026-09-04 04:17:19
2026-09-04 02:05:00,CNC-02,M,298.1801718643229,310.42256230187326,2522.0345239135677,17.67545330846401,14.17219488914925,3.1232120877747094,8.30851501411487,53.626717812867774,0,2026-09-04 04:17:19
2026-09-03 19:01:37,CNC-03,H,299.608527293668,313.3774680443097,2203.3336837599763,29.794461779388676,93.70308523297741,2.9265428198452996,12.667021931962028,55.62247528722105,0,2026-09-04 04:17:19
2026-09-03 19:58:00,CNC-03,H,26.112557994860254,39.318088845966884,2512.001623512862,21.605756819163993,162.03580150770554,3.287986439465537,10.31203915564255,52.58244211371675,0,2026-09-04 04:17:19
2026-09-03 06:12:00,CNC-02,M,296.5098601346248,311.2477390618599,1971.8511548945517,36.226026865866984,202.4600831790397,3.222189792068218,13.27061316015727,55.32702294991209,0,2026-09-04 04:17:19
2026-09-03 18:12:00,CNC-01,L,298.5559040586487,313.6050133532402,2048.701723275945,38.46439561101409,200.98177820786336,3.452567643789523,14.753936245408331,53.15303037795625,0,2026-09-04 04:17:19
2026-09-03 08:13:00,CNC-01,L,,310.15377220271847,1742.2455981893706,44.94531099714989,156.21159840788775,2.657354886742367,14.752677566191144,57.3898071994625,0,2026-09-04 04:17:19
2026-09-03 18:54:00,CNC-03,H,299.4808437162555,313.2712725324813,2232.9816691760566,29.76395459224286,83.63372869718988,2.7138936338776016,12.501712626876337,57.06532233520038,0,2026-09-04 04:17:19
2026-09-04 01:43:00,CNC-01,L,297.1146226071052,308.6722470698897,2789.192468732033,14.007400105449149,63.14701818390038,3.234923167936678,7.241139114121421,59.97045331584932,0,2026-09-04 04:17:19
2026-09-03 20:10:00,CNC-01,L,25.764036312355813,38.923889626499204,2450.117557578291,23.174826039008572,122.60711627865784,3.1749430781104078,10.665498109203401,56.46048598158093,0,2026-09-04 04:17:19
2026-09-03 13:04:00,CNC-03,H,297.0742228350393,311.2005798799835,1389.9629452037784,51.353567149921076,93.51569595966433,2.0208721103392366,13.21474401044944,52.55610904893403,0,2026-09-04 04:17:19
2026-09-03 14:54:00,CNC-01,L,302.8860037888653,310.9917216027655,1439.3694408427061,47.18738068802436,157.3962674840048,2.485024190828761,12.438264951607016,43.422065668271195,0,2026-09-04 04:17:19
2026-09-04 00:51:00,CNC-03,H,298.0268029352299,311.5153376188496,2693.207895733384,19.99494139292915,212.5503251696489,3.895574207027309,9.918145010286976,54.83961979639334,0,2026-09-04 04:17:19
2026-09-03 06:49:00,CNC-02,M,296.22767032400884,311.0461580502747,2032.1824883243078,34.62070814448282,253.1106291480416,3.9562290278963563,13.094235104908314,59.8647276535903,0,2026-09-04 04:17:19
2026-09-03 12:16:00,CNC-03,H,302.17197217500666,309.65973103250263,1358.3118742374236,49.784439118491335,17.406936743361197,2.050814938018797,12.462258669643406,48.252241408425846,1,2026-09-04 04:17:19
2026-09-03 22:00:00,CNC-01,L,298.4021154161195,311.33575065302495,2567.5753777733357,21.860167966065227,52.25815529986281,3.165103125022176,10.611413030821142,57.83222481638796,0,2026-09-04 04:17:19
2026-09-04 00:53:00,CNC-02,M,298.95201004215477,311.4977635820757,2711.4320905200375,15.967022867183381,143.9820722111028,3.4462375818489153,8.028281883938792,53.86684851080021,0,2026-09-04 04:17:19
2026-09-04 03:18:00,CNC-02,M,297.18618815580857,310.8113437690928,2440.488814095252,23.703183432860556,96.34016794370666,3.1388368568746032,11.09415176080815,55.876225976573224,0,2026-09-04 04:17:19
2026-09-03 05:27:00,CNC-01,L,296.7203908751333,310.7374369495081,2038.111550228629,33.45725323299038,124.41882664687382,2.8738666302466798,12.747134188086603,55.195934767576325,0,2026-09-04 04:17:19
2026-09-03 15:09:00,CNC-02,M,298.6808745876592,313.49112584491013,1771.0496816419945,44.073444991788634,107.79469410921376,2.432634273780363,14.568922187816021,57.27708100266689,0,2026-09-04 04:17:19
2026-09-03 11:35:14,CNC-01,L,295.7459826818564,309.54585789889506,1332.2694041892642,50.221004726288974,72.52305938312628,1.9633909451788654,12.89451252586137,58.57677147316739,0,2026-09-04 04:17:19
2026-09-03 11:41:00,CNC-01,L,295.8619085782708,309.74416468223365,1366.9682438792606,49.10553544561257,82.01069287493316,2.018267624420837,12.315017209072575,57.78870310531349,0,2026-09-04 04:17:19
2026-09-03 19:42:00,CNC-01,L,298.8951791218903,311.87502425601826,2391.2211969420173,23.83566039315225,88.830900925375,2.9454395045491992,10.717274757534872,56.09074949903093,0,2026-09-04 04:17:19
2026-09-04 02:23:00,CNC-02,M,298.1096316238048,310.05075629406355,2569.9861506195903,15.161377791911645,34.049183295951075,3.084948026610398,7.206405697075203,56.71561540145634,0,2026-09-04 04:17:19
2026-09-03 13:17:00,CNC-03,H,297.06779857865007,311.2221777271704,1475.4287987216067,47.330493500389636,114.12827567267419,2.203917737692196,12.97642937493021,55.852977278436626,0,2026-09-04 04:17:19
2026-09-03 21:57:00,CNC-01,L,298.77411744134434,311.06172578761993,2604.1468176704966,16.519577786615134,48.93177247416635,3.038243105019412,8.008538586456904,53.72695018345749,0,2026-09-04 04:17:19
2026-09-03 06:19:00,CNC-03,H,296.2997109337362,310.74479090747144,1899.7584294930675,36.33916076283667,198.35140414147708,2.9843448148303975,12.99867592957687,59.28656030788933,0,2026-09-04 04:17:19
2026-09-03 15:22:00,CNC-01,L,297.62456423400874,312.76985425477307,1635.4286159664616,47.604630268605604,199.78178721292971,3.085147937869581,14.497867652167447,57.20695165354345,0,2026-09-04 04:17:19
2026-09-04 04:07:00,CNC-01,L,295.78261372261113,308.45762296472844,2411.4748101864543,23.55294558212005,12.999877017164232,2.890524426262991,10.563479443236481,56.495213859763815,0,2026-09-04 04:17:19
2026-09-03 22:55:00,CNC-02,M,26.695449526909385,38.811535876789094,2608.6702111673153,16.773946950340694,18.36175351029243,3.2021255434601597,8.297754002866176,53.12579685339094,0,2026-09-04 04:17:19
2026-09-03 10:37:00,CNC-02,M,296.60383599129733,311.08186415804465,1409.9206284351435,52.08317780441011,118.39955906125154,2.175950841360955,13.568511198534102,58.67122441574542,0,2026-09-04 04:17:19
2026-09-03 16:05:00,CNC-01,L,297.6553542900932,310.9713927338173,1634.613222290498,38.54823667718323,24.838774097007715,2.3518767207435687,11.59158643557824,57.35723913587114,0,2026-09-04 04:17:19
2026-09-03 20:41:00,CNC-01,L,25.988874176741604,38.84926496406115,2486.2642859387365,20.197551616920578,158.83260240244158,3.408899113238566,9.624358620777219,57.63585106268753,0,2026-09-04 04:17:19
2026-09-03 15:38:00,CNC-01,L,297.6626204378691,312.4903327006137,1474.3650069350815,48.72874807702636,223.7203221555027,3.242304047259655,13.274223366142838,56.25986735500133,0,2026-09-04 04:17:19
2026-09-03 21:00:00,CNC-01,L,25.793568223916793,40.403416394767646,2174.3088135862477,32.044156538941664,180.71603536476067,3.3965039062705222,12.7813218747052,49.9856339992624,0,2026-09-04 04:17:19
2026-09-04 01:59:00,CNC-01,L,297.0668396762131,308.71250348465594,2824.638689570618,13.971597487699514,80.61448165760588,3.5322455965258914,7.2901827449871766,57.446513379908396,0,2026-09-04 04:17:19
2026-09-03 22:36:00,CNC-03,H,25.664848508271803,37.27024176701008,2657.2236746342905,14.750804304215128,68.9583341212242,3.2958268908978896,7.251205729871294,51.82690006096975,0,2026-09-04 04:17:19
2026-09-03 09:29:00,CNC-03,H,295.6879857550261,309.63328138967324,1522.9482984088754,47.3206446861766,16.85784649547572,2.2256460799466757,13.528614747180601,58.80714054095774,0,2026-09-04 04:17:19
2026-09-03 10:48:00,CNC-01,L,295.3379002590964,309.5817377875228,1355.7152575315608,51.966902808538016,191.06501324506667,2.667729565842187,12.967503811939743,58.48538060617371,0,2026-09-04 04:17:19
2026-09-03 22:32:00,CNC-03,H,25.82805823754842,37.67838776817723,2724.8208803101525,15.813114402488592,64.67961712927593,3.178909808791733,8.119871296831926,52.33751402059834,0,2026-09-04 04:17:19
2026-09-03 23:00:00,CNC-03,H,25.592731770086743,38.61505791487673,2715.9021253320047,20.29061770165673,94.63202828847697,3.365675793625553,10.149610041306197,56.44881879794514,0,2026-09-04 04:17:19
2026-09-03 09:28:00,CNC-01,L,295.0018014684871,308.9639404495799,1415.3985945198829,49.023204682047364,66.16904118003583,2.0830852459546247,12.737860401720068,61.649801151685125,0,2026-09-04 04:17:19
2026-09-03 07:34:00,CNC-03,H,296.0966942011815,310.24120925537727,1717.184797685377,41.588150931212596,66.38784607233622,2.269486435891179,13.410851393857229,57.24927901445033,0,2026-09-04 04:17:19
2026-09-04 00:21:00,CNC-02,M,299.1662920582215,312.0945245062209,2660.1504291423817,19.277178938002653,110.02873732136975,3.3166707924892185,9.492475467528743,49.892245044744485,0,2026-09-04 04:17:19
2026-09-03 05:25:00,CNC-01,L,296.40881543720326,310.0591787384416,2175.728470436494,28.879781775156218,121.79694909796311,2.765587180856869,11.822639659709157,54.65278131373107,0,2026-09-04 04:17:19
2026-09-04 00:50:00,CNC-01,L,297.5102717218386,308.40626698886535,2701.4650671882428,11.717011127758024,6.351415299207512,3.2452056349471228,5.83493507609931,56.89585733902584,1,2026-09-04 04:17:19
2026-09-03 11:27:00,CNC-01,L,295.59827812662616,309.035484149991,1346.6156384083724,45.68374920576284,59.87117325447767,2.042767545531035,11.760309421328923,60.470135896261354,0,2026-09-04 04:17:19
2026-09-03 17:44:00,CNC-03,H,299.10972417711406,314.36519315081915,1970.8990977437425,,266.36348951909804,3.7970057908001005,14.396498046391025,57.462656919347005,0,2026-09-04 04:17:19
2026-09-03 05:27:00,CNC-02,M,296.5296012945824,310.9561697493627,2106.7181561220914,34.384909419542566,143.03190463190813,2.9714923074021247,13.629856529345545,56.61763827092811,0,2026-09-04 04:17:19
2026-09-03 13:10:00,CNC-01,L,296.24962581076215,310.9027354440432,1301.5419071006365,53.8823584500135,223.28642151876053,2.9762545852104427,12.987828448203752,54.8350616354582,1,2026-09-04 04:17:19
2026-09-03 23:21:00,CNC-01,L,298.1603452962524,309.7438547676112,2753.999852805437,12.19998927407513,139.64464989188377,34.07372281401117,6.13724655470809,57.513976665009956,0,2026-09-04 04:17:19
2026-09-03 21:27:00,CNC-01,L,298.88221195427803,310.24889415282684,2521.938418148575,14.614273084047754,15.567741801407383,3.0018318395384713,6.859082902891043,53.21817522670014,0,2026-09-04 04:17:19
2026-09-03 15:26:00,CNC-03,H,298.12175757850844,312.4809028136454,1739.1494112248556,43.060427037245724,69.76528732822179,2.430113084234772,14.11035387422871,55.91615420664224,0,2026-09-04 04:17:19
2026-09-03 06:45:00,CNC-02,M,296.24159943008425,311.87562655287024,1913.2230027900184,41.83502141586225,247.74825195470305,3.750335550017174,14.777519124601524,58.339311172242596,0,2026-09-04 04:17:19
2026-09-04 02:20:00,CNC-01,L,296.7414917184694,309.5554627758715,2532.368160926328,20.302667434457785,103.66920736070031,3.22873617463719,9.445820105676768,54.576825817809734,0,2026-09-04 04:17:19
2026-09-04 00:39:00,CNC-01,L,297.80946003524315,311.08460648956196,2697.424185444074,18.992138196673135,222.78640267146264,4.197584152616351,9.400947277812337,53.28429863535598,0,2026-09-04 04:17:19
2026-09-03 16:49:00,CNC-03,H,298.41168501382634,313.3468875546164,1790.5979715477474,42.99243437681355,190.67589669498247,2.848376341509586,14.237265929119383,58.20236489652891,0,2026-09-04 04:17:19
2026-09-03 21:26:00,CNC-03,H,299.091384301447,313.22015134694766,2590.0926804653445,23.295426782458435,263.36400481878434,4.25433295383597,11.114488763371504,53.498647751289276,0,2026-09-04 04:17:19
2026-09-03 19:30:00,CNC-02,M,300.45017269916775,313.57619361965305,2321.0254900151303,24.90439962010764,13.42375698228851,2.8551537027525535,10.576261697429018,,0,2026-09-04 04:17:19
2026-09-03 07:14:00,CNC-03,H,296.1505761791824,310.11654264648956,1843.0110734544662,38.238638517152374,37.86730532131913,2.492866668146807,13.145260697252711,55.79139403349066,0,2026-09-04 04:17:19
2026-09-03 19:20:00,CNC-03,H,299.42220863934057,312.72799441849867,2321.2589919204684,25.627526102202356,115.9175821737017,3.0964216083916933,11.0842011540085,51.78249269883053,0,2026-09-04 04:17:19
2026-09-03 09:32:00,CNC-01,L,294.9654170531054,309.10038225708274,1455.6143961097505,48.40227820377066,72.35295526447997,2.186875985851306,13.454904070303215,61.28761926621434,0,2026-09-04 04:17:19
2026-09-04 01:06:00,CNC-02,M,299.01677887418555,311.82493106920475,2737.625941104772,16.706910230122027,157.91600267071072,3.4185764039873208,8.604106910804035,51.59468419304833,0,2026-09-04 04:17:19
2026-09-03 05:50:00,CNC-02,M,296.2833850086859,311.4137151117629,2091.9016584198553,36.94469657744988,173.04629914820583,3.1135286236761623,14.169371235792324,58.50652565588886,0,2026-09-04 04:17:19
2026-09-03 22:22:00,CNC-02,M,26.749672897680796,40.553128516633535,2734.3959914373268,20.19001474904202,210.35195279717632,3.9801164248385685,10.321696671373285,51.32956006369782,0,2026-09-04 04:17:19
2026-09-03 09:59:00,CNC-02,M,296.61940741738636,310.6922423786033,1484.4943426418163,47.342025461238116,58.803874341548486,2.1972103750284218,13.192013538654205,55.96000950878125,0,2026-09-04 04:17:19
2026-09-03 11:44:55,CNC-01,L,296.12463678042263,310.284903735938,1366.82358048705,1040.8074713179233,89.97029244271874,2.0738717452596585,13.590861919270758,57.946330468358596,0,2026-09-04 04:17:19
2026-09-03 10:11:00,CNC-01,L,294.97670383501963,309.1501823004398,1346.5859518441762,49.545775394513456,132.81107889362744,2.175879858775472,12.421375792502626,57.338217250297454,0,2026-09-04 04:17:19
2026-09-03 20:31:12,CNC-03,H,26.316124384169825,40.38293113991273,2508.2016131394967,26.635103520909613,199.58515345885598,3.586648723280431,12.443613171051062,50.37815132106218,0,2026-09-04 04:17:19
2026-09-03 23:09:00,CNC-01,L,25.102156979417146,37.15212122674507,2722.2582398380337,14.627583207741715,126.88378382733625,3.4599910201984394,7.4456527279455855,51.92532550798112,0,2026-09-04 04:17:19
2026-09-03 20:47:00,CNC-02,M,32.56213594257514,39.312420907915055,2393.472023477793,20.619577830986177,104.82448707401005,3.086537510637823,9.06685546258301,38.79341885616526,0,2026-09-04 04:17:19
2026-09-04 03:34:40,CNC-01,L,296.2341711634048,310.3044955897656,2399.7789435391464,26.295196283797676,188.99608331536717,3.590340460054494,11.77903365785845,56.236256360609225,0,2026-09-04 04:17:19
2026-09-03 11:08:00,CNC-03,H,301.5554911613416,310.023305002724,1351.396912920982,51.887601889319,,2.366976546163304,13.522821535332286,46.968049641928964,1,2026-09-04 04:17:19
2026-09-03 09:22:00,CNC-02,M,296.62749585701573,310.6420057447436,1642.5298077638383,45.506846518396074,1.5031011444166298,2.3366546749771766,14.134280726942228,54.58018946046217,0,2026-09-04 04:17:19
2026-09-03 06:12:00,CNC-03,H,296.1305159498111,311.5993937783201,1971.0904231111995,40.48335688094564,188.9904849163472,2.9068852273740218,14.886069430798218,60.220593401242304,0,2026-09-04 04:17:19
2026-09-03 16:17:00,CNC-01,L,297.6583287525974,311.1911901178979,1682.4543941285385,39.24630344380872,42.4174578926583,2.377431398332991,12.323780904302048,51.0955215871818,0,2026-09-04 04:17:19
2026-09-03 20:47:00,CNC-03,H,25.99266065221343,39.780061349799496,,25.004116519920295,219.32407211598843,3.6658726661798613,10.921240017625504,57.68192145835278,0,2026-09-04 04:17:19
2026-09-03 05:11:00,CNC-01,L,296.6018211265091,0.0,2360.105872739471,25.47360337347368,103.90984759372549,3.0025826693681097,11.24307149540859,58.35103558100412,0,2026-09-04 04:17:19
2026-09-04 03:47:00,CNC-03,H,296.10805406343576,309.9323061117157,2380.7730392051562,26.399083772355514,145.5933802092055,3.16190989794757,12.041500440449706,61.09585820390025,0,2026-09-04 04:17:19
2026-09-03 14:11:00,CNC-03,H,297.5313816350819,312.01427818755093,1475.3606678991034,46.81889482931629,198.74720977316446,2.633702480499516,13.206988906577395,52.26941631171407,0,2026-09-04 04:17:19
2026-09-03 14:19:00,CNC-01,L,302.58312245027946,310.4507854367746,1501.1971154786663,43.73400189703949,103.5010452643689,2.251287672124269,12.318370630120997,44.511679190354045,0,2026-09-04 04:17:19
2026-09-04 01:03:00,CNC-01,L,297.4304454399922,308.567819393074,2767.5018526265526,11.985989729721334,20.325307848844535,3.3428160259476245,5.983043298894634,59.68391188339837,1,2026-09-04 04:17:19
2026-09-03 17:53:00,CNC-01,L,298.67175056241445,313.1648142910793,2064.4850833534347,34.42056861537427,175.72961382597427,3.1082659614664254,13.228088183935473,56.336250058670025,0,2026-09-04 04:17:19
2026-09-03 05:55:00,CNC-03,H,296.35417357715266,310.9151911645591,2235.5494701494263,32.55797020694923,166.23030375667963,3.124277805220142,13.616798522980986,62.328865373324014,0,2026-09-04 04:17:19
2026-09-03 23:30:00,CNC-02,M,299.84117284692,311.8518245032574,2765.020428371693,13.979546353398186,55.89294440372025,3.375949124343881,7.279231321736291,48.78971895020874,0,2026-09-04 04:17:19
2026-09-03 13:48:00,CNC-03,H,297.2710259386382,311.7468688338027,1454.675460912729,49.47272630244893,162.78830686773657,2.380788154812982,13.743470857445802,55.83094768117523,0,2026-09-04 04:17:19
2026-09-03 07:00:00,CNC-03,H,296.0357287088849,309.83436847956364,1848.681821837533,36.397760692233874,18.1127653151799,2.4114615583893504,12.447399549118265,57.337054730392715,0,2026-09-04 04:17:19
2026-09-03 20:06:00,CNC-01,L,25.989315367077836,38.885957931822816,2453.1968097439762,20.56626007974556,117.80854133745974,3.152661447339457,9.295613989406736,54.12537461856157,0,2026-09-04 04:17:19
2026-09-03 21:23:00,CNC-03,H,299.1924566218047,312.79875333378266,2555.3138274984226,21.19120019736189,259.9971241066496,4.224745590172216,10.284263955547436,53.681320520562714,0,2026-09-04 04:17:19
2026-09-03 10:43:00,CNC-01,L,295.21356017467025,309.8769610459785,1333.995938722803,53.88123893386914,,2.566111005239992,13.474439301289209,57.653465074200625,0,2026-09-04 04:17:19
2026-09-04 03:57:00,CNC-03,H,296.0960357000893,310.52343049766364,2336.5891012482257,29.958542629794888,157.51711476166471,2.979484184803112,13.287957217096675,61.279166937535074,0,2026-09-04 04:17:19
2026-09-03 05:17:00,CNC-02,M,296.72981124503673,310.01592992051417,2175.20930220287,26.896672866635917,130.19260791350692,2.855946064683071,10.908807315258588,55.467717284851936,0,2026-09-04 04:17:19
2026-09-04 04:14:42,CNC-03,H,296.20655174256893,310.91088413481737,2328.127641137452,31.879983563759822,180.24263700769245,3.294121696252595,14.086297439710071,64.19867004053246,0,2026-09-04 04:17:19
2026-09-04 00:10:00,CNC-01,L,298.27566778503467,310.73186354243427,0.0,14.961215965794983,191.79551605206672,3.9693073982318894,7.764520156563523,56.905535675022854,0,2026-09-04 04:17:19
2026-09-03 07:24:00,CNC-03,H,296.3032063213468,310.49774768768,1791.8523556961873,40.050457503374496,52.09979458260474,2.493647754267322,13.484849709216197,58.81303060250217,0,2026-09-04 04:17:19
2026-09-04 01:48:00,CNC-01,L,296.6848792736954,309.0520645166036,2642.944007823812,18.072131779868567,68.63815533699514,3.303701445441164,8.643688541565977,,0,2026-09-04 04:17:19
2026-09-03 16:18:00,CNC-01,L,297.86604289771617,312.13643430251767,1716.6920479774603,41.47963000336242,,2.4511843902963384,13.101294698825184,57.18116393724474,0,2026-09-04 04:17:19
2026-09-03 06:57:00,CNC-03,H,296.2048058168907,309.41645110604856,1818.0722930506959,34.41269814072201,13.92239028850439,2.5451477435577754,11.704458149896293,57.137197525872566,0,2026-09-04 04:17:19
2026-09-03 10:15:00,CNC-03,H,295.84109619449,310.3741109640505,1438.5946282107848,53.92411995245604,88.79922092680359,2.1748530548814617,14.41207061137295,57.50220567875924,0,2026-09-04 04:17:19
2026-09-03 18:02:00,CNC-01,L,298.39615788089196,313.53604598627754,2097.9614290153236,39.10565786952466,187.733623537446,3.340518738969121,15.050501589314413,57.261044634270604,0,2026-09-04 04:17:19
2026-09-03 23:42:00,CNC-01,L,298.39003462379515,311.54217600568796,2623.571413189044,20.819777723532027,162.0652603950422,3.5823906756632895,10.09448667156612,53.978314187546545,0,2026-09-04 04:17:19
2026-09-04 03:55:37,CNC-02,M,297.3312183243122,310.88069016618215,2414.1442277634587,23.25227940740433,140.82142303047837,81.85116498128635,10.849322981454796,57.137199223660005,0,2026-09-04 04:17:19
2026-09-03 09:17:00,CNC-03,H,295.53779624243566,310.54075808789594,,53.002985185381114,219.4101075938712,2.7827195628542407,14.211160984534574,62.60354716977109,0,2026-09-04 04:17:19
2026-09-03 16:15:00,CNC-01,L,297.6229415805875,311.1620016248796,1686.4007879068438,38.31450017206791,39.51732446381524,2.4245249527083614,12.169480593726597,58.757385993467814,0,2026-09-04 04:17:19
2026-09-03 08:05:00,CNC-01,L,294.9925215749918,309.67247614292285,1619.957252675138,44.856434077339266,144.25694223627656,2.5018399809141636,13.527644065742162,63.13752373599333,0,2026-09-04 04:17:19
2026-09-03 20:30:01,CNC-02,M,32.82465857568667,40.513927565162874,2367.335279228485,26.995732611059438,86.27828112217246,2.985845451073148,11.864770454810998,40.07252671933729,0,2026-09-04 04:17:19
2026-09-03 11:36:00,CNC-02,M,297.1781563044937,310.97869879675875,1362.8917824092337,49.79552386776756,7.943684712977326,1.9830574282331046,12.648195027206043,55.84261375825224,0,2026-09-04 04:17:19
2026-09-03 19:32:00,CNC-02,M,300.03107129792585,313.19884767489043,2185.8935230332477,26.438024141588492,15.908257318326386,2.803440121091387,10.808260336703006,51.42685418429449,0,2026-09-04 04:17:19
2026-09-03 09:03:48,CNC-02,M,296.5868902843912,311.6953605982336,1613.3776021421543,48.25560390060982,192.28972819545663,2.7882007459228486,14.34481532236112,54.15879857354763,0,2026-09-04 04:17:19
2026-09-03 23:45:00,CNC-01,L,297.77197020221047,311.1847021010233,2776.5131505033632,19.086868702749197,165.28683601992455,3.7452068782848165,9.673220029795246,53.872559051797786,0,2026-09-04 04:17:19
2026-09-03 17:51:00,CNC-01,L,298.36973269282646,313.0545320705609,2037.4729249477825,36.70376101600398,173.1023621075101,3.1579788392714465,13.896235480816928,55.44795742477019,0,2026-09-04 04:17:19
2026-09-03 13:54:00,CNC-03,H,297.75262892046493,312.42651356145,1350.1870596590459,54.303652804991984,172.28048705152983,2.372655683442309,13.970766513226392,56.055665404189604,0,2026-09-04 04:17:19
2026-09-04 04:13:00,CNC-01,L,295.6546150477791,308.3610307166714,2349.2980674221135,23.525085599032742,20.31021095724344,,10.492661281731609,57.355850677980435,0,2026-09-04 04:17:19
2026-09-03 19:33:00,CNC-02,M,300.3933404880155,313.3347553249256,2225.9585287465893,26.614534045571133,17.15252728257669,2.8432427405725678,11.205636450156703,49.50687186473498,0,2026-09-04 04:17:19
2026-09-03 12:06:00,CNC-01,L,296.0349028272554,310.2616635506673,1300.3799307188315,53.7323181670297,121.79511513478684,2.08331052067797,13.083087739740781,55.59601937316923,0,2026-09-04 04:17:19
2026-09-03 10:24:00,CNC-03,H,295.7086081401951,310.0456472649117,1392.236320757829,51.49312275015696,102.9564743017591,2.146500426140892,13.356077686506243,60.48222460632826,0,2026-09-04 04:17:19
2026-09-03 06:49:00,CNC-01,L,295.5475347077087,309.6345957097254,1776.496894942521,39.67189034935182,35.73209342578799,2.479123256495158,13.38953141990271,61.183052775806395,0,2026-09-04 04:17:19
2026-09-03 15:13:00,CNC-03,H,298.0019419890026,311.7210812493023,1610.1348826475573,42.38264105141541,50.19195859647856,2.2857722158281244,12.697864639869497,55.27858627068307,0,2026-09-04 04:17:19
2026-09-04 04:15:00,CNC-01,L,295.61660330519896,308.9079483117709,2281.4266942052877,27.083841881009377,22.71485740220929,2.902344061794248,11.787805748279672,57.80777467075593,0,2026-09-04 04:17:19
2026-09-03 18:29:57,CNC-02,M,300.4643117360487,314.51670156995664,2061.8258861875934,29.587708083608824,162.3785387779053,3.00522076406099,11.378873523820692,53.813479706490256,0,2026-09-04 04:17:19
2026-09-03 20:34:00,CNC-02,M,32.99755757659818,39.28946868093391,2491.470350719732,17.278816582349165,89.72064226675136,3.0790127377251166,8.175916840979673,38.25355346326329,0,2026-09-04 04:17:19
2026-09-03 15:18:00,CNC-01,L,297.4349431076805,312.39013087436297,1724.5852746456376,41.71894451232272,193.757636537468,3.0100836316978747,13.507353506128183,53.458583690522346,0,2026-09-04 04:17:19
2026-09-03 15:10:00,CNC-02,M,298.58766078403323,312.6437196212069,1644.7693176793623,40.04370699601479,109.2929237154407,2.366177931884494,12.53412341437739,53.759462428026424,0,2026-09-04 04:17:19
2026-09-04 00:27:00,CNC-02,M,299.06660841345456,312.3752862841034,2730.6602638124696,19.779904624842956,116.47154166841004,3.478619900495231,10.166000331875265,53.557117311693766,0,2026-09-04 04:17:19
2026-09-03 16:27:23,CNC-01,L,297.9161402145335,312.3149251486873,1806.8867364933685,43.07987396194703,58.34462064556567,2.381100095432485,14.792310864325458,48.9708503730195,0,2026-09-04 04:17:19
2026-09-03 12:34:00,CNC-01,L,295.95178147950537,310.8011104417748,1408.225521930212,53.130253512487904,166.32876688451861,2.5095264857099036,14.014903676476413,56.96465985543706,0,2026-09-04 04:17:19
2026-09-04 02:08:00,CNC-02,M,298.10584888538966,309.51411503733044,2606.6622033102003,13.026346525524646,17.459058448748,3.178135049539119,6.360217401881893,55.462508844997124,0,2026-09-04 04:17:19
2026-09-03 19:12:00,CNC-03,H,299.32055193332,313.4340651603304,2254.048472633928,30.472414186310655,106.10618101257316,2.9101119144237537,12.724625176073525,54.99759142002715,0,2026-09-04 04:17:19
2026-09-03 20:29:00,CNC-01,L,25.876412184739138,38.954412336104326,2517.956352966872,21.218795424806512,144.87064943184316,3.2865005246120695,10.04003515923912,51.18652981639289,0,2026-09-04 04:17:19
2026-09-03 17:54:00,CNC-03,H,298.9770527966247,312.5294333474989,1887.7783355751847,35.37314346138745,5.476536962930886,2.521147242160409,12.654279291617494,51.52401665635884,0,2026-09-04 04:17:19
2026-09-03 16:50:00,CNC-01,L,298.07765008626353,312.615013077561,,44.798814748888006,89.41047430112918,2.355575458783027,14.20154875284356,51.094846212280366,0,2026-09-04 04:17:19
2026-09-03 14:31:00,CNC-03,H,298.2344228017883,313.49568839731904,1490.5310436005605,52.388145778753845,229.58255149784745,77.6594332944397,14.571470452836385,53.758599051260624,0,2026-09-04 04:17:19
2026-09-03 14:09:00,CNC-03,H,297.9658798822605,313.2485286254368,1647.4614646347593,47.24453038230598,195.68700428705162,2.8875913995169875,14.545242884881164,57.317484522432,0,2026-09-04 04:17:19
2026-09-03 14:15:00,CNC-03,H,297.88843644671454,313.29611408083133,1499.006529734511,52.25718904328814,205.01067937081578,2.669940016182823,14.448588827357339,62.48630605521609,0,2026-09-04 04:17:19
2026-09-03 13:21:00,CNC-02,M,297.8616580158706,313.0245578382064,1466.9877432560988,53.48075585333905,174.51968209297033,2.5521351035931015,14.818606804564233,55.576551512666796,0,2026-09-04 04:17:19
2026-09-03 04:34:00,CNC-01,L,296.802003279945,310.18413409840576,2276.964785799153,26.272843667558345,57.63916304634833,2.8567227257790018,11.402865456307545,58.77172047845035,0,2026-09-04 04:17:19
2026-09-03 21:19:00,CNC-02,M,300.4411577498029,313.50265125605114,2623.5318908089353,18.998248868094127,141.2655866419054,3.3800652727079554,9.363604988562196,47.5169160110183,0,2026-09-04 04:17:19
2026-09-04 00:54:00,CNC-02,M,298.90445431487365,311.3425213120449,2604.079483176901,15.672345042534605,145.07528301609744,3.406374391879715,7.730791607857328,53.68794858084026,0,2026-09-04 04:17:19
2026-09-03 17:48:00,CNC-02,M,300.1094280027895,315.0964333515316,2044.628219615341,36.15725967775393,108.45995131138592,2.681718155695959,13.882494977456908,48.571832296274934,0,2026-09-04 04:17:19
2026-09-03 06:00:00,CNC-01,L,295.8295803358245,310.79990783243136,1977.4793678198287,39.81161847319064,167.86255130770581,3.112519266772935,14.703454975922265,61.36077363213175,0,2026-09-04 04:17:19
2026-09-03 13:32:00,CNC-02,M,298.08182445706933,312.9748756394756,1452.9944736651971,49.347984083690235,191.9242648988564,2.5383823290327525,13.43613816701587,56.412998896872594,0,2026-09-04 04:17:19
2026-09-03 20:55:00,CNC-01,L,25.960188810454724,39.775878787048896,2491.2008045498924,24.81515210019406,175.03899158615803,3.547089953709805,11.728264201309582,51.01514764662658,0,2026-09-04 04:17:19
2026-09-03 09:35:00,CNC-03,H,295.27952669315493,308.8340179549696,1437.3307256567734,45.34735640309322,26.179588964293227,2.112836660633587,12.307124903515314,64.96270574038078,0,2026-09-04 04:17:19
2026-09-03 09:13:00,CNC-01,L,295.09092473053073,308.9887367648607,1552.8776056062472,45.391481500468934,42.960496705830295,22.333984829188182,13.058442315556936,55.511161701939706,0,2026-09-04 04:17:19
2026-09-03 23:42:00,CNC-03,H,298.36302268699495,310.4409468962886,2742.124264000129,14.775278504951402,139.2323570086338,3.3947939711816586,7.5387279137611305,55.601358121094655,0,2026-09-04 04:17:19
2026-09-04 03:48:00,CNC-03,H,296.39986084077486,310.26800813852,2393.001923671142,25.31173602010383,146.7867964552145,31.60423616521319,11.338232459620272,58.17898293906208,0,2026-09-04 04:17:19
2026-09-03 23:13:00,CNC-03,H,25.66399221871228,38.7384554053404,2506.0459595858197,,108.40197862970159,3.0586963474632007,10.54171964889782,48.91564891062946,0,2026-09-04 04:17:19
2026-09-03 08:29:00,CNC-01,L,295.1667023261573,309.97211755240124,1779.4569375643684,41.72747470067418,179.75542162037775,2.9893629005935787,13.753429457125549,61.831997480933865,0,2026-09-04 04:17:19
2026-09-03 10:14:00,CNC-03,H,295.71743354424046,309.7512430540922,1465.9446335594218,47.69901885688445,87.2173230966893,2.205670694698059,13.347437490876052,59.489815300931674,0,2026-09-04 04:17:19
2026-09-03 09:05:00,CNC-01,L,295.22299021897396,308.9889884640788,1543.7743966324683,45.383634906779314,30.622069120031,2.238077118873523,13.043788633601132,60.4841927866995,0,2026-09-04 04:17:19
2026-09-04 01:47:00,CNC-01,L,296.99040988588206,309.65860052871886,2564.9488948449402,21.224289333878826,67.54817128951014,3.0200936273446493,9.926730719230733,56.88500718653285,0,2026-09-04 04:17:19
2026-09-03 08:27:00,CNC-01,L,294.8659903343893,309.62656949910695,1627.9887837376846,48.08960850446442,176.84653081129554,2.7972025203794817,14.49520676931498,60.395913535756215,0,2026-09-04 04:17:19
2026-09-03 14:20:00,CNC-03,H,297.826316969283,312.6143196274834,1392.1754608494978,54.83466926355722,212.72034922553578,2.725117793290351,14.352850640905784,56.27183965681682,0,2026-09-04 04:17:19
2026-09-03 18:35:00,CNC-03,H,299.1118208943783,312.31780938958724,2135.3984524599764,29.11592895038503,59.50196106764022,2.847902604851699,11.518214792238448,55.32468711628286,0,2026-09-04 04:17:19
2026-09-03 06:13:00,CNC-02,M,296.5074019159242,311.4318873209352,1911.8371045847725,39.379883490012,203.82483917998994,3.1754261358504237,13.844336714080939,55.71458431554325,0,2026-09-04 04:17:19
2026-09-03 17:47:00,CNC-01,L,298.5890303742137,312.8979844346841,2001.9694758392486,34.21855870829339,167.69918861908758,3.10544261747709,13.051996931706064,56.41857927076664,0,2026-09-04 04:17:19
2026-09-04 01:35:00,CNC-03,H,297.2586218953696,311.48586054817326,2557.644450681364,24.242558763301,260.1077273470424,4.312893918742981,11.52133574123208,56.13873504526756,0,2026-09-04 04:17:19
2026-09-03 19:14:00,CNC-02,M,300.3941988259578,314.8243012175244,2305.868403129948,27.436618115714356,218.9685128432403,3.7499280996239652,11.628074681377193,50.87355162393119,0,2026-09-04 04:17:19
2026-09-03 19:58:00,CNC-01,L,25.76022612338278,38.44434358333609,2325.332439789333,21.284199662208117,108.22603413559048,3.03251180260208,9.082668726300813,53.36631132892231,0,2026-09-04 04:17:19
2026-09-03 23:21:00,CNC-03,H,298.58571105770176,310.8361271019289,2781.658086912849,15.291179665869485,116.88449949818339,3.436401454860292,7.810614803007087,51.803507476634685,0,2026-09-04 04:17:19
2026-09-03 07:54:00,CNC-01,L,295.3884823467882,310.1353743262687,1656.2239287146233,45.76986040517985,128.1406179449951,2.571273742347518,14.140055812137854,62.78722098286695,0,2026-09-04 04:17:19
2026-09-03 18:25:00,CNC-02,M,300.1986108026682,314.6809304135919,2113.152640489276,32.2587739706778,157.2173406574356,2.933657146795334,12.675731796870586,52.39961637529762,0,2026-09-04 04:17:19
2026-09-03 14:18:00,CNC-03,H,297.87558870658626,312.86160349322034,1558.623130792288,48.74472488931881,209.62009921526652,2.8183806717029496,14.343002735512306,57.221898058373526,0,2026-09-04 04:17:19
2026-09-03 04:25:00,CNC-02,M,,310.08062451132906,2238.026036140757,27.54325088157908,65.04763087899411,2.8693280276235646,11.34931327664679,56.69328855771068,0,2026-09-04 04:17:19
2026-09-03 19:34:00,CNC-01,L,299.00964455111153,312.7447242493928,2232.5706539510456,30.156435956273,79.0663352056164,2.8056770179831667,12.45767320299557,48.57770190492977,0,2026-09-04 04:17:19
2026-09-04 00:09:00,CNC-01,L,297.98294773863216,310.9986134879928,2810.6284766656536,17.532481625913366,190.7627866265888,3.9724228984371504,,55.717463109672146,0,2026-09-04 04:17:19
2026-09-03 11:00:00,CNC-03,H,301.78629612266104,310.21858825302064,1281.0989271998449,55.56900291723299,159.8254232034363,2.214909472032085,13.14906121895126,47.92231179972238,1,2026-09-04 04:17:19
2026-09-03 05:12:00,CNC-02,M,296.74025330828607,311.33428768119086,2166.8494983932187,33.7135255538353,123.69336571641425,2.7938708199819104,13.624789662097726,56.39753828034712,0,2026-09-04 04:17:19
2026-09-04 01:19:00,CNC-01,L,297.1109997928918,309.0113391662791,2840.5538093418313,14.132434626097194,37.322162882071694,3.376802433312305,7.577753919694361,62.12387318831012,0,2026-09-04 04:17:19
2026-09-03 23:39:00,CNC-02,M,299.7699220674812,312.0349239272871,2665.1751812819584,16.16079069261735,65.62272932475967,,8.05840171731084,50.51161289900938,0,2026-09-04 04:17:19
2026-09-03 07:35:00,CNC-03,H,295.7697945713946,309.94620959891614,1843.739260608381,39.174418633040816,67.82166259202491,2.4751236720848966,13.434355568135711,59.38235548441659,0,2026-09-04 04:17:19
2026-09-03 15:03:00,CNC-01,L,302.85011186287426,312.3476044113946,1695.4920097246427,48.69557220241308,171.07909606632452,2.8593065860359834,15.657301760398445,46.60655023762591,0,2026-09-04 04:17:19
2026-09-03 23:34:00,CNC-02,M,299.65466321601644,311.98390213167585,2424.813836292541,18.080433627502796,60.20788136263336,2.9963120299356176,7.851686780897933,50.40529880243298,0,2026-09-04 04:17:19
2026-09-04 02:03:00,CNC-01,L,296.9161116388393,309.22957122226194,2564.5844781152696,18.339091458213407,85.02659058538234,3.156070568215082,8.924899972886438,62.49923840516155,0,2026-09-04 04:17:19
2026-09-03 14:55:00,CNC-02,M,298.70635128783704,313.0150147464053,1669.3991713793723,43.852147978946114,86.54588157173018,2.280471828749793,13.914047290655878,48.74959019978501,0,2026-09-04 04:17:19
2026-09-03 05:36:00,CNC-01,L,296.2855796798817,310.3371399299843,2049.181573796211,32.98115668928992,136.26387931369794,2.94544569815487,12.621868256348296,53.97507177415852,0,2026-09-04 04:17:19
2026-09-03 16:56:00,CNC-02,M,299.70693045961144,313.7779208655783,1876.3787866222074,36.2719069282514,36.75012569635314,2.4594071626657232,12.898017378588987,48.86940040129581,0,2026-09-04 04:17:19
2026-09-04 01:45:00,CNC-03,H,297.2734209203772,309.1859397890809,2701.464210760731,16.392814732009715,7.475260386713177,3.27472964746513,8.359630212318846,53.74075016578803,0,2026-09-04 04:17:19
2026-09-03 14:05:00,CNC-01,L,302.5198074698041,311.06435904044474,1572.6177455537081,49.77554125358915,81.62008205698149,2.3125908676291944,14.6289622303261,45.76781064967132,0,2026-09-04 04:17:19
2026-09-03 23:06:00,CNC-03,H,25.74249920311985,,2833.74055260372,10.926559924536484,100.93668899389552,3.5114540454552468,6.0325282856967934,49.14660372202586,1,2026-09-04 04:17:19
2026-09-04 01:40:00,CNC-01,L,297.15594497475706,309.8958890774281,2625.182230025274,20.287338091932455,60.024679090753914,3.319690755118103,9.740252006178752,53.087802035760454,0,2026-09-04 04:17:19
2026-09-03 20:22:00,CNC-02,M,32.78056683382357,39.67680164161993,2434.9796833986707,21.461701547306753,75.85040198074971,3.0806384542485357,9.842163613080205,45.11653423554883,0,2026-09-04 04:17:19
2026-09-03 23:46:28,CNC-03,H,298.58074869971585,311.2758060372942,2795.2688087784877,16.543618330264295,144.44001896372401,3.494280279884192,8.743181434234637,48.1701727180016,0,2026-09-04 04:17:19
2026-09-03 20:46:00,CNC-03,H,26.17229515966187,40.03752383752527,2498.4713153080997,25.596066718099067,218.1429510615969,3.778914855717051,12.167872710863831,54.37427960743777,0,2026-09-04 04:17:19
2026-09-03 17:55:00,CNC-01,L,298.2177584555025,312.91894249294495,1941.6856951233606,37.95113469648966,178.38136193558083,3.067264191358114,13.713199140948646,52.453095509914334,0,2026-09-04 04:17:19
2026-09-04 03:13:00,CNC-03,H,296.43888709661337,309.9573751572656,2452.955663863745,25.727771582253318,105.5883728131692,3.113174815785392,11.87959971319261,56.62049273933633,0,2026-09-04 04:17:19
2026-09-03 19:28:00,CNC-01,L,298.8598100301892,312.02175533623125,2284.914371625717,25.53109765291257,71.63126800154706,2.9218967072168414,10.83344289892456,54.0792345322231,0,2026-09-04 04:17:19
2026-09-03 12:28:00,CNC-03,H,302.3813402664945,310.7639503199831,1443.298594348493,53.52930094361158,36.42561089211105,2.1127062358559856,14.062819271318258,46.223955859634984,0,2026-09-04 04:17:19
2026-09-03 08:51:00,CNC-03,H,295.8281513269086,310.53753418771265,1476.935748236774,48.60909643847353,179.80015099726012,2.4400251505502792,13.676269153219732,62.02971000437994,0,2026-09-04 04:17:19
2026-09-03 23:09:00,CNC-02,M,26.938479859269023,38.84857847106127,2624.2401373362136,14.769019870538344,33.43125950998741,3.0727176933635616,7.36998356890207,49.78798375422662,0,2026-09-04 04:17:19
2026-09-03 15:53:00,CNC-03,H,298.07758271591547,312.64931901102847,1639.5504770781301,46.433579899105894,109.72203965487901,2.3587614974036466,14.214400662345424,53.12903859877367,0,2026-09-04 04:17:19
2026-09-04 01:49:00,CNC-03,H,297.25402803261176,308.24625500312163,2685.2962492553524,12.607047967390368,11.734675950421387,3.1791451233101613,6.391144784315859,58.2056527996667,0,2026-09-04 04:17:19
2026-09-03 23:27:00,CNC-01,L,298.1414441993214,310.0755302932411,2696.4950077078447,14.40384395024834,146.05967703575644,3.481205869499091,7.5934011311571155,56.69179567667681,0,2026-09-04 04:17:19
2026-09-03 12:06:00,CNC-02,M,297.1647067703432,311.2327535881375,1315.415373044934,52.27421194318905,55.731940530450494,2.002828814096946,12.821875122194854,59.547718175181046,0,2026-09-04 04:17:19
2026-09-03 16:16:00,CNC-01,L,297.71838060972857,311.4452454734793,1701.285905265796,41.52731755042813,40.97297729041773,2.328036999581076,13.539286435298019,56.555037084922944,0,2026-09-04 04:17:19
2026-09-03 14:01:00,CNC-01,L,302.4360969330448,309.89068605880624,1425.8192414615269,45.13577823130391,75.40273533664124,2.130833174180422,11.866664352023381,46.19260242696377,0,2026-09-04 04:17:19
2026-09-03 15:33:00,CNC-01,L,297.54738030863155,312.80555667917554,1754.6703162639374,45.0780352008394,216.1475941919595,3.3424603651313967,14.625028583305735,55.93672512679211,0,2026-09-04 04:17:19
2026-09-04 02:12:49,CNC-01,L,296.6187853124109,308.99022999889047,2736.9287411451933,16.833177500996186,95.92720446203266,3.316433865649365,8.88875832975902,56.22409940426144,0,2026-09-04 04:17:19
2026-09-03 06:07:00,CNC-03,H,296.18830041454845,310.7692433915739,1931.038841267454,38.82099198790111,182.24817465402774,2.839824622477947,13.973726597469586,58.478769316985066,0,2026-09-04 04:17:19
2026-09-03 21:56:00,CNC-01,L,298.3012004666417,310.3949676013187,2565.295940848776,17.155711400386785,47.820245388077275,3.2340944008687975,8.374390299143293,54.22054092876167,0,2026-09-04 04:17:19
2026-09-03 16:14:00,CNC-03,H,298.4824343291501,0.0,1720.4501011017917,43.47156178825802,140.55165125115735,2.5407357292562227,13.942906878190565,52.64729759586059,0,2026-09-04 04:17:19
2026-09-03 15:19:25,CNC-02,M,298.68476936216007,313.7321674628344,1647.386406276504,47.32043527203674,124.39661805428612,2.5534088834606923,14.589633601241445,51.77814940750812,0,2026-09-04 04:17:19
2026-09-04 00:51:00,CNC-02,M,298.9788928467616,311.4481288242967,2716.274272920208,15.331055242906084,141.8865259309127,3.471792494632733,7.78634423079797,49.93763827828903,0,2026-09-04 04:17:19
2026-09-03 09:21:00,CNC-01,L,295.28531776190243,309.3149262129408,1408.6054030502296,50.74968788951892,55.25448606604887,2.160013074718995,13.471727182389051,55.197016713970584,0,2026-09-04 04:17:19
2026-09-03 05:45:00,CNC-01,L,,310.38519824751137,1955.6573180368628,33.6131536689318,148.14460240271728,2.8755685620749003,12.498906834847812,53.71740911847712,0,2026-09-04 04:17:19
2026-09-03 10:18:00,CNC-01,L,295.4061719045459,309.6826218175225,1424.0235461334805,48.076179787670604,143.83396960679477,2.3285220961308593,12.780192829838759,59.89175995341553,0,2026-09-04 04:17:19
2026-09-03 23:36:00,CNC-03,H,298.63404945317046,311.04168596821347,2526.1515125213305,17.864490956702653,132.8222307645165,3.3295722131455925,8.342467675762514,51.79896341507178,0,2026-09-04 04:17:19
2026-09-04 00:59:00,CNC-02,M,299.0635308281769,312.5159325812333,2645.0376226390563,20.20993566725855,150.45066399086315,3.4412951287967983,9.958798029342976,47.25383449909123,0,2026-09-04 04:17:19
2026-09-03 17:27:00,CNC-01,L,298.1662782961585,312.63884111563084,2057.938743788251,34.453818888103335,140.70320451847863,2.8760205851463208,13.269013310255254,55.970692094785804,0,2026-09-04 04:17:19
2026-09-03 17:53:00,CNC-03,H,298.81910735550593,312.0470342890253,1834.0773291719477,33.1162061678777,4.090544413377812,2.4801869471378297,11.40212034444859,52.777436225366415,0,2026-09-04 04:17:19
2026-09-03 14:41:00,CNC-01,L,302.8036361485087,311.081951529856,1565.6513332082404,45.93470838783741,137.48365173702607,2.477365397467743,13.370690935874265,44.29232144640712,0,2026-09-04 04:17:19
2026-09-03 14:16:00,CNC-03,H,297.8055627463063,312.3836303499519,1408.3371856728731,50.663429117702066,206.5870849664731,2.6306839742918124,13.382114596484062,59.46132192451893,0,2026-09-04 04:17:19
2026-09-03 20:26:00,CNC-02,M,32.54666120442249,40.44980231679824,2440.0299644390657,26.28035868180803,80.44623417245198,3.1005060881754076,11.903341507386791,38.983819043011806,0,2026-09-04 04:17:19
2026-09-03 14:54:00,CNC-03,H,298.31502936399227,312.00185675516934,1631.8700245857888,42.03829039021801,21.31408779757303,22.264325071386956,12.710878967067554,54.690043904516585,0,2026-09-04 04:17:19
2026-09-03 08:27:00,CNC-02,M,296.47379406845675,311.33022671888824,1723.532536319065,43.39882223015892,136.9303128458806,2.6013586143262666,14.201086958208824,53.13587236196163,0,2026-09-04 04:17:19
2026-09-03 23:33:00,CNC-02,M,300.01012361680444,310.8994612620692,2627.8250710242555,9.43693305998277,59.09020083516694,3.19461821761343,4.7044881933632485,51.001824692344066,1,2026-09-04 04:17:19
2026-09-03 21:43:00,CNC-01,L,298.63538108422784,310.34323493653187,2673.136248536301,15.231870628348984,33.37735588639553,3.295085465819918,7.732776273604901,51.754313961176216,0,2026-09-04 04:17:19
2026-09-03 19:16:00,CNC-03,H,299.4101569047734,313.24519359028415,2263.843270357882,28.296113721282868,111.11116730142135,2.8953841060849093,11.909990141007876,55.01005339717204,0,2026-09-04 04:17:19
2026-09-03 15:07:00,CNC-01,L,297.6257073898505,312.327000902141,1627.981304539053,46.14268071131296,177.17153410639986,2.8400262096876916,14.207307807548842,56.45546203660413,0,2026-09-04 04:17:19
2026-09-03 06:51:15,CNC-03,H,296.2016454103207,309.8251538654087,1855.9315223683448,36.29222909766663,4.131784841396149,2.463800190653376,12.394892845642326,57.43926567715629,0,2026-09-04 04:17:19
2026-09-03 16:48:00,CNC-01,L,297.89186914321067,311.98454561751805,1844.8516726379114,38.227597706407245,86.54875963264458,2.5038661848753785,13.523262171320175,55.27457132098664,0,2026-09-04 04:17:19
2026-09-03 14:57:00,CNC-01,L,303.0133904610501,311.4254418859458,1655.3133202602469,44.31989810472913,161.9787862368113,2.7161866953564235,13.72418107140122,41.4087243864242,0,2026-09-04 04:17:19
2026-09-03 17:25:00,CNC-01,L,298.32535367109466,312.3749035410148,1946.6229191523846,35.04383759341758,138.00623110991148,2.7268581818562043,12.693225374252316,55.87268281128255,0,2026-09-04 04:17:19
2026-09-04 04:00:00,CNC-03,H,296.18061823967156,309.6537938186186,2565.8942834600534,22.68969287723258,161.04301813802653,0.0,11.145895735554197,56.26717315720031,0,2026-09-04 04:17:19
2026-09-03 08:54:00,CNC-01,L,295.15309535357534,309.09218219700796,1480.961425654433,47.116176144813295,13.68017936948585,2.1649124171445187,12.938019121626974,60.64994296142495,0,2026-09-04 04:17:19
2026-09-03 18:34:00,CNC-01,L,298.78013354608635,312.5251417682955,1999.9252946113686,34.81806222809068,3.987265354102379,2.5336086976888437,13.21743270057439,51.22270145032313,0,2026-09-04 04:17:19
2026-09-03 18:48:00,CNC-03,H,299.3597866465271,312.7443330118039,2119.8212051612013,29.67893231700475,76.08949253367275,26.50173192789927,11.845429990460332,54.98217163141188,0,2026-09-04 04:17:19
2026-09-03 08:48:00,CNC-01,L,294.9770937167889,308.8331726241216,1664.7735014063317,42.650045834481034,4.454026834841586,2.2830486691047627,13.142283667628647,59.59606295729189,0,2026-09-04 04:17:19
2026-09-03 05:02:00,CNC-02,M,296.6470478017004,310.70529476077206,2005.6824185898106,34.930615525756316,110.92187200328758,2.689601572464351,13.005827678989938,57.877807186231564,0,2026-09-04 04:17:19
2026-09-03 22:20:00,CNC-02,M,27.121794160060915,40.06453105240746,2522.949781917405,19.376394903528386,208.16294477696619,3.8186926898617637,9.058911892048092,47.42630603265047,0,2026-09-04 04:17:19
2026-09-03 04:17:00,CNC-02,M,296.8188330328288,310.276515253,2234.8328608451984,28.555861157725296,55.23455690045283,2.7994844062306337,11.743703033793857,54.738332113521096,0,2026-09-04 04:17:19
2026-09-03 16:21:00,CNC-02,M,299.4594216528278,314.18232858875626,1826.3997019095873,37.712535799635205,214.5152582077979,3.277519670791456,12.916645175550588,50.46714323287245,0,2026-09-04 04:17:19
2026-09-03 22:47:00,CNC-02,M,26.66314044454748,38.566138487549665,,16.21653682798363,9.70826239595599,3.1530579371961767,7.705721748203315,49.31489824697069,0,2026-09-04 04:17:19
2026-09-03 22:06:00,CNC-03,H,299.1923505559104,310.55383359982596,,13.194886298090651,36.456208840644535,3.029087865956853,6.1987490911194545,51.38788613869935,0,2026-09-04 04:17:19
2026-09-03 08:47:00,CNC-01,L,295.1776963100946,308.8352774119908,1508.0471620720873,48.30183449460718,2.98403521201075,2.2213315268852627,13.416182026208713,57.37808848113866,0,2026-09-04 04:17:19
2026-09-03 23:19:00,CNC-01,L,25.328328435934793,38.711225012467594,2605.924739410875,22.06294395295577,137.53612924261344,3.4079019418113323,10.8526154364047,53.44089710752438,0,2026-09-04 04:17:19
2026-09-03 23:44:00,CNC-02,M,299.6263222627436,311.6359023186399,2763.187133308722,15.159125127328672,70.82440569120278,3.31554360412933,7.821569117221673,51.706618403848765,0,2026-09-04 04:17:19
2026-09-03 10:26:00,CNC-01,L,294.9482666772718,309.39306951220146,1362.899259181775,54.299796370795384,156.32587427824635,2.4813439018065173,13.78822676928616,60.123449784485,0,2026-09-04 04:17:19
2026-09-04 00:31:00,CNC-01,L,297.8880908650403,310.45647552404614,2674.745017597487,15.237086986835092,214.28692271681723,4.258991744572636,7.85058066416625,55.089176491962434,0,2026-09-04 04:17:19
2026-09-03 05:06:00,CNC-02,M,296.4582384386432,310.5109799946911,,30.654673657841673,116.01536042138166,2.827547083259676,11.93439629206317,54.30969751666713,0,2026-09-04 04:17:19
2026-09-03 22:32:00,CNC-01,L,25.306436915061795,37.020759857873145,2777.703113158643,13.510810354887541,87.05198031743164,3.3549831984189287,7.053936800858638,50.794978765817774,0,2026-09-04 04:17:19
2026-09-03 08:47:00,CNC-03,H,295.77210950923353,310.9106920550075,1567.745894736437,52.218361086658646,173.7019670833962,2.49299589823961,15.378838474259267,57.43187351797674,0,2026-09-04 04:17:19
2026-09-03 18:02:00,CNC-02,M,300.1149317139789,314.6567920809492,2111.9492086373098,33.584783362474006,127.14948687124097,2.817417670045081,13.194309493392446,52.319027202386756,0,2026-09-04 04:17:19
2026-09-03 09:26:00,CNC-03,H,296.0065064424225,310.2879562682591,1560.3510729820878,48.05726032156671,12.238829037285274,2.2342032706533166,14.012549573797415,60.20407936737575,0,2026-09-04 04:17:19
2026-09-03 15:11:00,CNC-02,M,298.74930444984676,313.1519548049709,1586.823964802986,45.63089831476021,110.79882481800696,2.2745742579218855,13.588423528349965,52.03334220160031,0,2026-09-04 04:17:19
2026-09-03 20:08:00,CNC-02,M,33.065464197783626,40.30225615701386,2322.306083191765,25.67705434155004,59.38156854877421,2.9179441444714844,11.228226745494906,35.95438360968079,0,2026-09-04 04:17:19
2026-09-03 23:12:00,CNC-01,L,25.036094759484,37.4934464019895,2714.214195041274,17.707554033250847,130.10784368876617,3.415483788897303,8.7763317795523,60.0411450263373,0,2026-09-04 04:17:19
2026-09-04 03:15:00,CNC-03,H,296.7057052861107,309.6129005001858,2477.1324008009087,21.889803500223287,107.90146254352264,3.1278045200941564,10.168294482638602,55.67256388220277,0,2026-09-04 04:17:19
2026-09-03 05:52:00,CNC-01,L,296.1302319294021,,2028.9047164454828,33.37339182652294,157.3986246281406,3.0957963089403933,12.670079335242194,57.26081381078423,0,2026-09-04 04:17:19
2026-09-03 09:37:00,CNC-03,H,295.39026581081896,309.3982754089218,1397.444705069698,49.00660162263097,29.353220057034374,2.092136404052861,12.515958554675523,62.51135896089948,0,2026-09-04 04:17:19
2026-09-03 22:59:00,CNC-02,M,26.903658402585563,37.98254022928819,2643.1450108057006,11.707615994549446,22.639164184628736,3.2175490263901287,5.925652027390786,56.2347351301894,1,2026-09-04 04:17:19
2026-09-03 20:16:00,CNC-02,M,32.64914140353062,39.626421614370884,2422.649317454667,22.137357763043,68.78416896453992,2.897218635253146,10.144361420541307,38.53787195509938,0,2026-09-04 04:17:19
2026-09-03 18:05:00,CNC-03,H,298.9721925222098,312.7607705418754,2130.6271374689272,32.83214519167713,20.166383546191575,2.7744588870401348,13.379795016861493,51.932434902902806,0,2026-09-04 04:17:19
2026-09-04 01:32:34,CNC-03,H,297.0563721197766,310.47591385243015,2646.895347589177,19.450535439536097,258.99476614712285,42.228127453788254,9.405853015816056,58.29521134279809,0,2026-09-04 04:17:19
2026-09-03 10:46:00,CNC-01,L,295.06475286452917,309.3574802493045,1399.0789363377992,48.22872002517376,187.89040084483526,2.690953971337697,12.586719398018529,61.08836804071512,0,2026-09-04 04:17:19
2026-09-03 11:38:59,CNC-03,H,301.77517123194093,310.17946776736284,1462.6804759953259,46.2753698118358,220.05978588492331,2.8269595548837967,12.703620241152835,46.218308848615756,0,2026-09-04 04:17:19
2026-09-03 16:05:00,CNC-02,M,298.90456505001276,314.25789430741503,1679.190831912808,47.45716364873903,191.17802341657443,2.902122806606946,14.908659366229976,50.939084941998686,0,2026-09-04 04:17:19
2026-09-03 13:54:56,CNC-01,L,302.4186131278617,310.4316293209826,1554.1192250880154,47.0555801239083,64.47581725107891,2.277788617758505,13.656904413351992,41.93835947548505,0,2026-09-04 04:17:19
2026-09-04 02:06:00,CNC-02,M,297.9965104051699,310.4887427684255,2567.3380101686316,17.55054736622105,15.291012243889202,3.059403391687466,8.376156466319657,51.31994269863925,0,2026-09-04 04:17:19
2026-09-03 05:46:00,CNC-03,H,296.40560345841817,311.0155713128809,2002.4745720034066,37.75720490020705,154.45448543858663,27.52866889038033,14.055469192514295,59.45095456644238,0,2026-09-04 04:17:19
2026-09-03 13:19:00,CNC-01,L,296.554716458753,310.5786436848963,1406.3840529916522,50.53951408720121,9.523571040506464,2.1127487213688165,13.130162070408218,53.11937962609289,0,2026-09-04 04:17:19
2026-09-03 15:58:00,CNC-02,M,299.0929379516659,313.6735118504427,1492.3685176586005,46.88587244982257,181.10449382207122,2.551188115260801,13.097477296648423,50.12307686326883,0,2026-09-04 04:17:19
2026-09-03 23:56:00,CNC-03,H,298.29124189810165,311.6749160668093,2653.920857636703,21.05545689923273,153.99693153068452,3.3971957532363155,10.340571478334468,61.06788983195684,0,2026-09-04 04:17:19
2026-09-04 01:30:00,CNC-01,L,297.46080961579855,309.38256265692087,2789.113348031105,14.511763435076709,49.232667328011836,3.357586600657448,7.711253586203727,56.05064284779891,0,2026-09-04 04:17:19
2026-09-03 10:06:00,CNC-02,M,296.5422126819485,310.23129101065774,1318.0344907536723,48.93594848795597,69.81338071748188,1.9151435025096875,12.039731250695885,54.89985053767601,0,2026-09-04 04:17:19
2026-09-03 08:02:19,CNC-01,L,295.0262990430813,309.9609845337909,1636.0590478652834,46.95231053603098,139.8693594311661,2.558467839681975,14.634152869070798,61.89818175780886,0,2026-09-04 04:17:19
2026-09-03 18:57:00,CNC-02,M,299.9330465758068,314.8753553065925,2084.3000622028653,34.82973931213406,197.888323467706,3.2903279632702045,13.366268341567777,51.63555052512492,0,2026-09-04 04:17:19
2026-09-04 01:27:00,CNC-02,M,298.69006313934324,312.25389756688423,2687.400635923212,19.081951985332672,180.4603427295272,3.6214739817628745,9.430461581083016,54.03907482668422,0,2026-09-04 04:17:19
2026-09-04 03:51:00,CNC-03,H,296.4065283629045,310.15303882144354,2457.841929807463,24.92981461666681,150.29251629281757,3.210513630317052,11.25184643002165,63.55519285315682,0,2026-09-04 04:17:19
2026-09-03 16:31:00,CNC-02,M,299.4017995940431,313.1764986542507,1911.7530571753732,35.79589033804747,1.3989874207899442,2.460631656112263,12.85656938013986,52.20233035790324,0,2026-09-04 04:17:19
2026-09-03 07:54:00,CNC-03,H,296.01020406976886,310.2796542393792,1535.359137524692,47.13441853130878,95.3288373974801,2.1997786609675494,13.460757430772128,57.22127359242441,0,2026-09-04 04:17:19
2026-09-03 11:48:00,CNC-01,L,295.8422490337278,310.34333273864917,1374.119127631891,54.34316447005958,93.17029244271873,2.0621435227109757,13.965105728547115,59.7515451121649,0,2026-09-04 04:17:19
2026-09-03 10:38:00,CNC-02,M,296.7890615457544,311.42166427289055,1376.958011571242,53.11998656361322,119.98734070225876,,13.807253703835224,56.18298211638311,0,2026-09-04 04:17:19
2026-09-03 08:31:00,CNC-01,L,295.06825906862036,309.757508302615,1662.1008563003886,42.676398755710274,182.76325858083806,28.378109185242344,13.355603002516736,56.9481813408519,0,2026-09-04 04:17:19
2026-09-03 06:32:00,CNC-01,L,295.7691963660366,309.56480065178505,1958.9934754815285,36.70221506870594,12.357672125180056,2.5226237824607556,13.483794625232958,57.967546157224646,0,2026-09-04 04:17:19
2026-09-03 15:48:00,CNC-01,L,297.7591683086403,312.045343563958,1724.0482636203187,43.582301290364725,0.0,2.368409034304976,13.82820714327836,58.048132110921564,0,2026-09-04 04:17:19
2026-09-03 05:08:46,CNC-02,M,296.93113628664514,310.73565046629136,2188.1658180344784,29.50713799710414,119.88823743236239,2.793270876712745,12.397872044673186,62.59563161844935,0,2026-09-04 04:17:19
2026-09-03 04:44:00,CNC-01,L,296.7003500817755,309.7519629304938,2159.2538204599355,26.61652816659747,70.1648674447412,2.667598453108275,10.542835494113493,54.906417941837596,0,2026-09-04 04:17:19
2026-09-03 09:04:00,CNC-03,H,296.1459771246089,310.78167336775726,1530.0531333048702,47.9805181929997,199.585691065412,2.735111990608115,14.053843645010001,57.96697507230563,0,2026-09-04 04:17:19
2026-09-03 05:55:00,CNC-01,L,296.059402597764,310.66354920249387,2157.446723853512,32.937430051787025,161.26283498053292,3.114246971470828,13.20061309844454,59.19813544308421,0,2026-09-04 04:17:19
2026-09-03 10:24:00,CNC-01,L,295.2178005376015,309.53361450016877,1355.670624578324,52.46699378324361,153.16031815911305,2.2963498282829686,13.368728868866935,60.319008378988606,0,2026-09-04 04:17:19
2026-09-03 21:39:00,CNC-01,L,298.7962430595153,311.3539883505341,2408.4954385847545,21.54552727112222,28.963667251266905,2.943144361941449,9.932503091474604,53.62110080621981,0,2026-09-04 04:17:19
2026-09-04 01:17:00,CNC-02,M,298.86595126547695,311.4612907120587,2746.4068228158526,14.237823031150578,169.73631747788502,3.6822650023759134,7.337999989750082,51.78502429495453,0,2026-09-04 04:17:19
2026-09-03 06:35:00,CNC-02,M,296.047118596916,310.955227958751,1872.1962361013764,37.96119794031939,233.81310811845782,3.4386698582833612,13.247201836426779,57.44470878780484,0,2026-09-04 04:17:19
2026-09-03 07:48:00,CNC-02,M,296.49129877097675,310.6929085582468,1580.1500559920014,44.43082333707136,79.66814598704467,2.201985339412674,13.035152701352612,53.60137768285615,0,2026-09-04 04:17:19
2026-09-03 04:48:00,CNC-03,H,296.32423318163904,309.6800946867685,2209.747775677293,28.004140456122286,80.19857329676107,2.854003845896237,11.517622434474141,60.54568653364851,0,2026-09-04 04:17:19
2026-09-03 04:51:00,CNC-02,M,297.0390266911361,311.0360897705801,2178.664932067099,29.82363714193821,97.04412454706403,2.8639800356603518,11.853391669723239,59.74085245105099,0,2026-09-04 04:17:19
2026-09-03 23:01:00,CNC-03,H,25.85508462155991,37.631306752349815,2606.637170811126,14.613026586195215,95.67797748600057,3.1448256106952974,7.257126539246144,50.97909719963974,0,2026-09-04 04:17:19
2026-09-03 13:47:00,CNC-01,L,302.1596949358168,310.56615154389715,1470.0731893332036,50.75559480057757,53.58137127086262,2.2310001337459995,13.820950767045533,47.79630296827444,0,2026-09-04 04:17:19
2026-09-03 14:42:00,CNC-03,H,298.2624733134408,311.77724910914264,1514.0938109651672,43.373311301166,3.0965037556743518,2.170354514200993,12.276871139703152,54.22056673601179,0,2026-09-04 04:17:19
2026-09-03 19:07:00,CNC-01,L,298.9761772338987,312.32067637639494,2263.9715388500586,27.46317021637458,45.687431157487566,2.8291424590128416,11.650868170357844,51.32572312153671,0,2026-09-04 04:17:19
2026-09-03 16:45:00,CNC-03,H,298.5300225957957,312.94132566184885,1714.8069623640688,41.804599701983044,185.04741345382175,2.699485882095431,13.632273834405533,50.95433642682225,0,2026-09-04 04:17:19
2026-09-04 04:08:00,CNC-03,H,296.1511356479686,309.4716766516266,2434.243129390416,23.231987307724104,170.58754114434385,3.2087567867688622,10.624421336080927,54.10129652990988,0,2026-09-04 04:17:19
2026-09-03 05:21:00,CNC-01,L,296.3025280113079,310.7120642925416,2134.2604794007966,32.972926664979596,116.67228097416509,2.7724006173585374,13.307796677634359,60.58984038376148,0,2026-09-04 04:17:19
2026-09-03 22:38:00,CNC-03,H,26.005064099236904,37.954176934608086,2643.4287058181294,16.183382648973236,71.12059896983183,3.1420832546287554,7.764690655286894,57.52169874555851,0,2026-09-04 04:17:19
2026-09-04 00:38:00,CNC-01,L,297.95603371344987,312.0724355143011,2607.1136687050025,25.4880114549943,221.7189027918466,4.230432659701108,12.382705038576454,54.66512768329017,0,2026-09-04 04:17:19
2026-09-03 10:51:48,CNC-02,M,297.01745825105655,311.12534040778354,1277.3569694120238,52.584677009143114,140.57826370798935,2.0805821591711475,12.527042996031465,54.328444491530306,0,2026-09-04 04:17:19
2026-09-04 00:42:00,CNC-03,H,297.86745926711876,311.25020443266214,2753.7246835817523,19.612012047179725,202.8709305160771,3.945663223344823,10.037865436358324,54.54476920840349,0,2026-09-04 04:17:19
2026-09-03 07:57:00,CNC-03,H,295.9435728653192,310.38879993643815,1751.1440115839619,42.94261488580925,99.70409514033427,2.4323580603989834,13.959101236879041,54.52601890763247,0,2026-09-04 04:17:19
2026-09-03 08:37:00,CNC-02,M,296.53919024584707,311.2220550514829,1724.9782078595795,42.73194667596222,151.8834678570143,2.622326178561377,13.466931129436016,55.89893397288461,0,2026-09-04 04:17:19
2026-09-03 08:41:00,CNC-03,H,295.7245839665834,309.89186808969487,1633.466979080629,42.03794261427489,164.7185810247565,2.604492422510277,13.160728093587156,54.11947994780059,0,2026-09-04 04:17:19
2026-09-03 19:24:00,CNC-01,L,298.97325199840594,312.3290785539502,2236.130074711228,26.93282200829685,66.75453977079228,2.8723565904937267,11.268055052543367,56.48147189651106,0,2026-09-04 04:17:19
2026-09-03 13:03:00,CNC-01,L,296.27340162971046,311.5265912570849,1560.9333014122806,50.07267559317458,212.2599844987968,3.1959136209773105,14.468245012582647,56.61777512613754,0,2026-09-04 04:17:19
2026-09-03 10:25:00,CNC-02,M,296.7709229536366,311.32367833073823,1369.74045996975,52.66926920141583,99.54812828736061,2.122266692818788,13.270593878469759,56.677665785461734,0,2026-09-04 04:17:19
2026-09-03 20:19:00,CNC-03,H,26.295121898161426,40.49113588911683,2357.577537402891,27.97757064675399,186.84010276221946,3.2687204134225736,12.621984569443661,50.97060093055646,0,2026-09-04 04:17:19
2026-09-03 13:47:00,CNC-03,H,297.19922676561214,311.7868237881321,1439.7708610952268,50.630015874675976,161.20290586274766,2.402277854627477,13.955810776062638,59.99919667962519,0,2026-09-04 04:17:19
2026-09-03 10:42:00,CNC-02,M,296.9164437119539,311.02329498736543,1379.783940893513,48.94595132403466,126.28834692504742,2.149466429607357,12.71559403847477,55.29219419598695,0,2026-09-04 04:17:19
2026-09-03 20:39:00,CNC-03,H,26.144719750233207,39.350907481816876,2451.49837921644,21.957651347549078,210.1440387133486,3.646161249731961,10.26077515812821,52.33234391095167,0,2026-09-04 04:17:19
2026-09-03 16:58:00,CNC-02,M,299.5386847318059,313.95652742020513,1891.7559524090748,38.51123800362336,39.55488740941709,2.5701188762719274,13.603599245800568,53.73824640097057,0,2026-09-04 04:17:19
2026-09-03 11:32:00,CNC-02,M,296.92533913707945,311.2101819607491,1463.299341201717,52.14216496571234,1.5802326374651692,2.128236439354235,14.17172596476462,63.6037053835081,0,2026-09-04 04:17:19
2026-09-03 21:45:00,CNC-02,M,300.2906702257393,314.4114807852906,2383.040842088265,25.96971296838857,170.0218172796107,3.4097686789301402,11.51307471835723,42.373734214506,0,2026-09-04 04:17:19
2026-09-03 18:13:00,CNC-03,H,,312.7494056440676,2054.0178340185553,31.982015005166495,30.8434926450213,26.009370102095616,12.27450669907333,53.146193719837285,0,2026-09-04 04:17:19
2026-09-03 13:43:00,CNC-01,L,301.86184125232927,309.63419241181896,1346.3502367959068,51.23921565545468,47.37269440483479,1.9955794046301016,12.869449775634305,46.13777922214081,1,2026-09-04 04:17:19
2026-09-03 14:51:00,CNC-02,M,298.7318402170919,312.94665163504584,1564.268593877836,43.987481491419665,80.5040609479469,2.302953961305603,12.742619871127744,56.73516946593989,0,2026-09-04 04:17:19
2026-09-03 22:19:00,CNC-02,M,27.22360575995856,41.00615927333024,2664.893656983127,20.956946685512833,207.06195668161772,3.773344567433678,10.338105818970176,51.678491154626364,0,2026-09-04 04:17:19
2026-09-03 12:47:00,CNC-03,H,302.4530151432255,310.5377811779648,1414.3442785009427,49.192222740522176,66.52146236274747,2.133420368689218,13.243031197730723,46.71780833212144,0,2026-09-04 04:17:19
2026-09-03 12:52:00,CNC-01,L,296.3571734179283,311.5480144832157,1429.6432436420846,57.47509801723592,194.928591588189,2.8922286346390664,15.303902462462814,59.5281753890816,1,2026-09-04 04:17:19
2026-09-03 12:08:00,CNC-02,M,297.4616976220993,311.13916510235117,1336.6914411796693,49.893650756725556,58.92927559480692,1.982948446817113,12.646244636906767,55.36959338150444,0,2026-09-04 04:17:19
2026-09-03 15:28:00,CNC-03,H,298.49030554725164,312.7595513875982,1690.0542874924258,43.44100737520416,72.74561891247131,2.4020743646206157,14.050662556198516,53.079651159268884,0,2026-09-04 04:17:19
2026-09-03 04:45:00,CNC-01,L,296.8159828113802,310.50851433170675,2183.5058721996065,29.448812138972254,71.43409582540274,,11.970360039675947,55.16453952921035,0,2026-09-04 04:17:19
2026-09-03 16:09:00,CNC-01,L,298.0437048430139,312.16162902285555,1638.5022629866676,44.75904279411741,30.70816356778893,2.371573680459278,13.487605980238454,51.0602630870576,0,2026-09-04 04:17:19
2026-09-03 19:02:00,CNC-01,L,298.909220617982,311.9411417020444,2209.5937203615613,27.68749697420092,39.53353950383489,2.8631689020417266,11.374102675445085,53.62738231499917,0,2026-09-04 04:17:19
2026-09-03 20:30:00,CNC-01,L,25.878568661529016,39.53636842358122,2237.163153457145,28.43858541753742,146.11373599915936,3.0584998462857786,12.011737815571005,53.252022486568215,0,2026-09-04 04:17:19
2026-09-03 15:53:00,CNC-02,M,299.1185356715654,313.9555063746308,1723.2955093161281,43.646837464536,173.62796118336863,2.698608278536083,13.970891091863741,52.97962820334841,0,2026-09-04 04:17:19
2026-09-04 01:20:00,CNC-03,H,297.54291290745687,311.35417267823647,2575.055980208812,21.9725510728098,243.9597820151745,4.007618602351457,10.453620779199495,56.523596539681606,0,2026-09-04 04:17:19
2026-09-04 03:21:00,CNC-02,M,297.5779360714475,310.78153882964205,2619.358951918186,20.09601379890314,99.70577584220047,3.130478126329659,9.845924374374407,55.17557754777154,0,2026-09-04 04:17:19
2026-09-03 21:28:00,CNC-02,M,300.59263056036593,314.2494676323851,2687.486478203503,21.15542598560913,151.25348762382282,3.3855698059911314,10.35059885148087,52.00847894105492,0,2026-09-04 04:17:19
2026-09-03 08:41:00,CNC-01,L,295.19544566684795,310.2392874356307,1758.8763357016117,43.19589567106439,197.70092761633904,3.107977949979739,14.299561820408226,1118.814681635428,0,2026-09-04 04:17:19
2026-09-03 07:33:00,CNC-02,M,296.29574580950407,310.49451494177515,1542.834515353296,46.04950994263917,57.94164359267377,2.1306512199512473,13.304201475968458,61.00690008659166,0,2026-09-04 04:17:19
2026-09-03 11:02:00,CNC-03,H,301.6928352940255,310.28184167621635,1459.379172184569,51.12914925992976,162.9565280254751,2.4238432147352165,13.740571934980347,49.14054871983217,0,2026-09-04 04:17:19
2026-09-03 04:24:00,CNC-02,M,296.88368240566615,310.40628750692923,2406.393278564202,26.381146348244062,63.79387418302491,2.923438561002858,,56.7331472768729,0,2026-09-04 04:17:19
2026-09-03 16:22:00,CNC-02,M,299.6268813702738,314.52805548711115,1756.7411749469104,40.52709229377877,215.92937511497126,3.1991736989345845,13.53787964764151,52.6395779868891,0,2026-09-04 04:17:19
2026-09-03 07:58:00,CNC-03,H,295.82717527882744,309.7343804579324,1758.080884394548,36.54978165808153,101.13180282878524,24.502420680704255,12.017409877046545,58.90289414467974,0,2026-09-04 04:17:19
2026-09-03 09:22:03,CNC-01,L,295.0626643403458,308.9665274175795,1484.891351264302,47.532243581498236,58.33485065951177,2.1609946386884396,13.153225500604306,59.77016062438421,0,2026-09-04 04:17:19
2026-09-03 18:50:00,CNC-01,L,298.6394999978837,310.9337639827672,2278.20205726058,,24.461709469005562,2.80524695844148,8.83759591353614,51.59917879945966,0,2026-09-04 04:17:19
2026-09-03 23:03:00,CNC-01,L,25.339933700505128,38.12828594793149,2712.4402669371625,19.158989928529007,120.41480476026284,3.5113935223983543,10.013068805149626,51.058389229180754,0,2026-09-04 04:17:19
2026-09-03 14:08:00,CNC-01,L,302.48409830885,310.4164566363309,1438.8028351067112,48.51550333991552,86.3620314151853,2.1163018710393047,13.045950981456675,49.45544170998605,0,2026-09-04 04:17:19
2026-09-03 20:48:00,CNC-01,L,26.08811546625566,40.68842047007041,2536.132115896591,27.416282576247305,166.85095994722585,3.5152548977483855,13.26958869283694,51.53466297802062,0,2026-09-04 04:17:19
2026-09-04 00:25:54,CNC-01,L,297.97014917130815,310.6096495459508,2560.068452815412,18.13745259336204,210.10764688280844,4.11084914332459,8.48083804226516,52.64622158826749,0,2026-09-04 04:17:19
2026-09-03 11:23:00,CNC-03,H,301.6330101799497,310.77858173525993,1382.5214757218168,55.71095964390367,196.2723374206718,2.488489155448729,14.572829709406268,46.62695815582454,0,2026-09-04 04:17:19
2026-09-03 12:24:00,CNC-01,L,296.12256464875577,310.45672112970874,1300.5860128772674,54.31062585211077,150.41774879318933,2.3986442620809543,13.090452951352477,56.46817968698284,0,2026-09-04 04:17:19
2026-09-04 03:12:00,CNC-03,H,296.7340544190867,308.60620548980864,2648.051065935649,14.620913306149646,104.4221586045187,3.2548263376211035,6.9916458394109755,61.434647729617886,0,2026-09-04 04:17:19
2026-09-03 14:11:00,CNC-01,L,302.4906054852696,310.7367670392478,1514.6246291774833,48.38098347201266,91.07102388742892,2.164444020941444,13.624808444344568,45.03630179869417,0,2026-09-04 04:17:19
2026-09-03 19:02:00,CNC-02,M,300.1106887312649,314.3580143985683,2221.6496678170292,28.162807121864937,204.1268414422044,3.480284374752762,11.650410437155019,51.88852613193151,0,2026-09-04 04:17:19
2026-09-03 11:15:00,CNC-01,L,295.5508136090654,309.5599802538414,1394.14128027711,49.976780844336076,41.02473185211017,2.1165365370286255,12.893803493866738,59.35199078164373,0,2026-09-04 04:17:19
2026-09-04 04:07:00,CNC-03,H,295.9790555872425,309.85416680528755,2341.9850995545094,27.624564196637177,169.40104026108966,3.2330938406627987,12.294588939632314,65.8368648722668,0,2026-09-04 04:17:19
2026-09-03 05:17:00,CNC-03,H,296.6805465613016,310.156856132758,2191.373517815185,26.391562873414596,116.80074466361344,,11.022300790538543,54.9220670425547,0,2026-09-04 04:17:19
2026-09-03 16:35:00,CNC-02,M,299.5400896931556,313.44996151675974,1794.5782107300083,39.984135390440244,7.173310521808013,2.3758938339969182,13.594774022288314,53.27285616778244,0,2026-09-04 04:17:19
2026-09-03 16:51:00,CNC-02,M,299.39218936770754,313.4172564126108,2008.1344716704493,34.64061335188295,29.746436098024496,2.559922733384387,13.016310571618723,52.3267123565709,0,2026-09-04 04:17:19
2026-09-03 04:58:00,CNC-02,M,296.7890073496023,310.3251044656456,2288.67750538245,26.555933982422268,105.84723144454091,2.8028014344099743,11.495427147747222,61.67623378709282,0,2026-09-04 04:17:19
2026-09-03 18:08:00,CNC-03,H,298.98889645542465,312.57802544173984,1916.9029517269248,34.09814612711708,24.180340953374685,2.5445403982554344,12.204326880060647,56.93042357401644,0,2026-09-04 04:17:19
2026-09-03 19:57:00,CNC-01,L,26.02837601496043,39.6342028402467,2269.1287450868754,26.505831159572885,107.03516939413045,2.8900432627619708,11.144329618578562,51.26696404931967,0,2026-09-04 04:17:19
2026-09-03 11:49:00,CNC-02,M,297.41689156340686,310.8048171161872,1330.9176668066154,48.17891993808671,28.672367470743545,2.062285118619946,11.895315576914566,53.4545678934579,0,2026-09-04 04:17:19
2026-09-03 04:33:00,CNC-01,L,296.6283453894063,310.4358449862026,2193.648193510034,30.718017290854778,56.42052797775363,2.8189484567477647,12.48109332083365,54.747356864977505,0,2026-09-04 04:17:19
2026-09-03 23:59:00,CNC-03,H,298.52103377915034,311.2702581763185,2657.4226574551767,18.947612036622157,157.17928280151403,3.3873943792960164,9.793430420888505,58.78703615748805,0,2026-09-04 04:17:19
2026-09-03 20:19:00,CNC-02,M,32.68145511819404,40.01277878718736,2442.9253877162746,23.8983349011458,72.26968766039519,3.1033849652972,10.755285197795386,42.944473033667094,0,2026-09-04 04:17:19
2026-09-03 22:27:00,CNC-01,L,25.339959059090802,37.159391562200256,2768.721373517396,14.583708218489551,81.62251472990727,3.2852540025701273,7.510316351964623,50.919280530628,0,2026-09-04 04:17:19
2026-09-03 22:47:23,CNC-03,H,25.891619569705938,36.43999777590278,2781.034771555268,8.39532509110916,81.78547527586773,3.265317785263757,4.357456628831725,50.602967969800936,1,2026-09-04 04:17:19
2026-09-03 15:08:00,CNC-03,H,298.4576042165332,312.6811153674168,1531.307740152237,45.442988389730374,42.63567464243452,2.2030354160027947,12.911721808382868,63.147174164284,0,2026-09-04 04:17:19
2026-09-03 23:47:00,CNC-02,M,299.89349859344554,312.3989482193638,2768.7557445927155,15.85670843181571,74.06252402406948,3.2644261440997813,8.230868694021348,48.83994929524639,0,2026-09-04 04:17:19
2026-09-03 04:54:00,CNC-02,M,296.9185948988743,311.1627771479191,,33.42127837013153,100.81618444725804,2.7538293744242317,13.247362714123646,55.80103301733704,0,2026-09-04 04:17:19
2026-09-03 21:27:00,CNC-02,M,300.81180943805487,314.0800529631889,2564.003122354546,20.946596122046653,150.1857876356508,3.4449759489906597,9.810145610153981,49.84030789557414,0,2026-09-04 04:17:19
2026-09-03 17:51:00,CNC-03,H,298.8758253290016,312.3961443512693,1955.5397232267321,33.72730111956103,1.3386558527595636,2.470385575478086,12.339124831788963,54.247358505052745,0,2026-09-04 04:17:19
2026-09-03 17:51:00,CNC-02,M,299.9587759001873,314.08368469205385,2036.6116430047093,33.72109766720821,112.46233423964132,2.8074356169879815,12.552596796648835,50.79794999261634,0,2026-09-04 04:17:19
2026-09-03 09:24:00,CNC-01,L,295.3396658347203,309.3693793999134,1524.6703987322514,47.584625677390584,59.87555278935865,2.091001589771093,13.723518382552198,58.784584260004046,0,2026-09-04 04:17:19
2026-09-03 15:30:00,CNC-01,L,297.3062564294974,,1638.0741060269113,44.87472978681552,211.75124540832326,,13.97125055875004,54.118508432578594,0,2026-09-04 04:17:19
2026-09-03 11:18:00,CNC-03,H,301.6422904570551,310.2665871051383,1347.7690535856955,54.09064258392116,188.33162858941319,2.4409800473271743,13.78682284408587,49.61893783935085,0,2026-09-04 04:17:19
2026-09-03 15:13:00,CNC-02,M,298.9363172172576,313.92839517526585,1603.2710029529821,47.40273443550931,113.8423213978899,2.3417495412858917,14.18107359666815,51.02705664743748,0,2026-09-04 04:17:19
2026-09-03 08:39:00,CNC-02,M,296.8907274706143,311.6186277480187,1668.3161906130415,44.03440698047875,154.8050919339835,2.5313351425546826,13.446368865381304,55.72823124371591,0,2026-09-04 04:17:19
2026-09-03 14:36:00,CNC-01,L,303.01916664286557,310.8575534997226,1376.319499615335,49.50892285164302,129.89462907177847,2.2188378611715964,12.541039310327879,48.87867274985718,1,2026-09-04 04:17:19
2026-09-03 13:42:00,CNC-02,M,298.06600688734824,313.83544745242494,1412.3681095743882,58.364505564541055,207.65160715541649,2.7687501358964997,15.542757534732296,55.20053380858323,1,2026-09-04 04:17:19
2026-09-03 05:42:00,CNC-03,H,296.4266823086967,310.7754994042785,2027.974296322635,35.68256789785179,149.16116472750414,2.79407987454032,13.52606818104383,55.045313408379286,0,2026-09-04 04:17:19
2026-09-03 11:54:00,CNC-03,H,301.9894387408198,311.44525359049027,1438.193899082523,0.0,245.47125011267258,3.115444468906535,14.938981824491174,49.23635530616622,1,2026-09-04 04:17:19
2026-09-03 13:30:00,CNC-01,L,302.0913949921521,309.38057316520633,1491.508571619257,42.348923412015665,26.840529617606656,2.091867428825482,11.76362955568183,46.76881615756376,0,2026-09-04 04:17:19
2026-09-03 16:02:00,CNC-02,M,299.14966686771515,314.4936165979576,1907.7996660647095,42.07642008392514,186.76904663773962,3.0544344724734587,14.775148606604898,53.93499623518989,0,2026-09-04 04:17:19
2026-09-04 00:08:00,CNC-01,L,297.9230366404317,310.37901578929853,2824.4979431988763,15.143554758238695,189.72657045966199,4.023416525794865,8.06210365378242,50.24337069901811,0,2026-09-04 04:17:19
2026-09-03 16:22:00,CNC-03,H,298.3478009927295,313.0143531383463,1887.117561098321,39.70682001335288,152.05613611062927,2.662739012298263,13.938569512506533,51.66678304502527,0,2026-09-04 04:17:19
2026-09-03 13:00:00,CNC-03,H,296.7918409628719,311.61727260722563,1450.754652646855,54.46356449411575,87.12280096455525,2.20908280086633,14.78407020952346,55.42021261115627,0,2026-09-04 04:17:19
2026-09-04 02:15:32,CNC-03,H,297.2173730232807,308.799739623401,2672.566485950984,14.064431973187585,40.28655262089533,3.205188652170757,7.1863100191976095,57.389916101146824,0,2026-09-04 04:17:19
2026-09-03 18:17:00,CNC-03,H,299.1951609450427,312.9149931131463,2099.0091325972853,0.0,36.16972195051275,2.641775846717394,13.092235786321474,57.35453357646895,0,2026-09-04 04:17:19
2026-09-03 05:56:00,CNC-02,M,296.30130019899343,,2028.577803250043,35.78448619221252,180.98050021337906,3.072904894434703,13.579212880701748,57.697883269407,0,2026-09-04 04:17:19
2026-09-03 06:34:00,CNC-02,M,296.3809549421708,311.6858938308622,2064.4290108808436,37.49764929318735,232.4220030542564,3.6309414148268617,14.753208693143474,53.11783214110457,0,2026-09-04 04:17:19
2026-09-04 00:06:00,CNC-03,H,298.41896910652713,311.76262796947924,2576.720274923893,22.453892554792947,164.70852386226187,3.3461040767349144,10.968555379757419,51.54606196931221,0,2026-09-04 04:17:19
2026-09-03 08:46:00,CNC-02,M,296.53299814056186,311.1519062127843,1635.0379291604213,44.629604958882474,165.17504267296223,2.609378400864248,13.579014264851173,53.93631902581864,0,2026-09-04 04:17:19
2026-09-03 11:49:00,CNC-01,L,295.67171829158883,310.29064114572014,1360.6128692375655,54.42493532606225,0.0,1.994264535328826,13.751948044212916,56.3823883104201,0,2026-09-04 04:17:19
2026-09-04 02:19:00,CNC-03,H,296.95487765102274,308.7068216269113,2600.9174644302075,16.833126206545042,44.67526666750566,3.1268030687496275,8.16295055145219,59.03612226065561,0,2026-09-04 04:17:19
2026-09-03 19:17:00,CNC-03,H,299.4772485155397,312.5714696748878,2455.474140215368,22.335300564070238,112.2759750834805,3.1573565503226506,10.15779055832819,51.31742256059739,0,2026-09-04 04:17:19
2026-09-04 03:19:14,CNC-03,H,296.3470012169091,309.80988242103507,2279.883200528165,25.718867950793538,112.58357399576764,3.0606814473032595,10.841233414876468,57.72034021454758,0,2026-09-04 04:17:19
2026-09-04 01:29:00,CNC-02,M,298.4585897948612,310.6373739129437,2775.988447322644,13.695461696510296,182.60547419940872,3.709703316575068,7.236031581126611,55.3597202862734,0,2026-09-04 04:17:19
2026-09-03 14:41:00,CNC-02,M,298.3087412958418,312.3463421780499,1577.146338829968,43.31985080808075,65.293925776608,21.671921858286584,12.68914810147059,,0,2026-09-04 04:17:19
2026-09-03 22:51:00,CNC-03,H,25.857904073616055,38.70512040173708,2643.056985854154,20.125554900661598,85.04492636101592,3.2741941498599405,10.136662446606797,53.65569441160289,0,2026-09-04 04:17:19
2026-09-03 08:41:00,CNC-02,M,296.44967959165115,311.33533843276655,1622.4920705590923,47.50000797781413,157.76896437623626,0.0,14.422646823200218,51.45073501900058,0,2026-09-04 04:17:19
2026-09-03 13:21:00,CNC-01,L,296.35512800717726,310.3050403261059,1476.8257667892067,48.71624825431615,12.715099011260246,2.0893057479024155,13.43388594839055,59.51957627059353,0,2026-09-04 04:17:19
2026-09-03 09:12:00,CNC-02,M,296.65167275123065,312.02537140528625,1559.0445110457229,50.80112267709995,204.41881855218253,2.7840816643223945,14.835592968821826,53.625649548690745,0,2026-09-04 04:17:19
2026-09-03 09:10:00,CNC-02,M,296.79869446356287,311.30719289607634,1532.707080792254,44.70092575736919,201.43638880477783,2.8027613950265575,12.979652664261103,54.90833769127484,0,2026-09-04 04:17:19
2026-09-03 15:56:00,CNC-01,L,297.7313714866233,312.08992452077564,1731.2129823270702,44.86994469159378,11.686871571114285,2.3724441148871547,14.750436256104518,55.03125076024214,0,2026-09-04 04:17:19
2026-09-03 15:53:00,CNC-01,L,297.7196432078135,312.25077522821084,1822.9323517388432,43.498045877873814,7.243026127000038,24.068872229416677,14.944212221242331,57.96298207413692,0,2026-09-04 04:17:19
2026-09-03 18:07:00,CNC-01,L,298.6602089802908,312.8370219566384,1930.2109738305462,34.42574389726646,194.38265813668963,3.269621334295549,12.732103314198037,50.38600435144067,0,2026-09-04 04:17:19
2026-09-03 08:35:00,CNC-03,H,295.9291646955846,310.36018911753007,1405.7053687891828,51.21687447016365,155.84674384865394,2.2185271526866503,13.294898335611027,57.75163896566017,0,2026-09-04 04:17:19
2026-09-03 12:21:00,CNC-02,M,297.57541002791083,311.7524927290061,1370.9959773449318,49.35705539874859,79.60038494712623,2.1566383802265294,12.482493940564003,55.91962327117765,0,2026-09-04 04:17:19
2026-09-03 05:28:00,CNC-03,H,296.15102815253186,309.52924400044515,2098.3656569588525,28.695200210898097,130.94520612658627,28.880697800658805,11.35287605380968,54.738886918306434,0,2026-09-04 04:17:19
2026-09-04 02:13:00,CNC-02,M,298.1496254918944,311.5766972508661,2471.035445755118,23.852810046885462,22.933766070685483,3.010111772928741,10.906229153088017,55.17118458678154,0,2026-09-04 04:17:19
2026-09-03 23:26:00,CNC-01,L,298.2199308871346,311.03959302880736,2635.279920831302,18.67826513638914,144.9892884685439,3.4213102601479686,9.164363988661522,52.256749865588915,0,2026-09-04 04:17:19
2026-09-03 12:30:00,CNC-02,M,297.26360060619766,311.7559610300341,1365.842462000329,50.82300000250515,93.76751699449075,2.129715963350414,12.909564609021656,62.09903305110142,0,2026-09-04 04:17:19
2026-09-03 13:14:00,CNC-03,H,297.146541110872,310.8584026481806,1370.244161821158,46.370696708335366,109.3930809442742,2.0550935895012943,11.923430093878354,58.9861614710067,0,2026-09-04 04:17:19
2026-09-04 01:14:00,CNC-02,M,298.9081491018937,311.8708280497351,2705.14841393467,17.405809372969134,166.60196244537374,3.6059676522372124,8.775793468459181,54.2049138890396,0,2026-09-04 04:17:19
2026-09-03 10:50:00,CNC-03,H,296.18037362785594,310.2300551489501,1298.6608979942835,51.82390187578533,144.04986184832615,2.1900820997570154,12.451418547352619,57.21900560813052,0,2026-09-04 04:17:19
2026-09-03 15:57:00,CNC-03,H,298.6468628694099,313.78358302326666,1646.111830356646,48.6031863995621,115.61706124315586,2.3615116563428202,14.90098472524322,53.479911212796196,0,2026-09-04 04:17:19
2026-09-03 10:12:00,CNC-03,H,295.97484168108946,310.1401434871166,1451.727101796802,48.98881354264462,84.06645653403525,,13.290682617059417,60.701396572698805,0,2026-09-04 04:17:19
2026-09-03 04:49:00,CNC-01,L,296.6973591323492,310.02819612264864,2351.4594920672607,25.95021478459134,76.34622463091313,2.967790281498845,11.237757896968638,57.96192841789055,0,2026-09-04 04:17:19
2026-09-03 17:56:00,CNC-03,H,298.8509218181967,311.9291043108363,2036.2834234969441,30.021445082210864,8.15242565717285,2.65103157440849,11.699921166585293,54.595641242667206,0,2026-09-04 04:17:19
2026-09-03 08:10:00,CNC-02,M,296.50992019993953,310.87906277263914,1593.9570890768334,45.18045406781029,111.74050950658076,2.333744418317673,13.440152471496027,54.93854918932197,0,2026-09-04 04:17:19
2026-09-03 06:01:00,CNC-03,H,296.2584963787536,310.7476588155339,1973.2913875616441,36.35646897730547,174.32847089956687,2.804893408790425,13.292901325836011,60.23400928411604,0,2026-09-04 04:17:19
2026-09-03 11:30:00,CNC-01,L,295.66184953184234,309.64367440705524,1327.6749674803978,52.584106684678346,64.6406591316928,1.9204140075475031,13.218761797569917,64.09924713944429,0,2026-09-04 04:17:19
2026-09-03 13:09:00,CNC-03,H,296.7649740936586,311.06032873360783,1412.740897837052,50.98257821016328,101.49297700160983,2.096187955502853,13.465449280256085,58.85051653552625,0,2026-09-04 04:17:19
2026-09-03 09:39:00,CNC-03,H,295.74353373926033,309.5896411079671,1356.7332330734064,49.98095140843371,32.51928737103363,1.8836143901511258,12.719355892878127,56.55780344647137,0,2026-09-04 04:17:19
2026-09-03 18:56:00,CNC-01,L,298.77707256137774,312.01745168610364,2208.8728157830597,27.54437898954502,32.00019478875171,2.834170029869431,11.310847429085497,54.14754417531075,0,2026-09-04 04:17:19
2026-09-03 06:30:00,CNC-01,L,295.56196439582766,309.3632399938524,1966.8379693203176,34.920079925134004,9.575833656941324,2.519415579177761,12.807411619009944,59.14653313234323,0,2026-09-04 04:17:19
2026-09-04 02:07:00,CNC-01,L,297.0054973364268,309.57836377086784,2478.8522770374,19.65165233557832,89.47937546983054,3.1243526997379694,9.208418216533985,58.4494780971363,0,2026-09-04 04:17:19
2026-09-03 19:15:00,CNC-02,M,300.43146992497594,314.99896192875383,2134.3291141184786,30.27145571236575,220.25897658070375,3.566580274425476,12.044750446998414,53.822757559924774,0,2026-09-04 04:17:19
2026-09-03 20:27:00,CNC-03,H,26.265188321096616,39.892543887961835,2482.7746437543956,23.06170828001416,5327.293921863478,3.482421222064432,10.83178570559854,55.23280181575779,0,2026-09-04 04:17:19
2026-09-03 13:34:00,CNC-01,L,,309.5963916026337,1429.8081097430338,47.373095319441234,33.143418305025634,2.1085674111015686,12.439470328756837,47.28215284066424,0,2026-09-04 04:17:19
2026-09-03 13:40:00,CNC-03,H,297.3572207055499,311.80379531813423,1372.2887979468696,53.13549555685808,150.26660098950785,2.2388124494269164,13.593592561244375,52.478116711181336,0,2026-09-04 04:17:19
2026-09-04 01:13:00,CNC-02,M,299.114802893759,312.5783415163446,2651.878293672925,19.631253296256336,165.54390869334378,3.5373211690306503,9.586453007344948,55.63563906172803,0,2026-09-04 04:17:19
2026-09-04 00:10:06,CNC-02,M,,312.0420176431257,2735.3285725432875,16.730510024465293,98.30766622961225,3.257704194321833,8.499844598433112,50.88265979994611,0,2026-09-04 04:17:19
2026-09-03 12:00:00,CNC-01,L,295.65741762270034,309.50663264737705,1405.7163344966632,49.55917692245359,112.26833943344198,2.2139942924036973,13.124591891701773,58.806857527139044,0,2026-09-04 04:17:19
2026-09-03 04:39:00,CNC-01,L,296.5512224399645,309.9687801671225,2146.717766748457,28.682780332400394,63.82919978436736,2.8272430623172355,11.537416905784934,55.87404164397472,0,2026-09-04 04:17:19
2026-09-03 06:06:00,CNC-02,M,296.4787554396456,312.0771219429539,1936.7323141663821,43.65257236112243,194.3362562001223,3.050274867429984,15.79401418717669,55.32494492469146,0,2026-09-04 04:17:19
2026-09-03 17:50:00,CNC-03,H,298.58045960693005,311.8987246230576,1994.9423672874834,31.48860701839026,0.0,2.5025237227318606,11.63549040088261,54.592124855348395,0,2026-09-04 04:17:19
2026-09-04 00:32:00,CNC-03,H,298.0784381728805,310.62143179833083,2777.013588922802,15.843635640356933,192.25400344400725,3.6815764989978756,7.996048650490066,58.481652384309136,0,2026-09-04 04:17:19
2026-09-03 17:01:00,CNC-02,M,299.67380231158774,313.6451792050964,1785.5222127432844,38.44046962829537,43.81850683980892,23.7621869475305,12.836146956741828,52.75967028783206,0,2026-09-04 04:17:19
2026-09-03 11:30:00,CNC-02,M,297.0174894155693,312.05437441353905,1474.2644774335754,51.39106510787547,202.29357603912885,2.671980900328012,14.227309355051906,62.26940880641938,0,2026-09-04 04:17:19
2026-09-03 19:56:00,CNC-03,H,25.91776044742994,39.30683133986565,2388.2777643542136,24.07835417856301,159.704852832319,3.28042915680893,10.863724655347182,51.748951114318565,0,2026-09-04 04:17:19
2026-09-04 01:03:00,CNC-02,M,299.2795570094655,311.2211019961887,2827.6003848752225,12.65982132335761,154.7806655550271,3.721861370670424,6.7380808666625605,52.5239841424161,0,2026-09-04 04:17:19
2026-09-03 20:29:00,CNC-03,H,26.223336340146716,40.49966306332891,2506.0985489516866,26.715861487605565,198.45156950571976,3.574737702725495,12.649198140111281,50.86668859448186,0,2026-09-04 04:17:19
2026-09-03 14:03:00,CNC-02,M,298.2221752519748,311.61530858030164,1341.382284615223,47.35197320037494,6.316293601966185,1.8377276855171432,12.047365767423196,55.40193344941741,0,2026-09-04 04:17:19
2026-09-03 14:42:00,CNC-02,M,298.4835380043699,313.4299656779987,1576.8481126672198,50.439715125545405,66.80316529499059,2.245672851311706,14.992850930642255,56.12272918709996,0,2026-09-04 04:17:19
2026-09-04 00:45:10,CNC-03,H,297.97225717913705,311.4492477688225,2636.186708310272,21.13822193704145,205.06419473159724,3.6884313208097805,10.398965310518284,56.02136189148114,0,2026-09-04 04:17:19
2026-09-03 15:12:00,CNC-01,L,297.62955246422194,312.7400546328005,1600.6538039009897,50.581900367255045,,2.827644524378947,15.119423543021687,56.49888285588645,0,2026-09-04 04:17:19
2026-09-03 21:45:00,CNC-03,H,299.1757501533156,311.19177644310474,2649.22109661101,18.08142156965839,13.377128054030884,3.2774986361608507,8.982533785711583,52.518847990449295,0,2026-09-04 04:17:19
2026-09-03 23:17:00,CNC-02,M,26.76975506285089,38.65040868133332,2790.321073075118,14.640685815507476,42.04445692318066,3.27061404171601,7.607865442678046,50.558621254598435,0,2026-09-04 04:17:19
2026-09-03 13:31:00,CNC-02,M,298.1706343273458,312.8475335843421,1408.6778994340618,50.40119295060435,190.35104057791654,2.729595281216494,13.208277372011858,50.63422862452164,0,2026-09-04 04:17:19
2026-09-03 12:22:00,CNC-01,L,295.88499644240306,311.04198059651145,1428.929214862542,56.71971488751023,147.22757380163057,2.337940077351158,14.964320321094037,62.09359837890164,0,2026-09-04 04:17:19
2026-09-03 07:35:00,CNC-01,L,295.2351492929219,309.90325629734957,1817.958768625367,41.24476395248729,100.76728798339295,2.5030910078525683,14.044165986123428,64.60153414609309,0,2026-09-04 04:17:19
2026-09-03 20:58:00,CNC-03,H,26.06412656653049,39.681556269238854,2526.6348091606465,23.25912149769588,231.73128771722747,3.8390835410323865,11.265933832175191,56.65952306785081,0,2026-09-04 04:17:19
2026-09-03 09:18:00,CNC-02,M,296.7878899753026,311.86184909293576,1513.2239690665883,51.49621715509461,213.5370658543979,3.017605904012303,14.448161897075362,53.79246581076893,0,2026-09-04 04:17:19
2026-09-03 19:30:00,CNC-01,L,299.02201641428866,312.04434834441906,2420.5430587910205,23.215402481593014,74.09505612616316,3.0863085758176063,10.589200564978153,55.791636981266144,0,2026-09-04 04:17:19
2026-09-03 06:57:00,CNC-01,L,295.45221301148763,309.7119509580902,1739.0972125124772,42.2137782023591,46.92332431754242,2.4239066553598003,13.808316429329903,61.08420577544028,0,2026-09-04 04:17:19
2026-09-03 15:27:00,CNC-02,M,298.77827243073773,313.8615808364985,1674.0114667645894,46.998242451961225,134.8331731155391,2.4386201861716654,14.83495731785788,51.40759416430518,0,2026-09-04 04:17:19
2026-09-03 11:08:00,CNC-02,M,297.28873658413534,311.9418017114505,1430.9456982208924,50.50265457515709,167.3696247474556,2.3061790000670466,13.234028498580091,56.97913881072739,0,2026-09-04 04:17:19
2026-09-03 23:52:00,CNC-02,M,299.7736031886771,311.7089049485921,2743.2030377173737,13.460276350597637,79.29176535467896,3.2978159458610565,7.200427305036744,56.518541356432436,0,2026-09-04 04:17:19
2026-09-03 12:28:00,CNC-02,M,297.45171492801063,311.517880597669,1361.119971146693,50.79904328868056,90.64608065471955,2.180567092762735,12.827803822165484,58.40961560315861,0,2026-09-04 04:17:19
2026-09-03 21:02:00,CNC-02,M,27.55520331870207,,2549.926788576525,20.579806633899086,121.99877732987386,3.2107530790725716,9.864650352198003,49.246831827220184,0,2026-09-04 04:17:19
2026-09-03 19:43:00,CNC-03,H,299.17660199904265,312.77513341927494,2352.5264181248954,26.29069172609162,143.96118466844325,3.0588653778837305,11.526191313415946,53.093343062848824,0,2026-09-04 04:17:19
2026-09-04 02:25:00,CNC-03,H,296.8428779410168,310.0010348652103,2576.2393467481143,23.218562904888056,51.408840951553564,3.1151560559958953,11.273749679958728,58.521083360463045,0,2026-09-04 04:17:19
2026-09-03 16:22:00,CNC-01,L,297.9281324610637,311.68468023246186,1810.9970093617344,35.60268747837335,49.601427268714346,2.348634502298226,11.984993164993623,54.216554456575864,0,2026-09-04 04:17:19
2026-09-04 02:22:00,CNC-02,M,297.9976973458256,310.37469515682704,2632.452086920909,16.73955912050583,32.94020435940182,3.217346754851514,8.12366430829528,54.649041495919874,0,2026-09-04 04:17:19
2026-09-03 11:58:00,CNC-02,M,297.5439612393748,311.7376841318846,1415.8585631917085,52.143063884604615,42.960192404689835,20.139996697901154,14.334250881221784,59.90317662200476,0,2026-09-04 04:17:19
2026-09-04 00:08:00,CNC-02,M,299.2817504543547,311.9527379429927,2829.7519301545954,16.774377316056906,96.2216173600321,3.467494329634782,9.052426349801564,54.48938595773516,0,2026-09-04 04:17:19
2026-09-03 09:41:00,CNC-02,M,296.8921196645528,310.7450038813252,1437.789375676106,48.21151004519335,30.824763151622868,2.2181429059311366,13.05216695987849,59.36276025434394,0,2026-09-04 04:17:19
2026-09-03 12:02:00,CNC-01,L,295.8809726317433,310.36554134494475,1373.5650153359397,51.94941213990112,115.44760964108198,2.213213767694847,13.227005413068019,52.11921355785364,0,2026-09-04 04:17:19
2026-09-03 10:51:00,CNC-03,H,295.9083083720489,310.36949610392475,1358.7027896024247,51.91520700581059,145.63779966929403,2.178467062146533,12.825562134760915,58.056111294347886,0,2026-09-04 04:17:19
2026-09-03 04:37:00,CNC-03,H,296.6306395443275,309.96937852415965,2210.199192866597,28.943103552477208,66.62435188278668,27.298381846207814,12.098165086770234,58.69785763140559,0,2026-09-04 04:17:19
2026-09-03 21:58:00,CNC-03,H,299.51378551016285,312.2808402880942,2545.8291400045036,22.562376214651792,27.715225994403053,30.712955228040425,10.831426368116958,51.70950992907459,0,2026-09-04 04:17:19
2026-09-03 16:23:00,CNC-03,H,298.85964807810916,313.4441042158953,1862.661395063345,39.35184597886604,153.45552223402453,2.7637142783177757,13.425023160494312,52.59614212165011,0,2026-09-04 04:17:19
2026-09-03 05:42:00,CNC-02,M,296.3962161548179,311.29843525675017,1891.7025543789634,40.50531629069806,162.57988873991263,2.7867135486188643,14.395868164604064,55.71076202873023,0,2026-09-04 04:17:19
2026-09-04 00:46:00,CNC-03,H,297.9951556184148,311.42948714158865,2431.930362724258,22.117187917522173,207.2398108864975,3.5131564131555506,10.16746092381362,52.03339655746961,0,2026-09-04 04:17:19
2026-09-03 05:20:00,CNC-01,L,296.4166603580581,311.22348341761955,2097.3854691159295,36.99635147735928,115.38789687005622,2.9049587067314993,14.65768463418207,60.35562314003605,0,2026-09-04 04:17:19
2026-09-03 18:45:00,CNC-03,H,299.21445650523634,313.0121228046142,2112.216428242281,32.94495067194104,72.29365824950281,2.679662326336012,12.838025052600845,49.83653730091161,0,2026-09-04 04:17:19
2026-09-03 22:30:00,CNC-03,H,26.050496011994596,38.26352451830974,2586.711271241135,18.366459813199583,62.51203752759132,3.1594675230623768,9.04511777481484,51.1670441343146,0,2026-09-04 04:17:19
2026-09-03 19:50:00,CNC-02,M,306.2097972801253,314.1787058227184,2293.475135328998,29.939087533514275,37.86322998103756,2.886038593158434,13.014588835009718,39.21599980681805,0,2026-09-04 04:17:19
2026-09-03 20:50:00,CNC-01,L,25.61413010113887,39.96812283981626,2333.40595832986,29.131468007198617,169.21737371553203,3.266712144368504,12.78152492645902,50.59958367479291,0,2026-09-04 04:17:19
2026-09-03 07:14:00,CNC-02,M,296.27790984890544,310.4530864092415,1897.4365087489573,38.267723828079276,30.86262788284026,2.500272121114543,13.833754650350407,59.675338186786504,0,2026-09-04 04:17:19
2026-09-03 19:32:00,CNC-03,H,299.6052907572324,313.26114266927823,2468.4650919808305,25.073923231508804,130.6541778350762,3.2721934138850974,11.718115041561262,47.42498469445435,0,2026-09-04 04:17:19
2026-09-03 07:58:00,CNC-02,M,296.5215120415145,311.003874094024,1690.4326906697945,43.262905423555715,94.3030686820073,2.258795190142751,13.664608933423112,55.93646204838529,0,2026-09-04 04:17:19
2026-09-03 15:12:21,CNC-01,L,297.38568296698276,312.40836159840376,,48.41755158702152,186.1925964510735,2.7344714187473653,14.178433395524907,54.17665990633917,0,2026-09-04 04:17:19
2026-09-03 06:58:00,CNC-02,M,296.12274188797323,309.7869234938911,1844.3744077293102,0.0,8.440585336481131,2.453104809673763,12.691156249441407,62.44119894181817,0,2026-09-04 04:17:19
2026-09-03 09:17:00,CNC-01,L,294.9350861958553,309.35893506432507,1636.8486131179732,45.049428637390186,49.08166239905494,2.220115034627748,13.669730433399153,60.01063412045238,0,2026-09-04 04:17:19
2026-09-03 23:48:00,CNC-02,M,300.0196835659992,312.5815126024746,2715.694085449233,17.91196483254187,75.13737787451213,3.214960956755931,9.234621330358307,54.304965426341795,0,2026-09-04 04:17:19
2026-09-03 05:54:00,CNC-01,L,296.2335659285764,311.0052341978127,2208.3437213007064,34.47700501702115,159.95782039927144,3.2193578707420847,14.201085001903726,54.80084409173479,0,2026-09-04 04:17:19
2026-09-04 01:00:00,CNC-01,L,297.6642448326434,309.7427569740554,2467.5013009585373,20.158500023127694,17.202409814135482,3.0156608643326073,9.268871758756696,57.669390340312425,0,2026-09-04 04:17:19
2026-09-03 08:52:00,CNC-01,L,295.09533715978785,308.83077621912616,1478.5076712886444,48.66421453468445,10.637891948757604,2.2605454702415284,13.597737982581805,59.067278424866814,0,2026-09-04 04:17:19
2026-09-03 10:31:00,CNC-01,L,295.1044537544534,309.88828094766643,1413.6839343124193,53.37663392852788,164.1485363554542,2.4312055777649073,14.120892539352058,59.529061174191064,0,2026-09-04 04:17:19
2026-09-03 07:33:00,CNC-01,L,295.3224455047113,309.614518969497,1755.7540006520828,40.26011266946123,97.88677361869867,2.3956313769199755,13.209040921214894,56.344381615372434,0,2026-09-04 04:17:19
2026-09-03 10:30:00,CNC-01,L,295.12729676342826,310.09365283714476,1446.0985557498163,53.60073348618623,162.55454859395263,66.92805834007241,14.554535301164277,60.94444610729365,0,2026-09-04 04:17:19
2026-09-03 15:43:00,CNC-03,H,298.1828474486078,313.1948305703894,1646.6206153651956,48.831404302255,95.01820883171979,2.3910182641144266,14.94794872950011,53.50915375919518,0,2026-09-04 04:17:19
2026-09-03 10:37:00,CNC-03,H,295.6772470872168,310.07056577051185,1470.5486511668757,48.79835828320252,123.4852313258401,2.135079966190774,13.344121679980011,59.02069022029076,0,2026-09-04 04:17:19
2026-09-03 15:30:00,CNC-02,M,299.23723936191703,313.7791616175385,1477.5929740129477,49.21502022555408,139.39701226430572,2.3512881114513893,13.47415488329067,53.37647503895705,0,2026-09-04 04:17:19
2026-09-03 08:25:00,CNC-03,H,296.18307213731464,310.7985078343254,1572.8830437776408,46.705274968353805,140.92785012099628,2.4122030648857793,13.802984781531547,54.972305759889565,0,2026-09-04 04:17:19
2026-09-03 09:06:00,CNC-03,H,295.7777752051695,310.49101576828804,1439.2953164387081,50.26715599231277,202.65528649707392,2.6395451994444454,13.510837465471118,59.04959182334997,0,2026-09-04 04:17:19
2026-09-03 19:23:00,CNC-01,L,299.04168879224676,311.74312006306275,2425.8846998258687,20.984958786012598,0.0,3.0623007199645134,9.706835459895121,48.84097764583625,0,2026-09-04 04:17:19
2026-09-03 22:40:00,CNC-02,M,27.097712051067276,39.33362930950551,2738.620550373861,17.77020490159813,2.158943643324876,3.31077515535128,9.289529948455801,50.66533050553553,0,2026-09-04 04:17:19
2026-09-03 19:29:00,CNC-01,L,298.97980057517145,312.2477370916978,2103.9384614259775,29.011108746587162,72.89946850349246,2.7110030832565415,11.457568352089805,50.34436071917697,0,2026-09-04 04:17:19
2026-09-03 08:11:00,CNC-02,M,296.43581994601885,310.7084353456106,1633.55192887669,42.42805259688907,113.23977242179163,2.4540643918568645,12.800796647148164,57.76940809788226,0,2026-09-04 04:17:19
2026-09-03 08:08:00,CNC-01,L,295.34116318744833,310.3702576357658,1636.026739086101,48.97299585720081,148.74346877705378,2.6259492623270586,15.159911561063362,59.479207329656596,0,2026-09-04 04:17:19
2026-09-03 16:50:00,CNC-03,H,298.3862555708065,313.2455471448352,1913.131700524347,38.980958845984894,192.0487713408882,2.996272713010296,13.982470636108195,1023.6893785598631,0,2026-09-04 04:17:19
2026-09-03 14:16:00,CNC-02,M,298.4758492455935,312.86142693939627,1400.3256791783012,53.69045679463815,26.75063867824804,2.1338996961849976,14.204877651316865,50.564214546551305,0,2026-09-04 04:17:19
2026-09-03 15:51:00,CNC-01,L,297.5777878158986,311.8561345842963,1664.1388241670095,45.76347395207695,4.393413985565262,2.24699777579362,14.16981939881685,55.97736103546629,0,2026-09-04 04:17:19
2026-09-03 06:47:00,CNC-01,L,295.3427611051873,309.0708226284745,1964.0542688291662,33.764044863372625,32.8716014924739,2.5676330401559095,12.372693734016226,58.763307249530854,0,2026-09-04 04:17:19
2026-09-03 19:47:00,CNC-01,L,298.8903595362603,312.35539197173216,2221.3560696036125,29.03432797303246,94.97077069910095,2.7851347599119807,11.972824564486288,50.45318851350358,0,2026-09-04 04:17:19
2026-09-03 20:12:00,CNC-03,H,26.313990287520028,39.47836359214227,2611.7157763270006,19.7642964786673,178.66004475489726,,9.558299258966723,45.5981622527538,0,2026-09-04 04:17:19
2026-09-03 10:22:00,CNC-02,M,296.5829119689066,311.0579847897949,1410.3237619117658,52.420653720393254,94.85673520479621,2.130526321977617,13.846003022555061,58.93842077845256,0,2026-09-04 04:17:19
2026-09-03 11:19:00,CNC-01,L,295.50439128675055,308.9013301651057,1308.569949120077,50.91465497813604,47.35317774830748,1.955759313048553,12.56250632812747,62.84566100875681,0,2026-09-04 04:17:19
2026-09-03 16:40:00,CNC-01,L,297.7932840761535,311.25704421554303,1803.8530691100036,36.79732486557128,75.28768572611624,2.485016338487576,12.226810512969024,55.17731611829352,0,2026-09-04 04:17:19
2026-09-03 13:20:50,CNC-03,H,296.95713951651675,311.23734174460736,1361.5148987879245,51.56854411575206,120.3965627805769,2.0703384168231436,13.059839893266018,56.707842058971785,0,2026-09-04 04:17:19
2026-09-03 14:08:00,CNC-03,H,297.5141442345054,312.0444653349999,1439.013880190618,49.72856429990097,194.19171422979778,2.4704289059470415,13.197993402562966,55.42857896254867,0,2026-09-04 04:17:19
2026-09-03 23:52:00,CNC-01,L,298.0751462745663,310.547983547842,2741.0702827525547,16.835965401990283,172.60253141946635,3.757702688067053,8.587963183499848,58.38760672391024,0,2026-09-04 04:17:19
2026-09-03 10:31:00,CNC-03,H,295.85753573553546,310.06828558396506,1396.113130977405,51.6353062136323,114.05004505904817,2.168141309795334,13.603292828998956,61.29674978672922,0,2026-09-04 04:17:19
2026-09-04 01:33:00,CNC-01,L,297.31822274096373,309.47348568346825,2626.188755104796,16.962712294884906,52.431133003270716,3.2779621794308316,8.346529564360031,54.15559245276737,0,2026-09-04 04:17:19
2026-09-03 04:54:00,CNC-03,H,296.56830253519837,309.77953543859053,2102.8160074900416,28.112955510142303,87.66835898725809,2.744955556448304,11.177889430406841,56.27583235853854,0,2026-09-04 04:17:19
2026-09-04 03:54:00,CNC-02,M,297.22338570171996,310.6429161861495,2443.8118486001486,21.63198722818499,138.46892193251077,3.312482421494196,9.59593606933603,56.314355493953805,0,2026-09-04 04:17:19
2026-09-03 20:09:00,CNC-01,L,25.713201298843614,39.101738558848126,2252.1391000628278,28.10474891115823,121.44740356644175,2.8966754913281965,11.927877918891873,49.598674077029756,0,2026-09-04 04:17:19
2026-09-04 01:32:00,CNC-01,L,,308.7078284387578,2734.327985668574,11.851800911443682,51.360119490150524,3.247061109063207,6.208391635125257,51.86986608874351,1,2026-09-04 04:17:19
2026-09-03 08:03:00,CNC-01,L,295.3387959379868,309.8456324105343,1824.403185122618,40.2803226948642,141.29750702484534,2.721796272113492,13.90417163938474,61.33199730686925,0,2026-09-04 04:17:19
2026-09-03 16:06:00,CNC-01,L,297.9215507664282,311.62518192815736,1728.6774421984767,38.72100945933184,26.29664728532462,2.343105972827031,12.478695141953441,53.53429556901024,0,2026-09-04 04:17:19
2026-09-03 05:38:00,CNC-03,H,296.35882767358237,309.9655887448016,1989.1663148211126,30.338105763330518,143.9607465703854,2.781274353524813,11.132768349311004,56.16351931817576,0,2026-09-04 04:17:19
2026-09-03 19:41:00,CNC-03,H,299.42607062749363,313.41880967128503,2364.588231678047,27.925499388064075,141.5254819863373,3.2188761674855577,12.204650909306151,55.04578889722114,0,2026-09-04 04:17:19
2026-09-03 07:53:00,CNC-01,L,295.3553617255574,309.45840814852437,1681.747515495106,40.97182466083365,126.64969032250761,2.517807707821645,13.060646281741738,58.785330781716105,0,2026-09-04 04:17:19
2026-09-03 10:32:00,CNC-03,H,295.58321993790116,310.1566159471667,1592.5294038333698,48.04133829224607,115.60545304609418,2.3950976804117965,14.165950480772597,61.18723021892993,0,2026-09-04 04:17:19
2026-09-03 18:02:00,CNC-03,H,298.96141351768193,312.92440582967987,2018.539937346003,34.418642761643255,16.177295201632273,2.5799033489119294,12.822778574439017,51.659864195038644,0,2026-09-04 04:17:19
2026-09-03 13:12:00,CNC-02,M,297.9360179519335,312.3850977151696,1383.0112457424225,49.89928612322663,160.32346028414597,2.3356876474508756,12.906606071250193,60.76222698576797,0,2026-09-04 04:17:19
2026-09-03 15:45:00,CNC-01,L,297.2220342402551,312.3866739712485,1676.9331283811891,47.591562894159935,234.03670603529073,3.6005027413131585,14.837569348224736,52.89504209178033,1,2026-09-04 04:17:19
2026-09-03 18:19:00,CNC-01,L,298.6960436822924,313.73820062356003,2031.9677511051384,36.807358494196464,210.2072463675366,3.5077507380602686,13.808325591623266,53.85261045868471,0,2026-09-04 04:17:19
2026-09-03 15:58:00,CNC-03,H,298.25189893831504,313.22883539343053,1747.3200539314785,45.75026913408364,117.06936027987132,2.5507559519735135,15.002992019984609,52.85047584798014,0,2026-09-04 04:17:19
2026-09-03 20:50:00,CNC-02,M,32.681056422491,39.55603032255368,2525.053408720816,19.43180789544251,108.26559036861777,30.749202277816366,8.936085818157977,41.72134984924481,0,2026-09-04 04:17:19
2026-09-03 19:53:00,CNC-02,M,305.70825367275165,312.3655309386029,2392.5947158144927,22.036963220683095,41.48137443743594,2.9998254097541626,9.80373788509504,38.16241576947791,0,2026-09-04 04:17:19
2026-09-03 20:49:00,CNC-01,L,25.929243528178347,39.742870060262646,2520.310666884029,24.04871273307853,167.97765457098703,3.6166704223941295,11.182695754916953,50.92186917890561,0,2026-09-04 04:17:19
2026-09-03 23:32:00,CNC-03,H,298.55133555130266,311.51422953823004,2708.7223523827324,19.3304840198347,128.5402113800611,3.3986155498232855,9.766388072432527,54.538447156234035,0,2026-09-04 04:17:19
2026-09-03 04:50:00,CNC-03,H,296.67032654494426,310.1210386314578,2239.1068595297193,26.05096032999754,82.66039845938244,2.9008806315754976,11.05407908568432,60.641382126742805,0,2026-09-04 04:17:19
2026-09-04 01:15:00,CNC-01,L,297.1418070059325,308.96647103419747,2615.4973325293017,15.518137510801639,33.11115631851785,3.150608220160144,7.525161903332678,54.68803714747952,0,2026-09-04 04:17:19
2026-09-04 03:11:00,CNC-02,M,297.88469430551515,310.98272938324885,2332.8124843443784,22.283222103668724,88.29994423206736,2.954035364505155,9.675081886257175,53.08850805118493,0,2026-09-04 04:17:19
2026-09-03 10:39:00,CNC-03,H,296.0862906768767,310.6022637945056,1361.3621873569748,55.91539429641331,126.6373812331412,2.1067751918234814,14.10355652977965,55.40384747436647,0,2026-09-04 04:17:19
2026-09-03 10:50:00,CNC-01,L,295.00879179646194,308.29217781686737,1417.679020639887,46.79305953464315,1.5739746327670625,2.0773147226253923,12.15422816319377,55.05651260002086,0,2026-09-04 04:17:19
2026-09-03 05:07:00,CNC-03,H,296.4325490619176,310.6498252300279,2123.363568293503,33.624882049637336,104.07513643007323,2.8419072664766216,13.127336813424304,57.97864900441251,0,2026-09-04 04:17:19
2026-09-03 22:06:00,CNC-02,M,300.37456207994444,314.2244006851133,2593.17916310386,21.97314782566418,193.03604844617885,3.7106878105628813,10.57476391755164,52.120120617305446,0,2026-09-04 04:17:19
2026-09-03 20:01:17,CNC-03,H,26.00791336252786,40.249700049129785,2329.506696062283,30.25157605581026,165.55623905135047,3.2294932332424326,13.426643544530833,55.596592023444444,0,2026-09-04 04:17:19
2026-09-03 22:39:00,CNC-02,M,27.00920571833683,39.37621711164951,2594.196367364887,17.917020208781363,1.1003299403892621,3.232885667949923,8.727083535947587,53.93440488596984,0,2026-09-04 04:17:19
2026-09-03 23:41:00,CNC-01,L,298.21611203243106,311.2318263024881,2627.817731944965,19.540349548709134,160.96753833310487,3.6202218283028733,9.698425762299753,57.9411757036425,0,2026-09-04 04:17:19
2026-09-03 18:55:05,CNC-02,M,300.2393221997913,314.5483594124739,2212.6632173206954,28.60116300630965,195.32841279641787,3.382383790308953,11.922775467992965,51.1164769036237,0,2026-09-04 04:17:19
2026-09-03 06:41:00,CNC-02,M,296.43967665721465,311.3923630727878,0.0,36.26092952674167,242.10234790009451,3.719853140136704,13.812149941042735,60.71688246710822,0,2026-09-04 04:17:19
2026-09-03 06:25:00,CNC-03,H,296.13938346592937,311.1442987116584,1872.589438953331,38.84828529327776,206.64099881057,2.9887439841164825,13.378210901774112,58.89008855144818,0,2026-09-04 04:17:19
2026-09-03 15:27:00,CNC-01,L,297.22051404949354,312.65077439323505,1698.6757086333223,49.948273731581374,207.23491872242042,3.194070288320636,15.940175247377935,57.23533130718801,0,2026-09-04 04:17:19
2026-09-03 12:46:00,CNC-02,M,297.56029626579544,312.16837188690033,1444.7671448246947,51.576192264745764,119.16740463628129,2.2565007012770653,14.051960442337467,58.21448575474826,0,2026-09-04 04:17:19
2026-09-03 08:12:00,CNC-03,H,296.1406327027911,311.02654926571745,1725.1177445974904,44.37455300451544,121.68741928729777,2.502829650587732,14.329603732720361,56.13498221262043,0,2026-09-04 04:17:19
2026-09-03 08:59:00,CNC-03,H,295.6445938021621,311.2057432893077,1549.4183164286167,53.83017973299232,191.94033274620247,2.6460964323871004,15.342139605495227,62.08359611553269,0,2026-09-04 04:17:19
2026-09-03 10:59:00,CNC-01,L,295.2972047354192,309.61193848482003,1447.5570302119595,51.137578567097805,15.70171078206426,1.9793740623832945,13.914621196265118,59.22640497170843,0,2026-09-04 04:17:19
2026-09-03 05:47:00,CNC-03,H,296.2020345563558,310.6760252968605,2051.2987801846516,33.62201433113963,155.75445133905515,2.9031051843398035,12.876085262169479,58.523727538206856,0,2026-09-04 04:17:19
2026-09-03 07:22:00,CNC-01,L,295.6966970341868,310.1693584279314,1816.627988317445,39.67693435778319,82.23170063130789,26.077860137344683,13.502576450870162,63.16008839569535,0,2026-09-04 04:17:19
2026-09-03 23:16:00,CNC-03,H,25.606068496342345,37.444554374767165,2714.138022911037,14.082228719947771,111.58925904705558,3.453849874917022,7.1253956712865,51.77981149312951,0,2026-09-04 04:17:19
2026-09-03 05:35:00,CNC-01,L,296.42988470118524,311.2660152026178,1998.1000413280028,38.128474341912046,134.94029836311412,2.7868620730365348,14.306330710990885,56.24603567333235,0,2026-09-04 04:17:19
2026-09-03 08:30:00,CNC-03,H,295.7241874546966,310.5870635900799,1561.6292115978572,49.16409708241433,148.34769970487682,2.4165510560157752,14.400355785836467,61.115380287857796,0,2026-09-04 04:17:19
2026-09-03 07:47:00,CNC-03,H,296.260208449368,310.1653976844924,1790.2687360074885,38.208136045123,85.07673919250043,2.526266486735187,12.812113848451405,58.172550269929765,0,2026-09-04 04:17:19
2026-09-03 07:09:00,CNC-01,L,295.359681343823,308.90655002136435,1845.95818222017,34.592288740245124,63.81945702919162,2.473651804065008,11.990882901241761,59.131200615471876,0,2026-09-04 04:17:19
2026-09-04 04:10:00,CNC-03,H,295.97615494183145,310.67553749287725,2315.2041013128214,31.970217054116763,173.0092713541076,3.2768584759714563,,57.53696416408417,0,2026-09-04 04:17:19
2026-09-03 07:09:00,CNC-02,M,296.2813968508035,309.58290695169484,1979.2741937609617,31.499541334867303,23.832693508516744,2.544586990869381,11.696922695827917,61.62539047606615,0,2026-09-04 04:17:19
2026-09-03 21:50:00,CNC-01,L,298.72361095697295,310.74142410173306,2463.7465170212577,19.068971936676817,41.204897027318395,,8.553539911820137,55.3142932631895,0,2026-09-04 04:17:19
2026-09-03 17:26:49,CNC-01,L,298.27861767745145,313.2914867053965,1974.804085142229,41.66661651215156,139.37701223997644,2.7972925876390153,15.491068325437988,52.257683444870764,0,2026-09-04 04:17:19
2026-09-04 03:13:00,CNC-02,M,297.9431833879143,309.99789189641996,2613.858100110389,15.236666588216256,90.55875655050033,3.1972857294009165,7.378447801306408,56.54662892808246,0,2026-09-04 04:17:19
2026-09-03 19:41:00,CNC-01,L,299.00778334084373,312.4898626926047,2137.432818469137,28.871002983394668,87.62103129360843,2.6929887948204487,11.593612979816335,54.57707614622188,0,2026-09-04 04:17:19
2026-09-03 20:22:00,CNC-03,H,26.207407461122898,40.92946172119167,2381.9295096450946,30.131020407805938,190.37112164637375,3.446549510426204,13.601652882469187,55.622679708820655,0,2026-09-04 04:17:19
2026-09-03 22:49:00,CNC-01,L,25.328683414444527,37.540858110629074,2737.6274837027395,16.353471681831863,105.36607320615771,3.483336006281508,8.143339276441544,52.05473102766408,0,2026-09-04 04:17:19
2026-09-03 09:41:00,CNC-03,H,295.47223212254187,309.44102052244534,1497.3432836391257,48.042126669289544,35.55465816526346,21.27705380498351,13.789027112770832,60.95680777209932,0,2026-09-04 04:17:19
2026-09-03 17:52:00,CNC-02,M,299.9193404219661,314.30517525343356,2173.316742745149,33.571969580495406,113.76367258134951,2.9542280083224868,13.567844220156983,52.04674576941285,0,2026-09-04 04:17:19
2026-09-03 14:27:00,CNC-01,L,303.0658214257883,311.77232990556564,1605.5239720758725,48.05365149761297,115.94819407459791,2.370097191348111,14.25253353190692,47.109269441747095,0,2026-09-04 04:17:19
2026-09-04 01:37:00,CNC-02,M,298.7531259285407,311.3158418862651,2623.8061289595944,15.177172784050299,191.20735456198727,3.7290307582696163,7.624787131604515,47.22729983430647,0,2026-09-04 04:17:19
2026-09-03 20:53:18,CNC-03,H,26.0706915397721,40.13110518392159,2400.5126947731605,26.461621150596862,227.20036195548929,3.7570521401276786,11.864371435007559,56.9356374982685,0,2026-09-04 04:17:19
2026-09-03 14:44:00,CNC-02,M,298.6309775459019,313.03466444528055,1661.417744698559,44.393330341980835,69.80854760564115,2.3151639792827003,13.841693717152602,56.42175983135666,0,2026-09-04 04:17:19
2026-09-03 06:08:00,CNC-02,M,296.1050054429892,310.83038407248534,1943.3690869594925,37.91714032477225,197.07149175908904,3.0725898061283106,13.771518388850527,0.0,0,2026-09-04 04:17:19
2026-09-03 11:11:00,CNC-03,H,301.65016974929455,310.2667046524043,1484.7550850086386,49.873654226399616,177.209619071863,2.5464351069137523,13.966688488240697,49.55854469993437,0,2026-09-04 04:17:19
2026-09-03 07:05:00,CNC-02,M,296.17874358632406,309.66477223259005,1951.7940870316077,33.707112169317426,18.26187958461469,2.568315839141527,12.347201112747944,54.93169777550954,0,2026-09-04 04:17:19
2026-09-03 14:43:00,CNC-01,L,302.97688044163374,311.72529043306315,1414.9629645128318,52.9073779350512,140.61509305518072,2.297095159058857,13.865156663794062,40.99498976449445,0,2026-09-04 04:17:19
2026-09-03 18:46:00,CNC-03,H,299.3591346510573,312.65215144202,2309.836894036869,26.09953629887756,73.52625432127019,2.9428713222920404,11.559331795001576,50.64590349598298,0,2026-09-04 04:17:19
2026-09-03 20:37:00,CNC-03,H,26.348372028233314,40.64251432040152,2350.817869766928,28.60805224220954,207.79996135479774,3.4974839975191476,,54.27862740997229,0,2026-09-04 04:17:19
2026-09-04 00:01:00,CNC-03,H,298.24114409913335,311.56057405349526,2738.49024539814,20.61512589166455,159.3645316505721,3.4903992291417403,10.33515802242258,53.38714180175322,0,2026-09-04 04:17:19
2026-09-04 03:39:00,CNC-01,L,296.01424246984703,309.92480629688674,2331.2746742279064,26.860383633387993,193.7285638056037,3.655710364707058,11.651221001641009,57.64198849266717,0,2026-09-04 04:17:19
2026-09-03 12:25:00,CNC-03,H,302.48664130830394,310.3408639785235,1526.9525982424184,44.68813511971926,31.645353672168728,2.236176634375003,12.867079047130506,48.45381230921665,0,2026-09-04 04:17:19
2026-09-03 09:25:00,CNC-02,M,296.68321927623685,310.4126720812717,1608.580280367369,42.3279263872959,6.073308379679494,2.24913730402274,12.848088579608545,0.0,0,2026-09-04 04:17:19
2026-09-04 00:03:00,CNC-03,H,298.4641906949318,311.7590937047192,2626.4161472524847,21.348719338695002,161.51407590816524,3.3963151481506855,10.740697888513449,51.635049745157865,0,2026-09-04 04:17:19
2026-09-04 01:31:00,CNC-01,L,297.28232882477545,309.04443101423124,2715.961435530665,15.507897357420983,50.308519305968886,3.1379090537669008,7.788026363170864,57.720195026022424,0,2026-09-04 04:17:19
2026-09-03 10:05:00,CNC-01,L,295.17354644674185,309.08086613945557,1466.516704747066,45.07155918815136,123.47252764383926,0.0,12.298695694153604,58.46697657231932,0,2026-09-04 04:17:19
2026-09-03 23:17:00,CNC-03,H,25.888520889580718,39.10010109854244,57450.00525298335,20.377415679392378,112.66437634379844,3.291191661354934,9.97543045052235,53.821804450839984,0,2026-09-04 04:17:19
2026-09-03 07:12:00,CNC-03,H,296.1197943813394,310.0236898687223,1795.5354461527454,37.60969396438377,35.059593087188034,2.368658088839284,12.742133534090138,58.263456224902164,0,2026-09-04 04:17:19
2026-09-03 13:19:10,CNC-02,M,297.91249663618345,313.4273319746136,1528.9723070444934,52.57999116634378,172.96316607951638,2.4553690258085643,14.927306159803527,54.760144673531606,0,2026-09-04 04:17:19
2026-09-03 21:12:00,CNC-03,H,299.25074755371315,312.736023987512,2642.604488240236,19.456543253557165,247.58090495931336,4.212287802850241,9.636393369924136,57.372657774417824,0,2026-09-04 04:17:19
2026-09-04 03:07:00,CNC-01,L,296.4841571378925,310.33974135502905,2411.4249819271054,25.733420423438773,156.59841250362098,3.405648567765762,11.619785150954545,55.84342203272177,0,2026-09-04 04:17:19
2026-09-03 18:26:00,CNC-03,H,299.08003743266886,312.6095240268526,2013.5563855869445,31.562148685403173,47.90676254785461,2.690534834672503,12.11823999207937,54.936542118369154,0,2026-09-04 04:17:19
2026-09-03 19:31:00,CNC-01,L,298.9420000984492,312.5735419964776,2263.332296823174,27.31935048432333,75.31895965014861,2.8734964255572697,11.760412122883926,50.99077750728281,0,2026-09-04 04:17:19
2026-09-03 04:20:00,CNC-01,L,296.9747517341767,310.38812924623033,2409.9871617576136,26.600718368038983,40.50339199846672,2.923884214953188,12.048490711939703,56.44286568384619,0,2026-09-04 04:17:19
2026-09-03 20:25:00,CNC-02,M,32.63705690297013,40.109152365030525,2504.1395022274396,24.105137459465627,79.28516534988458,3.009318494402432,11.269985472063826,38.279643393358754,0,2026-09-04 04:17:19
2026-09-03 04:50:00,CNC-02,M,296.61195775862535,309.7400859432385,2225.465109824835,26.474590581163373,95.78739975639427,2.8655876712851125,11.197237054573563,55.78517959676396,0,2026-09-04 04:17:19
2026-09-03 23:37:00,CNC-02,M,299.7880734697152,311.39755112158065,2730.401977165298,13.071917924531448,63.48718466222825,3.2725099105455415,6.691273539262616,47.72543741625542,0,2026-09-04 04:17:19
2026-09-03 23:32:00,CNC-01,L,298.289190877803,310.8962579295275,2622.123969446322,18.160639596159005,151.40708060484204,3.4494525690592037,8.889918602295126,46.14342841849482,0,2026-09-04 04:17:19
2026-09-03 06:51:00,CNC-03,H,296.0409955817024,309.6661440545332,1864.9864226632174,37.31021523922216,5.535475421423622,2.3822391828142635,13.012041540585994,50.488611285297985,0,2026-09-04 04:17:19
2026-09-03 11:13:00,CNC-01,L,295.4907437960582,308.9987297180115,1454.111311968408,46.45169298825205,37.82473185211017,2.0491969391705513,12.388929382639413,58.411281758891214,0,2026-09-04 04:17:19
2026-09-03 05:16:00,CNC-01,L,296.29391300536656,310.21631726742976,2251.5773138129166,30.269356540234714,110.2380863337072,3.0160332753784695,12.688651467688276,63.41809889260633,0,2026-09-04 04:17:19
2026-09-04 00:39:00,CNC-03,H,297.86239692801223,310.6646522338319,2698.5718686407185,18.70003933518472,199.70490920537202,3.7499941997739827,9.57079218801452,58.200324996052686,0,2026-09-04 04:17:19
2026-09-03 15:31:00,CNC-01,L,297.41390058249635,312.8209700249206,1753.3197408813182,46.046899873425886,213.20385712090996,3.3024449304930763,15.307534752164244,56.25452836766127,0,2026-09-04 04:17:19
2026-09-04 01:48:41,CNC-01,L,296.95207864416335,309.60548162514704,2484.5690360632307,20.26268974975988,69.74695872629228,3.153789629402611,9.408030804806996,58.81368844668228,0,2026-09-04 04:17:19
2026-09-03 19:28:00,CNC-02,M,300.15063313915533,313.3185881582395,50466.14286334056,25.54680683728101,10.997790053693851,2.8527883196674853,11.002477412890181,54.588370465012225,0,2026-09-04 04:17:19
2026-09-03 21:20:00,CNC-03,H,299.0715352017943,314.1914346829364,2444.2531892267684,28.917436750320167,256.71892540707,4.016792925908507,13.13149928309576,57.29659234085047,0,2026-09-04 04:17:19
2026-09-03 20:00:00,CNC-02,M,32.83866778760785,39.12874758231277,2555.0437432237754,18.47892753731433,49.88732785484356,3.13512925987153,8.933010118012554,42.85160867778123,0,2026-09-04 04:17:19
2026-09-03 07:55:00,CNC-02,M,296.64864494830186,311.1199677049567,1821.2993243321134,39.673305229473144,89.92001350111546,2.4656741840801564,13.822286469466606,57.06562149849744,0,2026-09-04 04:17:19
2026-09-03 16:26:00,CNC-01,L,297.69445750242113,312.70917056968074,1764.4728063448927,48.72713794831823,55.43316632388523,2.3531962965350144,16.035762908947813,61.19793061717754,1,2026-09-04 04:17:19
2026-09-03 04:28:00,CNC-01,L,296.76153013807993,310.2134413244904,2356.4436289724017,26.080376452890853,50.20315031528293,2.8868308244563687,11.432022067117972,57.38454194715752,0,2026-09-04 04:17:19
2026-09-03 06:56:00,CNC-01,L,295.42994458741885,309.70670495364897,1922.3525447513348,39.216109294476325,45.48271483459481,2.491703221972939,14.05594865282552,58.36863466800563,0,2026-09-04 04:17:19
2026-09-03 18:42:00,CNC-02,M,300.219629930106,314.9738166929383,2058.8226186102006,34.23210500241396,178.86883097539132,3.1838197838935516,12.984649701728648,50.570829592037136,0,2026-09-04 04:17:19
2026-09-04 03:08:00,CNC-03,H,296.68496357575117,308.980268840826,2618.6977306276663,18.21794595726305,100.04577802359475,3.235245527484755,8.826101065342543,54.98915528540542,0,2026-09-04 04:17:19
2026-09-03 05:08:00,CNC-01,L,296.65148202025216,310.6200296828769,2150.781845828956,31.69777056050058,100.24292055953198,2.8677957845943696,12.830866298333525,55.584274192653524,0,2026-09-04 04:17:19
2026-09-03 08:59:00,CNC-01,L,295.0695081627301,309.150118071326,1543.2073693247771,48.90021576791654,21.41850912347032,2.1424581908949833,14.015149218564021,60.20684700789459,0,2026-09-04 04:17:19
2026-09-04 03:58:00,CNC-02,M,297.0325603755842,310.801478434814,2370.9610763864484,24.2471124611197,143.14253039800033,3.19666397450845,10.777696620794071,54.238458031160334,0,2026-09-04 04:17:19
2026-09-04 02:01:00,CNC-02,M,298.36377140359633,309.92891706018014,2715.3835931023514,12.334485290504086,9.82732017357666,3.293922567223137,6.212218483337859,57.64548326255948,0,2026-09-04 04:17:19
2026-09-03 14:22:00,CNC-03,H,297.8993728871335,312.48291159438065,1610.4099957331289,45.39443924877905,215.7748619392281,3.042156725471347,13.822892052095114,58.79321852393587,0,2026-09-04 04:17:19
2026-09-03 10:22:00,CNC-01,L,295.2848669002801,,1503.8637161923718,49.48333361615836,150.01719883587356,2.458253967170653,14.036321814620102,62.622570613400526,0,2026-09-04 04:17:19
2026-09-04 03:59:00,CNC-02,M,297.25410194834393,311.2676163610783,2266.379913487909,26.176036480428575,144.35611154784525,3.150940971427935,11.127683004590233,57.20055588387981,0,2026-09-04 04:17:19
2026-09-03 18:56:00,CNC-03,H,299.26845456038643,312.5623655601033,2173.1650944235002,27.435520747535406,86.15210647914755,2.884358367578058,11.19149687444697,54.44531033205084,0,2026-09-04 04:17:19
2026-09-03 08:39:00,CNC-01,L,295.3364325768207,309.99259718507005,1649.015709984815,44.31149717633924,194.72840619883902,2.92832486374051,13.89702542098294,64.256043301439,0,2026-09-04 04:17:19
2026-09-03 04:30:00,CNC-01,L,297.0003584538713,309.67933930388034,2360.4680897058374,22.722248391840154,52.686785694049156,2.9458161035183443,10.017808492781024,57.73166211594755,0,2026-09-04 04:17:19
2026-09-03 21:54:00,CNC-01,L,298.60302860630054,310.9660465091597,2531.2960906621806,19.230929535103016,45.63230880120058,3.0890774965242582,9.268592662206911,53.04658095053113,0,2026-09-04 04:17:19
2026-09-03 07:30:00,CNC-03,H,296.20115979380597,310.4638048015943,1748.7844718488361,42.752757745036746,60.70191852690971,2.3897935293022803,13.987210251342766,57.850044652521895,0,2026-09-04 04:17:19
2026-09-03 15:05:00,CNC-01,L,302.77554802187177,311.66601450515674,1578.6091829415084,48.04671544008027,174.09915023103218,2.7003249842682786,14.272875890041185,45.6764047888504,0,2026-09-04 04:17:19
2026-09-03 23:00:00,CNC-02,M,26.80194209554452,39.373430586457175,2655.128573371857,18.96178395316825,23.73366933131417,3.222069464957663,9.621730924156836,50.61815260725854,0,2026-09-04 04:17:19
2026-09-04 03:57:00,CNC-02,M,297.31454271320314,311.1857456484263,2456.9382125561833,23.217532136491208,141.98056779696637,31.084523444272868,10.924747522887275,53.728794433741484,0,2026-09-04 04:17:19
2026-09-03 19:18:00,CNC-02,M,300.29138544569616,314.68211617083193,2165.685354307964,28.88232240084484,224.0346664608479,3.6556252436930556,12.006093657933643,50.75136033445469,0,2026-09-04 04:17:19
2026-09-03 21:22:00,CNC-02,M,300.7361203232461,314.9179430743946,2489.235259019641,25.888705479647385,144.67462768716183,3.21887911151047,11.886401100501615,53.49330618172145,0,2026-09-04 04:17:19
2026-09-03 23:35:00,CNC-03,H,298.61916263962854,310.9571816893389,2664.7904764579534,17.575767909827142,131.73687257240002,3.3886066339206806,8.735071841000517,48.63722886618622,0,2026-09-04 04:17:19
2026-09-03 14:34:00,CNC-02,M,298.29997245126424,312.12639839944114,1519.2185365380683,43.771660608035006,54.481630805370116,2.1221855475701044,12.244641623389898,53.257203794771584,0,2026-09-04 04:17:19
2026-09-04 02:27:00,CNC-02,M,298.19624171107654,310.38618351125945,2611.154809943413,15.360966759582368,38.42982042910619,3.1864893545389137,7.47280661869143,55.90391434574015,0,2026-09-04 04:17:19
2026-09-03 14:02:00,CNC-01,L,302.4245012901207,311.0950014095666,1511.5600270620894,52.70890312596962,76.95623444182819,2.2531225627483926,14.861749392431786,43.615990833457914,0,2026-09-04 04:17:19
2026-09-04 03:43:36,CNC-01,L,11041.339023243536,310.69316556854983,2525.6661907834346,28.216403698505108,199.5396221962218,3.806098810655818,13.21713750308679,55.46016707659086,0,2026-09-04 04:17:19
2026-09-03 23:26:00,CNC-02,M,299.8939188574677,312.027907511669,2667.405968874002,15.641157040580111,51.63561345048839,3.1935484691790426,7.575960072612854,49.71104857654275,0,2026-09-04 04:17:19
2026-09-03 13:56:11,CNC-03,H,297.5237009019969,312.82419193734864,1574.7769553653707,52.59622390428678,173.82192076392312,2.6062914889500735,15.585133012686466,54.471679503761706,0,2026-09-04 04:17:19
2026-09-03 11:29:00,CNC-02,M,296.84286341206484,312.0111038181516,1461.557524870261,53.627225728978026,200.70204408251655,2.774770859511065,14.994184463131063,63.09326803112975,0,2026-09-04 04:17:19
2026-09-03 22:14:00,CNC-02,M,26.93023094436728,40.501696923841166,2651.2244663590877,20.522596652539455,201.6893716862682,3.8272405147899504,10.135818449893724,52.07500946180757,0,2026-09-04 04:17:19
2026-09-03 10:21:00,CNC-02,M,296.7106326586522,310.9250252102554,1460.9022491452188,47.5530758939311,93.27472717639061,2.241919153184867,13.205450751234462,56.62521544298368,0,2026-09-04 04:17:19
2026-09-03 09:43:06,CNC-01,L,295.02347782731584,308.9151464297613,1381.6303601491618,49.379821503608106,89.28017243376361,2.1469645434982043,12.776263179169623,59.727682170037156,0,2026-09-04 04:17:19
2026-09-03 11:02:00,CNC-01,L,295.1915540690324,309.55911881915506,1424.5945584120789,,20.497767383392002,1.91871597512278,14.542364199997854,56.304832449018406,0,2026-09-04 04:17:19
2026-09-03 21:05:00,CNC-03,H,299.37927754017164,313.2668277499934,2442.2930716481296,23.87144300804603,239.72130025518157,3.932059948099205,10.83263444614297,51.43144281777045,0,2026-09-04 04:17:19
2026-09-04 03:12:00,CNC-02,M,297.71969470161025,310.67761513121053,2507.427795402297,20.122267066458644,89.44799914870889,3.1253079217743283,9.272810971853103,55.122937421279765,0,2026-09-04 04:17:19
2026-09-03 05:35:55,CNC-02,M,296.46961710732126,310.72486324545065,2134.1019934372416,30.814343497138783,153.33836605468636,3.0398904822762227,12.166866266517067,53.87226257605957,0,2026-09-04 04:17:19
2026-09-03 12:33:00,CNC-01,L,295.8781148009107,310.98398488692743,1535.6344058054958,51.5657690727164,164.73977662312174,2.6501716865654794,14.706758706638272,61.63627052774549,0,2026-09-04 04:17:19
2026-09-04 00:22:00,CNC-02,M,299.4702070394405,311.7230563073831,2775.6936934310665,14.59312271108034,111.06407314865999,3.363882643076417,7.357982321003912,50.5843216362922,0,2026-09-04 04:17:19
2026-09-03 14:22:00,CNC-02,M,298.2729584806324,0.0,1414.478535618,46.235670040597334,36.08813437473988,1.975153714401212,12.125935179912085,50.88301643366614,0,2026-09-04 04:17:19
2026-09-03 23:54:00,CNC-01,L,297.9658710090717,311.0133352792447,2777.405821472205,18.520866726020177,174.71540967974622,3.8888023000719665,9.792888954279737,61.29019032168972,0,2026-09-04 04:17:19
2026-09-03 10:25:00,CNC-01,L,294.99593522949436,309.55121936982516,1437.7551005957853,50.21404141405956,154.72587427824635,2.503260073141179,13.684034817114943,61.09391769956265,0,2026-09-04 04:17:19
2026-09-03 21:47:00,CNC-02,M,300.4206461280253,314.0143366274595,2601.1175525031867,20.390468300595156,172.2217138205778,3.4906600744986958,10.075371318347452,53.52466864170357,0,2026-09-04 04:17:19
2026-09-03 11:43:00,CNC-01,L,295.9242681596539,310.30105674943377,1352.6652713988803,53.58984868019396,85.21069287493314,2.0692341741542597,13.69569034000774,60.548552584178296,0,2026-09-04 04:17:19
2026-09-03 13:24:00,CNC-02,M,298.15353802491154,313.0426778097285,1413.4455749204674,53.04497997358613,179.28768162928714,2.5306425320839385,14.02688770980013,55.33804329002413,0,2026-09-04 04:17:19
2026-09-03 15:44:00,CNC-01,L,297.1887306849456,312.2020586725344,1715.9150221200778,43.89634955915391,232.554237308793,3.549797020805717,14.262120275199175,59.630244533042735,0,2026-09-04 04:17:19
2026-09-03 07:03:00,CNC-01,L,295.2432476712311,309.2354311133924,1980.452188389064,36.5347599855958,55.280130169503664,2.6344812112719174,13.554965375432053,58.27530849548,0,2026-09-04 04:17:19
2026-09-03 23:06:00,CNC-02,M,26.60341646079894,38.567336733870775,2666.7332283218193,15.133661191360364,30.24811449179448,3.282752181187309,7.561628676594856,49.29132713529428,0,2026-09-04 04:17:19
2026-09-03 18:51:00,CNC-02,M,300.1844758425046,315.15079139135554,2324.043122158572,31.279069113285534,190.23583646786795,3.3875935224910867,13.750529327989245,50.31703058409199,0,2026-09-04 04:17:19
2026-09-03 18:44:00,CNC-02,M,300.23483600333583,314.6491885514663,2167.6527333729828,31.36747120139669,181.3524467253977,31.65983390923766,12.682517430234372,51.347017201795,0,2026-09-04 04:17:19
2026-09-03 17:37:00,CNC-02,M,299.8107867986305,314.08146361538587,1973.9169378920694,36.86058727337484,93.6874333392436,2.5954906562764775,13.734690373037237,48.415181449359544,0,2026-09-04 04:17:19
2026-09-04 00:12:00,CNC-03,H,297.9954650176973,309.9714199649549,2772.5035632948816,13.080352085019253,171.1079529926853,3.591195891027234,6.76594119148149,59.16618997824965,0,2026-09-04 04:17:19
2026-09-03 21:17:00,CNC-03,H,299.1148652395123,312.8120475863273,2497.338908238914,21.746216886185014,253.28260804099287,4.150120645785512,9.898716921549667,,0,2026-09-04 04:17:19
2026-09-03 19:24:00,CNC-03,H,299.376312836817,313.7216180075204,2300.0317622857265,31.53494557584749,120.84747109817211,3.0122887426575895,13.746432019908195,56.60440306568104,0,2026-09-04 04:17:19
2026-09-03 20:21:00,CNC-03,H,26.296023313348826,39.76240699785029,2405.7117941034985,24.558418973166354,189.1563052343642,3.398770651478131,11.061096228562116,53.89311175976603,0,2026-09-04 04:17:19
2026-09-03 14:53:00,CNC-01,L,302.95363321662535,311.4323557073645,1523.3469493762857,45.153747250939794,155.8534982558755,2.559461686711067,12.877268140222172,45.63745316379816,0,2026-09-04 04:17:19
2026-09-03 04:59:00,CNC-01,L,296.5797116915044,310.15348956854194,2380.885822725219,27.01620363661405,88.88858648328828,2.915462064950686,12.11977845029305,56.27563406803918,0,2026-09-04 04:17:19
2026-09-03 11:19:00,CNC-02,M,297.2876018752846,312.2884770677149,1341.6562507625458,55.51190409862009,184.87229576644754,2.429325639965726,13.820564063898146,54.040501457330336,0,2026-09-04 04:17:19
2026-09-03 10:15:00,CNC-01,L,295.21774010522455,309.7884669473515,1399.1174090699806,50.47874725657598,139.13600439172822,2.253508946273975,13.273881807631053,62.3079384287806,0,2026-09-04 04:17:19
2026-09-03 15:07:00,CNC-02,M,298.6430709983047,313.1978419475089,1541.0543762300417,46.55647774297412,104.83137767482974,2.2686802144486826,13.438427474183511,53.45306470681484,0,2026-09-04 04:17:19
2026-09-04 03:25:00,CNC-03,H,296.18450168576067,309.1771222292824,2383.3498082820624,21.990603319770948,119.60048281214505,3.170125361170611,9.925834243851437,55.0227483724917,0,2026-09-04 04:17:19
2026-09-03 22:17:25,CNC-03,H,25.954332085491615,38.47380900705616,2653.6819842447344,18.24141291236518,47.333398074681924,3.1201299951762618,8.990610270909347,54.1967702164246,0,2026-09-04 04:17:19
2026-09-03 23:15:00,CNC-01,L,25.41431917325957,37.21509993891266,2737.176949781945,13.713907453254896,133.2701048488294,3.493392143574037,7.000291109700781,49.941450924113184,0,2026-09-04 04:17:19
2026-09-03 11:09:00,CNC-01,L,295.5988609156848,309.37791402556496,1530.6118159543485,43.77028052612066,31.50307930167806,2.1350369562157945,12.500922272030031,62.31332466773627,0,2026-09-04 04:17:19
2026-09-04 01:12:00,CNC-02,M,298.7789965612564,311.48800694986494,,16.82691261067862,164.47026558002804,3.500649129696713,8.378248706020335,51.339905918946826,0,2026-09-04 04:17:19
2026-09-03 12:26:00,CNC-02,M,297.65672978195454,311.29086541762854,1353.1897466427765,48.40408731206821,87.48120940902176,2.034662340675032,12.273921114301537,57.16309623537179,0,2026-09-04 04:17:19
2026-09-04 03:06:00,CNC-01,L,296.4406394961173,309.9799195870721,2448.0198757845,24.090220020151666,155.4263141643851,3.4579546010862034,11.172334079906648,57.55927346027156,0,2026-09-04 04:17:19
2026-09-03 06:05:00,CNC-01,L,296.0762132731594,310.5296075236841,1916.3683523534094,37.07410071296082,174.5960977697928,3.070456414386798,13.22035778864075,57.117462841245704,0,2026-09-04 04:17:19
2026-09-03 11:34:00,CNC-03,H,301.95663651834093,310.519621870695,1377.3682228703544,49.92297376832287,213.745125998262,2.6330292409412643,13.004525777186554,46.30642511734075,1,2026-09-04 04:17:19
2026-09-03 22:13:00,CNC-03,H,299.0904389699505,311.11628256988945,2694.1497812281164,17.37390471696317,44.05611060998587,3.271005240796019,8.68612712900299,56.91484731207193,0,2026-09-04 04:17:19
2026-09-04 00:07:00,CNC-03,H,298.4135600832935,312.19433132319745,2531.928215351705,23.840096710954796,165.82187244564227,3.289990190697465,11.288923593583043,56.89468335762661,0,2026-09-04 04:17:19
2026-09-03 04:37:00,CNC-01,L,296.6848234131861,309.11622748025013,2136.9289385032307,22.260382072541887,61.330778325453664,2.768423549081345,8.87052672019752,57.24207240753917,0,2026-09-04 04:17:19
2026-09-03 09:40:00,CNC-03,H,295.27214175030093,309.8644539438741,1653.7394461382228,48.36796111094477,34.01123794624156,2.30514034849692,15.004266037450359,65.4111253829543,0,2026-09-04 04:17:19
2026-09-04 01:40:00,CNC-02,M,298.37329724058145,311.63308619861,2788.812428355146,16.9392716429908,194.39410487756052,3.9211490276129095,8.70632144041067,53.96243397718106,0,2026-09-04 04:17:19
2026-09-03 15:19:00,CNC-01,L,297.48120637824,312.3220270143147,1533.2619174666854,49.923347819841496,195.30808083255076,3.0331936584387567,14.114772718311778,55.1422734041496,0,2026-09-04 04:17:19
2026-09-03 11:29:11,CNC-03,H,301.46956059018135,311.2259584207549,1457.0958517741435,58.09534996072047,205.8570522599839,2.615638353893728,15.663311995947662,49.1562905256598,0,2026-09-04 04:17:19
2026-09-03 13:16:00,CNC-02,M,297.9060583500553,312.7672847787018,1452.9881474091771,52.77865045222013,166.65579435945074,2.5187808722018112,14.503121309108929,53.09670164465712,0,2026-09-04 04:17:19
2026-09-04 03:45:00,CNC-02,M,297.1553400475125,311.7014076145484,2246.4129715779604,30.837658044413814,127.93131655843715,2.9283804458975142,13.070788076936731,53.800085529732634,0,2026-09-04 04:17:19
2026-09-03 22:02:00,CNC-03,H,299.303732356509,310.5006823523458,2852.0383254920125,11.788065342742277,32.039036200178565,3.3201895241282933,6.193724683257687,49.76139113368153,0,2026-09-04 04:17:19
2026-09-03 18:03:00,CNC-01,L,298.64115751295634,313.2530866090646,2024.391398481236,36.25272906105683,189.06981156309013,3.279945817860477,13.842976050484724,53.252104704029946,0,2026-09-04 04:17:19
2026-09-04 01:46:00,CNC-03,H,296.9915319924117,308.6306485968026,2759.6772528187057,14.789133525913746,8.524854587831936,3.3483250787322354,7.616571400963432,50.57910191445955,0,2026-09-04 04:17:19
2026-09-03 10:26:00,CNC-02,M,296.6062014791025,310.6454629033635,1416.4062500560156,49.400867863060114,101.13001660335566,2.1152077345981475,13.158747616761739,56.22398499103448,0,2026-09-04 04:17:19
2026-09-03 08:55:00,CNC-02,M,296.6037225914015,311.77275154686043,1693.9501687989487,46.62948472139243,178.6214438312146,2.8317006444690778,15.1204226292337,59.88782725262702,0,2026-09-04 04:17:19
2026-09-03 05:32:00,CNC-02,M,296.70443957913955,311.3318418759988,,32.47637673768985,149.47079757577168,3.032343230243413,13.488709858833253,60.398003264113356,0,2026-09-04 04:17:19
2026-09-03 17:26:01,CNC-03,H,298.63431570699515,314.22673615291654,2065.609985059349,38.59096970610416,243.3363003135072,3.6108543653033456,14.87192951046572,52.75166627121366,0,2026-09-04 04:17:19
2026-09-03 07:47:00,CNC-01,L,295.04119940442035,309.3074163057687,1701.0081280542142,42.249419003778485,117.93281979653702,2.446430772417299,13.434229193726399,59.82130535852406,0,2026-09-04 04:17:19
2026-09-03 05:49:00,CNC-01,L,296.3845075673613,310.89026873268676,2042.06650848372,36.07273480968429,153.44723728433814,3.007467445055858,13.846785361336142,56.60547215726715,0,2026-09-04 04:17:19
2026-09-03 12:45:00,CNC-01,L,296.24698933558517,311.2389042906973,1493.3777092782705,51.30106456246447,183.81883591667938,2.874131150056266,14.324490432973606,56.65192630208443,0,2026-09-04 04:17:19
2026-09-04 02:27:00,CNC-01,L,296.66697233073637,309.3855249671759,2501.143386867443,19.982118617860152,111.33621607902163,3.17452713148577,9.250693787974026,59.30493128204234,0,2026-09-04 04:17:19
2026-09-03 14:50:00,CNC-03,H,298.48580215040795,312.20645035097425,1476.6514161421153,48.34404540797922,15.184873131002167,2.106164541125437,13.211952708320666,51.437642856243215,0,2026-09-04 04:17:19
2026-09-03 09:52:00,CNC-03,H,295.5866501701522,309.6431165148857,1494.577613166551,49.295842496471245,52.80886373643916,2.2273988706033316,13.750390560762208,60.413142514914306,0,2026-09-04 04:17:19
2026-09-03 07:55:00,CNC-01,L,295.39126614092976,309.9869549583648,1902.696534503065,38.76462014349604,129.54616788135448,26.626651329809704,13.60084894567684,58.93635125988781,0,2026-09-04 04:17:19
2026-09-03 12:48:00,CNC-01,L,296.1098390785432,311.3779272163108,1502.5360012790075,53.26750777365113,188.54118973160516,2.762771580507873,15.004652897401717,59.44898809926773,0,2026-09-04 04:17:19
2026-09-03 07:32:00,CNC-02,M,296.6041347808878,310.79870108266766,1894.3343609824883,37.026110437769574,56.43598233758724,2.6103920996109573,13.150801336499205,57.50968138733895,0,2026-09-04 04:17:19
2026-09-03 23:44:00,CNC-03,H,298.5148890256586,310.55734852060175,2697.943956339236,14.525676239347023,141.30624689805822,3.3357509800925054,7.201690059762677,51.393641688940605,0,2026-09-04 04:17:19
2026-09-03 19:08:00,CNC-03,H,299.5131835724511,313.29116806757213,2218.3169962125826,29.07777705128702,101.19115444995595,2.8511168425499003,12.153335805948226,53.40191334215257,0,2026-09-04 04:17:19
2026-09-03 18:13:00,CNC-01,L,298.5327736667608,313.75587083898785,2074.4192833582697,37.30270306496046,202.30661462349914,3.4669815926597485,14.377147840922618,56.5020852740205,0,2026-09-04 04:17:19
2026-09-04 00:53:00,CNC-01,L,297.5987753164426,309.77854952805603,2584.9699654427686,19.300578978258933,9.681531061504067,3.154483840097383,9.393285657302858,52.184373423486214,0,2026-09-04 04:17:19
2026-09-04 02:00:00,CNC-02,M,298.3787191671532,311.3069997089745,2640.6797124096165,19.576335003853526,8.789210248834067,3.174025265440517,9.442132919482741,56.18766082859922,0,2026-09-04 04:17:19
2026-09-03 21:44:12,CNC-01,L,298.68243349773087,311.0986254940168,2427.28311753168,21.25836018655,34.548816934612475,2.9607448474165636,9.557324993153893,57.06979228748292,0,2026-09-04 04:17:19
2026-09-03 11:55:00,CNC-03,H,301.7990663461175,310.469332590815,1313.952410446642,55.424700708803655,247.07125011267257,2.9064985968816117,13.435157325075433,46.09602219292142,1,2026-09-04 04:17:19
2026-09-03 21:04:00,CNC-03,H,299.3568444641216,313.7831509430577,2538.8857885406196,26.536169519720616,238.57027489488337,3.956976633109094,12.576714565878959,50.214968199775385,0,2026-09-04 04:17:19
2026-09-03 04:40:00,CNC-02,M,296.7633415613468,310.1778277128343,2327.0220758301934,25.621472251998718,83.43763109987393,2.8761409727296643,11.212450921650172,55.13715176807702,0,2026-09-04 04:17:19
2026-09-03 04:41:00,CNC-03,H,296.5347774505555,309.9815803866943,2353.83591430597,27.91867102625918,71.51998842893362,2.857669313597647,12.10681762107644,56.956578532983364,0,2026-09-04 04:17:19
2026-09-03 18:57:00,CNC-03,H,299.2257307045538,312.6848956390196,2345.6512932521227,26.748890826614026,87.36208644835479,2.9049501832693285,11.589654276636837,53.967574988883996,0,2026-09-04 04:17:19
2026-09-04 01:14:00,CNC-01,L,297.4725683501226,309.659118418104,2759.467538257921,16.748351365335,32.02614026372852,3.3228660083765704,8.644366718471144,51.28777298822207,0,2026-09-04 04:17:19
2026-09-03 16:24:00,CNC-02,M,299.5131158294659,314.93593334478396,1798.8609516201243,44.107114913589996,218.7587037008037,3.2390110338260127,14.829600322357507,49.76927328636178,0,2026-09-04 04:17:19
2026-09-04 00:41:00,CNC-03,H,298.1506939974908,312.0721398564049,2733.639817043962,22.378848900876626,201.8373387476458,3.9731445465808495,11.394903238259886,58.28623795322774,0,2026-09-04 04:17:19
2026-09-03 14:44:00,CNC-03,H,298.1681473119697,312.2099093180956,1528.901360241247,47.2830681036381,6.122394160024848,2.2785763548706632,13.713945475947538,54.198718113675305,0,2026-09-04 04:17:19
2026-09-03 20:35:00,CNC-02,M,32.905083873548676,40.1378186336442,2335.2431545597324,24.763765371972823,90.90620074440147,2.907155920291096,10.830637353298943,37.441117470388086,0,2026-09-04 04:17:19
2026-09-04 03:32:00,CNC-02,M,297.4395959543715,311.2093672420231,2347.6229785061223,25.024209555279917,112.55165326003075,3.106218601801882,11.123389180847106,59.107921392335086,0,2026-09-04 04:17:19
2026-09-03 16:11:00,CNC-01,L,297.7957779444418,311.4001612258463,1571.8438203161297,43.17356872789742,33.65088531689429,2.2284171408976094,12.74854077075058,54.74778544638131,0,2026-09-04 04:17:19
2026-09-04 03:23:00,CNC-02,M,297.3319401735586,310.0106149185491,2421.719480251289,19.252524570155547,102.07104819534796,3.079703901276395,8.765243989404023,55.32966351103346,0,2026-09-04 04:17:19
2026-09-03 05:37:00,CNC-02,M,296.4084326225952,310.7558023925732,2152.4470764554903,33.04314838582871,155.96600428435588,3.0336495791896705,13.524093721691594,59.52239748469341,0,2026-09-04 04:17:19
2026-09-04 03:55:00,CNC-02,M,296.87318471474293,310.89024031761875,2473.6930721093076,25.522777550140855,139.62749308575593,3.2222218278625734,11.719266128427826,58.073553231943606,0,2026-09-04 04:17:19
2026-09-03 19:27:23,CNC-01,L,299.1428011825309,312.1329336163299,2380.358050120861,24.122344660348986,70.40722172234433,3.0393936162980704,10.880026204217696,48.90991245499715,0,2026-09-04 04:17:19
2026-09-03 09:31:00,CNC-01,L,294.9027881714385,309.3350533930003,1398.9141919210138,52.93106418055139,70.80584216517714,2.108364207297081,13.90692279841582,56.75669232219836,0,2026-09-04 04:17:19
2026-09-03 20:35:00,CNC-03,H,26.08782551634681,40.428858710376176,2345.359672613101,28.543541245403393,205.42178868616674,3.5221739037168107,12.649171272255366,55.92667353604343,0,2026-09-04 04:17:19
2026-09-03 21:38:00,CNC-01,L,298.85841557239866,310.3097237243097,2590.4426850543764,13.374756298774042,27.778067036671693,3.116521918728232,6.4700105981381135,55.63080179716297,0,2026-09-04 04:17:19
2026-09-03 20:42:00,CNC-02,M,32.72919606403951,,2422.7745607366646,25.029167861459406,99.06689724461238,3.0349489808381236,11.226153877929901,42.705483103068815,0,2026-09-04 04:17:19
2026-09-04 02:03:00,CNC-02,M,298.46235958056855,310.187740448166,2660.180444997434,14.12351453969766,11.981656490996466,3.2688447899023747,7.051316223982486,54.720565206508255,0,2026-09-04 04:17:19
2026-09-03 13:58:00,CNC-02,M,298.45893629809177,313.6812126753375,1494.862675629944,50.512568818023624,232.63788218385508,3.1295283034601997,14.110842856130713,52.71023218055025,0,2026-09-04 04:17:19
2026-09-04 01:40:00,CNC-03,H,297.27745952164724,308.45830354679504,2808.9378197987357,12.561278358430847,2.080925355664403,3.3779615427111014,6.502046754857235,56.19284273039822,0,2026-09-04 04:17:19
2026-09-03 18:23:00,CNC-02,M,300.32150351069987,314.52528829886853,2124.4325010397492,29.657729960613647,154.6709065220895,3.0445913433955503,12.011045754161271,52.1019090280343,0,2026-09-04 04:17:19
2026-09-03 09:33:00,CNC-01,L,295.3379353159207,309.92404677161335,1583.3912767430593,48.02214615782962,73.88338231542772,2.332830380549048,14.123695111591573,57.194431440932554,0,2026-09-04 04:17:19
2026-09-03 16:37:00,CNC-01,L,297.85266624476947,311.4344342325348,1910.0863493632498,34.06750089528961,71.07904487579788,2.544942625910613,12.348502123000845,51.578438950353785,0,2026-09-04 04:17:19
2026-09-03 20:20:00,CNC-01,L,25.978583810539533,39.85916963213862,2470.0064105504325,25.625373743157805,134.31147644317863,3.346304620464283,11.666466492707759,53.418727605180536,0,2026-09-04 04:17:19
2026-09-03 17:29:00,CNC-02,M,299.81408002578695,313.97945840256523,2031.5122167533257,33.033384817876176,82.61528018080794,2.619053041085288,12.492862912124354,48.550989356114826,0,2026-09-04 04:17:19
2026-09-03 09:25:00,CNC-01,L,294.993834954138,308.5252109330499,1368.8935514081445,47.197613799395214,61.4459394751905,2.0970895302422163,12.381600522668196,59.08988963942934,0,2026-09-04 04:17:19
2026-09-04 00:10:00,CNC-03,H,298.35656325669316,311.8476249261014,2731.2037527826255,20.39235537711884,169.03611215738104,3.504496885097213,10.333540683726552,56.092737497350775,0,2026-09-04 04:17:19
2026-09-03 14:57:00,CNC-03,H,298.319070077095,311.3465790828932,1610.8633972783646,36.59613872915072,25.785656565817693,2.202218258686744,10.655864059232742,54.79316851918454,0,2026-09-04 04:17:19
2026-09-03 15:23:00,CNC-03,H,297.9528318088684,311.76475662884246,1426.4021203083155,48.58148879487176,65.30668325166447,2.1260299224568575,13.094892834015035,53.90997357436743,0,2026-09-04 04:17:19
2026-09-03 13:57:00,CNC-02,M,,313.87154410414837,1520.513895368243,53.865725826265816,231.10122142709224,3.1716316615640396,15.29729416842233,52.51895482729242,1,2026-09-04 04:17:19
2026-09-03 19:31:00,CNC-03,H,299.645656680588,313.3960450101603,2322.1153514298912,26.955342929094265,129.47901786586604,2.954872695995064,11.653980994886396,51.176592670608514,0,2026-09-04 04:17:19
2026-09-03 11:39:00,CNC-02,M,297.3768739447143,310.78315337952324,1387.486307001258,46.73999095714749,12.740974852497896,2.0328762417052064,12.146866909147274,54.93118226842678,0,2026-09-04 04:17:19
2026-09-03 21:33:00,CNC-03,H,299.20722004253827,311.048390298046,2422.310166402339,17.988210984092508,0.0,3.080972498055318,8.251595244784083,53.41412875736613,0,2026-09-04 04:17:19
2026-09-03 18:18:00,CNC-02,M,300.1263046395743,314.7651295391794,1972.5502805005913,37.03887336156907,148.2729319515331,2.786165674004494,13.587301198420201,,0,2026-09-04 04:17:19
2026-09-03 21:44:00,CNC-03,H,299.1091210737352,311.49583005605285,2546.934078342138,20.06527013628988,12.27893895269516,3.1230842105006387,9.558779391528493,57.97999456225341,0,2026-09-04 04:17:19
2026-09-03 08:55:00,CNC-03,H,295.72141901285715,310.34454848059744,1503.97230948181,47.83793117285453,185.91074966655063,2.598790154290083,13.522980919620322,51.89056965524805,0,2026-09-04 04:17:19
2026-09-03 05:44:00,CNC-01,L,295.82413460236006,310.1990148542062,2142.5012465018185,32.440014705163826,146.80631008347686,3.021247015225182,12.912654754254651,59.67450257044367,0,2026-09-04 04:17:19
2026-09-03 13:58:00,CNC-03,H,297.40022086466297,311.74917646335876,1357.5095461997523,50.10635726651198,178.53899232522994,2.390806904070394,12.691340989584592,58.10986799533322,0,2026-09-04 04:17:19
2026-09-03 12:20:00,CNC-03,H,302.0768645768297,310.18021172649816,1390.8565570389712,51.06960473672729,23.74107020080151,2.031225076406373,13.226170513747281,42.46011296086522,0,2026-09-04 04:17:19
2026-09-03 13:02:00,CNC-02,M,297.6857031057709,311.96921946483405,1343.2600200587697,50.73356764724875,144.4435387017708,2.2227192281063615,12.557190252206922,55.31569616540586,0,2026-09-04 04:17:19
2026-09-03 07:57:00,CNC-01,L,295.5374002009676,309.963591348133,1668.7564536188431,41.64562018535216,132.46755808642243,2.534275426811643,13.02322728062551,60.63398785298958,0,2026-09-04 04:17:19
2026-09-03 15:06:00,CNC-02,M,298.5807134752985,313.29258597322405,1595.9598370260421,47.4530208363392,103.3300684464395,2.3761367795104342,14.206073097916624,54.54411014313135,0,2026-09-04 04:17:19
2026-09-03 22:03:00,CNC-02,M,300.50440562431106,313.9500538676578,2688.491352066622,19.58979499433444,189.69485434709904,3.7771160328683204,9.907658812226492,43.32719796126166,0,2026-09-04 04:17:19
2026-09-03 09:55:18,CNC-03,H,295.74544394724995,309.53040417707325,1457.8628525330264,45.91637806672996,55.931242266316325,2.0863240551114792,12.648651809157736,60.2608284323544,0,2026-09-04 04:17:19
2026-09-03 15:21:00,CNC-01,L,297.361653848762,312.1965433172967,1503.962103211701,50.92722290129162,198.27825366696436,2.9471855471842408,14.3560855072554,54.98367521100158,0,2026-09-04 04:17:19
2026-09-03 06:40:00,CNC-03,H,296.0174804862947,311.1265694072867,1901.6249119324552,38.8628125325142,227.13256382484187,3.1491976198727247,13.588226339815604,57.591074740101284,0,2026-09-04 04:17:19
2026-09-03 18:41:00,CNC-03,H,299.23845185543337,313.39255355566536,2142.9541345107036,33.36926231370599,67.16863258803046,2.8010540814197067,13.311822448544502,53.17585654386237,0,2026-09-04 04:17:19
2026-09-03 07:01:00,CNC-03,H,296.1162377046351,310.0504684934566,1675.3058872164581,40.7529888313839,19.57975354602469,2.389876131323061,12.874298965427482,62.178219175302914,0,2026-09-04 04:17:19
2026-09-04 00:59:00,CNC-01,L,297.48798204023666,309.7524411127929,2724.8550445653245,17.97740825292747,16.056468110051277,3.2599023098747058,8.976602990720954,58.92207911006539,0,2026-09-04 04:17:19
2026-09-03 10:02:00,CNC-03,H,295.79579247343383,309.4609705607496,1359.3898674132736,48.43370949954237,68.34988923758277,2.005631398652514,12.615947918299494,58.1257838317933,0,2026-09-04 04:17:19
2026-09-03 23:51:00,CNC-02,M,299.5757616813117,311.32872318875815,2733.7356667067174,12.724013573494323,78.24313687386329,3.3117837404832327,6.520309631812526,52.19219114161678,0,2026-09-04 04:17:19
2026-09-03 12:30:00,CNC-01,L,296.0419948575101,310.26751644947916,1370.4497274687544,51.120482622900056,159.9990895542205,2.517879056763794,13.26755097695057,55.3090100914925,0,2026-09-04 04:17:19
2026-09-03 19:16:00,CNC-01,L,299.0374733878261,311.9684858511207,2266.081975479247,24.873844444644053,56.91738784253251,2.9345288057541747,10.717200828479134,54.58156130560046,0,2026-09-04 04:17:19
2026-09-04 00:56:00,CNC-02,M,298.9332558362754,312.31358511765944,2749.872454801065,19.521086777393823,147.21978273905438,3.4671712711904377,10.147579081048868,51.87293413181005,0,2026-09-04 04:17:19
2026-09-03 21:20:12,CNC-01,L,298.8844441327334,311.13208975649854,2446.453342412517,20.23354252996173,7.845544766585161,3.101170869429366,9.241235647986581,51.21925727636792,0,2026-09-04 04:17:19
2026-09-03 19:12:00,CNC-02,M,300.1581122807112,314.7642073271841,2266.0458720589972,29.621408772748275,216.5018310238339,3.616194332100378,12.469034117558104,49.74205617360266,0,2026-09-04 04:17:19
2026-09-03 22:49:00,CNC-03,H,25.559227997991854,37.96875201970835,2682.065269878479,17.276195150993573,82.84136895724285,3.310129880938724,8.503568591456297,52.89945468509112,0,2026-09-04 04:17:19
2026-09-03 17:39:00,CNC-01,L,298.47181115305807,313.00662168848453,1907.3870037066315,37.255473995733354,156.9987476799374,2.9129062289984637,13.231130566057715,50.65327750212484,0,2026-09-04 04:17:19
2026-09-03 16:38:00,CNC-01,L,297.6396832792307,312.2035928082505,1929.4582369425304,40.02540023394033,72.4630784308071,2.5683483739263573,14.582449935337522,49.886214771225724,0,2026-09-04 04:17:19
2026-09-03 20:02:00,CNC-01,L,26.23933341264336,39.84482946969575,2381.6006238099676,26.391668057893344,113.04717032135365,3.0972688610735766,11.71249159906589,52.16232771653793,0,2026-09-04 04:17:19
2026-09-03 09:12:00,CNC-01,L,295.2351876926815,309.308327167439,1428.2987236715273,51.23213370915462,41.44766180551528,2.1499621893140293,13.494236104336753,60.306846333247684,0,2026-09-04 04:17:19
2026-09-03 04:43:00,CNC-01,L,296.6945689944219,310.1320984948674,2076.180883479464,29.410828678779147,68.91325478882031,2.6828431241312227,11.539741625332862,59.87875021187239,0,2026-09-04 04:17:19
2026-09-03 07:00:00,CNC-02,M,296.2100480257783,309.6028782370549,1890.0500286233892,33.27102670968997,11.225411854115551,2.5751656100494857,11.813265981055672,59.15192586797294,0,2026-09-04 04:17:19
2026-09-03 04:37:00,CNC-02,M,296.75557321461054,310.04820179521795,2410.42908379894,24.654773194865793,79.74605153502803,3.025317345688278,11.13641145882387,51.449607879968845,0,2026-09-04 04:17:19
2026-09-03 09:35:00,CNC-01,L,294.9384906030435,309.0222748512634,1407.9717977037499,49.328661360295136,76.99224223270545,2.2191739135535165,12.972445413000969,60.07218717535639,0,2026-09-04 04:17:19
2026-09-03 12:13:00,CNC-03,H,301.8636118363599,310.13455695346477,1606.7895885552075,49.73359469653751,12.611546283496912,2.2808998574007013,14.872086449222788,47.30590927174267,0,2026-09-04 04:17:19
2026-09-03 04:28:00,CNC-02,M,297.10170886277956,310.34566821780663,2373.3530817217647,25.452293484668825,68.70399765852618,2.969180392161551,11.083894276604457,59.401515155435355,0,2026-09-04 04:17:19
2026-09-03 13:09:00,CNC-02,M,297.899829279661,312.7360215296911,1461.458816463531,49.720921023397395,155.54128246972843,2.5090889753925225,13.704010152081622,55.29841360481884,0,2026-09-04 04:17:19
2026-09-03 19:14:00,CNC-03,H,299.3123972060118,313.3709495554158,2276.4878612273988,29.43519132828778,108.60603084734414,2.970261924671614,12.382086836867849,51.65233833210888,0,2026-09-04 04:17:19
2026-09-04 03:45:00,CNC-03,H,296.39747332340244,310.3152791191188,2356.501317110755,27.876065022922145,143.18374113002528,3.1718465316537934,12.228236559487339,60.98352264714804,0,2026-09-04 04:17:19
2026-09-03 13:39:00,CNC-03,H,297.53373378658563,311.91084469478415,1454.2996035416927,49.59647348124252,148.68234367719967,2.2608287639401285,13.572364071636468,53.49753347734238,0,2026-09-04 04:17:19
2026-09-03 20:26:00,CNC-03,H,26.217145129968515,40.555194825395006,2448.1065315461915,27.650840958237055,195.03079701957574,3.484556607485295,12.46566901682095,55.4638051227872,0,2026-09-04 04:17:19
2026-09-03 18:50:00,CNC-02,M,300.1285049833954,315.4340880360199,2073.5659341468704,38.379331072342254,189.00625937478273,31.086033808924185,14.90028839506231,52.15358689212197,0,2026-09-04 04:17:19
2026-09-03 05:05:00,CNC-01,L,296.30965823174887,310.8890710178293,2297.4149437741517,32.094782822792936,96.43091563975003,3.005125466871588,13.70574986636037,64.97745501168562,0,2026-09-04 04:17:19
2026-09-03 14:50:00,CNC-02,M,298.32443302092923,312.6940958409599,1614.066208872505,46.43167109950246,79.00012990965207,2.2822864730998518,14.352700524932414,52.30256623240511,0,2026-09-04 04:17:19
2026-09-03 13:43:13,CNC-01,L,301.9682385240261,309.75843223551396,1391.3647193858026,,45.77269440483479,2.0197714545987457,12.743093595419113,46.45724132811341,0,2026-09-04 04:17:19
2026-09-03 11:15:00,CNC-03,H,301.6966690529138,310.34168498191866,1355.1459212811274,51.81756321102681,183.5676104729531,2.414926987936927,13.141894605200985,43.42583939607877,0,2026-09-04 04:17:19
2026-09-03 14:21:00,CNC-02,M,298.2299752346963,312.3067273993009,1459.10679505448,47.408708219053224,34.514459740770015,2.0677544198316795,13.205293732833702,54.817623053584654,0,2026-09-04 04:17:19
2026-09-04 01:17:00,CNC-01,L,297.40066461527414,308.68517090914133,2717.037276594377,13.505871597735336,35.20397658029806,3.2942805818531387,6.858402360546401,55.28627628238138,0,2026-09-04 04:17:19
2026-09-03 10:00:00,CNC-02,M,296.87152491901895,311.4500055246221,1414.6799862617522,53.878213024901264,60.40387434154849,2.1279643948368343,14.474216241120109,59.8866732024918,0,2026-09-04 04:17:19
2026-09-04 00:09:00,CNC-03,H,298.58926504478046,310.9899549466936,2801.3899271816717,15.353601672952745,167.96893642203426,3.6520089384892263,7.966866442929158,52.54940588804975,0,2026-09-04 04:17:19
2026-09-03 14:26:00,CNC-02,M,298.1867835308059,312.1463246628678,1578.5041286175126,44.4516384231203,42.188392329692384,2.226196312142148,13.162066642256235,56.29879903572158,0,2026-09-04 04:17:19
2026-09-03 19:17:00,CNC-01,L,299.33251465767984,312.182926995818,2311.6085349764244,24.12221491515788,58.109034034253085,2.972378784648578,10.76597081313837,46.75565511183356,0,2026-09-04 04:17:19
2026-09-04 00:55:00,CNC-01,L,297.7029490113871,309.4901235716421,2702.1653359502807,15.889893510788099,11.85643239928254,3.249177473753881,8.218839408333602,56.88108930590095,0,2026-09-04 04:17:19
2026-09-03 04:57:00,CNC-03,H,296.3859943618691,310.2899884175419,2194.290037533181,30.324976226733348,91.42760547124622,2.8122863504010485,12.820768085965996,53.848914725830106,0,2026-09-04 04:17:19
2026-09-03 10:33:00,CNC-03,H,296.0334486712951,,1356.6523695911044,52.0752267886453,117.20545304609418,2.134926080563039,13.09325489499903,62.068615935541196,0,2026-09-04 04:17:19
2026-09-04 03:19:00,CNC-02,M,297.5145653932164,309.76104837417614,2497.296649055151,16.64668336423241,97.46150284326666,3.152466493031365,7.561088353216912,58.15948655569167,0,2026-09-04 04:17:19
2026-09-03 05:06:00,CNC-03,H,296.3219199286228,310.04852175869433,2276.6777346739545,29.267495334474003,102.79180730961929,2.9280131872619735,12.515914063286019,57.87304918892282,0,2026-09-04 04:17:19
2026-09-03 19:54:00,CNC-01,L,299.1004252179815,311.9215992182017,2392.2528777994366,21.837329151697855,103.35254777425857,3.036756514121027,9.578643488140344,52.094365929300466,0,2026-09-04 04:17:19
2026-09-03 05:26:00,CNC-02,M,296.35992053805575,310.6613919813906,2286.0488786596325,30.81479760942155,141.72025551137762,3.104713985530908,12.986652205749955,58.54965474228197,0,2026-09-04 04:17:19
2026-09-03 09:25:00,CNC-03,H,295.65702121609246,309.5274099323731,1576.135700896321,43.22715401802905,10.724335960930427,2.2537388281868505,12.724622587936672,59.387300430944016,0,2026-09-04 04:17:19
2026-09-03 21:59:00,CNC-01,L,298.63536243085866,310.90522336698785,2575.058256874006,18.97325042222597,51.13274792931989,31.400260445980617,9.154675411518811,51.11383283586255,0,2026-09-04 04:17:19
2026-09-03 13:33:00,CNC-03,H,297.21753539144635,311.5616427088569,1463.1159974861696,47.17770093114463,139.32054285271005,2.2552992700889054,13.053351783486946,56.26895527109982,0,2026-09-04 04:17:19
2026-09-04 00:38:00,CNC-02,M,299.3420225579815,311.1492313475484,2651.4387297110306,13.013150607305263,128.12001801270088,3.423705181793359,6.705700010786544,49.302358003704754,0,2026-09-04 04:17:19
2026-09-04 03:41:00,CNC-03,H,296.06847273199236,309.5963610255233,2499.065735541737,23.895979696863225,138.37195349505564,3.268641352961744,11.228112359453835,60.717094047560664,0,2026-09-04 04:17:19
2026-09-03 14:26:00,CNC-01,L,302.83951450076563,311.2566180691554,1510.3010556781817,49.57362894922095,114.43947158988057,2.431502956220652,14.187603379752124,47.79076409029709,0,2026-09-04 04:17:19
2026-09-03 22:46:00,CNC-02,M,26.617890078439927,38.25088758340962,2588.5846120950937,14.136864273430518,,3.131589960714417,7.103535003573202,54.70446454280143,0,2026-09-04 04:17:19
2026-09-03 21:26:00,CNC-01,L,299.002451749656,310.6701739452819,2592.3497348839655,15.291911065394435,14.452509219234901,3.1681901632148106,7.436232786895377,54.69155085208732,0,2026-09-04 04:17:19
2026-09-03 10:39:00,CNC-01,L,295.06546936428117,309.70600592877753,1349.6599479384,56.230473364591546,176.7927950644806,2.666324652177294,14.19928446698099,58.21888314233729,0,2026-09-04 04:17:19
2026-09-03 21:42:00,CNC-03,H,299.3688340651606,311.68247087498975,2615.3512283391015,19.049161924204075,10.040559691698753,3.1275807728868363,9.50415413836211,55.47060205901311,0,2026-09-04 04:17:19
2026-09-03 16:07:00,CNC-02,M,299.3651178455081,314.09957024289076,1662.38514360162,41.983130593985244,194.11428632744233,2.901173917393943,12.763506399347866,51.3302839036808,0,2026-09-04 04:17:19
2026-09-04 02:14:00,CNC-03,H,297.0431926145248,308.8176619538528,2635.0402571834193,15.898598985129887,39.196486911614564,3.18385462580391,7.757020792931195,56.965722798032026,0,2026-09-04 04:17:19
2026-09-03 11:03:00,CNC-01,L,295.749140209847,309.4854088751582,1596.8531763301114,42.94240626217088,22.010276732785478,2.172897457445861,12.800082291667314,61.08655250578139,0,2026-09-04 04:17:19
2026-09-03 20:12:00,CNC-01,L,25.945140593159465,38.57862526975987,2532.483156691097,18.892397002483126,124.94578955952318,3.2449250044301623,8.764895285059572,51.15244340182431,0,2026-09-04 04:17:19
2026-09-03 19:22:00,CNC-02,M,300.32586332659884,313.3925702003659,2191.742316110197,27.309997927055356,3.6707912100986717,2.872475540698577,11.040359772504125,51.742751744596774,0,2026-09-04 04:17:19
2026-09-03 09:50:00,CNC-02,M,296.551637671157,311.0120569923728,1660.4862128665306,45.77779904884595,44.76855574969361,2.1818171874335683,14.479286595440172,55.68052208483758,0,2026-09-04 04:17:19
2026-09-03 22:57:25,CNC-01,L,24.873869677569417,37.660544384085824,2599.149939502782,20.6063976127268,112.8591542324903,3.312702801989831,9.772089521616182,52.63246740679926,0,2026-09-04 04:17:19
2026-09-03 14:28:00,CNC-01,L,302.6205275020184,311.5486635309502,1593.1318841183088,50.39110032069934,117.4882723757894,2.3122859405315124,15.03710826482268,50.96043320610346,0,2026-09-04 04:17:19
2026-09-03 12:14:00,CNC-03,H,301.9596879709117,309.712784887966,1375.0155135779114,50.52416403078842,14.211546283496912,2.0958724672837117,12.863375632084763,48.58148494891382,1,2026-09-04 04:17:19
2026-09-03 16:49:00,CNC-01,L,297.9415552743028,312.224340660215,1832.2685866317927,39.11890209417057,87.95370520762472,2.5031397952414163,13.366075907668035,58.171657894930135,0,2026-09-04 04:17:19
2026-09-03 06:43:00,CNC-01,L,296.11645373891844,309.6841160235559,0.0,35.07587295052819,27.369291908929352,2.5005861989608373,12.442270630589547,59.41879381876302,0,2026-09-04 04:17:19
2026-09-03 18:43:00,CNC-02,M,300.1211528171755,314.1330137473761,2360.1956308703575,26.111898720612167,180.0859502567563,3.3290516913513604,11.524731492463713,52.61759709969256,0,2026-09-04 04:17:19
2026-09-03 19:46:00,CNC-03,H,299.40134506190145,312.9321461281482,2383.382306665764,24.513473946720605,147.6135451281136,3.1814074914863406,10.987957448174047,51.74886443469133,0,2026-09-04 04:17:19
2026-09-04 01:06:00,CNC-01,L,297.2652235678902,308.29012395763004,2814.386884203254,11.652171877831208,23.477991603108524,3.3085419546075925,6.238044485350717,57.467314682703986,1,2026-09-04 04:17:19
2026-09-03 23:37:00,CNC-01,L,298.0963460222274,310.50679913039573,2807.0184650294786,16.111063729149432,156.56596458339183,3.757508238434126,8.769934849199545,58.72070103549864,0,2026-09-04 04:17:19
2026-09-03 10:00:00,CNC-01,L,295.04141707009506,309.6150008831394,1459.7332127982404,50.70786636713545,115.71737428615904,2.2926457999573424,13.750698522032812,59.70943495874078,0,2026-09-04 04:17:19
2026-09-03 19:43:00,CNC-01,L,299.0533235621897,311.92653891919275,2396.2591805524016,23.153742786235583,90.0182610623817,3.2246656011939856,10.669806302525709,54.30405075636531,0,2026-09-04 04:17:19
2026-09-03 11:42:00,CNC-01,L,295.9754270537798,309.89280970554984,1340.0212271332923,48.02869363166991,83.61069287493315,2.027514709183912,12.273269151231117,60.046685757581805,0,2026-09-04 04:17:19
2026-09-03 07:33:00,CNC-03,H,296.52648692122284,310.7070127691223,1733.2149608699503,41.29462730922109,64.94957281460346,2.3583374598805285,13.358352788300165,59.56729660647904,0,2026-09-04 04:17:19
2026-09-04 03:27:00,CNC-03,H,296.1201204316735,309.52742655101156,2383.3747133732913,25.178692572283754,121.91649299092265,2.9993562591162393,11.235836520619436,58.98667657725044,0,2026-09-04 04:17:19
2026-09-03 22:08:00,CNC-02,M,300.31419948391016,313.46396066692853,2639.7899198040914,18.38226851865719,195.19208016035833,3.7928915878229863,9.155493105934065,54.19378562926971,0,2026-09-04 04:17:19
2026-09-03 12:25:00,CNC-02,M,297.2687550145551,311.7138701111821,1579.3876727020138,48.008390908877224,85.88120940902176,2.3165644833055388,14.757985765603081,57.122919616745705,0,2026-09-04 04:17:19
2026-09-03 18:12:00,CNC-02,M,300.2463058634623,314.8926290208863,2128.879877338043,33.813546459636186,140.3623669257064,2.7808863689397496,13.658957838396674,49.97844467853659,0,2026-09-04 04:17:19
2026-09-03 06:07:00,CNC-02,M,296.1030776796274,310.9326650404143,1868.2074551224212,39.5709178476903,195.7204883486788,2.998982397023365,13.89695355904749,57.88328844154893,0,2026-09-04 04:17:19
2026-09-03 21:47:00,CNC-01,L,298.5754132312426,310.2280585421976,2536.985266433971,16.126699821579425,37.869760901804355,2.9993292562973637,7.941800107429015,51.815190412584506,0,2026-09-04 04:17:19
2026-09-03 09:48:00,CNC-03,H,295.651873205992,309.30461113397723,1348.32146120871,48.79879997053051,46.53617531750985,2.096059145186442,12.183575331547,59.18635778243489,0,2026-09-04 04:17:19
2026-09-03 08:03:00,CNC-03,H,296.27896296331517,310.7650604836023,1705.2379342194095,43.87397320585439,108.41907712747935,2.308865732415452,14.084326476691276,57.564070837452746,0,2026-09-04 04:17:19
2026-09-03 22:36:00,CNC-01,L,25.358507593700608,38.247941438054,2655.2998099328524,20.30266737309675,91.3516330746568,3.2639941204279315,10.126380910466743,52.35147940558137,0,2026-09-04 04:17:19
2026-09-03 20:58:00,CNC-02,M,27.282684640860964,40.39232024234741,2462.946934150538,21.4009737215967,117.45462965449234,3.1803194605718077,10.0861486470384,51.198231739983775,0,2026-09-04 04:17:19
2026-09-03 14:21:00,CNC-01,L,302.6644065075247,311.1642443708356,1379.4628453426878,53.47843615791007,106.65887358831864,2.052819456714803,13.855175210353604,46.01267272750144,1,2026-09-04 04:17:19
2026-09-03 11:58:00,CNC-01,L,,310.32231305700793,1386.1615995224786,55.80619521062608,109.06833943344199,2.0858665236123612,14.363468617521706,55.13536309571675,0,2026-09-04 04:17:19
2026-09-03 04:17:00,CNC-01,L,296.9043432553099,310.0563767847913,2415.034515223347,24.774709857503396,36.859468209450554,3.0167819503001416,11.350481298230717,57.07714904123483,0,2026-09-04 04:17:19
2026-09-03 04:19:00,CNC-03,H,297.0849197707319,310.98348046106156,2179.3476552825305,31.798381771597214,44.530711346790675,2.798647958107178,12.927066144942646,52.54592128695938,0,2026-09-04 04:17:19
2026-09-03 08:06:00,CNC-03,H,295.8024175957499,309.917060080461,1614.1158561164652,43.25479052874154,112.8936703591543,2.48874454922868,13.075775414730119,60.23619090473789,0,2026-09-04 04:17:19
2026-09-03 16:27:00,CNC-01,L,297.58535589177865,311.4015891054368,1672.7446316131313,40.333607913846,56.901036721789275,2.2881117923046577,12.67615594696231,56.23099061928386,0,2026-09-04 04:17:19
2026-09-03 20:24:00,CNC-01,L,25.984852130057902,38.56176234708107,,19.369793061779326,139.03595271327322,3.302421550356935,9.057021856273852,52.39185201977063,0,2026-09-04 04:17:19
2026-09-03 05:25:00,CNC-02,M,296.90856304509805,311.14433085904597,2076.4512167679627,32.56098162760287,140.4749485078945,2.7962375798226407,12.716460473173077,56.877593986899065,0,2026-09-04 04:17:19
2026-09-03 08:42:00,CNC-02,M,296.66199993905065,,1521.9491306842085,,159.24415428193305,2.4403962049808245,14.151488630946886,56.03675346611962,0,2026-09-04 04:17:19
2026-09-03 09:24:00,CNC-03,H,295.59061057817695,309.56041973030983,1498.1137361701733,47.41503541410739,9.216703505489024,2.0928268027325014,13.431474211409917,58.29935291466492,0,2026-09-04 04:17:19
2026-09-04 01:05:00,CNC-01,L,297.4279747887251,308.0268028110008,2733.7021905743495,9.958259494463679,22.438524020846867,3.252309748990735,5.093574274461432,57.29986801902405,1,2026-09-04 04:17:19
2026-09-03 14:50:00,CNC-01,L,302.7268781549066,311.56630709507243,1457.8594564153343,50.671044117476505,151.2884874376686,2.3645462529929127,13.898919995258357,45.82073023536669,0,2026-09-04 04:17:19
2026-09-03 23:38:51,CNC-02,M,299.8016921047622,311.25289413188693,2657.4604478519436,12.559201974129618,64.54582612168106,3.2935929220169835,6.370508446270653,51.58021314984089,1,2026-09-04 04:17:19
2026-09-03 06:44:00,CNC-02,M,296.09146442929875,310.98838139982587,1821.687566946685,40.24737291629185,246.34860175168208,3.72987469128235,13.851000208855922,58.40536992757374,0,2026-09-04 04:17:19
2026-09-04 01:02:00,CNC-02,M,299.0516141523994,312.0591681147889,2595.629989292025,19.029175747673502,153.74077628993084,3.36059886225234,9.130247177613375,53.39236028315291,0,2026-09-04 04:17:19
2026-09-03 10:28:00,CNC-02,M,296.677058212507,311.26407865327104,1342.6708122767627,55.55277861229811,104.31706410415458,2.115820615943165,14.216323997382723,59.32141239301278,0,2026-09-04 04:17:19
2026-09-03 23:25:00,CNC-01,L,298.4240667719913,311.10178232781595,2692.399085565188,18.223462818651864,143.93853296389688,3.4352765125069613,9.267778017686783,58.57899366293812,0,2026-09-04 04:17:19
2026-09-03 04:23:00,CNC-01,L,296.9783415227372,309.2076242860426,2455.903604276775,18.67204061053919,44.05933778432794,2.9737044879182397,8.563406075839199,59.98795279031508,0,2026-09-04 04:17:19
2026-09-04 01:46:00,CNC-01,L,296.98659189639494,308.8507849410238,2655.703299719601,15.586248661851855,66.44141018138392,3.2060873684001954,8.08237353848441,56.8484648649964,0,2026-09-04 04:17:19
2026-09-03 20:05:00,CNC-02,M,32.458801067723755,39.36014713599138,2567.841582136996,20.224694245045892,55.831369225104645,3.1279505944640063,9.676362824582482,0.0,0,2026-09-04 04:17:19
2026-09-04 02:00:00,CNC-03,H,297.1338556432301,308.4199563304287,2605.2577858170366,14.140778884208087,23.732513436488752,3.188802712003066,6.8250452637922985,55.16813811681718,0,2026-09-04 04:17:19
2026-09-04 04:15:00,CNC-03,H,296.0399712311031,310.17060379548496,2356.6441853441265,28.428186282385145,179.01262131044018,3.1825681388963307,12.688828114101327,52.84870887041418,0,2026-09-04 04:17:19
2026-09-03 23:31:00,CNC-03,H,298.7108687540343,311.45162304777233,2728.9821027232747,17.93899399707499,127.47839557743748,3.314762309547324,9.231374048213288,57.04999663361246,0,2026-09-04 04:17:19
2026-09-03 07:56:00,CNC-01,L,295.1163943572322,309.27136398354975,1648.477518987907,42.459761830424036,131.01395823497046,2.454977679066114,13.15183095744933,58.3744387133749,0,2026-09-04 04:17:19
2026-09-03 11:20:10,CNC-01,L,295.76453022042784,309.5965005155147,1558.376989915654,44.734913928472324,48.887984878688826,2.183354852273315,12.983504832591024,57.212304989188894,0,2026-09-04 04:17:19
2026-09-03 13:33:00,CNC-02,M,298.2901026590484,313.6040068267594,1360.9856716227653,56.7431488456912,193.50943263780493,2.460421578074537,14.248877873712138,53.31451387968428,0,2026-09-04 04:17:19
2026-09-03 21:11:00,CNC-03,H,299.37807375719234,312.9113595509509,2617.6865245069284,20.842599501525328,246.5019906140914,4.191763721534194,10.371091761760901,53.55461077362192,0,2026-09-04 04:17:19
2026-09-03 10:11:00,CNC-02,M,296.8067666239013,311.29224775357693,1474.9821190710945,52.00604195655435,77.68945853533722,2.10422004397484,14.45361242561179,53.66403802524215,0,2026-09-04 04:17:19
2026-09-03 05:29:00,CNC-01,L,296.4874020862702,310.17400872216837,2112.042898915657,29.33611097813404,127.05765430151281,2.913807459979372,11.598218784249466,55.070970688080585,0,2026-09-04 04:17:19
2026-09-03 18:41:00,CNC-01,L,299.0078378136588,312.80873530324374,2127.9008789296736,31.32855372783646,12.981093342669176,2.7045428520344132,12.45807166378124,54.26649206395303,0,2026-09-04 04:17:19
2026-09-03 20:08:00,CNC-03,H,26.346269992460464,40.371488028204965,2330.2890122417757,27.030946380256456,173.95024427503768,3.242977131204249,11.512833042852623,51.492173529399174,0,2026-09-04 04:17:19
2026-09-04 00:45:00,CNC-03,H,297.8735850985492,311.08356674651276,2757.9221294930967,18.302120325287113,206.10664823615056,3.8608532767788892,9.534630349715263,57.62384415342859,0,2026-09-04 04:17:19
2026-09-04 00:44:00,CNC-01,L,297.7032892699282,309.83421805953157,2639.097353138003,18.959536693201287,0.0,3.142593403078674,9.442688770153026,52.98767037471582,0,2026-09-04 04:17:19
2026-09-03 09:09:00,CNC-03,H,295.79920607767446,310.7106620270002,1470.165998345497,51.4717374687822,207.26264430537594,2.692747753499304,14.127701351424054,59.54418533428994,0,2026-09-04 04:17:19
2026-09-03 10:52:00,CNC-03,H,,310.17196453515936,1389.9655039561987,50.76981945696032,147.21876198228648,2.2871358889677027,13.283374363231928,55.83990608001485,0,2026-09-04 04:17:19
2026-09-03 05:32:00,CNC-03,H,296.42363371975773,310.29721195144543,2165.877660838488,29.048521226778515,136.10424423000688,2.9021088157822996,11.608351071699285,59.091697173716234,0,2026-09-04 04:17:19
2026-09-03 23:40:00,CNC-01,L,298.07217990462016,311.0935101998421,2592.4530543462556,19.823883012133543,159.8722503449934,3.527082212230841,9.64280988828099,54.92030225900914,0,2026-09-04 04:17:19
2026-09-03 12:54:00,CNC-01,L,296.0561387165723,310.9618878731873,1386.4515733777325,55.37714616884833,198.11114480973404,2.805836267402406,14.414981287794719,58.835792839245165,0,2026-09-04 04:17:19
2026-09-04 01:57:00,CNC-02,M,298.37066994603106,310.46352344724335,2599.709413843894,17.65260568331507,5.470671491729446,3.1309957747702764,8.6332972470072,54.09451087707836,0,2026-09-04 04:17:19
2026-09-03 13:28:00,CNC-03,H,297.1915222331731,311.4394670918377,1390.4439836223673,48.5355365025616,131.47916313555876,2.2669832653279958,12.601225504997968,63.42337666425199,0,2026-09-04 04:17:19
2026-09-03 22:40:00,CNC-01,L,25.380758752523946,37.637421718063536,2736.501332453047,15.286994391679588,95.59129162934563,3.3809757697713385,7.9273448010705305,56.366538631592334,0,2026-09-04 04:17:19
2026-09-03 20:44:00,CNC-03,H,26.184668072485636,40.37841697088044,2467.8483041154536,25.636467613049586,215.8807019311333,3.7682924940763924,11.77040222175019,53.398943615304646,0,2026-09-04 04:17:19
2026-09-04 04:11:36,CNC-01,L,295.574012084364,0.0,2301.080143769237,26.117518636496467,17.874466963621597,2.809151669810546,11.339925901882342,58.86223408224295,0,2026-09-04 04:17:19
2026-09-03 23:03:00,CNC-02,M,26.866104038939,38.227094624700044,2735.775739233026,11.91663720058079,26.94414283248494,3.371722151351072,5.811973090449188,47.31112546369516,1,2026-09-04 04:17:19
2026-09-03 18:15:00,CNC-03,H,299.01899432621883,313.33763892998957,1968.3511005973141,38.63737425922607,33.51989423956243,2.4949395455781382,14.339326532935708,53.76094507024799,0,2026-09-04 04:17:19
2026-09-03 13:27:00,CNC-03,H,297.25647259590147,311.0664071953347,1346.5597095224546,48.403473381904064,129.9063961116313,2.086433888071842,12.206170920532884,56.12482639622288,0,2026-09-04 04:17:19
2026-09-03 19:25:00,CNC-01,L,298.92247081914604,312.27889631172417,2294.118768710597,27.165834137433983,67.98285800436204,29.261194038471128,11.511649544975011,53.564777276607366,0,2026-09-04 04:17:19
2026-09-03 15:35:00,CNC-03,H,298.18547357892373,312.4194808153837,1577.981653371126,44.70875657334569,83.21981825238572,2.28090059662374,13.137861572855115,55.73253614753307,0,2026-09-04 04:17:19
2026-09-03 09:10:00,CNC-03,H,295.75053183074454,310.9317581826687,1637.0866399113627,47.54639074456981,208.7603732964807,2.9505553015105317,14.283049160147252,57.62759668646049,0,2026-09-04 04:17:19
2026-09-03 23:57:00,CNC-01,L,298.13305647337495,309.93311723374046,2782.0684138050733,13.367852378441588,177.92806319979502,37.66915584044522,7.175411784606062,54.217208173730796,0,2026-09-04 04:17:19
2026-09-03 06:54:00,CNC-01,L,295.2041213964091,308.8442532759808,1896.4739030773737,34.49246270752554,42.66087530988465,2.513403110800181,12.124855439448064,57.888627517891884,0,2026-09-04 04:17:19
2026-09-03 23:27:00,CNC-02,M,299.8387550408408,312.0383810315225,2688.9898889918977,16.87247773593192,52.68887694823962,3.251463619663126,8.478281848370086,53.06352784391383,0,2026-09-04 04:17:19
2026-09-03 17:58:00,CNC-01,L,298.31510089017877,313.0386493776242,1876.5216604638495,38.620279370085214,182.39353113351612,3.0749823162357934,13.81170486062565,51.75163891120234,0,2026-09-04 04:17:19
2026-09-03 06:14:00,CNC-01,L,296.14841235201175,311.3493048851841,2062.2728398348927,38.94771510496284,186.55806161798947,3.311530114449206,15.19066364957284,56.926066911452985,0,2026-09-04 04:17:19
2026-09-03 14:38:00,CNC-03,H,298.0961195018824,313.16739863391507,1637.163312733456,45.12326667022624,240.30288360635012,3.1611379479091477,13.911117790038539,54.41643287361805,0,2026-09-04 04:17:19
2026-09-04 03:49:00,CNC-01,L,295.8338268000842,310.5063280116455,2381.0876754918077,29.786923140109025,205.61834061465154,3.722998334283433,13.219153787268318,56.442359100026565,0,2026-09-04 04:17:19
2026-09-03 12:03:13,CNC-01,L,295.9832507608606,310.18464280581014,1382.1691882950488,52.62082670465097,118.6208377125195,2.2557258451962823,13.727504212246773,58.393649841638876,0,2026-09-04 04:17:19
2026-09-03 20:56:00,CNC-02,M,27.40538405173328,40.77628699021943,2517.4295614606654,22.37117114714094,115.21543974939985,3.180104752153982,10.900427468555572,51.108280253251586,0,2026-09-04 04:17:19
2026-09-04 03:40:00,CNC-03,H,296.4098230551775,309.7821940757656,2436.581690835171,23.33665968800591,137.2311579685298,30.424183801127594,10.70514831675805,59.00345403251617,0,2026-09-04 04:17:19
2026-09-03 08:15:00,CNC-03,H,295.9580344883288,310.5243269132442,1628.2980118850737,46.23158095204446,126.1561575994511,2.364630098757941,14.108447456008907,59.26615682212563,0,2026-09-04 04:17:19
2026-09-03 21:10:00,CNC-03,H,299.23601265219907,312.60597656593245,2653.1858630856204,19.822351366960426,245.37941649292037,4.164953722120404,9.756393997191973,54.18051541382116,0,2026-09-04 04:17:19
2026-09-03 13:40:00,CNC-01,L,302.3587480793505,310.382788187147,1369.079343670499,50.35357406530416,42.61056945819246,2.015240057724467,12.871085493038276,46.063814851556174,1,2026-09-04 04:17:19
2026-09-03 20:18:00,CNC-02,M,32.76663821334648,40.222654010342296,2418.3836259958794,23.928664118088456,71.11914897674633,3.0390445882057415,10.9628126326164,42.11356490230106,0,2026-09-04 04:17:19
2026-09-03 17:45:00,CNC-02,M,300.1895890811505,314.1844720229269,2097.949320466713,,104.4762654944675,2.8670845289571485,12.512869058148652,53.884349943095145,0,2026-09-04 04:17:19
2026-09-03 08:08:30,CNC-01,L,295.21949952614005,309.876281130628,1479.7711688386812,50.833923496458446,151.76497077786468,2.5564046831973375,14.226708008771942,60.26680752786863,0,2026-09-04 04:17:19
2026-09-03 11:55:00,CNC-02,M,297.542586261799,0.0,1327.1601453183791,49.50291213584185,38.199822438170465,2.0515763672862475,12.308436335378437,55.19097601239459,0,2026-09-04 04:17:19
2026-09-04 01:59:00,CNC-03,H,297.07085215675113,309.31371241854237,2661.0130324487063,18.32457415039628,22.636479542601684,3.2065884947747167,9.220670873725048,58.63765741995272,0,2026-09-04 04:17:19
2026-09-03 08:34:00,CNC-02,M,296.7991515130181,311.97576692695264,1669.2707404388523,48.020165435115395,147.4406924168028,2.5375588383179513,15.065048643831451,61.566275210347996,0,2026-09-04 04:17:19
2026-09-03 13:08:00,CNC-02,M,297.9713903324462,312.8155832917135,1440.5585448652726,50.997713482038996,153.97677531632047,2.4544563486485536,13.808523406063774,56.11820359740337,0,2026-09-04 04:17:19
2026-09-03 10:29:00,CNC-01,L,295.081428970576,309.16744963210607,1450.5678475665716,46.3585502317449,160.9948043493526,2.4807264540097957,12.792186156415344,59.09696359488476,0,2026-09-04 04:17:19
2026-09-03 18:21:00,CNC-02,M,300.2398246448057,314.4486099942265,2235.4207548277154,30.30017460273944,152.1125901743763,3.060636268223436,12.546376119193997,51.985069273035954,0,2026-09-04 04:17:19
2026-09-03 09:05:00,CNC-03,H,295.7678840853174,310.38699916404494,1517.663371528898,46.772462480318694,201.10536576595544,2.605156668623821,13.477099754098626,52.96730668795712,0,2026-09-04 04:17:19
2026-09-03 16:20:00,CNC-02,M,,314.63219282011084,1729.417193019113,43.233340843045575,213.10882207273394,3.277155492895877,14.224127877825866,53.70947775299164,0,2026-09-04 04:17:19
2026-09-03 08:37:00,CNC-01,L,295.0477037099964,309.7453222306002,1577.3646482121576,46.885610093286104,191.7550333430857,2.8657469185105895,13.743687208910805,66.4086895767921,0,2026-09-04 04:17:19
2026-09-03 06:37:00,CNC-02,M,296.3767621015994,311.65792132880665,1905.0790885913727,41.499593845390734,236.62622239095006,3.568519477747993,14.617502896427915,55.11798829730421,0,2026-09-04 04:17:19
2026-09-03 10:41:00,CNC-01,L,295.4636242943433,310.05289642515595,1305.4047396469277,54.451646220045035,179.969831096506,2.548482854521753,13.432760252210906,58.05353141537874,0,2026-09-04 04:17:19
2026-09-04 01:00:00,CNC-02,M,298.7749202871309,311.57759353121656,2590.5947982732655,17.177633950031773,151.55350382789354,3.4332726021722055,8.470801971898236,54.51704943768012,0,2026-09-04 04:17:19
2026-09-03 13:34:00,CNC-03,H,297.6491631948926,312.40244328885404,1337.4951541468715,54.431756305339114,140.92054285271004,2.209235637482732,13.60267850795656,51.17317142401171,0,2026-09-04 04:17:19
2026-09-03 05:23:00,CNC-03,H,296.39840256726063,310.3009285016097,2238.2404651818483,29.24269880534862,124.53050298115984,3.0059849038216515,12.251823183173258,59.71542575275643,0,2026-09-04 04:17:19
2026-09-03 22:41:00,CNC-02,M,27.109044702534277,39.21648758594284,2557.5615632423337,16.729262692653112,3.235387519423303,,7.877818532098633,52.44655882672246,0,2026-09-04 04:17:19
2026-09-03 06:42:00,CNC-03,H,296.21777694471564,311.1724577539949,1818.1345946565714,41.44392582037184,229.89304883970925,3.1945166894947628,13.715974530651934,58.395217404662475,0,2026-09-04 04:17:19
2026-09-03 10:11:00,CNC-03,H,295.84120325593994,309.3774880897417,1337.378529314952,47.678911516214995,82.51320434411707,2.0473915928912776,11.999900552149816,57.91034595017642,0,2026-09-04 04:17:19
2026-09-03 12:03:30,CNC-01,L,295.947748694665,310.52629475191645,1446.6282192717065,51.579533937956235,117.02083771251951,2.292593081056149,13.870107967602296,57.68688614185525,0,2026-09-04 04:17:19
2026-09-03 09:15:00,CNC-02,M,296.689885711776,312.25340001017673,1553.9223141027207,51.51423684499087,209.0097823604501,2.963754923430927,14.983544919366855,57.37809591859428,0,2026-09-04 04:17:19
2026-09-03 04:32:00,CNC-01,L,296.8400521906659,309.95799274405107,2319.022606243132,25.218592157419614,,2.896207297840491,11.145205784700805,59.372535904901696,0,2026-09-04 04:17:19
2026-09-03 06:02:00,CNC-01,L,296.1212024642892,310.76971263299663,2080.665951059376,34.488308206586524,170.5170130160873,3.135390346427194,13.503733945567138,59.23569017867449,0,2026-09-04 04:17:19
2026-09-03 18:24:00,CNC-02,M,300.1900752412467,314.3098451939568,2150.952870316052,29.731174815110087,155.94057682339127,2.978476261285118,,49.81734147317526,0,2026-09-04 04:17:19
2026-09-03 12:14:00,CNC-02,M,297.2260829931464,311.42550220363853,1415.5352436142566,49.808056917701066,68.49897640348031,2.172959326400844,12.862876805932576,55.45082804296692,0,2026-09-04 04:17:19
2026-09-03 12:56:00,CNC-01,L,296.1725358422755,310.7837443916781,1349.5218964956766,53.058449807704704,201.2982420946072,2.8905795817493174,13.262744544767786,62.922230785481176,0,2026-09-04 04:17:19
2026-09-03 09:08:00,CNC-01,L,295.26264252062055,309.32879711502136,1451.7220834810223,49.61305568870094,35.22235445103342,2.179526917553578,13.496140755961608,61.97296063824142,0,2026-09-04 04:17:19
2026-09-03 15:32:00,CNC-03,H,298.37964378070467,312.6687987545043,1670.1424963740828,42.87294353187243,78.69062312536099,2.372680708524766,13.276801736297585,57.65231404231386,0,2026-09-04 04:17:19
2026-09-03 15:25:00,CNC-02,M,299.0350856849677,314.1049752781637,1645.38871433008,45.848696534137524,131.82156601059654,2.3918762175392723,14.184842852698404,53.76983921313934,0,2026-09-04 04:17:19
2026-09-03 14:01:00,CNC-02,M,298.2288401555755,312.2494520373093,1462.8693846023525,48.43887787244594,3.1467853714939427,21.152762355143235,13.185666649325666,53.63137615591016,0,2026-09-04 04:17:19
2026-09-03 04:30:00,CNC-03,H,296.47052561289394,310.0663972168801,2281.9591851833197,27.875308186135516,57.982385117393285,2.897188213797185,11.715873059317474,62.08235471771453,0,2026-09-04 04:17:19
2026-09-03 15:16:13,CNC-03,H,297.94168969753946,311.8650058953402,1684.503338310129,41.500393103408115,53.18534657897863,2.28806688451365,13.292533860337207,58.213649430618325,0,2026-09-04 04:17:19
2026-09-03 08:22:00,CNC-03,H,295.89121836597843,310.16134461042844,1605.0558495306823,43.44124909652609,136.4748040094532,2.346284664286407,13.327378452882026,59.96787859573415,0,2026-09-04 04:17:19
2026-09-03 07:11:00,CNC-02,M,296.23886051942907,309.9175280686734,1793.617706049891,37.95609854023296,26.672224766717807,2.4035299157415433,12.641204746700803,57.16011569351444,0,2026-09-04 04:17:19
2026-09-03 08:58:00,CNC-02,M,296.69778255820705,311.07332195000276,1436.1843302428615,46.65205580122601,183.1749876789775,2.5311354688375975,12.305548279165981,60.525044118716536,0,2026-09-04 04:17:19
2026-09-03 15:48:00,CNC-02,M,299.00699165727383,314.5160732483592,1669.4229986544299,49.04701712146007,166.25022156210895,2.755522103259051,15.537380504386649,54.24136990898552,0,2026-09-04 04:17:19
2026-09-04 01:42:00,CNC-01,L,296.89540738349604,308.3409953775024,2756.728515175974,13.12477064978777,62.1009262586143,3.354540321431485,6.91942403606148,57.892834389226444,0,2026-09-04 04:17:19
2026-09-03 04:31:00,CNC-03,H,297.0067670621468,310.52668698549377,2319.912897714871,28.154982560272842,59.18361526839072,2.853367752538884,12.139188734414208,55.64501598633298,0,2026-09-04 04:17:19
2026-09-03 05:58:00,CNC-01,L,296.0731020056057,310.7435839678672,1994.4138280707007,35.302601478812704,165.23661708462268,2.9896223167917384,13.260205469613016,57.61765452038967,0,2026-09-04 04:17:19
2026-09-03 20:45:00,CNC-03,H,26.074045696768565,39.97372413727982,2640.340688633002,450.6530812252781,216.9992703335152,3.8703870882820075,11.435781599086203,51.62167979891432,0,2026-09-04 04:17:19
2026-09-03 10:19:00,CNC-02,M,296.6915154945194,311.18468587059016,1503.316218086262,48.570325415252874,90.13760516921636,2.3101172323037513,13.635996257019496,56.29099015807164,0,2026-09-04 04:17:19
2026-09-03 17:23:00,CNC-01,L,298.33688850288775,313.17715856670526,1982.2002316274684,39.878806140490894,135.2803525263248,2.757852568764916,14.943834610337818,50.95754585673759,0,2026-09-04 04:17:19
2026-09-03 17:23:00,CNC-02,M,299.545473851831,314.10922057378207,1848.839267806077,40.00057460248899,74.43155995628443,2.479977210653788,14.207902240346282,50.733047266919534,0,2026-09-04 04:17:19
2026-09-03 17:49:00,CNC-01,L,298.4368640521079,313.0419065277443,1874.9252960515025,37.90889057071392,170.46161014244078,2.9821905573925007,13.052362075396283,58.76810008820363,0,2026-09-04 04:17:19
2026-09-03 16:14:00,CNC-01,L,297.6482033082323,311.59797348814743,1657.9335920926972,42.572752265872595,38.053985617841725,2.2291148651141595,13.265124043236407,54.871627386486765,0,2026-09-04 04:17:19
2026-09-03 10:23:00,CNC-01,L,295.17066663211045,309.9817805027849,1489.7421007434446,51.318480914282745,151.5751424561365,2.4750527083045903,14.154983117450213,60.17515951722968,0,2026-09-04 04:17:19
2026-09-03 22:43:00,CNC-01,L,25.33684085801883,37.24503885018106,2714.9569659653434,14.2080607238819,98.84394974874915,3.3160002543927964,7.400285057021179,58.2894714830561,0,2026-09-04 04:17:19
2026-09-04 01:22:00,CNC-01,L,297.0060181458112,309.0626784385507,2684.916281281454,17.672763138076753,40.56217003908608,3.225973272914111,9.140715116910382,55.68944640727899,0,2026-09-04 04:17:19
2026-09-03 10:32:00,CNC-01,L,295.04272171112154,309.52195189883315,1385.218888780161,49.246712946033185,165.72731823394983,2.512761739144205,12.610740003294119,60.25477782997199,0,2026-09-04 04:17:19
2026-09-03 13:42:00,CNC-03,H,297.3457823440759,312.07733538975236,1449.2866125303353,51.2728925368034,153.44190818175915,2.2809686971125473,13.766243591767747,55.52506335752674,0,2026-09-04 04:17:19
2026-09-04 03:23:00,CNC-01,L,296.2660354357575,309.37291015814225,2599.1349440916447,20.16836690527454,174.99997754999563,3.586806809847962,9.815290783314401,60.53453045325238,0,2026-09-04 04:17:19
2026-09-03 20:58:13,CNC-03,H,26.262778773485195,40.2122590911419,2580.79851187427,23.432630545504608,232.8474960573007,3.945455476137666,11.106288898660782,49.53088299348275,0,2026-09-04 04:17:19
2026-09-03 23:51:00,CNC-01,L,298.24218721025414,310.90203010326485,2676.921456746144,17.289165231358382,171.56257379173624,3.782857510432225,8.535766184461213,51.09287068486959,0,2026-09-04 04:17:19
2026-09-03 07:17:00,CNC-01,L,295.24368332329317,309.5510302890835,1726.4778928601302,40.83189502274793,75.0759194725082,2.310626083022033,13.085337519578841,57.098954297006614,0,2026-09-04 04:17:19
2026-09-03 08:49:00,CNC-02,M,296.6106819333317,311.52290773042523,1623.4998909043313,47.85824416462816,169.7158416741383,2.586747024557858,14.512284399963713,55.2581844417614,0,2026-09-04 04:17:19
2026-09-03 14:46:00,CNC-03,H,298.26769783141896,311.97619176698794,1614.4220679109794,42.39917223686396,9.11937264798114,2.268386611109098,13.038765099082665,54.02137680055946,0,2026-09-04 04:17:19
2026-09-03 12:43:00,CNC-02,M,297.5955099959959,311.8580676397482,1371.500072902132,50.80897298851524,114.45244969559892,2.2572101329549037,13.266116487856467,56.82840593641775,0,2026-09-04 04:17:19
2026-09-03 17:54:00,CNC-02,M,299.92879447593185,314.7023812450974,2059.728559283839,36.706515038176974,116.39364445900358,2.7235278474270044,14.085452569903802,45.82656088690569,0,2026-09-04 04:17:19
2026-09-03 09:45:00,CNC-03,H,295.65145754534063,309.8198569765414,1475.7942797140897,48.89879858899276,41.83290703176286,2.149618975364553,13.37516849154761,59.2778079688963,0,2026-09-04 04:17:19
2026-09-03 17:44:00,CNC-02,M,300.07127984237013,314.5579956676404,2124.9030802144966,34.072755106321466,103.18342477757588,2.8242537425863965,13.770859742499313,53.741340278488195,0,2026-09-04 04:17:19
2026-09-03 23:02:00,CNC-02,M,26.84128918035765,39.22085700899498,2631.396039048037,16.199056538360978,25.897320773162342,3.100178935985221,8.085487872374774,49.633078968313285,0,2026-09-04 04:17:19
2026-09-03 09:15:00,CNC-01,L,295.1176001405291,309.01758865394936,30502.375635871776,48.2880275624373,46.03767796231805,1.9398827137902495,12.808973843354858,64.23014427085779,0,2026-09-04 04:17:19
2026-09-04 00:57:00,CNC-03,H,297.8368913206254,311.6851092603839,2650.9674635799443,22.016775004291304,219.06402401415693,3.92107760794539,10.522952403189482,54.49426190889468,0,2026-09-04 04:17:19
2026-09-03 18:22:00,CNC-02,M,300.31496432232854,314.4236882539132,2136.5236686016183,31.216755631529406,153.38166119067458,2.9465391923909134,12.372856703801457,50.90126551440504,0,2026-09-04 04:17:19
2026-09-03 10:43:00,CNC-02,M,296.69631448896513,311.35212650915815,1511.8543773280608,47.47971764575787,127.84041672189184,2.3007283865426404,13.456500659145084,58.4895829469716,0,2026-09-04 04:17:19
2026-09-03 04:53:00,CNC-02,M,296.80683522372783,310.2993739868795,2241.7303015607977,26.67403395343484,99.53250981901351,2.816493686936865,10.998599466225274,54.0998215513851,0,2026-09-04 04:17:19
2026-09-03 18:59:00,CNC-03,H,299.2860249225739,312.92183559547743,2405.339117995344,26.438910752004965,89.86079881430118,2.9664921268739537,12.032867984540037,50.82454329135941,0,2026-09-04 04:17:19
2026-09-03 06:11:00,CNC-03,H,296.4453500638789,310.84261008051504,2218.415761193298,31.284785747169476,187.60674315431731,3.203633759391601,13.22823447630776,59.04337335594038,0,2026-09-04 04:17:19
2026-09-03 21:38:00,CNC-02,M,300.55233902087423,313.7794515853823,2591.7768467993083,19.593272476250064,162.29643725113263,3.420971043550923,9.334566388360349,50.836784878450345,0,2026-09-04 04:17:19
2026-09-04 02:02:00,CNC-03,H,297.4366512154524,308.82088526977606,,14.0293649256968,25.87266584102184,3.320590075349191,7.195704794176757,51.49159627768489,0,2026-09-04 04:17:19
2026-09-03 12:17:00,CNC-02,M,297.51023624311483,312.1666904971534,1405.033228350161,54.32136666516644,73.24624142861975,2.0408735332635395,14.55899204939858,56.25531562151668,0,2026-09-04 04:17:19
2026-09-03 09:37:00,CNC-01,L,295.02946759986196,308.9214892738248,1576.5693752656482,42.33601987217033,80.02788607379115,2.2958072084591246,12.583970531011737,61.955864404617685,0,2026-09-04 04:17:19
2026-09-04 03:50:00,CNC-02,M,296.9573044494097,310.8960635274524,2275.734331404853,26.22552253430716,133.76276239419684,3.0060943295462863,11.304863197880605,56.053098112499654,0,2026-09-04 04:17:19
2026-09-03 18:05:00,CNC-02,M,299.7237674419786,313.92942535177787,2070.1856188135766,32.69701472017774,131.10767371698998,2.8315735501287316,12.592767675835685,53.0275877154983,0,2026-09-04 04:17:19
2026-09-03 04:33:00,CNC-03,H,296.7897733273243,309.6010606780845,2266.281053796093,23.63846693943402,61.65868814252106,2.899614358582725,9.966697132976376,52.1887902293261,0,2026-09-04 04:17:19
2026-09-03 19:37:00,CNC-03,H,299.3543039733326,312.98677265724234,2262.262544062207,26.51618047362915,136.74319772127905,2.987072735478931,11.265294846435363,57.25959480314144,0,2026-09-04 04:17:19
2026-09-03 07:19:00,CNC-03,H,295.9839750023359,309.500740778192,1812.792273720803,35.990350872876654,45.05148813618954,2.463791735963031,12.299401400318953,58.05378524458997,0,2026-09-04 04:17:19
2026-09-03 16:10:00,CNC-02,M,299.2287886608971,314.80959650520396,1821.215490664034,45.75695881676589,198.49836445354148,3.091622238693411,15.354482625422355,53.144313233325796,0,2026-09-04 04:17:19
2026-09-04 01:51:00,CNC-01,L,297.00289951657743,308.935898420856,2626.230171257422,15.537529574986324,71.87916800949951,3.194179298856378,7.913553595850573,57.27823438507256,0,2026-09-04 04:17:19
2026-09-03 17:29:00,CNC-01,L,298.28800268458264,312.701726617307,1924.0621249240278,36.62858840449117,143.44198378244926,2.7570727039249476,13.250111254589907,55.47319348833423,0,2026-09-04 04:17:19
2026-09-03 19:45:00,CNC-02,M,305.8333305500869,313.25444363197494,2301.39352740974,25.55822199744108,31.76549120528976,2.971118328794728,10.90800928397934,43.446724132526334,0,2026-09-04 04:17:19
2026-09-04 03:24:10,CNC-02,M,297.2015203512401,310.06416457554104,2526.0355648996397,19.745454395738506,104.38927890300445,3.1525335560755234,9.369602885753205,57.466092264769216,0,2026-09-04 04:17:19
2026-09-03 15:28:00,CNC-02,M,298.4887974429664,313.32114446655464,1494.2782195230268,49.947452478521846,136.37495858748204,2.329212801835691,13.655977202785772,61.52019666365308,0,2026-09-04 04:17:19
2026-09-04 00:25:00,CNC-01,L,297.9471032354532,311.0735537902165,2622.346547700963,19.63227338308632,207.95992168735654,3.983380956434919,9.92733470537468,55.05372318547434,0,2026-09-04 04:17:19
2026-09-03 11:25:00,CNC-02,M,297.0677835792839,311.6032089904264,1335.306989262466,52.62800887326438,194.37498161058255,2.5671055239946403,13.069042254297111,58.13416001011326,0,2026-09-04 04:17:19
2026-09-04 03:16:00,CNC-02,M,297.747355654012,311.66791453295303,2486.066165425218,23.61841387371691,94.03836091647847,3.1527704266746155,10.952301112856988,52.60055651608983,0,2026-09-04 04:17:19
2026-09-03 23:50:00,CNC-03,H,298.2882971513212,311.2912964646931,2784.5689564178756,,147.62925843371548,3.4577680518331686,9.894974445597965,52.52150572063674,0,2026-09-04 04:17:19
2026-09-03 15:26:00,CNC-02,M,299.03725123918133,313.6543101389418,1624.9661470609753,,133.3230355215473,2.50864547342262,13.073227003474308,50.02277510195259,0,2026-09-04 04:17:19
2026-09-03 11:52:00,CNC-03,H,301.7993673597209,310.8600600664224,1311.164482453285,58.081275636710124,242.2712501126726,2.8527562630247503,14.238203166445155,52.83888113059825,1,2026-09-04 04:17:19
2026-09-03 12:54:00,CNC-02,M,297.70771926535474,312.18891823760146,1500.5187922115117,49.295577620821476,131.87548628370612,2.3371460802799358,13.846178705925029,53.40295418956697,0,2026-09-04 04:17:19
2026-09-03 18:16:00,CNC-03,H,299.0758181666427,312.76929655280696,1894.0539585020565,36.5368546376796,34.88272801084673,2.5291980502887736,13.16727385054716,51.9173512864144,0,2026-09-04 04:17:19
2026-09-03 10:21:00,CNC-03,H,295.8783233907268,310.6310242289299,1483.1663089199149,51.3127589930048,98.2455772223178,2.1836668444726426,14.23943483577328,55.09503257088507,0,2026-09-04 04:17:19
2026-09-03 13:57:00,CNC-01,L,302.39137099694784,310.5889337393414,1389.2811981417,52.79766414297049,69.14347407857954,20.727276091028514,13.91448203532927,49.09598165024338,0,2026-09-04 04:17:19
2026-09-03 19:04:00,CNC-02,M,300.23111781987933,314.52866916320505,2282.15743008555,27.012075529704596,206.60692566273076,3.539532804409332,11.642418608771248,53.03316121793665,0,2026-09-04 04:17:19
2026-09-03 13:05:00,CNC-02,M,297.849158587173,312.57269416106493,1366.484578416023,53.925484689934564,149.2286230689408,2.1834893636721846,13.586485207126744,56.59587758457661,0,2026-09-04 04:17:19
2026-09-03 20:00:00,CNC-03,H,26.133398288750584,39.288404915353965,2515.274385808729,20.951922964674004,164.35007762377504,3.297564917084106,9.570080610144647,52.586569863288936,0,2026-09-04 04:17:19
2026-09-03 12:42:00,CNC-01,L,296.03259391306466,310.62667046204774,1415.0844400523458,54.292116152287505,179.08463029426312,2.613093618467687,14.3821346257734,49.19489419606186,0,2026-09-04 04:17:19
2026-09-04 03:24:00,CNC-03,H,296.02040996037385,310.090109359317,2557.9478815281436,25.96709897552063,118.41144366228971,3.2458795075467344,12.090776643360803,56.59953280357908,0,2026-09-04 04:17:19
2026-09-03 14:34:00,CNC-03,H,298.02141690860657,313.3940892228508,1446.6196080424174,54.135606216467735,234.22130709653243,2.876420629600288,14.491409681401505,53.37119515756078,0,2026-09-04 04:17:19
2026-09-03 23:49:00,CNC-03,H,298.0809559635581,311.8733345182244,2739.927560138801,22.363590827781582,146.59925843371548,3.4782377625715837,11.491622718489872,56.98172054855958,0,2026-09-04 04:17:19
2026-09-03 18:04:00,CNC-01,L,298.5776331865969,313.40794691971337,2171.852230542234,34.45456559149403,190.38266657319951,3.4637416275118307,13.927517974977448,56.74382150292343,0,2026-09-04 04:17:19
2026-09-03 08:21:00,CNC-01,L,295.1210036959551,310.194024708633,1634.4964906265918,45.58800323506273,168.0172674072392,2.6080161807907514,13.921931710439125,63.485618167611854,0,2026-09-04 04:17:19
2026-09-04 01:01:00,CNC-01,L,297.45488502526604,308.3606192642089,2749.394645213012,11.435849799949132,18.232409814135483,3.3563696489931387,5.738305123971204,53.366853557122475,1,2026-09-04 04:17:19
2026-09-03 13:15:00,CNC-01,L,296.4901794161356,310.35758397928305,1382.0055023764326,51.05797734982418,3.177977109075106,2.01204828302323,12.995128733857877,54.74964510552591,0,2026-09-04 04:17:19
2026-09-03 13:38:00,CNC-01,L,302.06061830302224,309.56815196264637,1337.108467203841,49.2269994728579,39.42253362707874,1.9221272159776934,12.185400390229407,46.80871630614558,1,2026-09-04 04:17:19
2026-09-03 14:13:00,CNC-03,H,297.74308568786853,312.7068571286864,1404.8509242328914,54.13850996094906,201.90757381590274,2.6015372197328994,14.146822587655171,53.8026585848799,0,2026-09-04 04:17:19
2026-09-03 14:40:00,CNC-01,L,302.5603173220406,311.56035547597156,1584.966331205253,50.577410485223716,135.98088518782967,2.370983350484989,14.844800898333194,45.823193652254524,0,2026-09-04 04:17:19
2026-09-03 19:52:00,CNC-01,L,299.37144284428757,312.09116556290957,2432.4667611715586,21.880303541124388,100.95466154486033,3.0455721180356847,10.079896054720649,53.308176475509825,0,2026-09-04 04:17:19
2026-09-03 14:10:00,CNC-03,H,297.56390490173425,312.371679482247,1510.0577268250113,48.993811575620164,197.21708361919178,2.715219308552311,13.942127821592733,55.96896444013185,0,2026-09-04 04:17:19
2026-09-03 19:22:00,CNC-01,L,298.9602856227255,312.32392285171835,2273.152842394209,27.020368738393742,64.3395785810907,2.9606436322740466,11.359102704335598,53.1564801926207,0,2026-09-04 04:17:19
2026-09-03 15:38:00,CNC-03,H,298.3963309654452,312.80900574193237,1761.4566767941105,41.96909093590226,87.65162242121538,2.392662824660278,13.999146556170734,52.28490691785554,0,2026-09-04 04:17:19
2026-09-03 15:20:00,CNC-01,L,297.2801834590942,311.66039271896864,1723.9912970667087,39.86337648458907,196.75558645719286,3.0677243817914372,12.909143142789807,58.41630689223284,0,2026-09-04 04:17:19
2026-09-03 10:42:00,CNC-03,H,295.9102210840124,310.43648715745667,1444.4486408141415,51.322183102034046,131.33498381669017,2.247883663918323,13.883253763573336,55.57926848376115,0,2026-09-04 04:17:19
2026-09-04 04:05:00,CNC-03,H,296.2554409936125,310.75522671858613,2379.7801524394213,30.065715779544437,166.98359340836166,3.304907283532579,13.30262087261414,57.305865881960365,0,2026-09-04 04:17:19
2026-09-03 15:23:00,CNC-01,L,297.6208851921527,312.27548491172155,1603.638486132601,45.75289759265016,201.26835269889693,3.0939171938274046,13.630099739575098,57.63306719427264,0,2026-09-04 04:17:19
2026-09-03 22:00:00,CNC-02,M,300.35211116213026,314.2596376997669,2548.3743009211535,23.78169983913134,186.40172296474523,0.0,11.343837592106267,56.12761371619592,0,2026-09-04 04:17:19
2026-09-03 15:16:00,CNC-01,L,297.12000519216235,311.8388635284713,1582.5654382189446,46.68982299086001,190.78333384507638,2.8805762812978317,13.538542547314291,55.37833375810768,0,2026-09-04 04:17:19
2026-09-03 05:05:00,CNC-02,M,296.8397525752573,310.69412698246765,2246.9617918953018,29.058769377262845,114.72269710896553,2.881016875119959,12.270339745015539,58.645266834112384,0,2026-09-04 04:17:19
2026-09-04 00:03:00,CNC-01,L,298.06736891015163,310.8453568157731,2738.954617441794,17.043202667409908,184.33175864532745,3.7842557552537914,8.640689546058677,51.904481166066475,0,2026-09-04 04:17:19
2026-09-04 01:38:00,CNC-02,M,298.93442286295067,311.50930348952033,2698.4437343136838,15.175905552929425,192.26536818458356,3.834743797984808,7.852682875189401,50.96042312814424,0,2026-09-04 04:17:19
2026-09-03 17:57:00,CNC-02,M,299.938871450762,314.0746661794528,1928.3254025651063,34.22649681408536,120.50836023124498,2.6097473544909184,12.312534389407672,49.87493516591407,0,2026-09-04 04:17:19
2026-09-03 16:14:00,CNC-02,M,299.22225044035883,314.0553626795862,1627.1525287703184,46.28401513945188,204.31575749321303,3.0252258935931406,13.898753210979558,57.22584575980646,0,2026-09-04 04:17:19
2026-09-03 10:08:27,CNC-01,L,295.30566477251705,309.49213607005015,1251.3772227994234,54.49870187190527,129.67313532375695,2.1268770041265723,12.42868776946266,57.15202060844304,0,2026-09-04 04:17:19
2026-09-03 23:10:00,CNC-01,L,25.0460535321742,38.0436898202297,2650.5735860493273,20.489465632250123,127.97267192620977,3.3274101127882316,9.980577964395682,56.32753807559046,0,2026-09-04 04:17:19
2026-09-03 16:46:00,CNC-02,M,299.5730417383898,313.44320127405985,1752.1578581713857,36.51400104477155,22.79798081507206,2.3359692448590614,12.16887819228376,53.0048133242307,0,2026-09-04 04:17:19
2026-09-04 02:12:00,CNC-03,H,296.8814282564973,308.70937203790095,2686.826579850467,15.319542628579924,36.9207044187153,3.1569912701194154,8.00056668440963,58.04584713264125,0,2026-09-04 04:17:19
2026-09-03 18:49:00,CNC-02,M,300.0337816701672,315.2789239005832,2153.893032624711,35.965006038963026,187.68326290453726,3.35299739706625,14.62622363985241,54.05027548677215,0,2026-09-04 04:17:19
2026-09-03 19:52:00,CNC-03,H,299.47079764286383,313.4141611090437,2378.985024447227,28.053794566044466,154.9144878223826,3.1869380542102017,12.36565863149195,53.02588367057343,0,2026-09-04 04:17:19
2026-09-03 09:57:00,CNC-01,L,294.7997469427524,309.2386504006818,1385.9356484883358,52.63511316684888,110.99802086004048,2.1844545466414025,13.671797982219466,55.44015564953224,0,2026-09-04 04:17:19
2026-09-03 18:20:00,CNC-03,H,299.29816706872964,312.74425790748097,2151.7681494179415,29.52059471555242,40.06661293308815,2.7891303306140394,11.913853011568662,48.351648417494,0,2026-09-04 04:17:19
2026-09-03 08:53:00,CNC-02,M,296.9044883617521,312.2344613310351,1634.3725956370254,49.54267686847758,175.60301735113933,2.7376843244486126,15.275345390920027,56.139302103748385,0,2026-09-04 04:17:19
2026-09-03 14:26:00,CNC-03,H,297.9469052115711,313.1087149873226,1653.7560925300781,48.132878707682295,221.93763793646605,2.883771134106645,15.117894649218092,57.51520978827128,0,2026-09-04 04:17:19
2026-09-03 07:34:00,CNC-02,M,296.8410903739179,311.1079849156777,1817.1712640190892,40.67729295676905,59.38004805860586,2.4629014644158893,14.039609398524918,54.14146030971698,0,2026-09-04 04:17:19
2026-09-03 12:23:20,CNC-02,M,297.63301458452713,312.22324095745205,1438.0369121518065,52.19561558965181,84.35659002121328,2.21235648975541,14.143433295119587,56.41946762843113,0,2026-09-04 04:17:19
2026-09-03 17:46:00,CNC-03,H,298.6948324616449,313.9939000285469,2034.9157844083513,37.13842478722847,269.0378211343269,3.955324390845878,14.469920381192392,54.625699595530975,0,2026-09-04 04:17:19
2026-09-03 15:21:00,CNC-03,H,298.3199565939305,312.16922202179086,1594.1448545456042,44.0017086990324,62.31208872334978,22.69667623867372,13.131316236113072,53.820085755709556,0,2026-09-04 04:17:19
2026-09-03 06:31:00,CNC-03,H,295.9741010555339,311.0459411718692,1935.1956448265757,40.32147376032247,214.76779173731413,3.1180889275075296,0.0,60.0820772090843,0,2026-09-04 04:17:19
2026-09-03 19:29:00,CNC-02,M,300.58678435383564,313.42908566650635,2348.468249716832,23.94019760021504,12.196232634218848,2.871466644771478,10.4995813751255,51.999068958857656,0,2026-09-04 04:17:19
2026-09-03 11:23:00,CNC-01,L,295.88398160498497,309.4245833338906,1347.3535162547435,49.23993138982444,53.59543437688501,1.989708776741412,12.384759672486853,55.906472046170286,0,2026-09-04 04:17:19
2026-09-03 09:07:00,CNC-01,L,,309.1457265837444,1525.9780018903928,48.379942873182166,33.678186986570196,2.1369945528716645,13.78170519152605,60.416636910370215,0,2026-09-04 04:17:19
2026-09-04 03:22:00,CNC-03,H,296.08290647821514,309.1325431124841,2340.3685028771897,23.503184304305435,116.11917403848165,3.083272508328948,10.113274059351749,59.90185987936349,0,2026-09-04 04:17:19
2026-09-03 13:13:00,CNC-03,H,297.31044985710315,311.5729541099701,1346.3386285833606,52.07725344408553,107.81112283312733,2.2013447795770404,13.115073265124982,59.84683633030495,0,2026-09-04 04:17:19
2026-09-03 10:55:00,CNC-02,M,296.84037430599733,311.8334068742206,1581.5489296032688,49.46640851573117,146.90094850554274,2.465684905155076,14.51811405247361,54.293552077498354,0,2026-09-04 04:17:19
2026-09-04 01:34:00,CNC-01,L,296.98376180964675,309.39664685851545,2684.168498349515,18.38205289576515,53.4953657850183,3.1948671245595217,9.233961014576963,55.71385327681815,0,2026-09-04 04:17:19
2026-09-03 05:18:00,CNC-02,M,296.8943806119678,311.28723304710275,2195.861631244491,31.574669788733765,131.482530463601,2.969248356790978,12.75247607735225,55.316180225638234,0,2026-09-04 04:17:19
2026-09-03 12:22:00,CNC-02,M,297.56581133441034,311.80360552221003,1373.2726533550958,53.159651042442846,81.19224617707124,2.128669439237273,13.636178473644408,56.553311732853714,0,2026-09-04 04:17:19
2026-09-03 21:07:00,CNC-03,H,299.4613925042461,314.0318725596327,2370.55119832005,28.349462535060486,242.02075961892746,3.9143848947284625,12.578215332635205,54.01551791752157,0,2026-09-04 04:17:19
2026-09-03 08:13:00,CNC-03,H,295.8375145839967,310.7767362410762,,47.83882282584158,123.17767761376963,2.410037654044817,14.847956424656113,51.36709939370081,0,2026-09-04 04:17:19
2026-09-04 03:40:00,CNC-01,L,296.14001187388965,309.2633897482227,2532.0246242448334,20.711868787155097,194.8637779362489,3.8581572167557896,9.976950637774168,55.29722159057464,0,2026-09-04 04:17:19
2026-09-03 06:01:23,CNC-03,H,296.1857316430338,310.6437418036109,1983.6407855368413,35.14383070947797,175.66935629499213,3.0041552645880802,13.284975608106057,61.511421441727684,0,2026-09-04 04:17:19
2026-09-03 13:29:00,CNC-01,L,301.71640733120296,309.2522634217223,1473.9148912750154,45.11695871024298,25.294181861532444,2.068786775628912,12.345897198185025,48.61595949019268,0,2026-09-04 04:17:19
2026-09-04 02:07:00,CNC-02,M,298.3267708193848,310.5544294313194,2607.4716939583136,17.160010410652728,16.392349278352988,3.0558190497268947,8.355734587725754,55.82375373902684,0,2026-09-04 04:17:19
2026-09-03 22:08:00,CNC-01,L,298.48632170350726,309.83860463399736,2571.616746412604,14.53404569149824,61.092910481279205,3.1926324456370785,6.807977257766017,55.6867413037837,0,2026-09-04 04:17:19
2026-09-03 11:51:00,CNC-03,H,301.73869221804995,310.7586386964311,1400.275727326616,52.30083260415853,240.6712501126726,2.97312862533435,13.471715378794904,45.643686527245926,0,2026-09-04 04:17:19
2026-09-03 07:51:00,CNC-02,M,296.5244044491147,310.5141864910404,1605.7425179875245,41.72313304695273,84.02719163606768,2.2661037562351067,12.484919703254468,54.53609488380183,0,2026-09-04 04:17:19
2026-09-03 11:22:00,CNC-03,H,301.7072196633131,311.48413684971075,1515.2156042549411,57.493618119901505,194.6890753395581,2.6975288059957707,16.208492521394,53.436504557843136,1,2026-09-04 04:17:19
2026-09-03 12:15:00,CNC-03,H,302.15151432459146,309.74073169438395,1363.2190054480027,49.91974268696987,15.811546283496911,2.04816587045391,12.799675288800474,45.613788064288435,1,2026-09-04 04:17:19
2026-09-03 13:51:00,CNC-03,H,297.4647703540333,312.0235225148911,1444.7595198263118,49.81750017683526,167.51812059944785,2.3676114998972384,13.658050088854539,56.13918692318967,0,2026-09-04 04:17:19
2026-09-03 14:49:00,CNC-01,L,303.04338024871856,311.45871059274333,1415.8803976076824,49.611105969981345,149.73076114232296,22.853334375644778,13.21247364638054,45.104084807442,0,2026-09-04 04:17:19
2026-09-04 01:38:00,CNC-03,H,297.35059876514936,,2554.2699315687883,18.22321196351482,0.0,3.0242340386989155,8.580286777756017,57.3002112822598,0,2026-09-04 04:17:19
2026-09-04 01:57:00,CNC-01,L,297.4022411044487,310.3421346083468,2491.500815673071,22.62429215229136,78.49721687132633,3.0031059707163386,10.854053397341128,55.412607148738,0,2026-09-04 04:17:19
2026-09-03 10:48:00,CNC-03,H,295.96917453476163,310.49056195292854,1419.9799966394617,52.521287500794784,140.85678060600412,2.274224796915821,13.91337021944803,56.72998661025957,0,2026-09-04 04:17:19
2026-09-03 14:43:00,CNC-02,M,298.6477113188152,313.2792709889226,1638.0941839727632,45.435557718422686,68.30028847802036,2.1919970786337712,14.002020903670985,55.26963413282067,0,2026-09-04 04:17:19
2026-09-04 03:20:00,CNC-01,L,296.1049251395025,310.1020402110575,2448.328021400125,,171.61019510006363,0.0,12.265341499428914,56.86171255732821,0,2026-09-04 04:17:19
2026-09-03 06:20:00,CNC-02,M,296.2851520352414,311.39843378233206,2099.7108351071847,35.466359551458105,,3.318395683190768,13.883123641239608,57.72860605604069,0,2026-09-04 04:17:19
2026-09-03 14:04:00,CNC-03,H,297.5381849389318,311.93679884191704,1364.3304497889428,50.86261255136123,187.9205705176582,2.460708267666473,12.871565727043693,57.783491885853714,0,2026-09-04 04:17:19
2026-09-03 15:09:00,CNC-03,H,298.30431744481217,312.133718009005,1512.4997805919768,45.88267881437803,44.165876295583374,2.16036209806504,13.048093090738227,54.517456830269985,0,2026-09-04 04:17:19
2026-09-03 12:31:00,CNC-03,H,302.3766685767359,310.82733889470654,1492.881568593684,53.009085344937674,41.194679199664535,2.236284481114587,14.983082207414526,45.19650717955141,0,2026-09-04 04:17:19
2026-09-03 11:46:00,CNC-02,M,297.24906698941396,310.94383940642496,1362.2621635214205,48.80361751947615,23.875819092694506,2.1352237590634955,12.465340802298135,56.20423121593462,0,2026-09-04 04:17:19
2026-09-04 03:42:00,CNC-01,L,296.11009808066376,310.3156273427359,2385.6896798137554,27.432399743815825,197.22399262485024,3.7344219616106673,12.063427292600592,57.777212701853685,0,2026-09-04 04:17:19
2026-09-03 04:20:00,CNC-02,M,296.79732373987304,310.1403830353445,2375.8275346115943,25.54146027723688,58.89672929220759,2.972933140954688,11.258813038066103,56.96802197237326,0,2026-09-04 04:17:19
2026-09-03 19:42:00,CNC-02,M,300.44365447161175,313.5413053833786,2300.4337062259333,24.494047891842595,28.076242095530215,2.8608458615576318,10.570492984107178,52.07962950333196,0,2026-09-04 04:17:19
2026-09-03 21:58:00,CNC-01,L,298.7360353263977,311.2481664611103,2582.666594645187,19.029416909889445,50.01755498787522,3.122521035687008,9.31443482474562,51.08930216788591,0,2026-09-04 04:17:19
2026-09-03 12:47:00,CNC-01,L,296.206337535764,310.9854335107381,1406.3059240503183,54.69620858102948,186.987802404106,2.668372153363461,14.202307267127352,56.543943385213204,0,2026-09-04 04:17:19
2026-09-03 09:57:00,CNC-03,H,295.80892314409994,309.8771123426136,1504.3836095226245,46.88637968231038,60.59820062479251,21.254888186963726,13.056591794311691,56.788509267077956,0,2026-09-04 04:17:19
2026-09-03 16:33:00,CNC-01,L,297.9482708783989,312.2707684765369,1875.2849843281876,39.30512652611823,65.50529984709807,2.452945628328861,13.82820644668412,56.89210471646499,0,2026-09-04 04:17:19
2026-09-03 11:30:00,CNC-03,H,301.5122559098153,310.31168946250716,1490.501946013095,49.23440257508188,207.42774052499823,2.726174093247823,13.884557656999867,49.897474467295005,0,2026-09-04 04:17:19
2026-09-03 12:23:00,CNC-03,H,302.11862026901946,309.83307779792926,1338.0024654201563,50.87109363741225,28.505413384538794,2.047990158744493,13.156237138490852,44.71239665561382,1,2026-09-04 04:17:19
2026-09-04 00:09:00,CNC-02,M,299.606294839648,311.0783889663401,2743.5500954360623,11.099947652450918,97.2516173600321,3.3239811604227025,5.75585143757601,51.90338177744585,1,2026-09-04 04:17:19
2026-09-03 06:32:00,CNC-02,M,296.23976195731854,311.9395683462826,1988.3255898109953,40.578772236496164,229.72578312631921,35.59941477884612,14.914194821667632,60.31300941060142,0,2026-09-04 04:17:19
2026-09-03 14:32:00,CNC-01,L,302.63334960801836,311.061554156285,1441.6235427577626,49.485184012842716,123.67586854134207,23.010985473175538,13.530595584224109,47.68802409469253,0,2026-09-04 04:17:19
2026-09-03 05:39:00,CNC-02,M,296.6927061779291,310.95004363737087,2098.4738388498995,32.18087008754155,158.553828612971,3.0377764204895983,12.545536359676067,59.84521714516815,0,2026-09-04 04:17:19
2026-09-03 16:10:00,CNC-01,L,297.85678853008267,312.28407875335654,1820.9567960114102,41.65349762498494,32.148812579365924,2.395531661862472,14.247332103275092,58.6553628973473,0,2026-09-04 04:17:19
2026-09-03 06:08:00,CNC-01,L,295.88145535730206,310.5126620135006,2058.313984407142,35.150369280541454,178.58951795710186,32.315360404672674,13.49495266206418,57.7511747330269,0,2026-09-04 04:17:19
2026-09-03 13:25:00,CNC-03,H,297.3567824880083,312.2543509573438,1485.322034467192,53.2261551174336,126.73136107100909,2.2271722554913707,14.865912642868155,55.59300373130176,0,2026-09-04 04:17:19
2026-09-03 07:29:00,CNC-02,M,296.5731856080296,310.3899106471945,1732.0692349062992,39.80235329399312,52.158776757350836,2.3122568146808042,12.794142987253306,55.8107847904751,0,2026-09-04 04:17:19
2026-09-03 19:48:00,CNC-01,L,298.93290484092745,312.4064576365193,2297.020409338719,27.698166990828025,96.20340844639314,2.903091339656166,12.259536079434792,53.54418406528313,0,2026-09-04 04:17:19
2026-09-03 11:06:00,CNC-02,M,297.3829608143532,311.9828688289705,1317.8227283984143,54.69482157610727,164.2049928474329,2.2632220285528395,13.811940207013862,57.85325192855617,0,2026-09-04 04:17:19
2026-09-04 01:14:00,CNC-03,H,297.85589156882236,309.92891095308283,2751.456625580936,12.813295565432133,237.45864728221366,40.46909081063335,6.809502331368117,52.63078267015649,0,2026-09-04 04:17:19
2026-09-03 08:22:00,CNC-01,L,295.14199120583567,310.07078283550544,1572.034108528648,49.2611659385857,169.5148464884992,2.648590397106417,14.701784295796529,60.070393023835926,0,2026-09-04 04:17:19
2026-09-03 21:48:00,CNC-03,H,299.04965709710496,311.7384041137671,2504.0818503868995,22.48755152569037,16.711178740383794,2.980266734546391,10.52241291566989,54.96342924817404,0,2026-09-04 04:17:19
2026-09-04 00:48:00,CNC-03,H,297.87894121396715,310.82773945438043,2700.9984803052166,17.58955841334047,209.41545082480658,3.8943744904497253,8.774870046256476,55.08452564986099,0,2026-09-04 04:17:19
2026-09-03 18:29:00,CNC-03,H,299.0118305010266,312.71891163618335,2012.2529026955822,34.55620098213961,51.85029618762937,2.5370045414226796,13.068380600226842,53.36331558896624,0,2026-09-04 04:17:19
2026-09-03 10:38:00,CNC-01,L,295.309780798383,310.62338465172127,1541.6341304170653,51.74686395457347,175.19635174724888,2.7132365474181444,14.914021922909788,60.587365903270964,0,2026-09-04 04:17:19
2026-09-03 19:30:00,CNC-03,H,299.2573977865181,312.9759089303379,2326.1391425331726,27.815177586483006,128.2852392570622,3.1277788030431264,12.002593669241682,55.41504662194505,0,2026-09-04 04:17:19
2026-09-04 01:41:00,CNC-03,H,297.3514157160563,309.0883427002192,0.0,16.733853850570505,3.1683191782674056,3.177117707428277,8.464221056280453,55.32300696602201,0,2026-09-04 04:17:19
2026-09-03 16:19:00,CNC-03,H,298.5961646651667,313.5987796797696,1664.7589157587129,46.182306501781845,147.84320083706518,2.4372989843612567,14.56625801244272,51.74089887635134,0,2026-09-04 04:17:19
2026-09-03 13:38:00,CNC-02,M,298.06433868351087,313.2554294764827,1495.204952288892,50.00278849474893,201.37168020372474,2.916356313905049,14.02183878242628,51.19868445539276,0,2026-09-04 04:17:19
2026-09-03 09:13:00,CNC-02,M,296.5412317155444,311.0072313551219,1520.2103637206876,44.50513107997256,205.94074261432334,2.7849785611499556,12.48277966758417,60.84344707759705,0,2026-09-04 04:17:19
2026-09-03 10:51:00,CNC-01,L,295.4659875075429,309.216990947631,1501.8355910706828,47.34321074097249,3.129761033255184,2.188932040102745,13.050697462632007,54.22912320181292,0,2026-09-04 04:17:19
2026-09-03 16:37:00,CNC-03,H,298.55677124565597,313.0386968907837,1837.1356094255632,40.26798676870533,173.6112177595358,2.9309811602329736,13.931159163444953,56.47185610430452,0,2026-09-04 04:17:19
2026-09-03 14:11:00,CNC-02,M,298.3190984955443,311.9156570374213,1294.9187743980674,50.68677349385878,18.792954633234512,1.9972599880149147,12.181890834177556,59.714586754306865,0,2026-09-04 04:17:19
2026-09-03 16:35:00,CNC-03,H,298.68173104236865,313.694505096656,1738.14927103899,44.84432514940146,170.80772609764003,2.693053051212696,14.515522956250802,51.74650616801681,0,2026-09-04 04:17:19
2026-09-03 16:24:00,CNC-01,L,297.6491831771258,311.9712800937601,1863.561085074222,39.480108904289,52.49374942407007,2.536550566011203,13.615100826920044,55.69813116228203,0,2026-09-04 04:17:19
2026-09-04 01:53:43,CNC-03,H,297.09642886095224,309.46928548125504,2605.174495685211,20.219782597963807,16.12239856246537,3.125541453982263,9.767540592804272,59.696289319955206,0,2026-09-04 04:17:19
2026-09-03 18:19:00,CNC-03,H,299.19550964578997,312.61874093294836,2082.127866242407,29.760961114001347,38.79036330953248,2.6133617499602697,11.559325860416374,51.62862191904822,0,2026-09-04 04:17:19
2026-09-03 11:39:00,CNC-01,L,295.7316975511172,309.53331899368874,1285.1449746517567,50.84547982023853,78.83172361365102,2.046603420222711,12.04951587181927,59.095926110178745,0,2026-09-04 04:17:19
2026-09-03 10:27:56,CNC-03,H,295.8692935166305,310.59938581233075,1448.2703727123305,52.54074367041877,110.90576868482579,21.92524892642183,14.204225796988261,56.55527733712112,0,2026-09-04 04:17:19
2026-09-03 10:53:00,CNC-02,M,296.8361800667745,311.94085480650506,1438.0133991948185,55.8438909366657,143.75888532846403,2.417366429643354,14.932672789246451,56.98980345127602,0,2026-09-04 04:17:19
2026-09-03 13:13:00,CNC-01,L,296.4458208641869,310.2697061617021,1430.103788387039,51.02796870165748,0.0,2.0953178496594767,13.657475246057105,57.88088379057887,0,2026-09-04 04:17:19
2026-09-03 06:40:00,CNC-02,M,296.2031104806447,311.26628634328256,1826.8054097322117,41.61130055935423,240.78572427536304,3.49113650195963,14.300401769714295,56.327901613384,0,2026-09-04 04:17:19
2026-09-04 02:26:00,CNC-03,H,296.7631615222942,309.11430819316905,2629.09182609907,18.18353491658281,52.51513077958657,3.0291114498724023,9.032650599111022,60.2973733518122,0,2026-09-04 04:17:19
2026-09-04 04:02:00,CNC-01,L,295.7007500145732,308.63121510286265,2443.5854487932397,24.642345107548252,7.108058270432231,3.053229423462921,11.47372713330219,58.63276388781303,0,2026-09-04 04:17:19
2026-09-04 00:53:00,CNC-03,H,298.00468204575856,311.0740125695719,2673.349622605387,18.762408712974217,214.72308726752382,3.861313858839045,9.438244511913968,52.64428865014074,0,2026-09-04 04:17:19
2026-09-03 12:41:00,CNC-02,M,297.58388216599565,312.33634177580603,1497.4547396820255,51.27867852060257,111.2543035515574,2.23063455957363,14.260272874327775,57.17466469362145,0,2026-09-04 04:17:19
2026-09-03 22:21:00,CNC-01,L,25.3388007065696,36.97789083822573,2747.1831997788677,13.647823204935202,75.179778966703,3.313972657906454,7.024577859507259,53.37970204232472,0,2026-09-04 04:17:19
2026-09-03 17:20:00,CNC-03,H,298.8856338566091,314.09977184114564,1823.3223871811426,42.33445509245343,233.74416438136063,3.2180292581729297,14.470980062010188,53.286575206068484,0,2026-09-04 04:17:19
2026-09-04 00:38:00,CNC-03,H,298.14655438859666,310.69372501657637,2572.2717665791943,18.014581541650962,198.6177750017233,3.6350927326197473,8.476023152287876,56.09180720039081,0,2026-09-04 04:17:19
2026-09-03 15:36:00,CNC-02,M,298.98714023307923,313.85128197179773,1667.46544881303,43.88984530257212,148.3261585475314,2.4954850039876035,13.550236159850638,58.190630681908125,0,2026-09-04 04:17:19
2026-09-04 03:46:00,CNC-01,L,296.0314083159112,310.51575364019186,2264.5349874159947,31.18135068011518,202.00387509427628,3.514675264951626,13.268988085585107,58.36036451336493,0,2026-09-04 04:17:19
2026-09-03 08:25:00,CNC-01,L,295.4941826160351,310.4262199123907,1682.9853222552638,46.589701507920886,173.92587846105977,2.826857170650658,14.529324656666114,59.401243816568474,0,2026-09-04 04:17:19
2026-09-03 21:30:00,CNC-02,M,300.35899287930056,313.94744688327285,2621.583022466775,21.185932997306622,153.48564603892558,3.4564817042634166,9.957197860289567,52.98168403859722,0,2026-09-04 04:17:19
2026-09-04 03:14:00,CNC-03,H,296.09045413514593,309.80101592265123,2477.323978393157,25.737231468514565,106.75796266067276,3.1545819349298574,12.249024847027957,62.36617331184505,0,2026-09-04 04:17:19
2026-09-04 03:33:00,CNC-01,L,295.9312857477762,309.9184125826789,2430.8692219630625,24.089333591925865,186.7095417183112,3.6731646844045547,10.915659849970995,55.846466344755704,0,2026-09-04 04:17:19
2026-09-03 10:07:00,CNC-01,L,295.2451399572697,309.8827335728469,1538.5747593041647,48.265591644152,126.53180996103563,2.3490510273445677,13.864497180031508,59.940756424345345,0,2026-09-04 04:17:19
2026-09-03 06:59:02,CNC-02,M,296.3787202159159,309.999017286966,1798.2651758995844,36.21326567623621,9.856101094136847,2.277824792005357,12.2558332902343,55.74687457406465,0,2026-09-04 04:17:19
2026-09-03 19:34:00,CNC-03,H,299.6218808912854,312.51707363979284,2395.2925215769615,21.835718547757807,133.05844775532304,3.0849903338590288,9.791807531171793,46.32589897409177,0,2026-09-04 04:17:19
2026-09-04 03:53:00,CNC-02,M,297.215747809171,311.04655959584795,2460.070242519456,24.724003192039458,137.2843412181612,3.3169926554099143,11.378452482071928,59.44487638559805,0,2026-09-04 04:17:19
2026-09-03 13:28:00,CNC-02,M,297.81105010060134,312.9851672733022,1409.6869260385333,57.28755781151157,185.64142565332486,2.5788064886701405,308.5534924406687,56.923702292365526,0,2026-09-04 04:17:19
2026-09-03 17:41:00,CNC-02,M,300.0111256864508,314.66353488779396,1777.7931313436898,42.14315257822518,99.25701291012419,2.5291361253477067,13.864873210647678,50.15268482131009,0,2026-09-04 04:17:19
2026-09-04 01:33:00,CNC-02,M,298.9817396853545,311.6838087970004,2639.900546420954,16.061222948209597,186.83199273787707,3.7276602044503875,8.074207584871719,55.40401256485497,0,2026-09-04 04:17:19
2026-09-03 07:35:00,CNC-02,M,296.51692851423337,310.80571280272756,1684.5105846976105,42.09004022716935,60.84720060293332,2.330213525171536,13.131418297437863,58.861768815149354,0,2026-09-04 04:17:19
2026-09-03 20:30:00,CNC-03,H,26.316124384169825,40.38293113991273,2508.2016131394967,26.635103520909613,199.58515345885598,3.586648723280431,12.443613171051062,50.37815132106218,0,2026-09-04 04:17:19
2026-09-04 00:52:00,CNC-01,L,297.60099912182176,309.18991053611995,2606.265470304416,15.476153698409707,8.568859092793867,3.1851217614146536,7.581611713802171,60.06923470004222,0,2026-09-04 04:17:19
2026-09-03 19:21:00,CNC-02,M,300.39711559990815,313.00995955536825,2203.0675890801303,22.854379058579507,2.4302835352285537,2.9308057759558928,9.481245466361203,53.498594679453184,0,2026-09-04 04:17:19
2026-09-04 01:55:00,CNC-03,H,297.0830569527532,309.37645918325285,2602.2388186300013,19.461447737181846,18.29450144628931,3.221300282365021,9.55807219500528,60.115433437471744,0,2026-09-04 04:17:19
2026-09-03 21:35:00,CNC-01,L,298.898547126504,310.9381034424146,2576.692931988056,18.541967731411226,24.494096538782603,3.1755769063992667,9.018641648550997,56.8291869945359,0,2026-09-04 04:17:19
2026-09-03 14:04:00,CNC-02,M,298.0568186403712,311.7194780557092,1409.4518369211378,48.17105369870186,7.867000644953649,2.170927498776804,12.648446678736711,57.274315563612454,0,2026-09-04 04:17:19
2026-09-03 15:40:00,CNC-01,L,297.72655915755104,312.5671689203953,1657.059800011593,43.54556820953953,226.70566312245893,3.326574397851469,13.48039935266338,56.66171384250155,0,2026-09-04 04:17:19
2026-09-03 09:58:00,CNC-02,M,296.80721005992814,310.77179792758216,1310.6716355481265,53.26086125657761,57.23478526214457,1.9901115226404036,12.868660869461003,58.08338859628036,0,2026-09-04 04:17:19
2026-09-03 18:59:00,CNC-01,L,299.02856250558773,312.67109364186615,2146.1885484981008,31.49374585916564,35.77249889001587,2.771178881255105,12.224223199279358,51.99060215013851,0,2026-09-04 04:17:19
2026-09-03 06:21:00,CNC-02,M,296.4293276394857,311.1927537202102,1953.7108376690953,35.74140597752505,214.63480860303696,3.377656834744928,13.038177181539076,55.00679518510931,0,2026-09-04 04:17:19
2026-09-03 05:30:00,CNC-02,M,296.6055531479077,310.9223647829212,2139.704852216038,32.838365100829826,146.90226460537315,2.947866420698208,13.258272694203432,60.24553212692616,0,2026-09-04 04:17:19
2026-09-04 00:47:00,CNC-01,L,297.93926670836703,309.59544896026847,2641.2785479830536,16.522348941483965,3.1537718623998954,3.193977834054769,8.191120982652388,54.35855717663798,0,2026-09-04 04:17:19
2026-09-03 18:16:47,CNC-02,M,299.98750924838225,314.6711811116929,2112.414414969403,34.01913001828209,145.68400174610812,2.989187658058625,13.50106767300933,53.42391235384204,0,2026-09-04 04:17:19
2026-09-03 18:20:00,CNC-01,L,298.73197664676735,313.75855733847607,2089.8503551986464,36.19807353805042,211.51789048411655,3.628856766028654,14.22886394071695,55.250536726129525,0,2026-09-04 04:17:19
2026-09-03 21:36:00,CNC-03,H,299.3499473274955,311.268201055678,2654.481714833307,16.33183680871494,3.3389687936381973,3.1490023133584666,8.256305246832843,51.31269520668171,0,2026-09-04 04:17:19
2026-09-03 08:44:00,CNC-03,H,295.92745061521,310.3628644501469,1543.8062072936677,48.14844791839788,169.20865473485898,2.3928298290950964,13.92359036194647,61.170775414907546,0,2026-09-04 04:17:19
2026-09-03 15:06:00,CNC-03,H,298.04788630036865,312.29475119925974,1568.4575976177682,47.55246738041838,39.573879562550175,2.135456211331359,13.889265692622029,49.01019513256023,0,2026-09-04 04:17:19
2026-09-03 10:44:00,CNC-01,L,295.1415620042635,309.7377600295327,1490.9190576853161,49.31246541026063,184.70569400842663,2.6922732759468833,13.712968245319598,60.301382937523954,0,2026-09-04 04:17:19
2026-09-03 08:23:00,CNC-03,H,295.99766940118025,310.26780591294937,1638.339850194587,44.21071158277185,137.9637398500576,2.4792213228830833,13.337483668905916,59.457407720185124,0,2026-09-04 04:17:19
2026-09-03 21:42:00,CNC-01,L,298.49799884049605,310.20290334256856,2646.4497154015617,15.714254740709944,32.29029484355824,3.2149698156371764,7.887437731838969,55.54881205603461,0,2026-09-04 04:17:19
2026-09-03 13:59:00,CNC-03,H,297.17321690037807,312.47273601204995,1617.5141887720235,50.64329787302175,180.0761059204284,2.573306123082837,15.716284937095303,58.74650218691805,0,2026-09-04 04:17:19
2026-09-04 04:06:00,CNC-01,L,295.8387152852096,308.72064246310555,2403.1324906076775,24.853123399018052,11.817032315731362,2.977756129484804,10.978018468074374,62.51956935777126,0,2026-09-04 04:17:19
2026-09-03 08:09:00,CNC-03,H,296.0435913478317,310.77590356715433,1678.7168063684435,45.1676779561416,117.33509900412666,2.487777666702848,14.047609553544023,52.394728212302944,0,2026-09-04 04:17:19
2026-09-03 14:09:00,CNC-01,L,302.5961766207265,311.00426779655413,1349.6461266825213,54.94442361928396,87.95981277993735,2.030118260492921,13.954431282559009,44.74125901877445,1,2026-09-04 04:17:19
2026-09-04 04:15:00,CNC-02,M,296.90446584311013,310.25194956451793,2347.391810663095,21.8141348501101,163.59824990914404,3.2897964479678006,9.672310287952515,51.90722010524416,0,2026-09-04 04:17:19
2026-09-03 15:31:00,CNC-02,M,298.8405683511341,313.63214144287787,1562.375362809074,46.77312043843246,140.9015761296037,2.4727759808435,13.86998508075538,53.2991618580606,0,2026-09-04 04:17:19
2026-09-04 01:34:00,CNC-02,M,298.61129124174477,312.05320702235787,2673.922112340092,20.123477214156356,187.91244935268827,3.7686372964384383,10.094704463928753,50.43718085253237,0,2026-09-04 04:17:19
2026-09-03 07:26:00,CNC-02,M,296.64056740776914,310.47603039462183,1832.4765994422855,36.67232830449246,47.923378003991814,2.459936034089699,12.490527476467644,56.021844405079264,0,2026-09-04 04:17:19
2026-09-03 20:09:25,CNC-02,M,32.7586446733406,40.05257755747323,2494.4961302618713,22.55307866888712,60.51911993791447,3.191121903939772,10.402120740033425,39.70798417344584,0,2026-09-04 04:17:19
2026-09-03 12:57:00,CNC-03,H,297.11898685525347,311.76810757707136,1398.6895796778997,53.92298333850166,82.41632089063702,2.0559639069355784,14.226086340910719,55.26774234934154,0,2026-09-04 04:17:19
2026-09-03 12:01:00,CNC-03,H,302.0432461255952,311.4399123771999,1361.9352541936494,56.77751146128141,256.5813437198591,3.162014278709096,14.34484280622452,40.1945485119316,1,2026-09-04 04:17:19
2026-09-03 15:30:00,CNC-03,H,298.25836919721706,311.9225246507213,1592.4186361107122,42.04795196547685,75.76822094718541,2.301744407826157,12.377376705197744,56.439069182314626,0,2026-09-04 04:17:19
2026-09-03 16:34:00,CNC-01,L,297.7660852493752,311.4076078857507,1837.902827121385,35.441371475776364,66.90763310241847,2.5593201779203283,12.40447823825273,55.598008488819104,0,2026-09-04 04:17:19
2026-09-03 08:54:00,CNC-03,H,295.7511964177233,309.6791440911039,1529.2598177888285,42.97758866284503,184.3595148091861,2.6157281923750975,12.483405347563616,59.225304050205175,0,2026-09-04 04:17:19
2026-09-03 18:47:00,CNC-02,M,300.1935553921336,315.0746236321888,2242.9716526666725,32.287992680462345,185.1259957856035,3.267724907635282,13.670612479715368,49.06311157904955,0,2026-09-04 04:17:19
2026-09-03 12:28:51,CNC-01,L,296.0931781743732,310.75097667128466,1353.8805831702211,53.57478170004,158.3990895542205,2.321848715183808,13.499466333914404,54.616265954484945,0,2026-09-04 04:17:19
2026-09-03 22:51:00,CNC-02,M,26.780750423676523,38.18883430417543,2711.765829771925,12.747105219034768,14.077399540740904,3.19671946921709,6.487419334763058,56.13082746914447,0,2026-09-04 04:17:19
2026-09-03 13:08:00,CNC-01,L,296.0864393145713,311.3910968924011,1521.8755873565485,52.825540015317245,220.18004041688843,3.2585312841013145,14.913828983775499,56.459564887073476,1,2026-09-04 04:17:19
2026-09-03 11:14:00,CNC-03,H,301.65141387289,310.48180977831896,1481.767819601932,49.00855047462449,181.97448954162408,2.580559930821824,13.932150921694562,50.27911425903835,0,2026-09-04 04:17:19
2026-09-03 04:27:00,CNC-01,L,296.86773394378173,309.8061875043517,2224.54381748108,26.217425718097086,48.99590369061211,2.7718105480638586,10.717773344593802,54.831203903399675,0,2026-09-04 04:17:19
2026-09-03 15:32:00,CNC-01,L,297.28099894628485,311.99961012884097,1600.474886308332,44.69308120629267,214.6886203561213,3.36449705785185,13.22556401731221,60.8190398924412,0,2026-09-04 04:17:19
2026-09-03 07:26:00,CNC-03,H,296.18997503404205,309.9623939494442,1826.1669441800816,37.33659178299945,54.96742903113658,2.4052569331011693,12.937300539406483,56.0637336322776,0,2026-09-04 04:17:19
2026-09-04 01:19:00,CNC-02,M,298.7996690973588,312.4572476038136,2608.3820539902026,20.78530649876762,171.9041945612428,3.55748678320902,9.979665697819087,55.061624484013414,0,2026-09-04 04:17:19
2026-09-03 22:28:00,CNC-02,M,26.97359724781535,41.07948992262686,2609.4725412763883,,,4.0597069158828045,11.27383590968904,50.822897978638025,0,2026-09-04 04:17:19
2026-09-03 16:13:00,CNC-01,L,297.856184969242,311.2343200707246,1549.3286649399292,39.5708531189019,36.572936602762354,2.1930656607796,11.303483768974889,51.83082575576058,0,2026-09-04 04:17:19
2026-09-03 04:25:00,CNC-01,L,296.96240197791394,309.8654930993546,2315.517506365461,23.954407274432004,46.522453901034545,3.0201102197452174,10.326246536416239,57.911824625040225,0,2026-09-04 04:17:19
2026-09-03 21:17:00,CNC-01,L,299.0410609618134,310.6722319114375,2620.9679853318403,16.577046722390484,4.50663442641858,3.0788599426371275,8.005499710568735,56.305581875913944,0,2026-09-04 04:17:19
2026-09-03 22:34:00,CNC-02,M,27.02126752542995,39.51760191832528,2738.460250603033,14.19021572631268,223.20664895103434,4.209582190240491,7.358836235875104,53.160626153684,0,2026-09-04 04:17:19
2026-09-03 11:45:00,CNC-02,M,297.2757718504859,310.97365918911225,1429.0116696065247,48.407819124272976,22.275819092694505,2.0068003596591417,12.980277251401553,56.17978706728826,0,2026-09-04 04:17:19
2026-09-03 05:33:00,CNC-01,L,296.4945289947386,310.75302278294254,2061.118711470198,33.77767442941857,132.25701507375473,2.8972932347475004,12.888916742900783,61.31362606526585,0,2026-09-04 04:17:19
2026-09-03 21:31:00,CNC-01,L,298.6218366515913,311.03904935253894,2379.3065836604655,21.17037285585142,20.022801800950045,2.956228975976073,9.436825091963652,55.55518767164979,0,2026-09-04 04:17:19
2026-09-03 10:27:00,CNC-02,M,296.85857216340935,310.66334101627456,1339.890811167054,50.10997644043858,102.71706410415459,2.0698276635270925,12.800979954399482,57.297232561945314,0,2026-09-04 04:17:19
2026-09-03 21:09:00,CNC-02,M,300.609154515475,314.1379712519719,2543.4601745367404,22.727925479318678,129.86947567449545,3.294422456355975,10.798064573518467,53.98780585843018,0,2026-09-04 04:17:19
2026-09-03 21:22:00,CNC-01,L,298.6706089747022,309.93638653719086,59107.91392875634,13.801983443974356,10.028311932953201,3.228609456040159,7.293630025401581,53.592597193324345,0,2026-09-04 04:17:19
2026-09-03 06:48:00,CNC-03,H,296.3763875513272,309.5987611897525,1819.1802533570205,35.93269671547176,,2.3985306240107613,12.175469504299562,62.99116183032539,0,2026-09-04 04:17:19
2026-09-03 09:23:00,CNC-03,H,295.7141115563349,309.67424507559457,1488.2011361710697,48.166994247966976,7.657835753927706,2.195665765533385,13.667340706760093,58.84850933748287,0,2026-09-04 04:17:19
2026-09-03 05:25:00,CNC-03,H,296.38747905936424,309.84927505510376,2172.715892427529,27.55583546995387,127.07410381134869,2.9399467599396036,11.29800284495217,59.908501325279055,0,2026-09-04 04:17:19
2026-09-03 09:34:00,CNC-02,M,296.87102991803664,310.6269546116252,1474.2782263506328,47.42918402258256,20.00534977651896,2.2456936207484413,13.176040274203707,53.71906458090419,0,2026-09-04 04:17:19
2026-09-03 22:59:00,CNC-03,H,26.02210593897877,38.10282155749229,2690.3195413760386,16.48816146530427,93.58177436341364,3.3127833839078034,8.374591467891339,53.85924851681639,0,2026-09-04 04:17:19
2026-09-03 11:13:00,CNC-02,M,297.1378489251078,311.52412041194077,1354.373727580199,50.99711604589253,175.32945129697362,2.505856892299839,12.676725211510158,56.05636361957194,0,2026-09-04 04:17:19
2026-09-03 21:03:00,CNC-03,H,299.4119478298545,313.33828473168103,2390.0114593610224,25.698589303002695,237.41250154985588,3.845841497754027,11.570537555093889,48.25083301831958,0,2026-09-04 04:17:19
2026-09-03 15:02:00,CNC-03,H,298.2019587602968,311.929861954985,1402.050124163842,49.14564518448002,33.49942384049066,2.0861466344199933,12.939170973965572,53.22435390715094,0,2026-09-04 04:17:19
2026-09-03 20:11:00,CNC-02,M,32.87368368462677,0.0,2342.94547808201,23.205989575132246,0.0,2.9952376786794908,9.92143688293222,42.0883886275422,0,2026-09-04 04:17:19
2026-09-03 08:01:00,CNC-01,L,295.00287934343163,309.27339071629723,1582.3075530732915,45.8384358603254,138.38504140804199,2.500234551416996,13.777462641830693,61.527672195439166,0,2026-09-04 04:17:19
2026-09-03 21:42:00,CNC-02,M,300.513437953717,313.6865214047056,2630.887569143887,18.86675320967324,166.69295422965573,3.536945735218551,9.17208994468588,53.62225467868221,0,2026-09-04 04:17:19
2026-09-03 21:29:00,CNC-02,M,300.4439152275532,314.7768487797209,2570.532244170525,25.879532450154137,152.38248854984064,3.307393734973068,12.624423877238817,53.372881266205844,0,2026-09-04 04:17:19
2026-09-03 07:49:00,CNC-01,L,295.16336277491337,310.2186043870589,1712.8278666953406,44.60814758343947,120.88642781512372,2.468449752777611,14.403459075831131,60.17566343149378,0,2026-09-04 04:17:19
2026-09-03 16:25:00,CNC-01,L,297.66362005652843,310.99930991047034,1740.1649203738602,,53.94800632033229,2.3893958893272234,11.733770344429878,58.895918552852805,0,2026-09-04 04:17:19
2026-09-03 11:57:00,CNC-02,M,297.3618486109081,311.44114571897927,1486.6157866828883,47.51485744138851,41.36019240468983,2.05057426039677,13.217346157986084,55.77240057746891,0,2026-09-04 04:17:19
2026-09-04 01:19:00,CNC-03,H,297.6441530603413,311.2839260068542,2750.4074311278646,20.01312111185634,242.85073583059128,4.093967171148738,10.367816391212044,53.71528026660606,0,2026-09-04 04:17:19
2026-09-04 00:03:00,CNC-02,M,299.64993778934814,312.2625891123491,2695.9920017725894,16.915560221641012,90.8984158478085,3.283881823410826,8.700298947361734,48.285774912620454,0,2026-09-04 04:17:19
2026-09-03 18:46:00,CNC-01,L,299.0136386305236,311.7796270177752,2278.799068042262,24.686188948478446,19.325315691922235,2.830457273995839,10.542722127901028,53.11702100565139,0,2026-09-04 04:17:19
2026-09-03 15:14:00,CNC-01,L,297.443222435484,312.37482238453845,1604.583425712429,48.21053936698202,187.71618624257007,2.8298954682385586,14.351437330236518,55.43923762310312,0,2026-09-04 04:17:19
2026-09-03 18:07:00,CNC-03,H,299.01472000065473,312.35672546761066,2050.711129941849,31.080942665815893,22.804222445454048,2.6789455313482518,12.009592827986832,52.12550750236246,0,2026-09-04 04:17:19
2026-09-03 06:41:00,CNC-03,H,296.16580885115496,311.560574516592,1913.8859702994305,40.670391715732066,228.51122950647104,3.364568926133359,14.469016475522894,58.21311887559655,0,2026-09-04 04:17:19
2026-09-03 16:04:00,CNC-02,M,298.9192425375899,314.3156093793933,1718.465169048751,47.24834676354901,189.7139935958284,2.952938018249237,15.194483573982273,51.336893918628945,0,2026-09-04 04:17:19
2026-09-03 16:51:00,CNC-03,H,298.6094747378324,313.7472557339667,1735.7611558987653,46.008060152376345,193.46996112830368,2.8807302328037587,15.05883625505102,52.62702109335737,0,2026-09-04 04:17:19
2026-09-03 19:47:00,CNC-02,M,306.0243240226129,312.6782387199968,2131.2797098228657,23.329181337343083,34.202644321304184,2.6833247813864736,9.42093711306243,42.70554757653237,0,2026-09-04 04:17:19
2026-09-03 20:37:00,CNC-01,L,25.81549630188465,39.3909957810273,2413.545684520698,24.064424362270312,154.19596582403545,3.316522888834353,10.702253305307579,59.704219417546334,0,2026-09-04 04:17:19
2026-09-03 07:31:00,CNC-01,L,295.31168008232,308.6189102495316,1890.6067216656013,32.24146240198789,95.00873248832495,2.6767713277976783,11.271986465368778,60.097120810337955,0,2026-09-04 04:17:19
2026-09-03 04:41:00,CNC-01,L,296.82162907687695,310.0300084799036,2169.3172809045573,28.66438711248135,66.35171381792746,2.6824428420223745,11.667618840851414,57.27020210269823,0,2026-09-04 04:17:19
2026-09-03 15:47:00,CNC-02,M,299.2627457599373,314.8258140424826,1562.4882673234517,52.94741982587764,164.74698349977132,2.603456282882925,15.668126973585718,54.34032656622159,0,2026-09-04 04:17:19
2026-09-03 16:52:00,CNC-03,H,298.6356852501534,313.64763579814837,1785.004357518339,43.04675833213153,194.89443819663586,2.846851650264142,14.38205864536167,50.875920855973646,0,2026-09-04 04:17:19
2026-09-03 17:38:00,CNC-02,M,300.18821321534466,314.5490814944547,2033.5330946359438,33.3791961093437,95.03403602310398,2.629482936121625,12.587952448981243,44.262483791480555,0,2026-09-04 04:17:19
2026-09-04 03:09:00,CNC-01,L,296.5069839187324,309.8371448048883,2501.144555679454,22.093210764969722,158.93515734173332,,10.16967663585334,57.7611530062905,0,2026-09-04 04:17:19
2026-09-04 01:13:00,CNC-01,L,297.1992120184924,309.000296861689,2784.9758646797713,15.338092996211522,30.952523855640464,3.220565422159088,8.09513141126429,54.46682012072873,0,2026-09-04 04:17:19
2026-09-03 10:36:00,CNC-03,H,295.8423354409132,310.7375316880998,1427.0406680320918,54.22965913738959,121.94878354571695,2.189697170948582,14.440597901899968,61.75010866926611,0,2026-09-04 04:17:19
2026-09-03 09:14:05,CNC-02,M,296.4685305898816,311.4233785772475,1500.392346553202,49.1884989417819,207.4706699289915,2.811467822793473,13.69379283334862,57.705620797981304,0,2026-09-04 04:17:19
2026-09-03 17:19:00,CNC-03,H,298.6136579534399,313.4361177809569,1807.3887887858511,40.11012025453139,232.33545566599153,3.187865788468129,13.618546012089322,51.07466176162345,0,2026-09-04 04:17:19
2026-09-03 11:35:00,CNC-03,H,301.6694106462829,310.9527700963248,1500.8286947006181,53.90719991866818,215.33241077723505,2.922791960307566,14.876551931175454,49.26711846633138,0,2026-09-04 04:17:19
2026-09-03 18:57:00,CNC-01,L,298.83174993803704,312.73961347800264,2218.698461084159,32.940964744231565,33.27647501197943,27.074130382105785,13.662193791844857,54.80743818524581,0,2026-09-04 04:17:19
2026-09-03 12:18:00,CNC-03,H,302.1569404034598,310.00825658194987,1381.4056530311811,49.90472517570671,20.551130610898337,1.9514139414312222,12.943229405709019,44.345922979342674,0,2026-09-04 04:17:19
2026-09-03 23:29:00,CNC-03,H,298.76488449630597,311.3827048108715,2595.0228057021427,19.872940253676774,125.37976620361418,3.319405557137424,9.53834870174676,54.36639788413503,0,2026-09-04 04:17:19
2026-09-03 22:28:00,CNC-03,H,25.921259637828598,37.977685089833415,2571.2097629434297,17.531006620516298,60.330927130474386,3.062653533888351,8.526581998804893,56.75507196908694,0,2026-09-04 04:17:19
2026-09-03 21:01:00,CNC-03,H,26.213452854059483,40.256708381258306,2531.072352323747,24.601939105821163,235.12986539408107,3.885638781800616,11.75115530279427,52.78925549939552,0,2026-09-04 04:17:19
2026-09-03 04:31:00,CNC-01,L,296.9123440611609,310.28094212917483,2250.291177646773,28.10600139394009,53.929003565583805,2.829744872792592,11.562855806504375,57.28734594526584,0,2026-09-04 04:17:19
2026-09-03 17:41:00,CNC-03,H,298.79085071099325,314.6912475904327,1951.8135949164234,43.28267526066771,262.27177969498854,37.06378677542274,15.485446684967338,54.98799997298397,0,2026-09-04 04:17:19
2026-09-03 06:18:00,CNC-01,L,295.9190295176189,310.9100172682507,1971.6362107158254,39.210528437882104,191.93965175517346,3.201942360877181,14.13718214979085,60.27119370340756,0,2026-09-04 04:17:19
2026-09-03 18:46:00,CNC-02,M,300.59165689833065,314.8115453620454,2206.0290029515563,28.896978507464006,183.86226393201048,3.2909663166009,11.905641016488644,49.01999259365816,0,2026-09-04 04:17:19
2026-09-04 01:32:00,CNC-02,M,298.5044860173673,310.5128757500388,2826.919331020765,12.378661408611476,185.75679668900412,36.1755717206906,6.596088483990136,54.75328309912339,0,2026-09-04 04:17:19
2026-09-03 09:56:00,CNC-02,M,296.48983081246854,310.5831542079499,1420.9121668700298,47.62570039589193,54.03831727410895,2.1006713675908095,12.706587886867215,62.87319531030855,0,2026-09-04 04:17:19
2026-09-03 13:00:00,CNC-02,M,297.45209802287917,312.6237537405614,1532.8871540460598,52.693158854405134,141.2516050709763,2.4650121117315478,15.34493787145113,56.40315099147372,0,2026-09-04 04:17:19
2026-09-04 03:55:00,CNC-01,L,295.773514574705,309.88673537432044,2342.827925733437,27.890293801195785,212.78439901265403,3.883729518741304,12.053996279688608,60.666969066738154,0,2026-09-04 04:17:19
2026-09-03 15:33:00,CNC-03,H,298.1360379928922,312.4847575118919,1552.9183491227352,47.16594804190046,80.24005033172676,2.2185758712155805,13.845726309996088,56.190959664516875,0,2026-09-04 04:17:19
2026-09-03 17:48:00,CNC-01,L,298.38821848375494,312.87243479661663,1882.3984620972042,37.55256205843214,169.0853130025749,2.8909410835717018,13.304112857819756,50.583012382355584,0,2026-09-04 04:17:19
2026-09-03 15:50:00,CNC-02,M,298.9428293380058,313.90261495935675,1688.6142772933658,44.52501784280147,169.19423388132356,2.7474226935756563,13.965756990194537,54.97048833097003,0,2026-09-04 04:17:19
2026-09-03 12:42:00,CNC-03,H,302.36293999943393,310.07494940858874,1341.8864438995527,50.23647365546963,58.64022779038927,2.136259674885399,12.83862803668744,47.5147669048019,1,2026-09-04 04:17:19
2026-09-04 00:57:00,CNC-01,L,297.5505273517696,308.26989768584275,2787.2267552827243,10.319835613580219,13.916432399282538,,5.379700152768748,50.327056154927654,1,2026-09-04 04:17:19
2026-09-04 00:00:00,CNC-03,H,298.3596181824854,311.46518920207046,2515.6486185621393,20.895292548307,158.29709963354915,3.3492640628050263,9.986044380570835,53.82301137066716,0,2026-09-04 04:17:19
2026-09-04 03:07:00,CNC-02,M,297.86224246191205,310.98674266203227,2412.4083314716145,22.525598521100846,83.58125416545876,3.0631072895003095,10.27079263099779,54.67383871850935,0,2026-09-04 04:17:19
2026-09-03 16:31:00,CNC-03,H,298.51910228915995,,1833.3845271350197,39.99869210297383,164.98853443082186,2.675360418759085,13.595799682442474,49.897814873930606,0,2026-09-04 04:17:19
2026-09-03 21:45:00,CNC-01,L,298.7525748472119,309.6768174105287,2634.231717060325,12.116861810206112,35.629757450645386,3.240875187879949,5.919725932690452,50.75942888730757,1,2026-09-04 04:17:19
2026-09-03 15:59:00,CNC-02,M,299.1480506863903,314.2295859182793,1737.1296259841313,43.50695432606656,182.54720244704245,2.898651172093336,13.934582441794207,53.72750375191328,0,2026-09-04 04:17:19
2026-09-04 00:49:00,CNC-02,M,299.02011505486047,311.41192888581355,2699.226293177436,15.982229113332936,139.71849970866813,3.4324406240861514,8.050048136744465,52.8001456678509,0,2026-09-04 04:17:19
2026-09-03 18:12:00,CNC-03,H,299.21359269413114,312.22208305088765,2035.4380470659364,30.121755093786447,29.51933959007782,2.6366054109680532,11.19595506822298,46.5108856702418,0,2026-09-04 04:17:19
2026-09-03 11:25:00,CNC-03,H,301.404500486422,310.0471491050159,1322.9899047200042,54.68804151887361,199.46412277882186,2.452778471636161,13.690053928895592,47.38913328879008,0,2026-09-04 04:17:19
2026-09-03 18:04:00,CNC-02,M,299.90064338606004,315.1223367575913,2088.65926303415,39.294136798222326,129.7817981161073,2.9164931489275174,15.152221573538869,53.78620695513887,0,2026-09-04 04:17:19
2026-09-03 04:39:58,CNC-02,M,296.5680743203812,310.02495791402646,2240.884658090092,27.989480604840093,84.67381912371167,2.855752522372485,11.73023745302039,53.57035534080367,0,2026-09-04 04:17:19
2026-09-03 20:38:00,CNC-02,M,32.73551841396488,39.90437831864284,2362.497899607528,23.076006540731427,0.0,2.9857828071219688,10.452889516768144,43.6845619294754,0,2026-09-04 04:17:19
2026-09-03 19:35:00,CNC-02,M,300.3820371068743,313.6484521787554,2321.5065701171156,26.511058782760504,19.57732005091637,28.700134938584263,11.531248258312072,49.159854326915145,0,2026-09-04 04:17:19
2026-09-03 07:04:00,CNC-03,H,295.9096052526193,310.17360823820815,1924.736886963126,38.704004593628596,23.782940306046612,2.6353243266669097,14.151220468397103,61.51597498597085,0,2026-09-04 04:17:19
2026-09-03 21:15:00,CNC-01,L,298.990547827318,311.4661763471208,2558.8031318223134,20.33849178538036,2.2530575465162768,3.203055481691308,9.856455421622647,50.576574940500244,0,2026-09-04 04:17:19
2026-09-03 14:18:00,CNC-02,M,298.2935116291533,312.01530167055563,1618.2084664815166,41.69640592671136,29.842087549027465,2.425231708831311,12.524746699664933,1039.8201536144825,0,2026-09-04 04:17:19
2026-09-03 07:47:00,CNC-02,M,296.37582122670585,310.8747244266723,1730.269187329113,42.88705110659839,78.16716670553902,2.4313955462813683,13.707296169563818,61.43879578828125,0,2026-09-04 04:17:19
2026-09-03 08:09:00,CNC-02,M,296.5560574189122,310.77988686750064,1688.6324249845557,41.280271819848615,110.25613888196966,2.4821570711701777,12.886178837119193,57.082156584327834,0,2026-09-04 04:17:19
2026-09-03 06:10:00,CNC-01,L,295.8196482773329,310.370589134084,2108.8296394924228,34.76299226547403,181.17957035647186,3.215987633374414,13.572243525129567,56.50863941366525,0,2026-09-04 04:17:19
2026-09-03 16:39:00,CNC-01,L,298.01861867003123,311.916850424026,1833.083021011171,37.11895220237105,73.86213484571427,2.4890071246767507,12.89329117753451,56.08028891144842,0,2026-09-04 04:17:19
2026-09-03 15:03:00,CNC-02,M,298.5097788633843,313.2025094629384,1679.6947112746254,44.13393881071378,98.74136171558023,2.474190274898775,13.771983848780563,55.75814003447792,0,2026-09-04 04:17:19
2026-09-03 23:05:00,CNC-01,L,25.18003402994077,38.03400704025711,2711.393379182686,19.44017679792915,122.58987744734888,3.361781543581235,9.677969275180581,55.6386904572777,0,2026-09-04 04:17:19
2026-09-03 06:33:00,CNC-03,H,296.05904568749406,311.1713050113959,1882.7519506966094,41.04987342541704,217.5473659031176,3.1695166214848878,14.245917639936541,58.17156985241002,0,2026-09-04 04:17:19
2026-09-03 23:08:00,CNC-02,M,27.064234213737905,39.204449988480064,2836.362178351323,14.276317712052043,32.3247743844551,3.4368183435014075,7.214578221498702,50.477305236771564,0,2026-09-04 04:17:19
2026-09-03 15:40:00,CNC-03,H,298.2338492292832,312.18774711526504,1704.8825347031511,40.34792832905841,90.59409414650408,2.4325575398216848,12.767504529184162,48.7834761768831,0,2026-09-04 04:17:19
2026-09-04 01:18:00,CNC-01,L,297.26143517437725,308.6852897727773,2641.1953633973217,13.970723531878496,36.26438876198625,30.495684902136666,6.752691321231321,58.15198970781661,0,2026-09-04 04:17:19
2026-09-04 01:09:00,CNC-02,M,299.2132922288101,311.82892181982487,2755.3685672371344,15.264011544792329,161.09303701964197,3.662614377309672,7.9312968924239735,56.52814609343494,0,2026-09-04 04:17:19
2026-09-04 01:33:00,CNC-03,H,297.4640933766697,311.26736729351444,2771.641884449746,20.922802904742525,257.90565016495054,4.407313891342377,11.013500108481507,57.31202999412348,0,2026-09-04 04:17:19
2026-09-04 01:52:00,CNC-01,L,297.2029217907995,310.0342267401288,2772.629544386684,19.571264534147375,72.93295165697023,3.3285688925878976,10.201401156788213,57.36577069971613,0,2026-09-04 04:17:19
2026-09-03 13:56:00,CNC-03,H,297.6340850443849,312.80122066737084,1385.5827489989315,57.517483180539685,175.41016958885572,2.450561460583693,14.940119634438098,53.98570794402626,0,2026-09-04 04:17:19
2026-09-03 19:48:00,CNC-03,H,299.4941346123549,312.8734610858959,2316.969997592477,25.633304447616442,150.0545280068535,3.1915022880678934,11.198472857278365,58.50948738190476,0,2026-09-04 04:17:19
2026-09-03 13:37:00,CNC-02,M,298.32466240817143,313.1941098831711,1461.339831264229,49.960025234566565,199.8319515333438,2.725106589519176,13.630932719731028,59.709194286169016,0,2026-09-04 04:17:19
2026-09-03 23:51:00,CNC-03,H,298.3826711934437,312.09081425914917,2724.894147100579,22.43045687211559,148.7111526793958,3.486471949460355,11.567121196449735,57.0211447206763,0,2026-09-04 04:17:19
2026-09-03 09:11:00,CNC-02,M,296.8594433975772,311.4265879911121,1661.858114879888,42.944796594672816,202.8970159387653,2.868546978760681,13.35601796025265,57.34727738740619,0,2026-09-04 04:17:19
2026-09-03 19:26:00,CNC-01,L,299.1243337385501,312.38719972307706,2300.51014132369,26.079915997408513,69.19809648943179,2.8215453399544432,11.140349710992083,56.6966742006783,0,2026-09-04 04:17:19
2026-09-03 16:00:00,CNC-02,M,299.2724331629726,314.12748992226403,1834.6528587996675,39.70843742597235,183.97390162363834,2.9057658194191647,13.587991702794481,53.852952866747515,0,2026-09-04 04:17:19
2026-09-03 18:49:00,CNC-03,H,299.5024744241165,312.65331959948725,2332.8833828312504,24.39030210024535,77.33739460319707,3.0241764265310023,10.624840133821822,54.3137919217755,0,2026-09-04 04:17:19
2026-09-03 13:45:00,CNC-02,M,298.0904331933504,313.3384857741369,1502.9778601254366,51.15326871957769,212.3385660615229,2.9143517733202327,14.45859049467592,56.2947385893073,0,2026-09-04 04:17:19
2026-09-03 08:07:00,CNC-03,H,296.3951710762277,310.9179012999155,1658.3178353946064,44.6608741637638,114.39971447905506,2.37527268234464,13.84817283198601,56.04249635393927,0,2026-09-04 04:17:19
2026-09-03 07:48:00,CNC-01,L,295.16036711679044,309.7195813501942,1716.7857982753465,44.350027512670266,119.41100446248937,2.443139928768733,14.092016437499206,58.62974530653063,0,2026-09-04 04:17:19
2026-09-04 02:28:00,CNC-02,M,298.0096180584664,311.1632693559636,2524.849621352785,21.79331336217581,39.56849433399196,3.1353749744005737,10.116766028139027,52.38774924159703,0,2026-09-04 04:17:19
2026-09-04 02:07:00,CNC-03,H,296.8911730231065,309.18160229234314,2555.029515172647,18.764115663186743,0.0,3.189458300871392,9.225484961197022,58.26772403283508,0,2026-09-04 04:17:19
2026-09-04 01:26:00,CNC-01,L,297.291917073704,309.8344723930236,2482.6206496519353,21.036309951137742,44.980378369097735,3.0014415830330394,9.660718336633662,47.01247198591966,0,2026-09-04 04:17:19
2026-09-03 18:00:00,CNC-02,M,300.08897892868816,314.3248286761832,2054.65041219341,33.97189650560276,124.49075756889607,2.848503491079563,13.177906344730552,49.6150542405981,0,2026-09-04 04:17:19
2026-09-03 23:30:00,CNC-03,H,298.768881184345,310.2237890893238,2769.3929845244243,12.416681957089567,126.41055340377379,3.3657418176019296,6.633052998086657,53.814530931537455,0,2026-09-04 04:17:19
2026-09-03 21:51:00,CNC-02,M,300.4394153001363,314.29918804405906,2648.4315643329323,22.62477535629112,176.5964446647106,3.4774764722644993,11.448350156224183,48.92150089620155,0,2026-09-04 04:17:19
2026-09-03 13:56:00,CNC-01,L,302.2925656523985,310.658500354716,1527.1896382035595,49.11773931428358,67.54471204982238,2.2834321882302038,13.953404586016823,44.44386454022025,0,2026-09-04 04:17:19
2026-09-03 17:58:00,CNC-02,M,300.10615152614776,314.6882809228267,1977.8098740646967,36.06117806106435,121.83443926941389,2.7254858830020363,13.428214522709316,52.536430059067634,0,2026-09-04 04:17:19
2026-09-03 08:44:00,CNC-02,M,296.38427171414327,311.73043681633794,1726.957968149247,46.75953914569063,162.21841217573922,2.7228941600258247,15.352736760504328,54.696684602090784,0,2026-09-04 04:17:19
2026-09-03 18:38:00,CNC-01,L,298.7783082281262,312.0158507322155,2042.2045567847988,31.122122774648584,9.125043129250626,2.6320430821958514,11.713567599212155,49.7184834598111,0,2026-09-04 04:17:19
2026-09-03 07:18:00,CNC-02,M,296.4707804402829,310.1923828621939,1690.27546135251,39.60945546746606,36.61455519629589,2.285941081969679,12.276592508313259,60.69175567864181,0,2026-09-04 04:17:19
2026-09-04 00:12:00,CNC-01,L,297.85771845725526,310.5913574526997,2654.858581349252,17.016948100502386,194.033512545166,3.8794501693455232,8.375450428463997,54.95140892914183,0,2026-09-04 04:17:19
2026-09-03 19:58:00,CNC-02,M,32.657470234542075,40.48611465593689,2485.219856565063,26.911315277761613,47.50011094835817,3.0967507706637627,12.375004559883052,43.39354665356727,0,2026-09-04 04:17:19
2026-09-03 07:02:00,CNC-01,L,295.2378039381579,309.4560073613057,1894.8852903978527,39.17701828824851,53.907037275482736,2.5808043181848266,13.942293094538986,56.88642957579083,0,2026-09-04 04:17:19
2026-09-04 00:54:00,CNC-03,H,297.9801730926317,311.36564496762355,2516.7076555615013,21.297526660789657,215.83990809031843,3.7448949226991566,9.808158237957759,54.51881904752149,0,2026-09-04 04:17:19
2026-09-03 11:27:00,CNC-03,H,301.75145610188923,309.77189940838747,1279.4476436612103,50.83088504098471,202.66412277882185,2.4850611687227793,12.30277106323854,51.52970736623078,1,2026-09-04 04:17:19
2026-09-03 23:02:00,CNC-03,H,25.511544799715523,37.606701775999795,2607.129800238549,17.112025133397076,96.75573462520039,3.1408134880415233,8.212661845266403,58.26405543151199,0,2026-09-04 04:17:19
2026-09-03 22:05:00,CNC-02,M,300.26547625796525,313.02435388746375,2419.365505993037,17.419100756720407,191.93840272653324,3.593165820714331,7.783982081709524,51.398843762301496,0,2026-09-04 04:17:19
2026-09-03 15:29:00,CNC-01,L,297.5579209080289,312.43930047361346,1522.2413523103914,0.0,210.27982976405931,30.937581011779354,13.702510740670489,54.66237324771269,0,2026-09-04 04:17:19
2026-09-03 05:39:00,CNC-01,L,296.4407424685325,310.28777286286146,2029.9114554265357,32.51563766423882,140.22869684560217,28.61376321268207,12.179573202029708,63.28189188487652,0,2026-09-04 04:17:19
2026-09-03 11:16:00,CNC-02,M,297.11217891335775,311.27204715841856,1315.7937815832595,49.16171986362769,180.09755132339737,2.4764287087162105,12.236128715474319,55.84902923061521,0,2026-09-04 04:17:19
2026-09-04 00:30:00,CNC-02,M,299.4109440236679,312.09964559332394,2801.3202756134533,16.494912646569386,119.64540248068177,3.444316471894107,8.642798466529218,54.234367877805425,0,2026-09-04 04:17:19
2026-09-03 04:47:00,CNC-01,L,296.72419598090056,309.98260332997575,2313.8109351058706,26.336671121110182,73.9061337879971,2.9158178443165617,11.412994188044449,57.721089440193104,0,2026-09-04 04:17:19
2026-09-03 09:45:00,CNC-02,M,297.1334425126121,311.58414361389885,1512.0383226793294,48.63031126855483,37.052625185838075,2.174533991736816,13.930988688289533,51.55138524693029,0,2026-09-04 04:17:19
2026-09-03 19:40:00,CNC-03,H,299.49328170514127,312.9690641331804,2408.075138512167,24.313477211334924,140.31589624233223,3.147692967563194,10.798195023082723,53.60181355377877,0,2026-09-04 04:17:19
2026-09-04 04:04:00,CNC-03,H,295.9248140912694,308.9148906674329,2417.132347655634,21.79730999886177,165.79571333730908,3.2738571217075,9.955862459811941,61.11930042274477,0,2026-09-04 04:17:19
2026-09-03 13:46:00,CNC-01,L,302.19481042086863,309.6523776533904,1563.4574962383347,42.63742571064189,52.03116419699765,2.2344657021030208,12.304268923478123,50.58344882616158,0,2026-09-04 04:17:19
2026-09-03 12:55:00,CNC-03,H,297.09196392391027,311.23697626091104,1452.8838741005372,49.494344924126736,79.23226769889847,2.01584232196774,13.479918100683502,58.661973649109925,0,2026-09-04 04:17:19
2026-09-03 06:52:00,CNC-03,H,296.35824908428407,309.8906482713722,1785.738636655509,38.113608433750926,6.948274262531371,2.5361875682184616,12.750763276919743,59.59519654055215,0,2026-09-04 04:17:19
2026-09-04 03:17:00,CNC-02,M,297.4581692492273,310.6026803576901,2525.744207214925,21.337979488085395,95.17239428354613,3.1306731391199563,10.118225741434614,53.10288136807686,0,2026-09-04 04:17:19
2026-09-03 10:09:00,CNC-02,M,296.8338310083252,311.06521521316034,1435.3196426532072,50.17396234011931,74.5390243073496,2.0378603206629737,13.456759028911833,55.36096390902192,0,2026-09-04 04:17:19
2026-09-04 04:12:00,CNC-02,M,297.1227205866035,311.4483123982632,2327.672140036767,27.694840098843958,160.00460698858996,31.17904046898863,11.973743983057803,54.50655988031432,0,2026-09-04 04:17:19
2026-09-03 13:11:36,CNC-02,M,297.8023510382873,312.0755127231219,1473.719101643337,45.83309939275183,161.89648292058982,2.5272920289471403,12.495200117620133,58.041413592384714,0,2026-09-04 04:17:19
2026-09-03 08:26:00,CNC-02,M,296.62787076034795,311.15941570369483,1755.9024333275945,39.931181539733046,135.46877649266133,2.6375840110814783,13.170987729502857,52.06897614359187,0,2026-09-04 04:17:19
2026-09-03 19:09:00,CNC-03,H,299.2383091724297,312.52559180768293,2263.8259790011075,24.80117859225259,102.42013388656603,2.875566140413053,10.491389126867057,54.08792556009932,0,2026-09-04 04:17:19
2026-09-03 06:38:00,CNC-01,L,295.7206855458794,309.32205561922854,1986.6783225014165,33.29021254919452,20.463072966756215,2.6004046376515992,12.438054958295437,58.00672954373179,0,2026-09-04 04:17:19
2026-09-03 06:00:00,CNC-03,H,295.9030685876304,311.1747451720298,2015.3204216849645,39.49639211544012,172.96513706721024,3.0667308582367543,15.010931018036745,62.75580037333159,0,2026-09-04 04:17:19
2026-09-03 19:03:00,CNC-01,L,298.90191941863,313.0223930761228,2231.210644837357,32.334190196268075,40.77401085192748,2.7651841665203776,13.347655247973085,55.50354027072527,0,2026-09-04 04:17:19
2026-09-03 12:57:00,CNC-02,M,297.8053188097104,312.4780734578182,1579.6465267602964,45.57379981983609,136.5208320062918,2.442604616406898,13.489836764447166,51.54837890318361,0,2026-09-04 04:17:19
2026-09-04 00:23:00,CNC-03,H,298.2935692134844,310.475108259924,2744.8677079937866,14.62243551268908,182.79760050397016,3.703192042231254,7.5418606722387915,55.85138183369811,0,2026-09-04 04:17:19
2026-09-03 19:09:00,CNC-01,L,299.13961374682935,312.577698961546,2206.300095425041,28.445722432769276,48.2597224404656,2.763886917724216,12.075164668270723,52.60439856365633,0,2026-09-04 04:17:19
2026-09-03 22:21:00,CNC-03,H,25.776237150420968,37.450131862329954,2706.8344901303412,14.843658428345158,52.77648436301264,3.202566528351534,7.643236918314575,57.450712368905634,0,2026-09-04 04:17:19
2026-09-03 16:03:00,CNC-01,L,297.67243744706326,311.41264114797235,1756.5629484962076,39.70323353537997,21.991354439999334,2.344956574188497,13.189003072332387,56.10547351501947,0,2026-09-04 04:17:19
2026-09-03 07:28:00,CNC-03,H,296.2839703401382,310.3360990673876,1860.091559141783,38.53422674933425,57.80161775593905,2.462582273208947,13.48790545984867,58.80184820467531,0,2026-09-04 04:17:19
2026-09-03 06:11:00,CNC-02,M,296.3523198865214,311.1232609566109,2015.2761065303398,36.088975935974325,201.131585013897,3.320142524671765,13.602721515211107,59.27126215463108,0,2026-09-04 04:17:19
2026-09-04 00:24:00,CNC-02,M,299.5344245600136,312.6147138347109,2550.294898936646,19.936638650892274,113.31392347998343,3.304195831901684,9.51928201497689,56.08370425019519,0,2026-09-04 04:17:19
2026-09-03 19:19:00,CNC-03,H,299.4021321380049,313.29715457817156,2202.23229983364,30.501933611317252,114.73338267452492,2.8613632487462497,12.758903934461214,53.09633439101689,0,2026-09-04 04:17:19
2026-09-03 16:58:00,CNC-03,H,298.7915601309166,313.3618186147198,1959.1019575290964,36.8145789703353,203.2183569120755,3.157351037786344,13.35679136547678,52.571181905207006,0,2026-09-04 04:17:19
2026-09-04 00:14:00,CNC-01,L,297.89341442747525,310.96925206861033,2617.733417173859,18.749834106569118,196.19289108651918,3.799879698693504,9.313373674601117,52.5744437408873,0,2026-09-04 04:17:19
2026-09-03 20:07:00,CNC-01,L,26.20408557682697,39.76720705185221,2307.2491898811536,24.925486929776334,119.0096534604522,3.0409507248876197,10.806544667584836,54.11003016603183,0,2026-09-04 04:17:19
2026-09-03 19:01:00,CNC-02,M,300.096950409371,314.88559812299235,2228.1574530222233,32.270253832249665,202.88381372292204,3.4430527645188223,13.478744164093172,50.62771758532757,0,2026-09-04 04:17:19
2026-09-03 08:32:00,CNC-02,M,296.30700440165447,311.0526112473252,1463.6389266607266,50.78166125671027,144.40600653565733,2.2693213431506107,14.231546376324387,53.799654478004776,0,2026-09-04 04:17:19
2026-09-03 09:46:00,CNC-01,L,294.949217946124,309.11689979297194,1350.175053000803,50.75119899419694,94.0542772212335,2.23443564367302,12.952622277009718,61.050354983552545,0,2026-09-04 04:17:19
2026-09-04 01:43:21,CNC-01,L,297.12675198348427,310.24942415841724,2556.960743360431,21.81722009612453,64.23921018539797,3.223040108498785,10.45945451780967,58.16231984385368,0,2026-09-04 04:17:19
2026-09-04 02:18:00,CNC-03,H,296.80783972040115,309.2488392247234,2555.9733558247876,19.163478507526136,43.5894907674338,3.1686091774557776,9.191225775260987,55.93284390520712,0,2026-09-04 04:17:19
2026-09-04 03:38:00,CNC-02,M,297.35870801378485,311.31494532358107,2314.2890253847168,26.4933929090654,119.66318278017177,2.957033270391587,11.548532749779968,56.91182155334886,0,2026-09-04 04:17:19
2026-09-03 09:36:00,CNC-02,M,296.64641723410733,311.5200727461852,1615.8646090714922,48.921890831066584,23.099067701385774,2.2175964860473765,14.624812513430946,56.33979401840364,0,2026-09-04 04:17:19
2026-09-03 20:51:00,CNC-02,M,32.81819626381912,40.44518656962828,2437.3117849495375,23.968109010379933,109.4509508682148,3.2317987361370397,10.958254380129677,36.187733790401566,0,2026-09-04 04:17:19
2026-09-03 18:40:00,CNC-02,M,300.21624268627465,314.51054699270315,2282.7622816542057,28.40663048001821,176.3123089831691,3.2456858849774286,12.294564900766666,49.030831481033836,0,2026-09-04 04:17:19
2026-09-03 19:38:00,CNC-01,L,299.0354063376802,311.98596738814035,2520.3136796602375,21.60660595610674,83.88689249945662,3.094907668470592,10.242912881453847,52.88782921506082,0,2026-09-04 04:17:19
2026-09-03 10:03:00,CNC-01,L,294.948805294695,309.5114455958869,1542.4871848729763,47.67033989453496,120.34958411870511,2.364658541206658,13.94694378914683,57.6136540787786,0,2026-09-04 04:17:19
2026-09-04 03:50:00,CNC-03,H,296.2949469527475,309.9032028140027,2328.9209974027726,25.2485404632572,149.12768093004138,3.0719718389295867,10.952978492323432,62.27453775754499,0,2026-09-04 04:17:19
2026-09-03 08:30:00,CNC-01,L,295.2435278572691,310.33739180726405,1554.3018299144221,49.57053408723703,181.3092099893764,2.7423507704753876,14.711137165113788,60.629777816447415,0,2026-09-04 04:17:19
2026-09-03 17:36:00,CNC-02,M,299.9170738555559,314.2051829744567,1890.0447276181067,36.69491456103973,92.34298124574063,2.5837113234201032,12.932718875278196,52.9468805481624,0,2026-09-04 04:17:19
2026-09-03 12:16:00,CNC-02,M,297.6266833662998,311.6319881688508,1482.1254791493416,47.08474287531015,71.64624142861976,2.2442837904660355,13.222331320902383,57.60669439849228,0,2026-09-04 04:17:19
2026-09-04 01:22:00,CNC-03,H,297.8592106711528,311.0867096550741,2473.1177366047923,21.673721641392277,246.11850824219604,4.041379094375812,10.041889550723624,60.968995267835425,0,2026-09-04 04:17:19
2026-09-03 11:28:00,CNC-02,M,297.0847024230721,311.6552270310257,1375.747785786867,51.66460160719622,,2.607944242033171,13.354236471665242,55.80765902934051,0,2026-09-04 04:17:19
2026-09-03 09:49:00,CNC-01,L,295.03399236359536,309.03335492633147,1557.358727601615,44.77107227475058,98.6686044690273,2.3105772794118975,12.800318981954142,61.85124378277977,0,2026-09-04 04:17:19
2026-09-03 17:31:00,CNC-03,H,298.6671506522966,313.79505896512876,1927.9035450827357,39.12616089910729,248.78427756385167,3.6366995899562737,282.3572738561985,54.204625173373564,0,2026-09-04 04:17:19
2026-09-04 00:44:00,CNC-02,M,299.16569124168944,311.21566601878243,2753.6889782372145,12.91113862837379,134.46274411530538,3.4937647796719755,6.878628060728329,56.10896766833987,0,2026-09-04 04:17:19
2026-09-03 18:05:00,CNC-01,L,298.66765964575245,313.00939781457686,2005.6827902395053,33.5632909977951,191.71078328899833,3.324426817700936,12.638654353268933,54.73404184341418,0,2026-09-04 04:17:19
2026-09-04 03:26:00,CNC-01,L,296.203402504795,309.7778538770808,2392.067422948167,23.38930175712451,178.40534193006576,3.3528742435076904,10.50210559969429,58.62249974075983,0,2026-09-04 04:17:19
2026-09-03 07:25:00,CNC-03,H,296.27976943238644,310.5715960478114,1700.392161559003,43.802245445380684,53.55711083120152,2.4200300141435207,13.942485968188839,62.60285513566007,0,2026-09-04 04:17:19
2026-09-03 10:33:00,CNC-02,M,296.6913832429055,311.5207452935024,1530.858430894978,50.364266072260826,112.10235810155463,2.3190494848579792,14.327960043659493,56.8093115656286,0,2026-09-04 04:17:19
2026-09-03 17:00:38,CNC-01,L,298.4573256226132,313.01612964934014,1922.921690654307,40.49262652302038,106.1549259872973,2.708073251704884,14.68991276095019,54.87654135736225,0,2026-09-04 04:17:19
2026-09-03 08:56:00,CNC-02,M,296.44155334222063,311.8630341201816,1746.8403667364612,46.24241908431119,180.10051334934712,2.8725515338890495,15.339492845892071,57.482318199363796,0,2026-09-04 04:17:19
2026-09-03 19:50:00,CNC-01,L,299.30619339710734,312.76605277386875,2313.1171394244025,27.09137007430593,98.6261420473379,2.910375380953305,11.590363307354213,51.86950052898034,0,2026-09-04 04:17:19
2026-09-03 14:09:00,CNC-02,M,298.47939443412923,312.2092304925859,1389.4064134212258,48.585199730183476,15.65187316324386,1.9547680535769856,12.70504248546688,49.18372014582629,0,2026-09-04 04:17:19
2026-09-03 20:01:00,CNC-01,L,25.75935535691002,38.69863471163853,2236.257723100214,23.573305108916447,111.86359571605595,2.9035037493712523,9.82785187369579,52.7166780547431,0,2026-09-04 04:17:19
2026-09-03 10:34:00,CNC-02,M,296.8998268377587,311.4200651721062,1391.440738601169,51.97897199793404,113.68778698915669,2.1276466414262347,13.571863139841778,57.88795152609459,0,2026-09-04 04:17:19
2026-09-03 13:31:00,CNC-01,L,302.1517694228017,309.58570331323625,1393.776360408283,45.57965306331574,28.41954575689757,,11.896900257518125,51.92154974520963,0,2026-09-04 04:17:19
2026-09-03 22:42:00,CNC-03,H,25.94341993633134,37.1146738234134,2746.768599465848,11.226298877418293,75.36875489816488,3.4125986345982016,5.670737506847895,48.14175787815958,1,2026-09-04 04:17:19
2026-09-03 07:05:00,CNC-03,H,295.81340596182326,309.41938535525924,1880.6922337522617,35.46405361071425,25.15108021345025,2.497193323481506,12.391047439307453,60.38834294135927,0,2026-09-04 04:17:19
2026-09-03 12:40:00,CNC-01,L,296.08017679871574,310.38412838787383,1391.8523233563703,49.998998014350875,175.88463029426313,2.507597518389976,13.137625180591154,58.24242815592983,0,2026-09-04 04:17:19
2026-09-03 09:54:00,CNC-02,M,296.8671460060556,310.42704386665935,1480.3624366603533,42.305803925211514,50.88080325915842,2.1472001249992516,11.603642966363276,57.89274483041199,0,2026-09-04 04:17:19
2026-09-04 04:08:00,CNC-01,L,295.7113175447961,307.7404572241935,2400.682587398076,20.623071672263997,14.20823434229118,2.9335778359188134,9.330979381856071,59.892229371077754,0,2026-09-04 04:17:19
2026-09-03 06:48:00,CNC-02,M,296.2837137636872,311.214764475506,2251.264830208666,32.00861735924232,251.77846815843608,4.016557616751499,13.68158296089804,57.171501437269264,0,2026-09-04 04:17:19
2026-09-03 23:55:00,CNC-03,H,298.4450402291292,310.5666563056231,2704.946083197079,14.516958639627088,152.8879518264075,3.4694348902767347,7.420529518424962,55.917269326756724,0,2026-09-04 04:17:19
2026-09-03 12:48:00,CNC-02,M,297.36100454561705,311.7230036369368,1354.9740392920878,51.636541270286045,122.36740463628128,2.2330773721273434,13.142352878506708,54.62027439182618,0,2026-09-04 04:17:19
2026-09-03 20:54:00,CNC-02,M,32.63774329564109,40.57241671355871,2358.963920305647,25.82802112026954,112.95453071569781,3.0668690596567028,11.396229619699767,39.723206410927475,0,2026-09-04 04:17:19
2026-09-03 14:24:00,CNC-01,L,302.6169930453603,311.24662063379657,1502.1734327993922,48.475715606581254,111.34379013928118,2.3696682772020026,13.467153274032064,47.18936354031159,0,2026-09-04 04:17:19
2026-09-03 13:36:00,CNC-03,H,297.1395454836473,311.88942159062447,1532.8986355885127,47.97906506472259,144.010178641105,2.4167129779677934,13.726266876413137,54.42239015058083,0,2026-09-04 04:17:19
2026-09-03 20:14:00,CNC-03,H,26.361001870564337,40.089121915211535,2506.753664232863,23.315271735721115,181.0211518225577,3.315343954281584,10.853555285059747,53.40139338023776,0,2026-09-04 04:17:19
2026-09-03 14:56:00,CNC-03,H,298.14615977477456,311.83125723977724,1701.7608010642612,40.60920652499865,24.310485659453608,2.2817945768354564,12.815398447198898,51.191759949059474,0,2026-09-04 04:17:19
2026-09-03 04:47:00,CNC-02,M,296.97690582386673,310.6918760458711,2298.498360659237,27.702676773295316,92.09170744096768,2.914716345739314,11.939627843641958,55.9493419543899,0,2026-09-04 04:17:19
2026-09-03 05:29:00,CNC-02,M,296.5018564745452,311.1281993077567,2120.5831678626773,32.958687899482214,145.6145743536977,2.9106687629722634,13.18361174251269,56.27417257417347,0,2026-09-04 04:17:19
2026-09-03 09:29:00,CNC-02,M,296.7359471425899,310.5651051939831,1555.3798040585043,42.87938966273371,12.224302498055666,2.317927704151798,12.350149558589184,55.19588838308237,0,2026-09-04 04:17:19
2026-09-03 05:14:00,CNC-03,H,296.732784482521,310.4868135577077,2145.709129135563,30.133727411647335,112.98601760474209,2.7899807439701005,11.905139860482246,56.855939012246075,0,2026-09-04 04:17:19
2026-09-03 13:24:00,CNC-01,L,296.2822555023816,309.93302523295415,1433.4629469122465,47.657685654835646,17.468015902440758,2.026043552765577,13.020838339450705,59.60341147024294,0,2026-09-04 04:17:19
2026-09-04 00:22:00,CNC-01,L,298.1607495904066,311.31066408058683,2715.6994087156672,18.9277521093746,204.74781992133222,4.074356306052751,9.61865801918258,52.21606136763803,0,2026-09-04 04:17:19
2026-09-03 14:52:00,CNC-02,M,298.61664467539777,312.48829517698573,1435.0381640965566,44.37106579047523,82.040270425155,2.1827821616413496,11.996505059932911,54.18885022076601,0,2026-09-04 04:17:19
2026-09-04 03:11:00,CNC-03,H,296.45934371742715,309.2202056195269,2440.955384251998,20.703576763873535,103.34977460943051,3.151689347114945,9.569104367237383,61.2744825724228,0,2026-09-04 04:17:19
2026-09-03 19:50:00,CNC-03,H,299.5488048259745,313.8716921686731,2435.431650021684,28.672663655153208,152.45600530080577,3.067768871353345,13.257018433405987,56.869198333578176,0,2026-09-04 04:17:19
2026-09-03 16:32:00,CNC-02,M,299.58994715700464,313.8551053541646,1787.2796998713818,41.8832323577458,2.8256356771377136,2.388474963639309,13.850101302961132,49.910863249952335,0,2026-09-04 04:17:19
2026-09-03 14:08:00,CNC-02,M,298.38376393975057,312.2685329978373,1439.1620768181504,48.83215012434349,14.05187316324386,1.8488766483467713,13.097802412277607,54.11591254911554,0,2026-09-04 04:17:19
2026-09-03 06:51:00,CNC-02,M,296.2358739205181,311.6699498330393,1844.9533664195922,42.920843474391425,255.9009867709182,3.829284477517799,14.65998104879647,53.770028146411924,0,2026-09-04 04:17:19
2026-09-03 06:45:00,CNC-03,H,296.0388926308522,311.0732470793233,1798.3168961874915,41.7249210155697,233.97908564889033,3.332584428176315,14.22434082123435,59.661123887056426,0,2026-09-04 04:17:19
2026-09-03 06:53:35,CNC-03,H,296.0054223608373,309.30806374691196,1860.8117500390752,34.0625417563296,8.357747488429638,2.5968771101746757,11.785284646709098,58.741197760478144,0,2026-09-04 04:17:19
2026-09-04 00:32:00,CNC-02,M,299.3429667609145,312.1005511393264,2649.2554861643853,17.546675177134517,121.77860870871423,3.251745717915092,9.07489988846171,53.23320495435654,0,2026-09-04 04:17:19
2026-09-03 20:08:00,CNC-01,L,25.911335548476586,40.107210737474304,2396.3693507448697,29.23850332267526,120.20429270867291,31.026079753261666,12.770299303584276,52.34582623486482,0,2026-09-04 04:17:19
2026-09-03 20:03:00,CNC-02,M,32.4484530322718,39.31705933769268,2406.9470714906174,22.886790515902316,53.481116297518355,2.8458932205062157,10.22623368357553,40.54600739327491,0,2026-09-04 04:17:19
2026-09-03 13:16:00,CNC-01,L,296.34679217894893,309.7965443407811,1375.0100901525234,48.33102583612059,4.777977109075106,2.0353752982919886,12.517740087294213,62.125631823479374,0,2026-09-04 04:17:19
2026-09-03 12:19:00,CNC-03,H,302.20897520590665,310.29661755314515,1425.3063428276187,51.61563206917734,22.141070200801508,2.1268767005849285,14.027323976747942,52.840989499676176,0,2026-09-04 04:17:19
2026-09-04 02:04:00,CNC-03,H,297.20604556930203,309.35663067020494,2623.4576235129757,0.0,28.03851670240394,3.1821804291042026,9.113163608104998,56.390603437360774,0,2026-09-04 04:17:19
2026-09-03 16:48:00,CNC-03,H,298.6054315267857,313.67783255943056,1859.1057561770547,40.33045803009569,189.24989309632662,2.9064477774449187,14.356776573259639,49.114266427774766,0,2026-09-04 04:17:19
2026-09-03 18:39:00,CNC-03,H,299.0672383958383,312.67975331602884,2182.8673013828175,28.88634572571947,64.59855167977065,2.705740567079392,11.825935776129272,47.85089774377611,0,2026-09-04 04:17:19
2026-09-03 19:07:00,CNC-03,H,299.5057972348247,312.0336251485654,2214.896079303035,21.495173434916914,99.93107064582144,2.8353802092485085,9.151627394850975,54.984873724657085,0,2026-09-04 04:17:19
2026-09-03 06:54:00,CNC-02,M,296.50091828044214,310.6042940475749,2001.22766978966,35.92633998387313,2.771397969844247,2.57472090333933,13.305770981849193,55.695880439277445,0,2026-09-04 04:17:19
2026-09-03 20:46:00,CNC-02,M,32.46319081012746,39.84745644858464,2670.9574348914593,20.24114449039639,103.65799576909968,3.2034186524041557,10.134035841396233,41.88472296823452,0,2026-09-04 04:17:19
2026-09-03 20:24:00,CNC-02,M,33.08421004876692,39.81991664249125,2451.499894451153,19.53817618050915,78.1422928723286,3.0699636387975837,9.008306728057294,42.38617129732712,0,2026-09-04 04:17:19
2026-09-03 22:40:00,CNC-03,H,25.89751007929044,37.56263527206255,2673.8307194744266,14.754740063963876,73.27703775346323,3.227364311543892,7.274771139169716,52.72991258600321,0,2026-09-04 04:17:19
2026-09-03 19:11:00,CNC-01,L,298.9339869128118,312.0286316074551,2222.3501725154156,25.457383605758523,50.72755525660494,2.906217424279143,10.368824050059471,58.15473123458969,0,2026-09-04 04:17:19
2026-09-04 02:18:00,CNC-02,M,298.05658080997915,310.41586690734084,2514.714688401277,18.868023940021462,28.535560055434466,3.0998563479965417,8.952866998213677,57.61925472332957,0,2026-09-04 04:17:19
2026-09-03 09:44:00,CNC-02,M,296.62483822712505,310.8181727116941,1422.1702079546887,51.51150226721902,35.48048734827801,2.0915640232475745,13.47908882390207,55.77235917518511,0,2026-09-04 04:17:19
2026-09-03 11:55:00,CNC-01,L,295.7521261986142,309.9422880195135,1275.250204991973,53.89480912350605,104.30184780644312,19.577707526535534,13.008022364540668,62.78010103510584,0,2026-09-04 04:17:19
2026-09-03 08:19:00,CNC-01,L,295.28734330065134,309.81651530023237,1788.1664258289445,39.6552458647081,165.05489195837143,2.8048425415994895,13.207986409044416,54.786292535292326,0,2026-09-04 04:17:19
2026-09-03 10:37:00,CNC-01,L,295.29753381228034,309.6005883685969,1369.765629678627,51.231608721135395,173.66324614999382,2.521851638503697,13.318051205044139,59.89354582955041,0,2026-09-04 04:17:19
2026-09-03 10:49:00,CNC-02,M,297.06770160389965,311.54560616744067,1420.127803850253,50.41380895289246,137.37826370798936,2.2455137851716507,13.143534946197626,55.506081817196595,0,2026-09-04 04:17:19
2026-09-03 07:20:00,CNC-02,M,296.4253325734266,310.0278743639909,1710.6816383197918,38.75096663732445,39.46777636410397,2.319198824754233,12.4987644588249,53.9405774354864,0,2026-09-04 04:17:19
2026-09-03 17:26:00,CNC-02,M,300.02625182320173,314.6803193515043,1931.9145773887524,38.5624839889896,78.52971141356298,2.490975662913499,13.661093506803045,53.055454946073766,0,2026-09-04 04:17:19
2026-09-04 01:56:00,CNC-01,L,296.8076112299572,309.3253273640565,2678.2327323846453,,77.33778526966765,3.248999119479687,9.957529716746354,61.077657057306055,0,2026-09-04 04:17:19
2026-09-03 19:19:00,CNC-02,M,300.4060578762716,313.3716481090931,2206.8471738572057,26.26118060075924,0.0,28.081510364374214,10.660161823710917,51.7888481032735,0,2026-09-04 04:17:19
2026-09-03 12:58:00,CNC-01,L,295.9907574350235,311.22523374937924,1372.200564548668,56.3996853584292,204.46396261888148,2.921367456935782,14.380518901865296,54.39342582694047,1,2026-09-04 04:17:19
2026-09-03 05:09:00,CNC-03,H,296.1383986012461,310.00143365101235,2151.09501311231,30.241360266793375,106.62581484489473,2.8096655412341924,12.206484736763498,55.41768644450713,0,2026-09-04 04:17:19
2026-09-03 22:01:00,CNC-01,L,298.47184385341683,310.9784809380361,2399.883720902151,21.483362872699846,53.421019076444104,28.719300812994693,9.549811977601237,49.42484017622206,0,2026-09-04 04:17:19
2026-09-04 03:50:00,CNC-01,L,295.8211501504821,310.3598375531054,2395.593703864064,30.287194951602736,206.79971789032408,99.10025216170004,13.757736002962421,59.7538328275088,0,2026-09-04 04:17:19
2026-09-03 13:36:00,CNC-01,L,301.92375565342223,309.6007675577486,1436.45534724955,46.085920987018326,36.31176459101559,2.1215312712093506,12.446628083424464,45.005236091543985,0,2026-09-04 04:17:19
2026-09-03 11:51:00,CNC-01,L,295.7436416125726,309.69742023308635,1412.578330360661,49.69046759188843,97.97029244271872,2.1045724479157184,13.048890008264783,54.3693086716875,0,2026-09-04 04:17:19
2026-09-04 04:12:00,CNC-03,H,296.35267624218386,309.50607653265405,2571.5565581507235,21.493279580411393,175.36915458078798,3.470308678618395,10.519108649007356,59.45550431937946,0,2026-09-04 04:17:19
2026-09-04 03:46:00,CNC-03,H,296.1366771149808,309.96181890718594,2385.7071489566697,26.012343142577766,144.3755272641875,3.2885498940819984,11.41893195459819,56.59497514522414,0,2026-09-04 04:17:19
2026-09-04 03:44:00,CNC-03,H,296.0018688553037,308.69357142916937,2321.7519771515363,21.308086957331938,141.98967756660053,3.1854724779836743,9.32144200638249,59.84129232713193,0,2026-09-04 04:17:19
2026-09-04 03:27:00,CNC-02,M,297.0965009727278,310.7969529274008,2444.249199909422,25.214666693123196,106.74161158699805,2.9818478519552287,11.31334024648137,59.562906266385646,0,2026-09-04 04:17:19
2026-09-03 04:42:00,CNC-01,L,296.8702814104183,310.5258026175041,2234.4544842713503,29.897753346447427,67.62003684215134,2.7857138227003047,12.591352925689927,53.838989873567144,0,2026-09-04 04:17:19
2026-09-03 16:09:29,CNC-01,L,297.40990635268497,311.55814261902134,1642.3655139176901,43.983111809790934,29.21925871592621,2.253173550593807,13.664134348272201,56.26603965494094,0,2026-09-04 04:17:19
2026-09-04 01:36:00,CNC-03,H,297.42567559608784,310.49824604635035,2714.583695961528,17.238124959265335,261.16476762761397,4.332319616641804,8.64808416676344,56.99204486766314,0,2026-09-04 04:17:19
2026-09-03 05:38:00,CNC-01,L,296.61064893600417,310.5107184818414,2115.6754378836604,30.1382950997683,138.90698449151887,2.962704860527724,11.614120034273382,61.518352673947,0,2026-09-04 04:17:19
2026-09-03 12:40:00,CNC-03,H,302.24253799028895,310.204312129831,1265.178983118801,54.44316059923252,55.473209884787785,20.456768698665993,12.932481336458054,44.79322390842056,1,2026-09-04 04:17:19
2026-09-03 22:54:00,CNC-02,M,26.949071570346234,38.22385532124349,2683.2528012250837,11.711760490417841,17.29279183694492,3.1613613218684895,5.523099771116445,51.15112096133208,1,2026-09-04 04:17:19
2026-09-04 00:14:00,CNC-03,H,298.1756677620505,311.8796625088444,2572.1185378219216,23.70130443142948,173.26549516321558,3.5478986532574877,11.040795282265298,56.2411100910846,0,2026-09-04 04:17:19
2026-09-03 05:19:00,CNC-01,L,296.38550764230814,310.2810847086207,2195.5439644034773,29.771227505827696,114.073736812835,2.978796629794444,12.415674251063917,60.20130528397304,0,2026-09-04 04:17:19
2026-09-03 14:10:00,CNC-01,L,302.534845129242,310.67404154752165,1398.445200287256,50.66073992677955,89.53304122181137,2.1100690770278554,13.349280278451403,52.654723456658004,0,2026-09-04 04:17:19
2026-09-03 07:01:00,CNC-01,L,295.3633433437325,308.92754329560205,2025.0903530934506,32.07811624901791,52.500561362964675,25.063076608323495,12.304175898616949,55.21672399403392,0,2026-09-04 04:17:19
2026-09-04 01:28:00,CNC-01,L,297.32647560461197,308.845569412988,2615.1754892285053,14.805874179799364,47.16225871831119,3.0339006685251912,7.208888669009378,56.94465339842904,0,2026-09-04 04:17:19
2026-09-04 03:37:00,CNC-03,H,296.24055768478433,309.37217906364486,2382.694651939521,23.11538268047725,133.76453328008606,3.14778022748313,10.298306827198978,59.579636323194954,0,2026-09-04 04:17:19
2026-09-03 22:00:00,CNC-03,H,299.16082943361454,311.6029307257494,2493.6281543080986,21.058326973726857,29.900603102700664,3.0828115277504584,9.796310382641487,54.18176454923214,0,2026-09-04 04:17:19
2026-09-04 00:54:00,CNC-01,L,297.4155761228944,309.4892664195803,2611.037356187136,17.790465879647456,10.792135109279174,3.13549850127858,8.752058075974249,56.464213757120724,0,2026-09-04 04:17:19
2026-09-04 02:12:00,CNC-01,L,296.6056923829452,308.7018948919865,2749.2059284284155,14.933204241953035,94.88449635751664,3.3635106114281874,7.560159497853662,55.406272530248614,0,2026-09-04 04:17:19
2026-09-03 09:03:00,CNC-03,H,296.1234821817391,311.13187923768214,1535.6805511367468,49.18479800928541,198.04639118943228,2.745964981842905,13.970567091369404,58.23680559495549,0,2026-09-04 04:17:19
2026-09-04 02:24:00,CNC-02,M,297.9283552488112,310.36612333899143,2568.4695202975163,17.857549365686868,35.15614478560624,3.135214334116173,8.81158506924185,56.13387905428745,0,2026-09-04 04:17:19
2026-09-03 12:34:00,CNC-03,H,302.5649138705056,310.6312226895317,1406.7622792274317,51.63340846356928,45.948528527820066,2.12825461909354,13.543210977143902,45.67280672515287,0,2026-09-04 04:17:19
2026-09-03 14:40:00,CNC-03,H,298.1780831875694,312.2556434374181,1646.7774130625767,45.493861420967356,0.0,2.2304463986894425,13.828087857953575,55.924920461676656,0,2026-09-04 04:17:19
2026-09-03 21:46:00,CNC-01,L,298.62724789484923,311.340324990077,2487.8109638247142,22.368461890992403,36.75288610352684,3.157609112888466,10.431411960070381,56.94631309789589,0,2026-09-04 04:17:19
2026-09-04 03:35:00,CNC-03,H,296.0345777726248,309.1657335309811,2444.245182959793,22.70520480779864,131.42407726733344,3.1409928983369855,10.359463257680133,58.85837666334497,0,2026-09-04 04:17:19
2026-09-03 10:47:00,CNC-03,H,295.9337369583804,310.42371721148925,1334.0300110462308,56.55424475131686,139.28563833904244,2.225802985139134,14.056143317488187,57.641477571934345,0,2026-09-04 04:17:19
2026-09-03 22:57:00,CNC-03,H,25.762158047108244,38.119841770357596,2721.96049940897,17.82661596367933,91.45823833761406,33.15078076698051,9.083584277393975,51.28936520768978,0,2026-09-04 04:17:19
2026-09-03 05:01:00,CNC-03,H,296.77481783537496,311.54978649453375,2105.101190921218,37.0087970144566,96.47314779212695,2.771878145438989,14.632307521690954,57.28719572235191,0,2026-09-04 04:17:19
2026-09-03 22:47:00,CNC-03,H,25.888912398362663,38.21788645170483,2646.8268463187364,18.06647657032507,80.75547527586772,3.2256912935740845,9.008168441995544,51.03299935618188,0,2026-09-04 04:17:19
2026-09-03 12:09:00,CNC-02,M,297.4597988205252,311.11045820503546,1379.0833662538555,45.976436355309595,60.52927559480692,1.9960272967675592,12.062599484179925,57.14737234223543,0,2026-09-04 04:17:19
2026-09-03 14:33:00,CNC-02,M,298.6936008971496,313.0300696744254,1482.8678185803155,50.23095399484351,52.92971140805804,2.085699852192486,13.952498914191722,55.471618391154834,0,2026-09-04 04:17:19
2026-09-03 06:39:00,CNC-03,H,295.958186628285,311.1774988297957,1891.9935662546666,41.785285369609824,225.74408421717825,3.2099292753992614,14.794882224068028,58.95926410695009,0,2026-09-04 04:17:19
2026-09-03 23:33:00,CNC-01,L,298.01070651014084,311.02632453501707,2795.063548627744,17.9812836631735,152.44085632262139,3.7647438837900524,9.366880703976763,52.273062685512784,0,2026-09-04 04:17:19
2026-09-03 14:32:00,CNC-03,H,297.8987120695543,313.00199413877715,1542.0555010261448,48.93715671850525,231.1095875665997,2.9533590219781516,14.061978184374972,55.179159629337406,0,2026-09-04 04:17:19
2026-09-03 19:34:00,CNC-02,M,300.249731661499,312.51027750128327,2325.5428918172047,20.748462289280784,18.35589311072903,2.9048896345562363,8.943670157539762,53.56265571988842,0,2026-09-04 04:17:19
2026-09-03 18:37:00,CNC-03,H,299.1740335013052,313.7130946129493,2179.3164367363647,33.89695429973811,62.06310443683781,2.8321449763888853,13.855233476041196,54.378416626895635,0,2026-09-04 04:17:19
2026-09-03 20:51:00,CNC-01,L,25.7977213160367,40.088339456839265,2463.589683500568,27.149468255747568,170.39578682968485,3.404247783111494,12.692073804032592,0.0,0,2026-09-04 04:17:19
2026-09-03 04:40:00,CNC-01,L,296.9427912265886,309.85497988404325,2258.2634492050342,24.780986673389137,65.07884870826538,2.8811299836738655,10.621928163343814,55.02469373333918,0,2026-09-04 04:17:19
2026-09-03 12:01:00,CNC-02,M,297.51017094903045,311.3203798484668,1358.3843801456364,50.1489213000748,47.73359650197037,2.0135674722781864,12.719234396658603,55.95601228318379,0,2026-09-04 04:17:19
2026-09-03 07:17:00,CNC-02,M,296.28207597984846,310.8707063376477,1852.8438930409357,42.88607399030155,35.12696266303887,2.4462528272626827,14.922692693198343,57.07530206350145,0,2026-09-04 04:17:19
2026-09-03 11:50:00,CNC-01,L,295.6344700483148,310.21292440007335,1415.3506444558338,53.543154022315974,96.37029244271872,2.2675593643949474,14.228639737528898,63.61957431791892,0,2026-09-04 04:17:19
2026-09-03 07:24:00,CNC-02,M,296.2417819812407,310.3054548293536,1873.6059056574297,39.62417918175323,45.04387929975204,2.3524410794418595,14.016063855036048,59.0411869423179,0,2026-09-04 04:17:19
2026-09-03 13:18:00,CNC-02,M,298.0844878008707,312.2684913066307,1318.8099530989798,49.984271015630036,169.79033636926204,2.25614275045038,12.64475458325318,53.77228362938848,0,2026-09-04 04:17:19
2026-09-03 05:22:00,CNC-02,M,296.58859237027576,311.0516558831381,2159.3516994532574,32.62911741660151,136.67784813974572,2.9478026450718353,13.330159010997377,58.46203452772073,0,2026-09-04 04:17:19
2026-09-03 05:00:00,CNC-01,L,296.4687609495502,309.96925384948673,2240.8310477521304,27.836449277330644,90.13793990253552,2.789106606452505,11.6782586532437,58.55863666292019,0,2026-09-04 04:17:19
2026-09-03 08:07:00,CNC-02,M,296.3278315792843,,1677.4571742839705,40.679416786729675,107.32507288636755,2.385806783861622,12.495979149263215,56.141515997599086,0,2026-09-04 04:17:19
2026-09-03 23:23:00,CNC-01,L,298.18258102602493,310.6516561703841,2703.1069408734415,17.20007122324527,141.8131777538569,3.5236805171746144,8.607731603841545,54.76440250019446,0,2026-09-04 04:17:19
2026-09-03 08:23:00,CNC-01,L,295.17085234666064,310.29512729253736,1674.236853002012,46.97802844944118,170.9939392565875,2.728585501935772,14.822204177020538,56.41955312281192,0,2026-09-04 04:17:19
2026-09-04 00:12:00,CNC-02,M,299.1874108399907,311.59552890926926,2776.505358539964,15.434839694163875,100.40131066148098,3.367964972664674,7.956133664277243,53.462340523478076,0,2026-09-04 04:17:19
2026-09-03 13:51:45,CNC-02,M,298.3654820473856,313.61175160293107,1502.9985454884616,52.216774135172145,221.68456087921055,3.1270722151113652,14.708845145723966,54.10925616908453,0,2026-09-04 04:17:19
2026-09-04 03:35:00,CNC-02,M,297.2525351834123,310.8914828328116,2548.132124304082,23.026809542433295,116.02991103799373,3.2869566553833693,10.568425440575528,53.63252552534315,0,2026-09-04 04:17:19
2026-09-04 00:33:00,CNC-01,L,297.58822236949317,310.93357237472844,2671.4048493830237,20.2262961987232,216.39039691267442,4.245483222049365,9.94917517063297,57.60245958578983,0,2026-09-04 04:17:19
2026-09-03 08:36:00,CNC-03,H,295.90543998377007,310.34753607017404,1849.9443143482283,39.758707933018925,157.26008488285348,2.6597271163115037,14.027978144871321,58.127060704316406,0,2026-09-04 04:17:19
2026-09-03 18:28:00,CNC-01,L,298.7890871767879,313.3667716695275,2040.4230740567896,32.45678158997614,221.9638625635339,3.690271642405152,12.405359593347823,52.587471692012365,0,2026-09-04 04:17:19
2026-09-03 07:27:00,CNC-03,H,296.42856477948305,310.4269621681108,1886.032332392396,38.3928033850815,56.40430839882404,2.550249600768242,13.593373149187649,58.976400207495615,0,2026-09-04 04:17:19
2026-09-03 12:38:00,CNC-01,L,295.91206268378704,310.65262242220064,1307.936147890357,54.40649313021364,172.7287668845186,2.4780664196411593,13.555095894778365,54.84554988755007,0,2026-09-04 04:17:19
2026-09-03 07:15:00,CNC-03,H,295.87133215755904,309.6294559668563,1641.3536110020307,41.65632905867642,39.33454880019682,2.2245593440368028,12.904871519831943,57.54295954265665,0,2026-09-04 04:17:19
2026-09-04 00:28:00,CNC-01,L,297.8961701853832,311.6083495019963,2716.023204300998,21.94341344929467,211.15963761536932,4.182404199447203,11.043145186459503,51.82486238897325,0,2026-09-04 04:17:19
2026-09-03 19:56:00,CNC-02,M,305.84543228404607,313.19627401785635,2242.4378437491073,26.41134973879847,45.075591642258544,2.910387016356484,11.013456198663762,41.70338568469771,0,2026-09-04 04:17:19
2026-09-03 12:46:00,CNC-03,H,302.41440979013083,310.11741404927454,1352.345174018722,48.784986347699466,64.93984218140352,2.0070199589883146,12.291334094836635,45.22169648537625,1,2026-09-04 04:17:19
2026-09-03 14:25:00,CNC-01,L,302.672442790456,311.40034346728334,1472.2505336086954,50.85895046039117,112.90811977462234,2.2306736699925316,13.887883163203146,46.55598168137215,0,2026-09-04 04:17:19
2026-09-04 01:36:00,CNC-02,M,298.63667820306966,312.3629272447355,2643.9805172072115,20.384775910448784,190.10873037808824,3.7010262973340318,10.017402914860698,53.79353553031756,0,2026-09-04 04:17:19
2026-09-04 03:49:00,CNC-03,H,296.0741309949692,310.1313315922377,2507.7235243839973,26.155192347866436,147.9363337810296,3.281903728152515,12.18850221898889,59.743113006946174,0,2026-09-04 04:17:19
2026-09-03 08:38:00,CNC-01,L,295.18321860426505,310.2731298948811,1542.587413302107,49.78585970391881,193.23640325631612,2.982735156383539,14.32689081731198,63.13913920757312,0,2026-09-04 04:17:19
2026-09-03 14:29:00,CNC-01,L,302.755568598739,311.37995934723676,1559.0328110823784,48.837766847108426,119.01697289849442,2.3486933158534167,14.248635885780542,50.81187136287276,0,2026-09-04 04:17:19
2026-09-04 04:03:00,CNC-03,H,295.9862254940385,309.939302058561,2406.2662112022404,26.995290075884075,164.6212872331949,3.247939299165931,12.157085140258769,62.51039836861028,0,2026-09-04 04:17:19
2026-09-03 16:41:00,CNC-01,L,297.8992846414761,313.36407928408437,1804.6207799819772,48.933716685434874,76.72792756412865,2.5265094860837896,,53.17745211256304,1,2026-09-04 04:17:19
2026-09-04 03:17:00,CNC-03,H,296.60345883938896,310.088100109296,2405.127976665632,24.994902737358416,110.17353458024309,3.080627915610356,11.15391633530445,56.07542381596636,0,2026-09-04 04:17:19
2026-09-03 12:50:00,CNC-03,H,296.98434090438826,310.63730342389493,1372.425177421811,48.80921201566843,71.28944218401612,1.9047168719606016,12.435151006523235,58.98472032254716,0,2026-09-04 04:17:19
2026-09-04 01:07:00,CNC-03,H,297.8320991933504,310.6501168805796,2622.153116309001,17.740221000007054,229.89053849923832,3.8224717499755037,8.909164421787517,52.691368661421066,0,2026-09-04 04:17:19
2026-09-03 10:58:00,CNC-01,L,295.35165433179037,308.61102250387836,1447.0208383879342,45.25612546225119,14.145730160190071,2.0292040819393296,12.4003865216348,61.19314329587133,0,2026-09-04 04:17:19
2026-09-04 00:55:00,CNC-03,H,298.0593572252122,310.96785543369907,2761.366793537154,17.532463666975328,216.90419365153073,,9.16186745914387,56.24205750919334,0,2026-09-04 04:17:19
2026-09-03 23:28:00,CNC-03,H,298.73619027246906,310.23774169810554,2835.3677796617,12.049968095747028,124.26582466490548,3.340592427676193,6.3921784196808025,52.87691246586389,0,2026-09-04 04:17:19
2026-09-03 22:39:00,CNC-03,H,25.942005199975085,37.55790386384683,2757.1966581730157,13.852488238998053,72.1932142175183,3.377998333229543,7.192387846317663,56.841923579208775,0,2026-09-04 04:17:19
2026-09-03 05:04:00,CNC-01,L,296.9527214785889,311.0192744100321,2122.5752674996425,32.86782966424663,95.18093621098713,2.8270062623469374,13.086194808292097,57.03773977761281,0,2026-09-04 04:17:19
2026-09-03 22:27:00,CNC-03,H,25.814217340002756,38.14214242998344,2623.2586536472854,17.89479453895236,59.22985513152193,3.2006196964220557,8.81861169611137,50.80903796850379,0,2026-09-04 04:17:19
2026-09-03 14:44:00,CNC-01,L,302.8930039059318,311.5515930553317,1631.4290254371301,45.32220288283654,142.0906621189014,2.644564564964698,14.159274286169902,47.98918149816899,0,2026-09-04 04:17:19
2026-09-03 22:34:00,CNC-01,L,25.428004102576836,36.93278347544805,2660.606834069331,14.053014409998342,89.17115709100742,3.2177880189166803,7.21594975900781,55.034935457178406,0,2026-09-04 04:17:19
2026-09-03 04:49:00,CNC-03,H,296.5687622943511,310.7310454331414,2375.7700264921327,29.11303122425781,81.41665046090527,2.905446162914912,12.956659338460518,55.77851377475124,0,2026-09-04 04:17:19
2026-09-04 01:28:00,CNC-03,H,297.6433043142387,310.94013834963994,2646.7413565578513,19.425167414667143,252.58093339441152,4.190143303409009,9.654265668401536,56.40484489445398,0,2026-09-04 04:17:19
2026-09-03 21:04:00,CNC-02,M,300.56307456130924,312.9677932156742,2675.972733625606,16.23138765338571,124.21523014354153,3.2919370431551602,8.285159232568612,49.35612098816081,0,2026-09-04 04:17:19
2026-09-04 01:55:00,CNC-02,M,298.2999229820472,311.11792634760764,2625.75058516913,18.466927384850603,3.2843744556701617,3.2044533569017695,9.17447464718036,56.667432672652055,0,2026-09-04 04:17:19
2026-09-03 16:21:00,CNC-01,L,297.75253220604014,311.4538095020439,1842.2671723011756,36.656084734329404,48.172601764783245,2.3788375335385687,12.624820034892052,57.85937675753457,0,2026-09-04 04:17:19
2026-09-03 12:06:00,CNC-03,H,301.90087252423143,309.96877400686526,1515.1287905984857,49.52906050814669,1.5468742910937532,,14.043444685666962,48.809194876615265,0,2026-09-04 04:17:19
2026-09-03 09:48:00,CNC-02,M,296.77888128334484,311.068688649766,1461.7008960653814,48.746475947824955,41.740186437413314,2.172993672284278,13.368245914654574,55.642134250698376,0,2026-09-04 04:17:19
2026-09-03 16:43:00,CNC-01,L,298.1584348670741,312.136188362363,1849.9122874533816,38.55408597876483,79.55219463802722,2.4664881312597995,13.1786095032969,50.874439765700906,0,2026-09-04 04:17:19
2026-09-03 11:54:00,CNC-02,M,297.2485770852564,310.84058722145784,1342.0629112285158,50.54166123244655,36.59982243817046,2.0618150432313715,12.680756523228231,56.161454240098756,0,2026-09-04 04:17:19
2026-09-04 03:12:00,CNC-01,L,296.3207914778039,310.48760459844874,2350.065510232776,29.019876266983122,162.41320400660902,3.2816809925247457,12.87551470241771,54.1583984582803,0,2026-09-04 04:17:19
2026-09-03 13:50:00,CNC-03,H,297.44281767609726,312.5365399531003,1357.0352511622796,56.244170509537675,165.94804968518378,21.11597267905192,14.18972138070955,53.6105582253614,0,2026-09-04 04:17:19
2026-09-03 13:53:00,CNC-01,L,302.2430359969751,310.86496779973396,1565.7679428089164,49.76229954627141,62.94576798934203,2.168580473659287,14.603656442032442,51.001905053607764,0,2026-09-04 04:17:19
2026-09-03 15:37:00,CNC-03,H,298.015877430609,312.5163352420964,1562.9362845507349,47.16578885404785,86.21180542946547,2.255677513704048,13.699177777253492,58.70925213711289,0,2026-09-04 04:17:19
2026-09-04 03:48:00,CNC-01,L,295.89345501799585,310.70398368286874,2374.6563326216965,30.765961433102106,204.42831463879006,3.7302127954872635,13.91563717918325,58.56770552701569,0,2026-09-04 04:17:19
2026-09-03 22:50:00,CNC-02,M,26.84625452348604,,2523.593721986416,16.78236351581739,13.010225747498472,3.0323756007573457,7.814354612096148,50.33676556676865,0,2026-09-04 04:17:19
2026-09-03 20:16:00,CNC-03,H,26.189859844484715,40.51163736458591,2311.0811769552,28.8700856136115,183.3499058510369,3.2675415219043265,12.481258462559333,54.84629577140929,0,2026-09-04 04:17:19
2026-09-03 10:06:00,CNC-03,H,295.8199737120052,309.87920841781255,1394.2437091359127,50.44175410332487,74.60666451229987,2.0705922022593852,13.228087679138824,57.57750597209909,0,2026-09-04 04:17:19
2026-09-03 16:52:00,CNC-02,M,299.6167682052587,7441.382375435228,1873.2413467439083,38.613213025449966,31.14500987369161,2.550570874958688,13.738298142196154,51.06272486005508,0,2026-09-04 04:17:19
2026-09-03 05:59:00,CNC-01,L,295.96904164819284,310.360220685952,2153.3793822484263,33.30588680255986,166.520615695248,3.122811244904449,13.33423581590667,62.390964607217505,0,2026-09-04 04:17:19
2026-09-04 03:34:00,CNC-03,H,296.13359139449375,309.9050946270472,2433.669522290087,24.926524847286245,130.25373832302859,3.0508673225645904,11.459266879646778,57.51640385338029,0,2026-09-04 04:17:19
2026-09-03 04:35:00,CNC-01,L,296.5330530462474,309.64384631800874,2201.936786445034,25.554391867506858,58.88326900210651,2.7991670698562845,10.592424599175798,56.77919077003452,0,2026-09-04 04:17:19
2026-09-03 12:21:00,CNC-01,L,295.92335750413986,310.7336176622929,1438.8414671182966,51.96399306820414,145.62757380163058,2.414030546074024,13.951440514531726,56.06515933575778,0,2026-09-04 04:17:19
2026-09-04 03:11:00,CNC-01,L,296.21540014007996,309.3366525134164,2432.7881810349068,21.60172616545873,161.2326121941143,3.520012418239115,9.957832203669978,65.127164664045,0,2026-09-04 04:17:19
2026-09-03 14:23:00,CNC-01,L,302.7211304922984,310.74181354047187,1390.1512214950565,48.580823818728696,109.81275022207198,2.2411965301793475,12.6148893839063,45.972218672354806,0,2026-09-04 04:17:19
2026-09-03 14:31:00,CNC-02,M,298.57580671261,312.92337155925117,1473.4624737107258,48.18044951006354,49.835574299356665,2.1862556012440373,13.207070000755914,54.986200809040106,0,2026-09-04 04:17:19
2026-09-03 14:39:00,CNC-01,L,302.8613882781991,311.2281119490557,1376.45954933154,50.550359798528746,134.4459837471568,2.3143455243068063,13.043862308809212,45.21788332266446,1,2026-09-04 04:17:19
2026-09-03 21:32:00,CNC-02,M,300.37972661772056,312.9464541336827,2648.2853586682163,16.19521538756341,155.6447074089957,3.5340377722615943,8.009047144912005,51.08727577704802,0,2026-09-04 04:17:19
2026-09-04 03:23:00,CNC-03,H,296.13459001486336,308.9912567966234,2592.096122523596,19.489332266461847,117.24506388688428,3.17153266675324,9.356239876812959,56.99307725096952,0,2026-09-04 04:17:19
2026-09-04 01:08:50,CNC-03,H,297.8857920181061,310.6779307310041,2649.6680500667267,16.821489782770847,232.06577788239974,3.954741941131711,8.418911082448357,54.309981679031544,0,2026-09-04 04:17:19
2026-09-03 10:21:00,CNC-01,L,295.06466118468444,309.57634015758134,1380.2200013040954,52.98942152321863,148.47194550644866,2.396913209330097,13.5704451011059,63.66128447222608,0,2026-09-04 04:17:19
2026-09-03 10:34:00,CNC-01,L,294.9214417433877,309.3205898258658,1379.7873489344129,51.67528799859592,168.92288816058417,25.081242635865745,13.267754882569136,62.01438966105757,0,2026-09-04 04:17:19
2026-09-03 20:42:00,CNC-01,L,26.01820286157522,39.38709496100569,2444.131988821497,23.283498871725815,159.9939127041296,3.3722129423453118,10.830021272943016,46.774254275673606,0,2026-09-04 04:17:19
2026-09-03 06:40:00,CNC-01,L,295.4056343209509,309.42308416714855,1869.1237094917303,39.553597248292824,23.21350974662815,2.4236055166353725,13.86111333394625,58.97168105459244,0,2026-09-04 04:17:19
2026-09-03 20:06:00,CNC-03,H,26.371468322608678,39.6067639739274,2491.4946589652886,22.485520821067688,171.50857226019815,3.3463273921597168,10.451698709447918,53.6431913919154,0,2026-09-04 04:17:19
2026-09-03 22:31:00,CNC-03,H,25.82378188496591,37.74244472293714,2523.1075341470028,17.42565549601916,63.619915040663074,3.0922466812569382,8.258905157113302,52.61888900527377,0,2026-09-04 04:17:19
2026-09-03 09:36:00,CNC-01,L,294.97236796577295,309.27932397755234,1497.1616315207623,,78.51071288306296,2.201049422699139,13.701306093249544,59.55197634581291,0,2026-09-04 04:17:19
2026-09-04 03:54:00,CNC-01,L,295.8848166933196,309.2723638541033,2295.942240338174,24.620724044498637,211.57117808264692,3.8560919505173756,10.462906471141103,60.343700519753554,0,2026-09-04 04:17:19
2026-09-03 13:22:00,CNC-01,L,296.48227862829805,310.0736665077457,1399.8645334221035,49.485704806025915,14.300742214866915,2.0647136143327103,12.9138151772822,57.144805853802666,0,2026-09-04 04:17:19
2026-09-03 05:23:00,CNC-01,L,296.3423142173109,310.6701348183589,2132.978889809395,33.101357416807105,119.25156893769608,2.852396793949184,13.33495461828288,59.22135671581401,0,2026-09-04 04:17:19
2026-09-03 08:06:00,CNC-02,M,296.5690109494469,311.1599810270685,1749.8489270921434,41.82775588301461,105.86820855942157,2.5415790522792663,13.44218354517887,56.43954945991615,0,2026-09-04 04:17:19
2026-09-03 06:17:00,CNC-01,L,296.05967713280893,310.10215663755906,1990.9256566230372,32.21482275043052,190.59536399646134,3.2591736609099473,11.807133879150483,58.8186940978985,0,2026-09-04 04:17:19
2026-09-03 21:24:00,CNC-01,L,298.93026794136057,310.5080903160879,2588.614998632343,15.804055136995798,12.22174145865213,3.1205219924560472,7.664924287218176,60.06029325284577,0,2026-09-04 04:17:19
2026-09-03 08:04:00,CNC-03,H,295.94387604096846,310.1937860282517,1571.6819929935114,43.40977712287284,109.91318677123314,2.3079733215107257,12.590680768043216,51.4768319533305,0,2026-09-04 04:17:19
2026-09-03 05:20:00,CNC-03,H,296.3686661798769,310.0794888515838,2215.342972346939,28.869493867320372,120.6183484061418,2.9454647224728294,11.710669164418633,58.93861667219925,0,2026-09-04 04:17:19
2026-09-03 22:37:00,CNC-01,L,25.16172414775133,37.887802980372385,2766.9543008198034,17.93963738329088,92.40596403338823,3.369127693544352,9.41818291825915,54.271422700429575,0,2026-09-04 04:17:19
2026-09-03 13:20:00,CNC-03,H,297.05053743376277,312.05440093624964,1539.0849845177058,49.73644109273325,118.7965627805769,2.3522986943121698,14.410203172651986,59.194944066854326,0,2026-09-04 04:17:19
2026-09-03 09:00:00,CNC-01,L,295.0865125437354,308.9291343684798,1494.4789057412925,46.58869363622476,22.965414958351513,2.2125770575587107,13.094551082760074,59.88081105156798,0,2026-09-04 04:17:19
2026-09-03 12:05:00,CNC-02,M,297.4478895044932,311.6114073393619,1406.5381460043222,52.04886965006986,54.13194053045049,2.0903926030792084,13.82611399396462,56.45510109210513,0,2026-09-04 04:17:19
2026-09-03 08:19:00,CNC-03,H,295.8884016090879,310.88834859652303,1595.9642155475467,48.57308742305063,132.08135486338017,2.2806720706209527,14.27853716389248,55.29529662315993,0,2026-09-04 04:17:19
2026-09-03 05:22:00,CNC-01,L,296.4488400728062,311.3217617167163,2188.98218750401,35.51297022492914,117.95742758479842,2.9684302742969386,,54.13969284360777,0,2026-09-04 04:17:19
2026-09-03 10:26:00,CNC-03,H,295.77209845588897,309.8860481241051,1438.273439936201,47.267997455710955,106.14373441203753,2.1885422350099017,12.660261764015553,62.22917612770328,0,2026-09-04 04:17:19
2026-09-03 04:36:00,CNC-01,L,296.55558525495627,310.27668936189326,2443.380322169554,27.667829487962308,60.08487846657919,,12.540744722992173,55.728799454610005,0,2026-09-04 04:17:19
2026-09-03 13:57:24,CNC-03,H,297.1590519219188,311.76907320273085,1472.612805003586,51.96780315950637,176.96397611522278,2.51826377780828,14.371901664039413,60.67318533844991,0,2026-09-04 04:17:19
2026-09-03 13:07:00,CNC-02,M,297.70055026925246,312.614054710748,1452.5377249993476,50.945066659979936,152.39548716834202,2.4031214070258025,13.807319776912534,54.61140568975617,0,2026-09-04 04:17:19
2026-09-03 20:22:00,CNC-01,L,25.904762134834584,38.977408841396766,2471.0525387026933,22.79975563692363,136.65189683163536,3.250324028193881,10.398493306271714,53.263754563383394,0,2026-09-04 04:17:19
2026-09-03 07:20:00,CNC-03,H,295.9669968958443,310.49443037663843,1775.5588966206283,42.01852012578868,46.469874525282854,2.46019637685517,13.990063000699966,57.104660276874945,0,2026-09-04 04:17:19
2026-09-03 20:56:00,CNC-03,H,26.036400211764544,40.1598185942978,2610.9351677635595,23.2142115407025,229.4475215092372,4.053059741718863,11.01314439013867,53.22010338781567,0,2026-09-04 04:17:19
2026-09-04 00:43:00,CNC-02,M,299.19486526229514,312.06305736486974,2741.106883362644,16.846202081720236,133.43274411530538,3.358573921982106,8.55821586457627,55.23279972247838,0,2026-09-04 04:17:19
2026-09-03 12:45:00,CNC-03,H,302.52970179212065,311.1700538721736,1478.2597142369455,53.47242419034127,63.352587328405924,2.155232868839737,14.73062463686206,49.19091306220155,0,2026-09-04 04:17:19
2026-09-03 15:50:00,CNC-03,H,298.24561328767095,312.37796450984786,1800.5009101935123,39.22029434978748,105.28106456134671,2.4528409535847344,13.221614869299225,51.939330201977626,0,2026-09-04 04:17:19
2026-09-03 15:19:00,CNC-02,M,298.8349589898871,314.0586532994444,1627.684193897014,48.94418253001839,122.89927838629309,2.390273974093407,15.001613754684525,50.93012785675786,0,2026-09-04 04:17:19
2026-09-04 04:14:00,CNC-01,L,295.65523282531245,308.22711837717475,2460.6620267982394,23.360847632378157,21.494802795692934,3.009651039814507,10.861957605277812,61.84666349083873,0,2026-09-04 04:17:19
2026-09-03 11:35:00,CNC-02,M,297.56521410139493,311.8785786812088,1475.796068812153,50.776827644762285,6.343684712977327,2.0579626532189526,13.96134223449768,56.3564227611689,0,2026-09-04 04:17:19
2026-09-03 23:22:00,CNC-01,L,298.28188702875576,311.10715473518667,2606.8502822716277,18.78404509734508,140.75175212618075,3.32486618331228,9.421782238128557,53.18346943607476,0,2026-09-04 04:17:19
2026-09-03 21:31:00,CNC-03,H,299.22134968595714,313.066092703235,2469.8050560521483,23.177823040918966,268.9688223391695,4.337598174280418,10.728881457716623,54.649803454823896,0,2026-09-04 04:17:19
2026-09-03 20:33:00,CNC-02,M,32.68284318821196,39.7118735276826,2409.191881571093,22.72704860079976,88.58664871450777,2.9409653696666216,10.351552770765986,40.980958585076195,0,2026-09-04 04:17:19
2026-09-03 18:16:00,CNC-01,L,298.40042796399655,313.05167858657,2123.425579438984,33.988368026080956,206.2183546783003,3.5350677969086,13.650259486748352,54.39310995107376,0,2026-09-04 04:17:19
2026-09-03 14:12:00,CNC-01,L,302.3759013894939,310.7160361071552,1381.981260680487,52.49122476350769,92.65273079935191,2.183531773734874,13.380439101447774,46.57022553510576,0,2026-09-04 04:17:19
2026-09-03 13:18:00,CNC-01,L,296.35911848351526,309.67063872693456,1496.8275791516162,45.707866138191015,7.923571040506465,2.0084988679352094,12.716037202481084,58.90935684630838,0,2026-09-04 04:17:19
2026-09-04 01:17:00,CNC-03,H,297.69541761479053,310.8844108842741,2593.896527955436,20.149262035074102,240.67787718159613,4.019944723676793,9.564073164459696,55.99535009206829,0,2026-09-04 04:17:19
2026-09-03 07:46:00,CNC-02,M,296.38159060435436,310.6022142230573,1745.8817945958633,40.722572436159474,76.72230261483865,2.404739480729662,13.225918791168661,61.83506481966373,0,2026-09-04 04:17:19
2026-09-03 08:49:18,CNC-03,H,296.06323981015896,310.7542728023957,1575.8505566441074,45.13258913018348,176.76894823040993,2.5429140237431045,13.187348992112677,53.50769338103925,0,2026-09-04 04:17:19
2026-09-04 00:55:00,CNC-02,M,298.90116635070757,312.3794532445797,2582.7834419200117,20.700298284644298,146.18180635840926,3.402803858565721,10.01184748413602,53.83539968029166,0,2026-09-04 04:17:19
2026-09-03 06:19:00,CNC-02,M,296.2443687699226,311.0754153358718,1985.5310561607532,37.768179266859796,211.9495281086051,3.421299542956309,13.991710463957851,58.01357436979048,0,2026-09-04 04:17:19
2026-09-03 12:02:00,CNC-02,M,297.35916698965076,311.69359609275403,,53.395376828064464,49.33194053045049,1.9411959569476498,13.945808711623888,52.74488601045123,0,2026-09-04 04:17:19
2026-09-03 06:20:00,CNC-01,L,295.910046275598,310.8822576239857,2012.4367554414725,36.85839351402909,194.69932240697545,3.316863850027364,13.936309154219847,65.45144557844796,0,2026-09-04 04:17:19
2026-09-03 07:12:00,CNC-01,L,295.2565694786642,309.20017675342604,1891.7639585502989,37.16273515811783,68.04255514886167,2.5757629419013,13.157365590901545,60.6459612555888,0,2026-09-04 04:17:19
2026-09-03 09:02:00,CNC-01,L,295.1580464615492,309.8449077751544,1543.739484480787,52.939866307329495,26.019309496851385,2.1632531617183006,15.308507744390043,58.94966378385253,0,2026-09-04 04:17:19
2026-09-03 17:56:46,CNC-01,L,298.2378989842301,312.88811011599165,1944.2647389878464,35.46209324304119,181.04485528807226,3.1248887795102385,,56.70736116696999,0,2026-09-04 04:17:19
2026-09-04 03:28:00,CNC-02,M,297.24507193443975,311.03984546618386,2449.591112168733,25.383996959796463,107.91424934594282,3.0569978250844443,11.548075950907695,59.70964998233804,0,2026-09-04 04:17:19
2026-09-03 14:33:00,CNC-01,L,302.46982705561226,311.00898518326176,1471.5406420314448,49.651912822080924,125.23737177363978,2.373364509988551,13.59702876160356,44.313951085316646,0,2026-09-04 04:17:19
2026-09-03 15:39:00,CNC-01,L,297.65446315963715,312.3066617691789,1539.5028282342244,46.18733883998917,225.21902402615413,3.304786909758723,13.336863186058979,53.0091522529323,0,2026-09-04 04:17:19
2026-09-03 09:15:00,CNC-03,H,295.7892765007875,310.50152824788773,1656.95866088359,42.29350080853808,216.3063110616004,3.0463587879763034,13.23529345286776,57.48201988147565,0,2026-09-04 04:17:19
2026-09-03 14:12:00,CNC-02,M,298.6530908043604,312.8196808014885,1450.0028959388717,51.068194987008106,20.375979372975053,2.0559816549729493,13.850420969385937,52.21409541678358,0,2026-09-04 04:17:19
2026-09-04 03:09:00,CNC-02,M,297.47998021372655,310.28498554405525,2457.037517095798,20.52815598262068,85.89698336056036,3.065412149960864,9.407351561072886,52.99584887026626,0,2026-09-04 04:17:19
2026-09-04 04:10:00,CNC-02,M,296.8755219238354,311.1837771668081,2212.6865664856673,30.166606521050554,157.58959673426733,3.0478440457780125,12.51071253426949,58.36280472103738,0,2026-09-04 04:17:19
2026-09-03 21:16:00,CNC-03,H,,313.1716956449548,2545.31691129164,23.53972903624384,252.1603679724405,4.249123241977681,11.163634065762055,55.22059134604838,0,2026-09-04 04:17:19
2026-09-03 09:12:00,CNC-03,H,295.6227516233938,311.05687387918067,1697.0426067812305,48.27221847163524,211.75198857499024,2.9870411157967984,15.01161011631825,59.09152026633417,0,2026-09-04 04:17:19
2026-09-03 04:52:00,CNC-02,M,296.98186932056217,310.68379211633845,2276.422946100093,27.559880508922927,98.2925797809232,3.0344032086832162,11.865465359509589,57.18185988207767,0,2026-09-04 04:17:19
2026-09-03 11:36:00,CNC-03,H,301.4435617073928,310.3263970897966,1412.6386577190822,53.62481088279708,216.93241077723505,2.666346722014695,14.24889992890437,53.15300518115315,0,2026-09-04 04:17:19
2026-09-04 01:16:00,CNC-02,M,298.6198585901936,311.8341759796806,2738.6709017394105,,168.70631747788502,3.617125946071682,9.015122138306326,53.68929952505704,0,2026-09-04 04:17:19
2026-09-04 02:10:00,CNC-01,L,296.6701106171135,308.95161300919483,2687.5770888031548,16.68290416037974,92.72432345347507,3.3828078752790876,8.548579225856724,56.111148886069095,0,2026-09-04 04:17:19
2026-09-03 08:30:00,CNC-02,M,296.58339235270205,311.4010019765934,1629.878751242893,47.2940656814885,141.3710887276179,2.522167315744794,14.17274455578963,56.32632664198847,0,2026-09-04 04:17:19
2026-09-03 14:59:00,CNC-03,H,298.0256845411598,312.50816827571344,1544.834789495451,50.162862589095134,28.85043993270387,2.224920881298893,14.439041665460437,56.81621968810477,0,2026-09-04 04:17:19
2026-09-04 01:18:00,CNC-03,H,297.9678757048777,311.92451180079695,2642.080583820858,22.79023689214627,241.77930687062795,4.043674064092897,11.286373893169678,53.40587899447212,0,2026-09-04 04:17:19
2026-09-03 10:40:00,CNC-03,H,295.64470150745444,310.09948724120216,1498.7818038443431,49.54340915090948,128.19682729506619,2.3924753259833165,14.095204008356179,59.94457833129744,0,2026-09-04 04:17:19
2026-09-03 10:28:00,CNC-01,L,294.73056390694256,309.3349803022154,1451.0970694705468,50.09057880219336,159.44786468576456,2.52318653047898,13.694315415808166,62.90310415019984,0,2026-09-04 04:17:19
2026-09-03 17:46:00,CNC-01,L,298.2836888601043,312.7342659418019,1966.8820385807633,36.56028424186998,166.36427499427833,29.882644027029475,13.590134347594375,52.60772438322658,0,2026-09-04 04:17:19
2026-09-03 16:54:00,CNC-02,M,299.52326127907287,313.6170540902273,1735.9839655206422,39.140300507451045,33.97642149746537,2.223366276790911,12.73741166600571,54.15115738033111,0,2026-09-04 04:17:19
2026-09-03 12:22:00,CNC-03,H,302.2449610628097,309.9290473313248,1354.8017943259276,49.40601783944989,26.905413384538793,2.087075718750625,12.521477419734726,51.06778166529283,1,2026-09-04 04:17:19
2026-09-03 14:00:00,CNC-02,M,298.357906030765,312.280409541766,1346.8950277596052,51.70190863385487,1.5848307608731362,1.981871430098114,13.177468289894462,52.440430762524485,0,2026-09-04 04:17:19
2026-09-03 23:35:00,CNC-01,L,0.0,310.45867692803864,2840.1513581157606,15.410567996639372,154.5008563226214,3.71517272433769,8.115428751277829,55.832789167251775,0,2026-09-04 04:17:19
2026-09-03 06:03:00,CNC-01,L,295.9607392560262,310.43813870437174,2034.0370278706614,34.04681741391062,171.8328692439257,3.132081000241409,13.023177979564533,58.840599316124106,0,2026-09-04 04:17:19
2026-09-03 08:28:00,CNC-03,H,296.1626277478243,310.7857452152987,1603.6501743540362,45.7584653424132,145.37154402539684,2.5149699152605924,13.687299858983204,59.7824179147989,0,2026-09-04 04:17:19
2026-09-03 06:27:00,CNC-01,L,295.95130871146586,309.7204123942442,1859.1476888474817,38.11399982617491,5.502097534605866,2.4308735530476846,13.26382202093952,55.88568627820283,0,2026-09-04 04:17:19
2026-09-03 18:20:00,CNC-02,M,300.2812278961609,315.2464178475866,2170.4509105628026,33.30157279208343,150.86840292998374,2.9076790493883347,13.593025846884922,52.6805624677926,0,2026-09-04 04:17:19
2026-09-03 09:50:00,CNC-01,L,295.2414443859513,309.5206576062268,1619.2632988253083,44.58274336417084,100.16857007900308,2.36232951897211,13.341252532733757,60.786380190431196,0,2026-09-04 04:17:19
2026-09-03 20:49:49,CNC-03,H,26.171326151788605,39.650887646228966,2665.1759078124005,19.925355792133185,221.4883712256805,102.18942480844207,9.877725858504057,49.82953491647838,0,2026-09-04 04:17:19
2026-09-03 16:34:00,CNC-03,H,298.5804036243251,,1730.4164366413665,43.817961620860956,169.365210358137,2.602453644976124,14.022149611150802,51.95821282532548,0,2026-09-04 04:17:19
2026-09-03 04:32:00,CNC-02,M,296.83317611594566,310.144352766677,2322.212678563581,24.9141443480561,73.66293096402951,2.853496624957986,10.897495981764052,60.92542133455272,0,2026-09-04 04:17:19
2026-09-03 10:28:00,CNC-03,H,295.9256812598682,310.3553699362446,1406.0372965021884,52.96195631937719,109.32985776145111,2.195930289126707,14.19897196913833,59.90458033857955,0,2026-09-04 04:17:19
2026-09-03 10:53:00,CNC-03,H,295.9724835863357,310.3165196309737,1436.7134049585247,50.43905920390689,148.78701322730657,2.2435972983296133,13.580485878119692,60.24899928519683,0,2026-09-04 04:17:19
2026-09-03 06:45:00,CNC-01,L,295.72390533405934,310.1078640637686,1749.6750551815203,44.607650112931104,30.171162852974632,2.3079717351685347,14.777970710142121,56.188851329096806,0,2026-09-04 04:17:19
2026-09-03 08:18:00,CNC-02,M,296.5968282896951,311.6029555534818,1687.6248820105723,46.095142747787435,123.64022934106885,23.653388820672767,14.909616897352091,52.65983191722745,0,2026-09-04 04:17:19
2026-09-04 02:17:00,CNC-02,M,297.9921903922302,309.6878042077359,2690.083466974364,13.926379454638326,27.399068607896673,3.172492055602511,6.790531290707622,53.65476554991643,0,2026-09-04 04:17:19
2026-09-03 07:11:00,CNC-01,L,295.16610483292044,309.3381011094703,1869.5780417709332,38.99906317899401,66.64252805768439,2.5754982849474386,13.454797340993448,61.61062032693069,0,2026-09-04 04:17:19
2026-09-03 15:22:50,CNC-02,M,298.71800003964563,313.1336732474601,1543.4749095294828,44.73101306004701,127.38395306211527,2.3315731623832248,12.852915496256571,53.56136787309053,0,2026-09-04 04:17:19
2026-09-04 02:01:00,CNC-01,L,296.9571864985528,309.9176702301661,2629.091696009746,20.117619029296492,82.81398681039272,3.2216747431540145,10.0073753228218,54.439371714330946,0,2026-09-04 04:17:19
2026-09-03 22:16:00,CNC-02,M,27.13240523869092,40.00484621145915,2703.156521838903,16.910780516842046,203.82680854786608,3.877207166948095,8.636591215314533,51.909598737878724,0,2026-09-04 04:17:19
2026-09-03 20:45:00,CNC-02,M,32.912959084211934,40.15887267165914,2501.988527026421,21.25721943196288,102.55515481825351,3.136961578487351,10.194526539973264,38.184570188247555,0,2026-09-04 04:17:19
2026-09-03 21:37:00,CNC-02,M,300.5160906995238,313.26999411767576,2671.459914218115,16.886577128785945,161.2039914060854,0.0,8.975050993501853,51.99845218254509,0,2026-09-04 04:17:19
2026-09-03 21:08:00,CNC-01,L,299.2397709158835,312.9123196145318,2501.974363121892,23.606743492164302,189.7372570029228,3.7678515743517127,11.046663604596613,56.86560068485787,0,2026-09-04 04:17:19
2026-09-04 01:00:00,CNC-03,H,297.8716858393035,311.052823239173,2512.871300380524,21.16777857867801,222.35222655673417,3.8180540609930693,9.999154820669686,54.580790219323255,0,2026-09-04 04:17:19
2026-09-03 15:07:00,CNC-03,H,298.3623897196009,312.6810867374004,1470.917394906921,50.125924856555834,41.12009231420108,2.111141458759028,13.869572733670338,55.50820421512347,0,2026-09-04 04:17:19
2026-09-03 21:34:00,CNC-03,H,299.19162730600624,311.72677657812477,2551.859355216299,21.225710418329363,1.1521540546084423,3.112058604773889,10.272404556792694,56.94814249834807,0,2026-09-04 04:17:19
2026-09-03 19:06:00,CNC-02,M,300.3038970222713,315.3105789721793,2327.699968388925,30.60027754217951,209.033480219338,3.682884604091315,13.442313295966208,53.95696863727849,0,2026-09-04 04:17:19
2026-09-03 17:00:00,CNC-03,H,298.3485544486907,313.0688704112697,1875.7638420368967,37.49897447933182,205.9773044860738,0.0,13.173324951127702,57.700149021351834,0,2026-09-04 04:17:19
2026-09-03 23:12:00,CNC-02,M,26.981902541947477,39.276017839198175,2584.26030751214,16.332342290727702,36.74322220874072,3.1657913094860435,8.04495026248092,,0,2026-09-04 04:17:19
2026-09-03 11:29:00,CNC-01,L,295.70084011375104,309.6212526606115,1426.0535651684092,47.288710949418,63.040659131692806,2.052785396443402,12.642040825824989,58.94333358451356,0,2026-09-04 04:17:19
2026-09-03 07:16:00,CNC-01,L,295.31969309032814,309.2382999422442,1871.7208925086861,36.423583482185634,73.6310545216033,2.468392597074987,12.892319426678448,57.185320611190456,0,2026-09-04 04:17:19
2026-09-03 14:05:00,CNC-03,H,297.55807843570796,311.9278258887,1394.3649873895158,51.578972406782704,189.49811362583944,2.45260611628872,13.160228453604923,58.714748279627145,0,2026-09-04 04:17:19
2026-09-03 12:59:00,CNC-03,H,296.9742530743779,311.17735898306876,1406.9091073756522,50.17130975309508,85.52280096455526,2.093676245058221,13.253757290232096,56.83177033817795,0,2026-09-04 04:17:19
2026-09-03 07:23:00,CNC-02,M,296.5152906538786,310.2214450108956,1831.618201486545,36.58984262518816,43.64098442973723,2.4103336716701396,12.615792941338896,59.13374312026845,0,2026-09-04 04:17:19
2026-09-03 21:13:00,CNC-03,H,299.2643238312775,313.87877895347043,2606.1046115423746,25.654922644117057,248.732333673932,4.065563792524191,12.4374804953492,54.08411804893816,0,2026-09-04 04:17:19
2026-09-04 01:54:00,CNC-02,M,298.4906058697891,310.9566790545011,2491.8898669051055,17.73406877771218,2.198043511536216,3.070505316700391,8.575318770487275,52.30730046468495,0,2026-09-04 04:17:19
2026-09-03 21:48:00,CNC-02,M,300.39439430240645,313.5948636284245,2578.4592575527477,20.034743378201984,173.34360564437125,3.5351153799324653,9.741942521473648,56.69727422180692,0,2026-09-04 04:17:19
2026-09-03 23:45:00,CNC-03,H,298.20708347474834,310.2360580839475,2758.6551137927368,14.374651814288912,142.33624689805822,3.527457159566267,7.470605606113897,55.406544587099134,0,2026-09-04 04:17:19
2026-09-03 19:03:00,CNC-02,M,300.0511635682993,,2220.8140094840282,32.73501483002793,205.3765099278881,3.599104164379166,13.849539235641291,47.271964499768906,0,2026-09-04 04:17:19
2026-09-04 02:16:00,CNC-01,L,296.81688951015127,308.9079976649914,2521.3441466140503,17.473864701462013,99.21038779506318,3.185760959192009,8.097567429385746,56.3852675137976,0,2026-09-04 04:17:19
2026-09-03 04:49:00,CNC-02,M,297.10431645613426,310.6854104951431,2370.88286789213,25.558401936581227,94.5346688023016,2.9330324821739535,11.294370254780837,59.093631535414374,0,2026-09-04 04:17:19
2026-09-03 05:44:00,CNC-03,H,296.2946129241767,310.8764036856078,2043.2792674862344,35.01191604854482,151.81797219876617,2.834725644043783,13.299649124554596,56.545728175892364,0,2026-09-04 04:17:19
2026-09-03 22:05:00,CNC-03,H,299.1030983700206,310.4599807328855,2668.895421722893,13.392450643799243,35.372180258201816,3.2113300733767747,6.763893435538177,57.67625156799531,0,2026-09-04 04:17:19
2026-09-03 19:09:00,CNC-02,M,300.51819239011434,315.393637477088,2315.3923241699576,30.1627403555403,212.79691113950602,3.5948175848439536,13.252883249032633,56.24278041812287,0,2026-09-04 04:17:19
2026-09-03 10:25:00,CNC-03,H,295.8339153912475,309.68947888085734,1328.1341846388602,49.35086940637754,104.55360102625625,2.169502805852511,12.277183427519695,59.81719103191942,0,2026-09-04 04:17:19
2026-09-04 02:23:00,CNC-03,H,296.59230534768926,308.2024620413726,2570.2024590246224,15.662346718113886,49.16659914283772,3.2091993683099007,7.7174689454079894,56.59613336248026,0,2026-09-04 04:17:19
2026-09-03 06:48:00,CNC-01,L,295.38725411504834,309.2946566219119,1771.4208028687353,39.42673074759461,34.29901704345081,2.3902577284473043,13.362334592523942,59.72978111368089,0,2026-09-04 04:17:19
2026-09-03 15:47:00,CNC-01,L,297.60162482750013,313.1340072660352,1686.6432242675446,47.271579177089905,237.02862091226731,3.6237347316230015,15.193731369739531,54.84878915677361,1,2026-09-04 04:17:19
2026-09-03 10:24:00,CNC-02,M,296.92079249064756,311.32329122210973,1464.9412187366743,50.89576993545789,97.96672436763511,2.103971309531162,13.781544829467903,59.14728376414256,0,2026-09-04 04:17:19
2026-09-03 05:21:00,CNC-03,H,296.49932207285644,310.4450215267426,2116.446963944154,30.961531688669115,121.92348180738753,2.811676817591789,12.392347627421461,53.92525892315343,0,2026-09-04 04:17:19
2026-09-03 20:43:00,CNC-01,L,25.73826012277584,39.70458076449245,2508.208107998183,25.483723458695856,161.13248065485297,3.437066077614841,12.079142691826842,57.83429166223779,0,2026-09-04 04:17:19
2026-09-03 04:45:00,CNC-02,M,296.89684980239866,310.272825132279,2226.4476662946886,26.527111189344275,89.58900537711669,2.86006401286416,10.970563482542648,56.707598279753554,0,2026-09-04 04:17:19
2026-09-03 13:00:00,CNC-01,L,296.389054041918,311.1483555952545,1323.8901244261515,55.426405127972885,207.61932486016966,2.8968213073721594,13.848006228469135,58.306124945912394,1,2026-09-04 04:17:19
2026-09-03 08:07:24,CNC-02,M,296.4969150364207,310.81851775664137,1665.034833907763,43.83911625834384,108.79894295611815,2.4149011825477404,13.530004221812233,54.852245038455145,0,2026-09-04 04:17:19
2026-09-03 13:23:00,CNC-01,L,296.38690027264784,310.3285642511692,1392.697236615229,50.875629091851536,15.868015902440757,2.0398160450000815,13.450887940854598,55.269689322884,0,2026-09-04 04:17:19
2026-09-03 16:56:56,CNC-01,L,298.3369499769362,312.3102537188302,1976.7914239638023,33.709200274240345,97.79481763150818,2.7217665129811963,12.28261988987738,55.00958686907249,0,2026-09-04 04:17:19
2026-09-03 14:07:00,CNC-02,M,298.1640667811825,312.14932279939353,1538.7596673226656,45.33605931297351,12.483312729938683,2.1531174712320387,13.213633654959834,53.67282379651761,0,2026-09-04 04:17:19
2026-09-03 22:44:00,CNC-01,L,25.189447228534448,37.76154831566322,2710.9828962929814,18.322392840123594,99.90597542850809,3.3219818322506955,9.332831296157348,56.41830227395682,0,2026-09-04 04:17:19
2026-09-03 18:28:00,CNC-03,H,298.97955004034213,312.67619156455186,2173.7241154722124,29.84405315324081,50.52494770331226,2.8596297032066147,12.127940634940881,53.58798677316073,0,2026-09-04 04:17:19
2026-09-03 20:59:00,CNC-01,L,25.819765725133095,38.87793956827261,2583.6807818630155,19.954972968556262,179.4731259363794,3.734871682299532,9.599875928358234,51.394518199525535,0,2026-09-04 04:17:19
2026-09-03 09:59:00,CNC-03,H,295.7736608020597,309.69976717977306,1577.7065262114825,44.39684684710824,63.62745124301611,2.306560656484903,12.833887853796703,60.76479459535101,0,2026-09-04 04:17:19
2026-09-03 14:47:00,CNC-01,L,302.75852325945937,312.10314417386644,,51.439569097027025,146.66924982677511,2.60663068144016,15.569655903147964,47.118846254492745,0,2026-09-04 04:17:19
2026-09-03 20:28:00,CNC-01,L,25.590570050369934,39.53057389928853,2433.3140847609757,27.07979126155856,143.73543638368352,3.321829538269181,12.605282026294514,59.45097942241597,0,2026-09-04 04:17:19
2026-09-03 05:55:00,CNC-02,M,296.39157899182555,310.9980923541377,2201.5712221445706,31.395449661053274,179.64532138192013,31.181141514763745,12.962558770645954,56.38561106036667,0,2026-09-04 04:17:19
2026-09-03 15:35:00,CNC-01,L,297.3576597172985,312.71265353916596,1659.2181649899196,48.20475955547676,219.12962462585656,3.315814846010927,14.870873749148062,52.65135370856689,0,2026-09-04 04:17:19
2026-09-04 00:30:00,CNC-03,H,298.07084762038835,311.344675011945,2752.6864168782527,18.52955428480912,190.14285556958507,36.3858232968323,9.338916940924305,53.23423508341773,0,2026-09-04 04:17:19
2026-09-03 15:51:00,CNC-02,M,299.17834435232004,314.1190051369552,1611.9676142133465,45.97062693979573,170.67790185730343,2.7047672991572718,14.059667776258923,50.01581509227674,0,2026-09-04 04:17:19
2026-09-03 05:19:00,CNC-03,H,296.6385050474179,310.8291674235797,2172.4504089367783,31.889441753022236,119.35958941940633,2.848372998840629,13.326008282491351,58.91112487012532,0,2026-09-04 04:17:19
2026-09-03 15:47:00,CNC-03,H,298.2466061514497,313.1113418509523,1747.5241176945901,44.7125116958727,100.89141995853443,2.4659298895770876,14.51113872564174,51.6445865020747,0,2026-09-04 04:17:19
2026-09-03 13:45:00,CNC-03,H,297.51346506506246,312.44081109535534,1420.2369258014874,53.30043137672681,158.08515142742883,2.3420999635550626,14.407965248747841,56.05258244303594,0,2026-09-04 04:17:19
2026-09-03 07:20:00,CNC-01,L,295.3723654616893,309.5507810533685,1771.4561526674797,40.04751799354808,79.36117843357287,2.406092763743559,13.204228393493525,62.416037571819324,0,2026-09-04 04:17:19
2026-09-03 15:00:00,CNC-03,H,298.3475865119047,312.2563501630992,1549.6719407248013,44.87630730801429,30.366641394919096,2.1721213983926497,12.929666655666423,55.41369303247693,0,2026-09-04 04:17:19
2026-09-03 20:47:00,CNC-01,L,25.804014168341382,40.53068801862588,2437.1960542121765,30.234065014650465,165.69902165278478,3.425244994594992,13.672248177354113,53.80483867181773,0,2026-09-04 04:17:19
2026-09-04 00:52:00,CNC-02,M,298.8219736975417,311.73882670361246,2774.66038324392,16.8433104931146,0.0,3.521800447493049,8.557899937993586,49.71211036144804,0,2026-09-04 04:17:19
2026-09-03 05:21:00,CNC-02,M,296.6068216921859,311.0074302542624,2114.3632294809586,34.39923209480564,135.3899654363517,2.9483538848024224,13.591765104540867,59.35672009907212,0,2026-09-04 04:17:19
2026-09-03 09:26:00,CNC-02,M,296.9182154213197,310.67366574060907,1429.4288943769,47.267586363321314,7.651394001025839,2.1159236426724206,12.858272257936102,58.149870487166574,0,2026-09-04 04:17:19
2026-09-03 20:54:00,CNC-01,L,25.905096133477457,39.94518324542952,2466.072298409027,25.759370452759768,173.88811749369333,3.602646830183372,11.908267740972494,51.42439359233138,0,2026-09-04 04:17:19
2026-09-03 20:41:00,CNC-03,H,26.15144909580681,40.23319533603285,2589.8196605544044,23.68628847729483,212.44963875851332,3.7202321800118168,11.433841359013995,57.27053759122535,0,2026-09-04 04:17:19
2026-09-03 09:06:00,CNC-02,M,296.67489726573365,311.4300703686994,1490.9815886960778,49.286141197269494,195.34657164904766,2.7809014094464213,13.750344665758591,58.616314667839866,0,2026-09-04 04:17:19
2026-09-03 16:40:54,CNC-01,L,297.9144139916151,311.7053899985803,1804.3836957670046,37.77910724693063,78.15075660962385,2.433703792935349,12.609583910643403,58.615553348813975,0,2026-09-04 04:17:19
2026-09-03 14:37:45,CNC-02,M,298.4741891102679,312.28068147385954,1569.341230453039,42.626531441115546,62.265735053843265,2.246558549739288,12.579663723436655,51.519160535397994,0,2026-09-04 04:17:19
2026-09-03 06:10:00,CNC-03,H,296.3603967238091,311.61817470873586,1990.7903365614054,40.44583278619283,186.33486313066322,3.0962010403575126,15.159082368356712,57.368677160913336,0,2026-09-04 04:17:19
2026-09-03 18:32:00,CNC-03,H,299.4105330533175,313.0151013073733,2188.5663005953984,29.202200571937368,,2.7078551946585905,12.051276620752269,55.64276626486667,0,2026-09-04 04:17:19
2026-09-03 11:15:00,CNC-02,M,297.05022676493485,312.0431277714244,1399.329522341159,53.53457314593364,178.50509532990623,2.5343696460496488,14.062229432469424,59.18932648875307,0,2026-09-04 04:17:19
2026-09-03 16:12:00,CNC-01,L,297.9425763223749,311.83403392274624,1749.2124020867648,40.060698169694994,35.09604117072728,2.4201022677509996,13.16499052682492,54.9900512654261,0,2026-09-04 04:17:19
2026-09-03 16:51:00,CNC-01,L,298.20578315962416,312.1661255540039,1833.2847917236363,38.67105884029735,90.81452319904514,2.4650237653173943,13.301246574544471,52.863033442149536,0,2026-09-04 04:17:19
2026-09-03 18:25:00,CNC-01,L,298.64412631431327,313.4841968804485,2185.5032499699564,32.78197829612802,218.02547504179358,3.673154930674072,13.475939867251805,56.623262067447655,0,2026-09-04 04:17:19
2026-09-03 13:46:00,CNC-02,M,298.200966384395,313.4086028182863,1522.2617434455053,50.635466000737864,213.89977905034084,2.9467576786646954,14.507625556159102,56.654354976896876,0,2026-09-04 04:17:19
2026-09-03 17:45:00,CNC-03,H,298.66854302040156,314.06059153435103,1908.5955265107975,40.855877562473836,267.7052701811459,3.7041705701972787,14.860493059229675,53.54470870215177,0,2026-09-04 04:17:19
2026-09-03 14:22:00,CNC-01,L,302.6456371812144,310.87518837572645,1387.656623593497,50.46146030649149,108.23639340154594,2.1433972797841205,13.220289153324368,47.530609127801206,0,2026-09-04 04:17:19
2026-09-03 09:19:00,CNC-02,M,296.874163148359,312.2761386082327,1626.2907041441485,48.300839516555634,215.03688126955674,3.0561669089231778,14.660170610004775,55.32004380265233,0,2026-09-04 04:17:19
2026-09-03 12:13:00,CNC-01,L,295.84602648490903,310.26887971928534,1408.1645123493854,51.53474312272483,132.90527992481307,2.2903707570136347,13.74122182295995,55.436161663229385,0,2026-09-04 04:17:19
2026-09-03 04:38:00,CNC-01,L,296.8683441421019,310.11466057987496,2275.8946694461565,25.810488590925033,62.56544705410824,2.891824309827281,10.964235114267074,53.915516670464335,0,2026-09-04 04:17:19
2026-09-04 00:22:00,CNC-03,H,298.1480529990737,310.6570756441627,2694.5345675492567,17.447218545835533,181.75732798056603,35.45170324969437,8.628552652754497,53.7576640745006,0,2026-09-04 04:17:19
2026-09-03 06:15:00,CNC-03,H,,310.4551520465225,2016.3391661596768,31.353250121848642,192.9692037314587,3.1413105875293774,11.625411599462078,54.35073656222096,0,2026-09-04 04:17:19
2026-09-03 20:20:00,CNC-03,H,26.319099156551488,40.28862904593211,2484.4799031175276,25.010801359916815,187.9859564224326,34.33789764676567,11.9905071062807,52.41572079441417,0,2026-09-04 04:17:19
2026-09-03 16:48:00,CNC-02,M,299.57551195296895,313.256074417831,1900.317556074473,33.84466964754699,25.58270435210869,2.4311768374272655,11.877381524871788,55.0213101384118,0,2026-09-04 04:17:19
2026-09-04 02:17:00,CNC-03,H,297.0037058726515,309.4296333224957,2648.759940557709,18.870892396726873,42.47238735714171,3.141305203398633,9.366286532384605,58.94909602262732,0,2026-09-04 04:17:19
2026-09-03 12:57:00,CNC-01,L,296.34590611201475,311.71575316575223,1483.3079231910442,55.549609457404316,202.8639626188815,2.9596950463228024,15.726791440612805,61.11847685355422,1,2026-09-04 04:17:19
2026-09-03 05:36:06,CNC-02,M,296.3047405515578,311.13277875776515,2001.6731409044025,37.95502990413906,154.6847983387625,2.8784864392330607,14.183045750629129,58.221818425071234,0,2026-09-04 04:17:19
2026-09-03 08:36:00,CNC-01,L,295.25733987780666,309.995312687162,1663.7734060565735,44.86785817693445,190.2569916293581,2.917357286688297,13.798138399324673,59.870612533840685,0,2026-09-04 04:17:19
2026-09-04 03:32:00,CNC-01,L,295.9164166479847,310.0067340359857,2412.9908696546768,26.28578777726764,185.53364242297562,3.633988757554044,11.662673310721473,59.20366106255397,0,2026-09-04 04:17:19
2026-09-03 16:39:00,CNC-02,M,299.63818158778196,313.3266414520547,1845.963479751895,36.12439920671413,12.82463403734396,2.38443705649527,12.480056932353179,51.16948073145516,0,2026-09-04 04:17:19
2026-09-03 06:59:00,CNC-01,L,295.45678768847836,309.55396179139126,1864.428774432915,39.26519125802911,49.73270012574389,2.3950564262188236,14.005243112827982,56.775516881175385,0,2026-09-04 04:17:19
2026-09-03 10:18:00,CNC-02,M,296.77580854924076,311.21710456414604,1513.7738572090072,48.934067999597836,88.57342225343488,2.1522069311033305,13.866145506367815,57.145730103489015,0,2026-09-04 04:17:19
2026-09-04 01:11:00,CNC-02,M,,312.39895680184276,2519.39199848715,23.59966797202274,163.37217168735333,3.332131985803408,11.146582911497266,52.77946919590785,0,2026-09-04 04:17:19
2026-09-03 17:50:00,CNC-01,L,298.2931179388752,313.4760104576065,2079.882379086261,36.55711053480179,171.77695227803125,3.1405563571443396,14.00914796060854,56.374406634575124,0,2026-09-04 04:17:19
2026-09-03 13:23:00,CNC-03,H,297.20606641143036,311.43154234024456,1320.4735822416392,53.44307336536079,123.58317360936415,2.120839771901198,13.117576640321944,56.66919660552751,0,2026-09-04 04:17:19
2026-09-03 10:03:00,CNC-02,M,296.72359532594385,310.8811124972023,1369.9711402978512,50.665685335867025,65.04730898588839,1.9682587960418534,12.91506232411258,60.66479746363558,0,2026-09-04 04:17:19
2026-09-03 10:02:00,CNC-02,M,296.76671820579764,311.273700927116,1513.5134722194084,51.09991639878885,63.44730898588839,2.1177618414683317,14.587324756410107,58.606943521934326,0,2026-09-04 04:17:19
2026-09-03 11:01:00,CNC-01,L,295.4093199695259,309.4747986873316,1385.0063831062776,52.77667958936299,18.897767383392,2.145736726889225,13.523556776560397,60.48461693007384,0,2026-09-04 04:17:19
2026-09-03 19:21:00,CNC-01,L,298.84717454445325,312.49185032641213,2280.1840251686344,28.816781066568385,63.09436975956338,2.8655473290032325,12.483342370471682,52.47495014536199,0,2026-09-04 04:17:19
2026-09-03 09:49:00,CNC-02,M,296.8244123827226,310.9894786663615,1454.4708046591547,48.170369916507426,43.27789984925636,2.1697254070043344,12.909019474703443,57.81495930551061,0,2026-09-04 04:17:19
2026-09-03 09:27:00,CNC-01,L,294.7317071819718,309.13237738413625,1425.6384973359438,52.72749919633459,64.5875913059098,2.089391429738251,14.024711303287274,61.245559185390384,0,2026-09-04 04:17:19
2026-09-03 05:48:00,CNC-03,H,296.2888874424808,310.59138122614917,2105.28950753387,31.829090731375516,0.0,28.385273747867917,12.634571784364907,59.476220956925154,0,2026-09-04 04:17:19
2026-09-04 00:21:00,CNC-03,H,298.4979647419525,311.12554936270203,2666.6268994886823,16.525671509763608,180.69797159195195,3.6405442187269617,8.317392209769741,57.24293425729436,0,2026-09-04 04:17:19
2026-09-03 06:55:00,CNC-02,M,296.5596465991735,310.4555359205902,1834.026755867066,36.979327126879326,4.17332139921119,2.542019804333114,12.845764414432555,62.75229876096533,0,2026-09-04 04:17:19
2026-09-04 04:03:00,CNC-01,L,295.7344905873533,308.82843318679335,2522.866159760574,23.899911394221938,8.267223230609547,3.048677851176484,11.223071984287456,1183.8444070209575,0,2026-09-04 04:17:19
2026-09-03 21:01:00,CNC-01,L,25.85655946564242,39.302102585503235,2504.4249751583643,22.681036180592702,181.87487439951553,3.6872117993856453,10.695174399474235,48.70175385796544,0,2026-09-04 04:17:19
2026-09-03 18:00:00,CNC-01,L,298.192559865366,313.2383998986073,2020.6991436074888,38.47517471194234,185.0021110204745,3.0648620463605156,14.63432457788739,59.15602192052157,0,2026-09-04 04:17:19
2026-09-03 15:10:00,CNC-01,L,297.478706204222,311.9382401927258,1520.2730985480732,46.63957972140436,181.71046888673405,2.779463886399527,13.337771830155885,58.48806431654444,0,2026-09-04 04:17:19
2026-09-03 07:53:00,CNC-02,M,296.3574806113525,310.5554007484721,1527.201291724038,43.81535037448383,87.0218308957035,2.350237316570517,12.520326770824763,58.40062835938631,0,2026-09-04 04:17:19
2026-09-03 19:00:00,CNC-01,L,298.7316476417083,312.5294027519295,2118.566970527634,32.69594552025842,37.07043659852899,2.7161920379096163,13.07890165479452,58.191352370688584,0,2026-09-04 04:17:19
2026-09-03 19:53:00,CNC-03,H,299.2328769432537,313.54495952148625,2336.5405999774557,28.99868376974152,156.12529183417985,3.185976898170491,12.864559891480322,53.6170383990981,0,2026-09-04 04:17:19
2026-09-03 14:27:28,CNC-02,M,298.45507153068763,312.66038335770105,1419.8309116492435,49.735928220732134,43.76164328962933,2.0401651126267537,13.268394343317407,56.19250785202165,0,2026-09-04 04:17:19
2026-09-03 07:29:00,CNC-01,L,295.41973513817817,309.42773804934205,1918.975938292621,37.633859012727555,92.22425169421261,2.5423480842698587,13.527108699015614,63.48456644223819,0,2026-09-04 04:17:19
2026-09-04 01:59:00,CNC-02,M,298.3660885524699,310.66385300802347,2679.0171116930846,18.318418837876052,7.685821678625795,3.16369043448173,9.336856252275958,50.07776779874785,0,2026-09-04 04:17:19
2026-09-03 21:58:00,CNC-02,M,300.3825087050984,313.63395611694557,2640.629099982044,19.33549057724145,184.18429129917018,3.572049672210213,9.53731291175628,51.01547117381108,0,2026-09-04 04:17:19
2026-09-04 04:05:00,CNC-01,L,295.77335981785126,307.81285577273417,2473.9869986212316,18.77872078169198,10.620261603425089,2.9681696557296426,8.871763427073347,60.80904022791516,0,2026-09-04 04:17:19
2026-09-04 03:13:00,CNC-01,L,296.09026711761203,309.7781100220511,2490.3136664910326,23.336755199594787,163.56856383417508,3.4529177791740873,10.85387677925389,58.80127095332849,0,2026-09-04 04:17:19
2026-09-03 13:52:00,CNC-02,M,298.2784231597529,,1363.4380325702182,52.489797139108674,0.0,2.870454197919751,13.350183624889736,55.26105036035531,0,2026-09-04 04:17:19
2026-09-04 02:11:00,CNC-03,H,296.73058940981167,309.5301347067894,2619.5884678715465,20.858581416052356,35.83633278771952,,10.134951754239852,57.209381571010624,0,2026-09-04 04:17:19
2026-09-03 12:10:00,CNC-01,L,295.9159256114138,310.8577049554312,1538.2447524639358,51.408550226635796,128.14530217887994,2.3572193035728857,14.77570973585487,60.87724375403055,0,2026-09-04 04:17:19
2026-09-03 14:17:00,CNC-02,M,298.4743913398025,312.36923437465043,1456.0663909094787,49.18829073608683,28.334521650613258,2.09903741833284,13.613919562878817,52.92216161851038,0,2026-09-04 04:17:19
2026-09-03 04:33:00,CNC-02,M,297.06998722778445,310.12492135425,2132.037631200678,26.126824774949842,74.93230097477908,2.837596897644345,10.464434535664418,56.2285973700085,0,2026-09-04 04:17:19
2026-09-03 13:07:00,CNC-03,H,297.1375722074178,311.62533139844913,1369.910177757446,52.025830811605864,98.30099533914206,2.0378770499634946,13.21521394404086,54.607591397170005,0,2026-09-04 04:17:19
2026-09-03 11:05:00,CNC-02,M,296.7746313397437,311.1535246663599,1403.5056926892396,48.215155293274776,162.6049928474329,2.3476763911726515,12.653548900353401,51.10441852376452,0,2026-09-04 04:17:19
2026-09-03 21:53:00,CNC-01,L,298.74767226659594,311.30824919695044,2504.12467480055,19.962768789690298,44.49240640174201,2.9586027865563524,9.443978453700748,54.35647084731669,0,2026-09-04 04:17:19
2026-09-03 14:03:00,CNC-01,L,302.27036736405836,310.1522924394101,1586.8060944997628,43.5816276505007,78.48143476018242,2.3116944153279153,13.08461467845358,45.53904506343935,0,2026-09-04 04:17:19
2026-09-03 06:18:00,CNC-03,H,296.26015068495167,311.43582820730853,,40.450579178604286,196.98229886242493,3.0715661505011727,14.771526288044852,58.13113937904969,0,2026-09-04 04:17:19
2026-09-03 06:14:00,CNC-02,M,296.6856239873181,311.73855612404554,2032.480727843264,37.30359257721609,205.16828007481053,3.3859302050374342,14.166079626255064,60.097020021637384,0,2026-09-04 04:17:19
2026-09-03 19:10:00,CNC-02,M,300.6308173133777,315.48491692991746,2210.993919797286,31.891949091124545,214.06088982496732,3.564262613403939,13.02721701286408,50.19284013576957,0,2026-09-04 04:17:19
2026-09-03 10:03:00,CNC-03,H,295.6324161186895,309.83942579075557,1463.5619309780823,49.63524254789828,69.89864863606313,2.109396400817631,13.645405019498806,58.67315558991884,0,2026-09-04 04:17:19
2026-09-04 03:45:00,CNC-01,L,296.1829267964422,311.37593838436186,2262.8120814082254,35.171571939849706,200.78156284634022,3.6153594831687617,15.073796183597793,61.09574895574872,0,2026-09-04 04:17:19
2026-09-03 10:40:00,CNC-02,M,296.700434083828,311.2403558273476,1405.1323699475606,51.029684731021426,123.14038112935509,2.256143697188024,,54.528091009371835,0,2026-09-04 04:17:19
2026-09-03 22:29:00,CNC-02,M,26.931010022749774,41.656104139246395,2584.929184698227,25.584242949773806,217.9604362029458,3.8465228166858005,12.524572313479954,52.59889227776882,0,2026-09-04 04:17:19
2026-09-03 10:13:00,CNC-03,H,295.82178160194786,310.02752067599096,1479.768795221003,50.65523074145206,85.65001782560846,2.1478123349495677,14.015127871774581,55.49584305421794,0,2026-09-04 04:17:19
2026-09-03 20:36:00,CNC-03,H,26.002045666544745,40.57426825216754,2380.231666303652,29.34952563727797,206.6066716511281,33.90016268634789,13.097132768150644,52.75609543936817,0,2026-09-04 04:17:19
2026-09-03 18:10:00,CNC-01,L,298.6894106817946,313.23157871896296,2161.9267417668057,31.406935566238392,198.31840349152557,3.446839244053584,12.755735195276415,59.537253728509164,0,2026-09-04 04:17:19
2026-09-03 16:13:23,CNC-03,H,298.3564515648843,312.93626101525956,1756.4417186794553,41.13698598164068,137.63890957110337,2.581050572346034,13.670047910627943,55.641132304728764,0,2026-09-04 04:17:19
2026-09-03 13:18:00,CNC-03,H,296.9644466744715,311.94109387740565,1604.5357568075522,49.85508511867592,115.67429068106941,2.43051900465952,15.249878022531112,53.15517620791987,0,2026-09-04 04:17:19
2026-09-03 19:26:00,CNC-02,M,300.1086048671261,312.74991736964273,2359.824802220332,21.92971597132657,8.518229131937405,2.8798501837433412,9.716322061456493,50.68281483745595,0,2026-09-04 04:17:19
2026-09-04 03:14:00,CNC-02,M,297.7576227066926,310.7916318095554,2596.6583826168353,19.712640412090767,91.6931233461236,3.1577000572467697,9.624229703115118,56.57821868651649,0,2026-09-04 04:17:19
2026-09-03 15:44:00,CNC-03,H,298.1064463919541,312.28823966826303,1675.4835648838894,41.52527215391655,96.47657144006521,2.3924804540594424,12.843560004026045,55.3328135711077,0,2026-09-04 04:17:19
2026-09-03 21:17:00,CNC-02,M,300.5037528333842,313.75197536704974,2526.234354949898,20.47239322826387,138.99961202092476,3.2573623033008534,9.473987409452944,49.479508979346996,0,2026-09-04 04:17:19
2026-09-03 19:38:00,CNC-02,M,300.3864813450886,312.87678548019267,2296.7478270415468,21.023956146096687,23.195121002058315,2.8639404752105553,9.001253129704374,52.711918377436135,0,2026-09-04 04:17:19
2026-09-03 23:40:00,CNC-02,M,299.7973967072254,311.89012284944596,2806.3922043157254,14.588770124544938,66.65272932475968,3.3535555126621417,7.55606138025312,53.319084249414644,0,2026-09-04 04:17:19
2026-09-04 01:03:00,CNC-03,H,297.65792447567435,311.2476359754364,2713.8400921217553,20.840136749795356,225.61532880688375,3.91726231612094,10.616214922958646,51.51916056819824,0,2026-09-04 04:17:19
2026-09-03 07:49:00,CNC-02,M,296.13063715078994,310.486292570855,1779.8591710619858,39.54763224959214,81.09407212510799,2.489184549735038,13.13947902772169,54.624513376697664,0,2026-09-04 04:17:19
2026-09-04 00:41:00,CNC-02,M,298.9591038714606,312.73591677226847,2696.18903879898,21.701781819991716,131.30258625754846,3.455697971755746,11.188213997902615,56.81095367890344,0,2026-09-04 04:17:19
2026-09-03 11:18:00,CNC-02,M,297.25868722835713,311.5549759465382,1432.6599962968603,49.15132985791962,183.27229576644754,2.6227678270761245,13.209335423616116,54.10611911218695,0,2026-09-04 04:17:19
2026-09-03 22:24:00,CNC-03,H,25.867891582309653,38.10493484325178,2680.341822805863,17.547725313869197,55.9668671628975,3.2751120671684255,8.652308796393825,52.209969083367255,0,2026-09-04 04:17:19
2026-09-03 22:20:00,CNC-01,L,25.5867135954814,37.62129755751454,2641.3289514331723,15.851270318620928,74.13958629156136,3.2366309939692273,8.042328493213958,51.59141899737537,0,2026-09-04 04:17:19
2026-09-03 20:15:00,CNC-02,M,32.850577672984684,40.39053418058535,2559.4870926718786,23.90713696014818,67.59700810509536,3.0749341158989845,11.471726826970508,40.44859112083191,0,2026-09-04 04:17:19
2026-09-03 07:04:00,CNC-01,L,295.64732377290767,309.7155654813296,1768.7405793732376,41.268177723130854,56.72979980895518,2.3380611607826873,13.759575006254192,61.52943245976282,0,2026-09-04 04:17:19
2026-09-03 18:10:00,CNC-03,H,299.00851613227877,313.17015284679667,1956.5089732238305,37.168808950197,26.880745741696114,2.5631573597344253,13.503161009534711,55.434533498888364,0,2026-09-04 04:17:19
2026-09-03 07:22:39,CNC-03,H,296.2715651257337,310.52168729762286,1841.0347792819719,38.505625003919924,50.67450473609852,2.3440121979807262,13.515103835686077,58.06282409844152,0,2026-09-04 04:17:19
2026-09-03 09:13:46,CNC-01,L,295.0532008241721,309.80509523278323,1601.2549784134,48.653076140520476,44.495182485898845,2.1706412577907437,14.37734718841377,58.78650046393778,0,2026-09-04 04:17:19
2026-09-03 09:03:00,CNC-01,L,295.2707742512492,309.2117216376449,1611.5280081061867,44.40136508139859,27.532721179240625,2.3350716188757796,13.19245557111107,,0,2026-09-04 04:17:19
2026-09-03 16:12:00,CNC-02,M,299.5190941085592,314.58460631512,1756.3104256069394,42.11325607881537,201.37638325683832,3.032723411927356,13.695145941608057,52.23204371389822,0,2026-09-04 04:17:19
2026-09-03 20:10:00,CNC-03,H,26.31992110296102,40.19612458093445,2399.2821905664878,25.98357437423384,176.36031794747618,3.3640210077596127,11.647043093330934,52.21562933475861,0,2026-09-04 04:17:19
2026-09-03 21:28:00,CNC-03,H,299.4300677078825,,2607.7926925587453,19.81451810754034,265.6066907819998,4.373049735191575,9.44741286844982,54.09800446452441,0,2026-09-04 04:17:19
2026-09-03 06:38:00,CNC-02,M,296.44752566974194,312.0544432900758,1929.9463470471735,41.59830548708017,237.98201243257643,3.5472668455999465,15.00481344946602,58.425618422640156,0,2026-09-04 04:17:19
2026-09-03 21:50:00,CNC-03,H,298.8900298345348,310.8357704667568,2666.226056213346,16.18704010359809,18.8798761925931,3.213555922355752,7.85056940450226,54.64070252529775,0,2026-09-04 04:17:19
2026-09-04 01:55:00,CNC-01,L,297.07296917566646,310.10257058165627,2512.767107195942,21.273606728425378,76.23979104613719,3.046109324599467,9.722308993644027,57.24464698268916,0,2026-09-04 04:17:19
2026-09-04 00:42:00,CNC-01,L,297.69286816959885,310.26201788744754,2683.2706636366934,16.0171216211754,225.90562766712037,4.401867630821324,8.044736651491975,55.509772012332576,0,2026-09-04 04:17:19
2026-09-03 08:21:00,CNC-02,M,296.7665121015028,310.9226081216425,1663.1119371874106,41.95258403304238,128.06136985415142,2.4858283186296273,13.168042340649551,57.88750815975786,0,2026-09-04 04:17:19
2026-09-03 09:55:00,CNC-03,H,295.92965953893537,309.7502987555131,1389.7804926199306,49.666576254903624,57.50502528624808,2.0500368461281493,12.846641706347498,58.31980273331803,0,2026-09-04 04:17:19
2026-09-03 21:05:00,CNC-02,M,300.36934051062633,313.72746560221805,2497.0652114311188,22.45194770824951,125.33938594554151,3.235190839150857,10.597254356452368,46.844228519071486,0,2026-09-04 04:17:19
2026-09-03 20:35:00,CNC-01,L,25.900538246438316,,2477.6942561647106,25.10844207904644,151.8696021726991,3.3494705248856977,11.765734448326464,53.14381720616185,0,2026-09-04 04:17:19
2026-09-03 15:56:00,CNC-02,M,299.1818198824333,314.24398104281863,1627.3485077068422,47.1342628400338,178.09125866308858,2.6553770173749833,14.392021637190945,56.12739830991348,0,2026-09-04 04:17:19
2026-09-03 20:02:00,CNC-02,M,32.670766748130234,40.431583969099165,2373.696242191685,26.267475714619117,52.2888888012061,2.959506749244496,11.729044826553507,36.331780037890695,0,2026-09-04 04:17:19
2026-09-04 04:02:00,CNC-03,H,296.011396396525,309.5985569622416,2426.1549350674472,24.882748496230324,0.0,3.2048346494217506,11.312969704695837,56.752851842179474,0,2026-09-04 04:17:19
2026-09-03 08:32:00,CNC-03,H,296.0264148498137,310.6505780775807,1521.450498119426,46.96567557650976,151.3581436579273,2.3608812354577133,13.366732748559464,55.472310254791225,0,2026-09-04 04:17:19
2026-09-04 03:18:00,CNC-03,H,296.3699305073689,310.11107480349926,2351.9584503987244,26.41989677565905,111.37774050806993,3.063515869120621,11.468833164399424,61.16329399564739,0,2026-09-04 04:17:19
2026-09-03 22:45:00,CNC-01,L,25.283640759519358,37.35251400154186,2663.6857413309176,15.737871822809241,101.00410121499587,,7.737258800708501,58.38455129563845,0,2026-09-04 04:17:19
2026-09-04 00:25:00,CNC-03,H,298.3107797015232,310.9088937199891,2625.68571444813,16.304822750040252,184.89459072369021,35.54842646470244,7.700704422935917,56.2599714160217,0,2026-09-04 04:17:19
2026-09-03 06:39:00,CNC-01,L,295.70989455253135,309.3546986970155,1910.8026026379368,35.41970608006313,21.833533667468288,2.555655630289425,12.733533096533824,63.387954910205785,0,2026-09-04 04:17:19
2026-09-03 19:49:00,CNC-03,H,299.4055180665397,313.9796395376127,2318.452056130518,31.66335014916035,151.26620686165828,3.126338684437042,13.447455961473706,51.01986436987966,0,2026-09-04 04:17:19
2026-09-03 11:38:00,CNC-02,M,297.559092854645,311.31971971027775,1400.7269143426624,48.67051841685175,11.142700357350138,2.0609548367210255,13.226675517817583,57.702755956817526,0,2026-09-04 04:17:19
2026-09-03 14:45:00,CNC-03,H,298.2634899077206,312.14110931498084,1600.8272295593315,45.239133087741386,7.618274117866113,2.2854638544629764,13.591647718513181,58.177307315423235,0,2026-09-04 04:17:19
2026-09-03 23:39:00,CNC-01,L,298.10848583722276,311.24552442539914,2561.3823089071443,19.025450907817934,158.74255528106661,3.472551885193972,9.090178172903885,56.72730001475799,0,2026-09-04 04:17:19
2026-09-03 13:10:00,CNC-02,M,297.90834315337423,312.2944232429353,1268.3368385660963,54.26134052387746,157.1404909239915,2.3649828519190814,12.836404988148418,59.43484521025643,0,2026-09-04 04:17:19
2026-09-04 00:24:00,CNC-03,H,298.1224705786842,310.0377361402707,2763.21965023245,12.78832382614123,183.82760050397016,3.7841182032647853,6.582688270948365,52.14301503096591,0,2026-09-04 04:17:19
2026-09-03 06:28:00,CNC-03,H,296.24548527578776,310.7314594578716,2066.38577964089,34.00097326270917,210.67056545646835,3.337817545465518,13.206684278425156,56.179937963210186,0,2026-09-04 04:17:19
2026-09-03 19:23:00,CNC-03,H,299.5104881998217,313.52712123749507,2274.242889721181,29.253195404028382,119.60213609175969,2.928936620918336,12.289997986855946,51.64485494994425,0,2026-09-04 04:17:19
2026-09-03 12:35:00,CNC-02,M,297.4291875832447,311.84094013352734,1358.1718261901008,52.122211013385936,101.75532459109458,2.095112954275212,13.016899170273234,55.31904317783935,0,2026-09-04 04:17:19
2026-09-03 13:55:00,CNC-01,L,302.1351731750948,309.68242472608455,1402.741036277391,46.07351973382102,66.03016410874301,2.170622688891773,12.119206706572214,48.270437310293985,0,2026-09-04 04:17:19
2026-09-03 18:52:00,CNC-03,H,299.6282624103302,313.49490398068394,2226.4561357058496,29.690564719965234,81.12001604323208,2.8696112503313014,12.153664059056617,52.320972761265516,0,2026-09-04 04:17:19
2026-09-04 02:11:00,CNC-02,M,297.98588480598147,309.9889413026931,2728.537680389896,14.575173973878226,20.707133459018085,3.283885363896341,7.348787076198137,54.16739884289436,0,2026-09-04 04:17:19
2026-09-03 16:19:00,CNC-01,L,298.1209788912992,312.33679028321177,1733.2519315388013,41.20600293082197,45.34082030879686,2.3675429508076733,13.273691384360015,51.67923388874736,0,2026-09-04 04:17:19
2026-09-03 13:06:00,CNC-02,M,297.7341001206183,312.2383495024355,1323.1447367557967,53.360375140917014,150.8286230689408,2.2615635331296877,13.228635756529076,54.843732383244046,0,2026-09-04 04:17:19
2026-09-03 16:29:00,CNC-03,H,298.6026820720054,313.05400318095354,1808.083882858738,40.88296526791631,162.17257647258532,26.24290011077658,13.781508824810796,48.84370711142692,0,2026-09-04 04:17:19
2026-09-03 09:52:00,CNC-02,M,297.0034568170094,310.8638337542035,1512.4071053332066,45.86511274934936,0.0,2.192911076576339,13.048972701006614,54.4162610708352,0,2026-09-04 04:17:19
2026-09-03 19:20:00,CNC-01,L,299.2647319387115,312.37972275852263,2221.008467172841,25.34738095813349,61.85456421158429,2.8448202257343036,10.70962714234102,46.8508704119282,0,2026-09-04 04:17:19
2026-09-03 06:29:00,CNC-01,L,295.5126139481909,309.25430547219077,2084.8110663250322,33.109095076111366,8.22299232504627,2.566443704396921,12.74809481598911,59.438533439621025,0,2026-09-04 04:17:19
2026-09-03 09:44:00,CNC-03,H,295.42481071657835,308.8852982045501,1294.9700834892756,47.52261697916544,40.271703794180176,2.1475806583977506,11.614155717040349,59.03667889379439,0,2026-09-04 04:17:19
2026-09-03 22:01:00,CNC-02,M,300.34218931935516,313.66497123216334,2643.4955374311003,19.015558052967403,187.48316061028228,3.66661161697287,9.383083735240895,53.57426900007911,0,2026-09-04 04:17:19
2026-09-03 19:27:00,CNC-03,H,299.51772850601566,313.7196690417843,2145.239762123811,31.617263167170155,124.60319590882648,2.850342024108561,12.730844659319459,52.909727891887236,0,2026-09-04 04:17:19
2026-09-03 14:52:00,CNC-03,H,298.2846736500184,312.21419964765585,1536.26887250961,45.439116498009035,18.285730463356668,2.1652317573346,13.071243783436294,52.13694929458979,0,2026-09-04 04:17:19
2026-09-03 23:18:00,CNC-03,H,25.41353775039255,37.26573253332691,2770.099768240982,13.97974846757696,113.70928794641253,3.4284839456596785,7.519704612674758,52.39148744896908,0,2026-09-04 04:17:19
2026-09-03 11:18:00,CNC-01,L,295.7238024723794,309.5750669050768,1381.046539494638,48.60258529786376,45.75317774830748,2.0592366301195795,12.515876930199497,60.58809236986362,0,2026-09-04 04:17:19
2026-09-03 22:16:35,CNC-01,L,25.374886717674542,38.220857296132465,2429.506524222367,21.900677486907725,70.87182762826988,3.059811474693579,9.975335234308645,47.463519092137744,0,2026-09-04 04:17:19
2026-09-04 04:06:00,CNC-02,M,11090.365817418875,311.9821874821203,2277.026802849718,30.425446878235004,152.7982412502058,3.255054943720011,12.737078761836162,58.828662363122874,0,2026-09-04 04:17:19
2026-09-03 14:48:00,CNC-02,M,298.4579770531249,312.3719963506029,1594.916394083457,41.8978618392779,75.94930643621305,2.284236412056722,12.445836916535827,52.756631114271094,0,2026-09-04 04:17:19
2026-09-03 20:42:00,CNC-03,H,26.19429690393673,39.783857531169474,2480.808806111198,23.160725621085568,213.6002591274945,3.5748389579144133,10.612619749652502,52.46324982140369,0,2026-09-04 04:17:19
2026-09-03 08:33:00,CNC-01,L,295.19016247804257,310.5126657744879,1508.9296524908045,53.3777600351878,185.77460394909295,2.7672234296554516,14.901903855167959,64.41355524269126,0,2026-09-04 04:17:19
2026-09-03 21:40:00,CNC-02,M,300.4772601645098,314.9720363487416,2612.3384661147993,25.98861239508519,164.5010573239325,3.4777197658381582,12.611887071097835,46.32069360980194,0,2026-09-04 04:17:19
2026-09-03 06:38:00,CNC-03,H,295.99784565607797,311.66185622695673,1968.3417947884748,43.08831107500582,224.33003321309332,3.2257361162059186,15.921594565202351,55.278923740043425,0,2026-09-04 04:17:19
2026-09-03 10:08:00,CNC-01,L,295.36800642123455,309.71952846643165,1518.606194022009,48.67727697169657,128.07313532375696,2.369480483250593,13.904658450602428,65.7342172555706,0,2026-09-04 04:17:19
2026-09-03 21:52:00,CNC-02,M,300.4528589902067,313.70996414596647,2774.4189980280266,18.57223170601166,177.64212635038115,,9.7839793165879,47.816646947139645,0,2026-09-04 04:17:19
2026-09-03 20:23:00,CNC-02,M,32.666644335989474,39.6632486604812,2413.29463552945,21.947038430457635,76.99857420740884,3.0071809509744236,9.778062993085907,44.07147307330169,0,2026-09-04 04:17:19
2026-09-03 21:02:00,CNC-03,H,26.332244625125554,39.70649011955794,2493.388869905628,21.30193141738122,236.2537402069383,4.045050347326383,10.122252137687003,50.66571472775372,0,2026-09-04 04:17:19
2026-09-03 10:36:00,CNC-02,M,296.7216612721946,310.83514956402996,1307.559538956695,52.6609771597428,116.83200321893155,2.1537138351290888,12.814459128881031,59.86748544735944,0,2026-09-04 04:17:19
2026-09-03 04:21:00,CNC-01,L,296.91104859815096,309.7750407889927,2433.1073367942054,22.38128122520103,41.67108407204124,3.1216865216340275,10.010353428196815,57.15739787490622,0,2026-09-04 04:17:19
2026-09-03 16:30:00,CNC-02,M,299.32661198437285,313.7523823969342,1660.4751642269841,45.022471888992854,0.0,2.2161881615468,13.925669985693824,52.97688539748369,0,2026-09-04 04:17:19
2026-09-03 18:11:00,CNC-02,M,300.0514312037643,314.59488922492534,1965.3297931305524,35.780277530847094,139.05941847428326,2.7605662748215103,13.38644423883745,53.58985509237966,0,2026-09-04 04:17:19
2026-09-03 20:13:00,CNC-02,M,32.56781074125655,39.577201156190256,2402.0384221338672,22.34948243379802,65.21682842894937,3.0005782915497483,10.102984614861462,41.97723948357748,0,2026-09-04 04:17:19
2026-09-03 14:29:00,CNC-03,H,297.65308997143654,312.70899850692416,1611.2062092395322,48.257714711703144,226.54508618596824,2.944329685890551,14.68863487498949,52.28268123192802,0,2026-09-04 04:17:19
2026-09-04 03:22:00,CNC-02,M,297.2697887837621,311.4756417938582,2322.431709158343,28.503655817819244,100.91734944899595,2.8990373510685568,12.512730235747727,58.19780160468852,0,2026-09-04 04:17:19
2026-09-03 23:03:00,CNC-03,H,25.430225455445395,37.193074952505526,2792.893067294446,13.792923421034471,97.7865548237164,3.381426937719713,7.3879334204602625,,0,2026-09-04 04:17:19
2026-09-03 05:20:05,CNC-02,M,296.66522374117096,310.6905587897677,1989.9001434522063,33.752126135534766,134.06694119373458,2.745294818403737,12.624665850658776,58.8790717552769,0,2026-09-04 04:17:19
2026-09-03 21:41:00,CNC-02,M,300.5678691266915,314.34398087089886,2648.3155813802978,20.851337084829325,165.6001848799313,3.481047983595267,10.604573790710669,53.79567708113408,0,2026-09-04 04:17:19
2026-09-03 07:16:00,CNC-02,M,296.1692704942897,310.14068547322324,1809.8655799041383,40.202811114115455,33.69808986821928,2.4029647942829158,13.845994120607033,58.6841575652812,0,2026-09-04 04:17:19
2026-09-03 15:06:00,CNC-01,L,297.56877807948393,312.4126183230989,1472.4916610179012,50.39823746993385,175.65376817720178,2.616977517831768,13.873599787135365,57.1668293350926,0,2026-09-04 04:17:19
2026-09-03 21:29:00,CNC-03,H,299.1741675786717,313.27487632947754,2517.373926783668,24.608720331272256,266.7343191556329,4.213872086280154,11.690000518831079,54.62091633956686,0,2026-09-04 04:17:19
2026-09-04 02:15:00,CNC-02,M,297.901831022134,310.5586002430757,2532.530694119423,20.318737982392594,25.15712697150018,3.1968401318999655,9.76606132216648,56.43908746370875,0,2026-09-04 04:17:19
2026-09-04 03:37:00,CNC-02,M,297.27080357498505,311.8605631655194,2344.437094897825,29.80018401916266,118.44045374819115,2.997209034567286,13.149812392051377,53.968256725613706,0,2026-09-04 04:17:19
2026-09-03 09:37:00,CNC-02,M,296.510881136889,310.30150115711183,1535.3035065954582,45.510506767995004,24.63180061117825,2.111308435486625,12.863678447299193,59.03676541985926,0,2026-09-04 04:17:19
2026-09-03 12:35:00,CNC-01,L,296.1064098712603,310.73510167630116,1315.6594919928013,54.56589045494333,167.9287668845186,2.4769609970138133,13.385902944005352,58.314185837627896,0,2026-09-04 04:17:19
2026-09-03 05:29:00,CNC-03,H,296.2066393024291,310.1821801246097,2060.5803273429615,31.05383284220502,132.2472039485196,2.655910025643524,12.034530220355906,56.987286965208,0,2026-09-04 04:17:19
2026-09-03 16:47:00,CNC-01,L,297.85298475136915,312.64474335832983,1902.9116637443942,41.58970540903154,85.1599281569559,2.5933600749325305,14.738752704301,56.588107841419465,0,2026-09-04 04:17:19
2026-09-03 17:49:00,CNC-03,H,298.5234799691643,313.57881422880155,1824.1871172792182,40.913224644028276,273.1483565341726,3.849658317391639,13.936310611352571,53.83155750274604,0,2026-09-04 04:17:19
2026-09-04 00:43:00,CNC-03,H,298.11932431404136,311.81903536642653,2699.3856097723938,21.15053164300957,203.95639366359012,3.791279374892138,10.563369215896492,50.90280039641735,0,2026-09-04 04:17:19
2026-09-03 06:36:00,CNC-02,M,296.3102605668488,311.4857557408558,1826.6222538636655,41.6263820793383,235.219417181153,3.440422051181128,14.44767765839005,57.4559652520316,0,2026-09-04 04:17:19
2026-09-03 04:26:00,CNC-03,H,296.7425601077582,309.74647173742983,2256.686139359773,26.42216021459773,53.075888467130575,2.7772283050281508,11.230707971861667,59.0538892329251,0,2026-09-04 04:17:19
2026-09-03 14:55:00,CNC-03,H,298.38455331868687,312.3258822289457,1554.565418157336,47.648766544081056,22.84220248094047,2.239244193938555,13.948750333580524,54.12179940945932,0,2026-09-04 04:17:19
2026-09-03 21:36:00,CNC-01,L,298.67185069444525,311.1494715179223,2503.739888776583,19.76646112302827,25.622387571007447,3.065674000975251,9.39677174080807,52.62567347613563,0,2026-09-04 04:17:19
2026-09-03 22:15:00,CNC-03,H,25.956476957983227,38.762642706940085,2700.986502319479,20.363551487483395,46.25670283358103,3.20789653691292,203.06200205780564,49.64076428042786,0,2026-09-04 04:17:19
2026-09-03 05:50:00,CNC-03,H,296.14733469186103,311.1366417449319,2156.142243685596,34.73714470658647,159.61631714248057,2.9181864352983435,13.97977068398973,57.214300228286106,0,2026-09-04 04:17:19
2026-09-04 00:04:00,CNC-02,M,299.8430311060788,312.9728006055559,2753.4213579170882,19.12010937619959,91.95893126749567,3.3468696083966396,10.106436496144676,49.64358651284982,0,2026-09-04 04:17:19
2026-09-03 15:58:00,CNC-01,L,297.6554510801196,312.05073543410487,1746.2833642884627,45.32886420193593,14.633932907862743,2.385129949663606,14.698078594719341,46.71132069715539,0,2026-09-04 04:17:19
2026-09-03 08:55:00,CNC-01,L,295.2450708737986,309.1253667102351,1527.959008412189,48.331801483922845,15.22241624694791,2.1900383485926658,13.782580271844564,62.748347754709755,0,2026-09-04 04:17:19
2026-09-03 19:37:00,CNC-01,L,299.02641896532765,312.1866217609785,2376.7266026432153,24.52259355422976,82.73372094329473,3.059538335136822,10.807665998478123,52.10675765304117,0,2026-09-04 04:17:19
2026-09-03 09:33:00,CNC-03,H,295.4451818894731,309.24112498727504,1401.3695292464988,49.105517975896745,23.072715373507734,2.077275067174477,12.695019403147176,61.23539446639266,0,2026-09-04 04:17:19
2026-09-03 21:59:00,CNC-02,M,300.7944334383848,314.22205113028974,2706.9645465460876,19.627701344723512,185.27725660690027,3.7711808665650572,10.256150613646803,50.32058755165263,0,2026-09-04 04:17:19
2026-09-03 18:52:00,CNC-01,L,298.81280123840935,312.11008666639674,2232.359922216377,28.619595974592638,26.95697807000564,2.7508418037127416,11.74193120449666,53.66024564967663,0,2026-09-04 04:17:19
2026-09-04 00:05:00,CNC-03,H,298.37434897298675,310.80129244605786,2848.890853221192,15.443128574767458,163.59618557955895,3.739497979787485,8.255936717108177,54.094281374625126,0,2026-09-04 04:17:19
