ts,machine_id,type,air_temp_k,process_temp_k,rot_speed_rpm,torque_nm,tool_wear_min,vibration_mms,current_a,humidity_pct,machine_failure,collected_at
2026-09-09 17:33:00,CNC-02,M,298.8445699498565,312.7097974594376,2079.7957859470143,33.355668890288904,44.03105293705728,2.691605839507439,12.883620263425087,49.78157936199309,0,2026-09-10 04:10:01
2026-09-09 17:58:00,CNC-03,H,299.7520021316765,313.49083282824836,2130.816764329645,32.27971953971802,8.007352943980058,2.6920027771375454,12.996428855754068,54.788303524977884,0,2026-09-10 04:10:01
2026-09-10 03:09:00,CNC-03,H,24.463931467307418,36.82528266623956,2681.623407990206,16.688625524733443,112.12888557575361,3.4097948536991294,8.489147506242755,57.59048718971776,0,2026-09-10 04:10:01
2026-09-09 05:13:00,CNC-03,H,296.38048089888724,310.2041200540507,2096.7005398368515,31.5447283009294,95.5827804645055,2.742931363301591,12.284418487433605,58.79006715648441,0,2026-09-10 04:10:01
2026-09-10 03:58:00,CNC-03,H,297.29711254049556,311.2253134582402,2364.1732412642905,26.373891039608377,169.48179751417692,3.2812789564230695,11.760898424755895,55.233466511652644,0,2026-09-10 04:10:01
2026-09-09 08:50:00,CNC-02,M,296.41122155398995,311.1005984475388,1442.4927007679653,51.091689433812455,139.52173751700488,2.2672734625230766,14.055105652214923,57.4189473112799,0,2026-09-10 04:10:01
2026-09-09 20:27:00,CNC-03,H,299.9042453867225,314.45797178756175,2475.0969343194583,28.025579060387493,193.63367088109123,3.4314078387122033,12.801676591652496,52.92808831425832,0,2026-09-10 04:10:01
2026-09-09 23:39:00,CNC-01,L,299.4117450471091,311.9333468129087,2809.700553557642,16.82914842783545,112.0041279942319,3.479200991790639,8.886371747240075,50.17893219387339,0,2026-09-10 04:10:01
2026-09-09 23:21:00,CNC-03,H,299.47778250632183,311.29465603590637,2796.1014692402437,12.372031046285285,4690.723366640184,3.4012457424841673,6.474485817487178,45.947279928763734,0,2026-09-10 04:10:01
2026-09-10 02:29:00,CNC-02,M,23.26447793134372,37.23639964640154,2595.93238244786,21.314545232367575,219.69785508845013,3.881781839953678,10.205917555294246,56.098524434572774,0,2026-09-10 04:10:01
2026-09-09 19:38:00,CNC-01,L,300.59046003284607,314.24315269119467,2312.3986664602216,27.34371609185075,72.25871228608604,0.0,11.807853805497137,46.58820205052686,0,2026-09-10 04:10:01
2026-09-09 07:11:00,CNC-03,H,295.75142753188857,309.3612889167842,2015.1207315952206,33.18899971288392,30.549931998605082,2.6597459430613877,12.55682551707165,62.12790936319206,0,2026-09-10 04:10:01
2026-09-09 19:56:00,CNC-01,L,300.67702425804964,313.44258481549673,2485.425199652414,20.992061238499215,93.98055901822433,3.0434858209576494,9.512030784634193,48.74115495007585,0,2026-09-10 04:10:01
2026-09-10 01:18:00,CNC-01,L,298.9215262926971,312.71740589838726,2680.2420677565888,20.25560190606145,217.943244466495,4.292244068738534,10.538545687455683,52.497156450493215,0,2026-09-10 04:10:01
2026-09-09 20:32:00,CNC-03,H,299.5354774839799,313.82661201061813,2350.9726619158455,27.413129290532428,199.39910524507638,3.5711467498558003,12.133729598939135,49.81468464127656,0,2026-09-10 04:10:01
2026-09-09 13:59:00,CNC-03,H,303.41137188565443,311.60094464968677,1369.409578145897,49.97605862580213,,2.275184403913059,12.920104370177034,44.64784025100395,1,2026-09-10 04:10:01
2026-09-09 20:46:00,CNC-01,L,300.60186879807094,313.9304299951827,2576.9187959579585,21.821126171035473,152.5202689304456,3.5522093918644235,10.618398509057954,52.82994130152266,0,2026-09-10 04:10:01
2026-09-09 17:25:00,CNC-01,L,299.8826931796553,314.03465023914265,1908.7289165352522,36.60539595691346,132.46046589297572,2.709501367186768,13.20219571469198,54.00657966573585,0,2026-09-10 04:10:01
2026-09-09 04:10:15,CNC-01,L,297.0106520799397,310.08606374259125,2312.4006872206687,25.634483826548315,22.583452523344643,2.8980725653937403,10.909149498109297,58.24752255992029,0,2026-09-10 04:10:01
2026-09-09 15:43:00,CNC-03,H,25.360861641368047,39.16456648898617,,45.24312341733135,55.5101130659438,2.2490520689121887,12.874666896008021,48.857964441122796,0,2026-09-10 04:10:01
2026-09-09 07:10:00,CNC-03,H,295.66687197795636,309.92410132330264,1815.428449815577,40.42913884475225,29.195620228778917,2.4282932607584335,14.113185193231839,58.682879792029304,0,2026-09-10 04:10:01
2026-09-09 23:50:00,CNC-02,M,297.6886714045829,309.76784806008146,2657.5210137236622,16.426478123548254,47.75343372446118,3.2269523174462433,8.371619905012745,56.40648658835784,0,2026-09-10 04:10:01
2026-09-09 20:59:00,CNC-02,M,299.2398874054273,312.72384897601904,2535.7986549595366,23.15039119847814,85.52301754261603,3.0773069817252456,11.151023114326087,51.711560964118846,0,2026-09-10 04:10:01
2026-09-09 09:53:00,CNC-03,H,295.7907742136709,310.02901470749566,1635.4099230670881,46.857236531158804,49.70008100419233,2.260167775374323,14.212699976268944,61.22288394518211,0,2026-09-10 04:10:01
2026-09-09 20:43:00,CNC-01,L,300.45834094557745,313.59884133338534,2399.4692984085036,22.54430046940071,149.14697655081585,3.3075696114117816,10.369658226906882,48.80640110312828,0,2026-09-10 04:10:01
2026-09-09 13:43:00,CNC-03,H,303.2299906660679,312.04679351729146,1588.5918311648168,48.62940846584928,144.02080607023717,2.3858132365729556,14.500524383536806,46.45953978626079,0,2026-09-10 04:10:01
2026-09-09 04:42:00,CNC-03,H,296.8785131104026,310.13124929833504,2097.370181984845,28.966099032729172,56.77403904799855,2.609861558826278,11.536637458519252,59.62711781957001,0,2026-09-10 04:10:01
2026-09-09 12:07:00,CNC-02,M,296.41426240149303,310.12505046431863,1348.283712979748,49.8046589820572,17.515864614828057,19.84729964617339,12.546956785874146,57.821861166680485,0,2026-09-10 04:10:01
2026-09-09 05:10:00,CNC-03,H,296.3777447727729,310.0602049260929,2139.727484085282,30.06023781004139,91.71790867799089,2.7834176465813254,12.338058581034685,56.67254240647932,0,2026-09-10 04:10:01
2026-09-10 00:11:00,CNC-02,M,297.6470081488328,310.2949385148372,2733.792871679185,17.160819959096624,70.08816546338517,3.3691391861942868,8.572039349590623,49.50860688823178,0,2026-09-10 04:10:01
2026-09-09 15:45:00,CNC-02,M,25.419242499394727,40.04911142027237,1652.9127909622744,44.06625263015791,110.1745188856585,2.3459806399500707,13.558776253029853,55.675071498825794,0,2026-09-10 04:10:01
2026-09-09 05:48:00,CNC-02,M,296.0445232764597,310.0126719923787,2119.1246257843723,31.522814840516087,129.58631874391725,2.860091526296215,12.166343444954787,58.30690199116638,0,2026-09-10 04:10:01
2026-09-09 19:06:00,CNC-02,M,299.0187355620571,313.0882526791858,2202.6245797872757,28.50525617400004,165.48766409933708,3.159441312472344,11.592785590356876,54.024722343115606,0,2026-09-10 04:10:01
2026-09-09 17:28:00,CNC-02,M,298.81051910849897,312.64015818552167,1813.347268726814,36.29409689014505,37.334382055054384,2.410816073414041,12.37772761891534,52.53068850978558,0,2026-09-10 04:10:01
2026-09-09 23:52:00,CNC-03,H,299.50942271964584,311.9746410504898,2642.222393319671,17.180310118461552,166.99436409924184,3.5435755499639603,8.57891501486482,56.7884998813102,0,2026-09-10 04:10:01
2026-09-09 16:25:00,CNC-03,H,299.2168644064479,313.80301479478396,1890.9784921139055,40.009707512040684,116.93473260205847,2.651775087759843,13.948195894734186,49.85089217673306,0,2026-09-10 04:10:01
2026-09-09 15:43:00,CNC-02,M,25.15228414001382,39.396765726871536,1568.4467994859197,44.53696110986051,107.19797851129171,2.426542797633271,13.192368199852735,55.267703023198955,0,2026-09-10 04:10:01
2026-09-10 01:35:00,CNC-02,M,296.9214418854877,310.545672001286,2537.845056935609,21.62744237867264,160.2455800602477,3.430547504080666,10.241904015566721,57.5932052121746,0,2026-09-10 04:10:01
2026-09-09 05:20:00,CNC-02,M,296.110086408835,310.27676236123875,2097.334711151787,34.217056717703684,92.98877484636263,2.8056444485468193,13.253581771127303,57.01318931571433,0,2026-09-10 04:10:01
2026-09-09 09:16:00,CNC-02,M,296.1314366359685,311.0065387369,1525.058157316089,48.63955279551793,179.052165600721,2.6650772645723495,13.951433430407818,58.80900112130616,0,2026-09-10 04:10:01
2026-09-09 09:01:00,CNC-02,M,296.16946440456866,310.9376300097788,1462.618682872797,51.97787214401778,156.22579311987124,2.3873947368714394,14.325249642075962,55.72372318575416,0,2026-09-10 04:10:01
2026-09-09 08:03:00,CNC-03,H,295.5899517410091,310.06395456409865,1628.985257419519,45.8336372474392,105.47060487872145,2.299015219398601,13.715494962296676,57.564918194685085,0,2026-09-10 04:10:01
2026-09-09 21:40:00,CNC-02,M,298.8290134016943,311.62274838576036,2602.1864892535227,18.314655827357054,131.53568347169644,3.368686280726415,8.948479428289701,53.38311720652254,0,2026-09-10 04:10:01
2026-09-09 13:58:00,CNC-02,M,297.2114510594247,312.9837592781737,1495.0988419490432,56.04020709947049,193.05559500289993,2.7205685889291025,15.894166225184128,57.62592471821563,0,2026-09-10 04:10:01
2026-09-10 00:33:00,CNC-01,L,299.1615289212838,312.2462837344148,2801.860514131601,18.237606132221327,169.6485512041316,3.6737655650280674,9.753954239326179,51.397865992737295,0,2026-09-10 04:10:01
2026-09-09 08:57:00,CNC-03,H,295.85690390911145,311.0262424547567,1705.673098972919,46.472573752814576,186.47402533155937,27.343929100591794,14.743467606282783,59.434931585181026,0,2026-09-10 04:10:01
2026-09-09 23:41:00,CNC-01,L,299.23261536177966,312.2686332536242,2714.6428327063945,20.203542200378998,114.13807159761193,3.39019100727601,10.346063836779056,48.320781459364305,0,2026-09-10 04:10:01
2026-09-09 08:13:00,CNC-02,M,301.4404079804372,309.3702094224081,1559.04064682849,44.44290611191399,84.21700946213339,2.31655231324675,12.921492822886094,47.81794252402482,0,2026-09-10 04:10:01
2026-09-09 06:03:00,CNC-03,H,295.97425626808734,310.69709339065474,1983.0067276730633,37.84482812972418,160.78961567863482,2.919747861788869,13.749203046629418,63.65277058755671,0,2026-09-10 04:10:01
2026-09-09 19:03:00,CNC-02,M,298.77458294368734,313.4707304179871,2201.422698814643,32.05319374019504,161.76140211644383,3.009131609684505,13.022605430093325,54.47326406384377,0,2026-09-10 04:10:01
2026-09-10 01:35:00,CNC-03,H,298.5899988807911,310.5741247139759,2584.0771964562005,17.710579836624103,7.565674532411188,3.046971147302474,8.684157094587516,51.461445323745835,0,2026-09-10 04:10:01
2026-09-09 18:56:00,CNC-02,M,298.9420334068189,312.88097173928855,2179.6004466874983,27.847999440452003,153.08483454325327,3.093380112844185,11.454825365544819,56.57743443648135,0,2026-09-10 04:10:01
2026-09-09 19:14:00,CNC-01,L,300.39147271579725,313.3405096772255,2220.5133532961095,26.04137407754516,42.7585054417777,2.8463310423580914,10.606098312403597,49.800785569242294,0,2026-09-10 04:10:01
2026-09-10 00:17:00,CNC-02,M,297.59764332063054,309.7773830755184,2609.0981082358053,16.62763832159606,76.51784436729302,3.1779724815493093,7.905273114198636,59.95245338753577,0,2026-09-10 04:10:01
2026-09-09 14:15:00,CNC-03,H,303.6353147545415,312.3667528852421,1415.666308249662,51.895976113455184,193.8141916133182,2.6621668761920083,13.581196907314599,41.03809309643956,0,2026-09-10 04:10:01
2026-09-09 16:57:00,CNC-03,H,299.3906085770249,314.642708616576,1788.1777095796524,45.52886271045442,162.55138826850595,2.7999432515417335,15.172357945654884,50.178108350929705,0,2026-09-10 04:10:01
2026-09-09 21:47:00,CNC-03,H,299.8421816449281,312.8071008303681,2431.809896919265,23.132760978607458,32.42719896451369,2.990872217946776,10.390501241475778,51.50957117448662,0,2026-09-10 04:10:01
2026-09-09 11:33:00,CNC-01,L,296.35444576602345,309.86095923107223,1347.3784938845872,50.54286448480531,9.414752533855214,2.023999347799024,12.873784567632727,54.67033761102539,0,2026-09-10 04:10:01
2026-09-09 18:48:00,CNC-03,H,299.63595964923894,312.8043916355135,2131.448099803782,27.940804074189334,72.82966285639186,2.709521631752686,11.322923743209811,50.91242758966075,0,2026-09-10 04:10:01
2026-09-09 08:27:00,CNC-02,M,301.43492009322176,309.88996480339154,1612.0812431583452,45.85576517267223,104.93302666367273,23.227121196462445,13.804106108810387,47.51341979659956,0,2026-09-10 04:10:01
2026-09-09 17:41:00,CNC-01,L,300.2232720025468,314.81047636085145,2114.2465585359905,34.971515448188725,154.22297525666082,3.08223773016012,14.029268020468288,52.74744468801072,0,2026-09-10 04:10:01
2026-09-09 23:02:00,CNC-02,M,298.42628575969235,311.7159535995031,2768.7195647653484,17.93494920316759,220.76442695972716,4.200963633049405,9.413806056985274,50.576185392799005,0,2026-09-10 04:10:01
2026-09-09 20:16:00,CNC-01,L,300.7401995470021,313.97368918765045,2463.4642872002637,,117.58807380851428,3.2696390083793543,10.568208823585769,49.59378139519641,0,2026-09-10 04:10:01
2026-09-09 21:14:00,CNC-03,H,300.2043120531497,314.49039811768637,2614.155267019173,24.125515602978748,247.01237902189362,4.135470367794837,11.702918543727032,52.31565652743147,0,2026-09-10 04:10:01
2026-09-09 07:16:00,CNC-03,H,295.43594430909366,308.8221407594506,1896.897736293424,33.1305352855563,37.48710620657584,2.5231826855104407,11.609526974155918,61.29177054300193,0,2026-09-10 04:10:01
2026-09-09 17:30:00,CNC-03,H,299.24029871965774,314.24558003432116,1878.4929348791743,40.06595172406209,208.1270275893675,3.0195330170072743,14.042981058284104,55.35667948024542,0,2026-09-10 04:10:01
2026-09-09 08:53:00,CNC-02,M,296.1460779265827,311.2994364423169,1519.5175456827344,51.48523214318285,144.08839226151707,2.3379189070758097,14.533994943389214,57.402824617744635,0,2026-09-10 04:10:01
2026-09-10 02:13:00,CNC-02,M,23.255820051431044,37.44557272570722,2495.960157627081,25.471797219809027,201.74792503284598,3.7637940671257217,11.849469100663404,53.51434395719534,0,2026-09-10 04:10:01
2026-09-09 13:17:00,CNC-01,L,297.26863720514484,311.77646780975203,1404.0802042912856,50.03602111859124,174.551408197062,,13.31873728725305,57.24266557245328,0,2026-09-10 04:10:01
2026-09-09 10:07:00,CNC-03,H,295.6947254339264,309.8527944551487,1406.9376501858858,51.632587233898775,71.66054464729831,2.023157773051524,13.609291892841341,60.460926000185616,0,2026-09-10 04:10:01
2026-09-09 20:52:00,CNC-02,M,298.72465610948836,312.6525767188997,2479.658120284625,26.30893899504093,77.55284694869736,3.0205904531467405,12.11665534701111,50.491066662231034,0,2026-09-10 04:10:01
2026-09-09 23:53:00,CNC-03,H,299.3429546669313,312.2212565189367,2666.0402260411497,18.537209731106337,168.0640555086704,3.5589738040568704,9.413041351681729,55.35582126230839,0,2026-09-10 04:10:01
2026-09-09 19:55:00,CNC-03,H,300.05068797685334,313.7006068360556,0.0,25.08843040263213,155.86502566193406,3.24188144353826,11.196814747938898,51.17385283473679,0,2026-09-10 04:10:01
2026-09-10 00:16:00,CNC-03,H,299.2427390203748,312.2569661343485,2671.3752815638336,18.65081378663991,192.3280296210398,3.61503847811847,9.308210304460363,53.969457970872405,0,2026-09-10 04:10:01
2026-09-09 20:27:00,CNC-02,M,299.0351194164415,311.8690429315524,2350.4884955800153,22.043485864912014,48.744197041908635,2.9523516001057875,9.63469792069041,54.567566841005515,0,2026-09-10 04:10:01
2026-09-09 19:49:00,CNC-03,H,299.6200414814055,312.77398245173123,2304.7998697669095,24.719627873034877,148.6818726664387,3.1850592026246494,10.405659253982789,48.33729560001773,0,2026-09-10 04:10:01
2026-09-09 19:15:00,CNC-01,L,300.6091162684088,314.4705748169283,2009.4511358725733,34.13066511734753,44.041802761419895,2.726114819696387,13.00525934913285,54.06353311036415,0,2026-09-10 04:10:01
2026-09-09 23:11:51,CNC-01,L,299.61926410934046,311.60687164763,2657.425009817584,16.064563427420588,84.32740121399247,3.246469986061038,7.867074385110838,50.491319262815935,0,2026-09-10 04:10:01
2026-09-09 12:51:00,CNC-02,M,296.65130504537836,310.6312600168513,1403.0139451698415,48.70449276752437,87.35984569793926,2.164822414432269,12.698409100881006,57.69076708846059,0,2026-09-10 04:10:01
2026-09-09 17:44:00,CNC-02,M,298.93002857834824,313.48215333189313,2034.6190791508745,35.89715028253645,58.99202978821665,2.57181837084942,13.936084347277465,50.585495667780165,0,2026-09-10 04:10:01
2026-09-09 22:58:00,CNC-03,H,299.5331372891365,311.8034141338192,2597.0229976393257,16.99462956549353,109.52900606701427,3.321889586003954,8.227293126338521,54.837516285511526,0,2026-09-10 04:10:01
2026-09-09 18:53:00,CNC-03,H,299.6649857519816,313.74715883522,2152.9650695838773,32.38959295436419,79.27529270254821,27.64370022533155,13.25833466587491,51.39770071084362,0,2026-09-10 04:10:01
2026-09-09 16:25:00,CNC-01,L,304.9290122379677,312.7512520867785,1637.6881854993312,40.84158443650258,48.05050602946401,2.2622213024885336,12.510243251601972,40.533661539208985,0,2026-09-10 04:10:01
2026-09-09 14:56:00,CNC-03,H,25.355279748203372,40.83817238193251,1707.5350904647537,45.25746786215643,0.0,3.4612655811162987,14.628014250604148,55.401208536968845,0,2026-09-10 04:10:01
2026-09-09 04:16:40,CNC-01,L,296.70706515920205,309.6497918251336,2411.3823146712098,22.10520825446425,31.140336762477105,3.0233878735872035,9.877012163778467,57.18047631234734,0,2026-09-10 04:10:01
2026-09-09 04:17:00,CNC-02,M,296.54839332594435,309.4662060213287,2275.685507865151,25.692831772855165,14.12139461617567,2.8388323713320887,10.90328521757032,56.02909115578957,0,2026-09-10 04:10:01
2026-09-10 00:59:00,CNC-01,L,298.71906846713176,311.0991882005285,2797.53162155422,14.575287200418678,197.5079765588299,4.032731582132455,7.6298099511556305,49.9366135908493,0,2026-09-10 04:10:01
2026-09-10 01:54:00,CNC-01,L,298.51315443995776,310.78359498134466,2523.4009535129744,19.408224288532992,18.66227081760643,3.1181488066503094,8.867286589215357,,0,2026-09-10 04:10:01
2026-09-09 05:30:00,CNC-02,M,296.2418190105998,310.5070314125514,2013.843598949883,35.09945382737713,105.88783217129998,2.83409321575856,13.462229712807725,58.83096585209342,0,2026-09-10 04:10:01
2026-09-09 14:34:00,CNC-02,M,297.6992300191493,311.63872098218064,1526.4750860844501,46.548324305748196,3.1218284945448262,2.1824611457207426,13.112722586475023,55.02475408977581,0,2026-09-10 04:10:01
2026-09-09 07:34:00,CNC-01,L,296.0672418777998,309.78225299791234,1778.293543980245,36.95776205028572,64.09683350667414,2.316164131895485,12.308128671600382,54.889204561130995,0,2026-09-10 04:10:01
2026-09-09 06:46:00,CNC-02,M,295.737628163526,310.3799145455075,1810.8899993092566,38.95442463258155,208.10172307514983,3.159935158455948,13.07097405551243,56.63887270743189,0,2026-09-10 04:10:01
2026-09-09 04:54:00,CNC-03,H,296.5491598242969,309.90114887599447,2306.151315190394,26.58625525468737,71.71098406534391,2.7875519375934155,11.692357122964545,53.72625954538948,0,2026-09-10 04:10:01
2026-09-09 23:29:00,CNC-01,L,299.4857365863031,311.8793807437224,2863.3193033168104,16.084157044091278,101.36977953957688,3.4422611072452023,8.654075848602286,53.87618798387246,0,2026-09-10 04:10:01
2026-09-09 04:58:00,CNC-01,L,296.8967734238684,310.880330273548,2281.6181537819666,30.30835030341514,80.79251262991387,2.8062833877747573,12.709149173777247,55.22469831641972,0,2026-09-10 04:10:01
2026-09-09 14:17:00,CNC-03,H,303.5010048269978,312.89637911046776,1518.0255586312594,54.252761615677336,6892.407447398036,2.650232628941746,15.270305009714134,49.94242627641932,0,2026-09-10 04:10:01
2026-09-09 06:05:00,CNC-02,M,296.00367880282687,310.545930752652,2063.68562330172,34.27947239897874,152.10366890324184,3.051950248201257,13.311642495699239,57.948341657250936,0,2026-09-10 04:10:01
2026-09-09 08:40:00,CNC-03,H,295.85599975680753,310.96451241608736,1480.0116953252939,54.16357635047176,160.75690908416033,2.351183545224203,15.20688611688421,57.32383549557781,0,2026-09-10 04:10:01
2026-09-09 07:03:00,CNC-03,H,295.7038983609416,309.60591305484985,1922.1331016732138,36.18286610257267,19.33937371746125,2.4405297009480593,12.909206734040753,56.796212069240724,0,2026-09-10 04:10:01
2026-09-09 11:43:00,CNC-03,H,296.70550238788184,311.3174111013375,1315.55374441803,54.645474509455354,223.33899111081342,2.538912462635696,13.197472134325865,58.913199888943325,0,2026-09-10 04:10:01
2026-09-10 00:07:00,CNC-03,H,299.3639732617507,311.65791915915287,2648.1747472772586,16.090185238760473,182.78998996719264,3.493515165292085,8.052310841400647,53.027252896392234,0,2026-09-10 04:10:01
2026-09-09 10:32:00,CNC-03,H,296.0628308662305,310.3908987659563,1440.4870623727497,52.46190161577072,110.83213786861486,2.1470671192442374,14.06798614408117,58.93724844835945,0,2026-09-10 04:10:01
2026-09-09 12:08:00,CNC-01,L,296.9233771118557,311.0552728099461,1403.3808663270656,50.21809268492534,65.00139582933552,2.056388703545967,13.294927393167672,53.77320336647254,0,2026-09-10 04:10:01
2026-09-09 09:02:00,CNC-01,L,296.4466666439518,310.35170856167065,1514.6080274979831,45.59991604023398,1.521820305844972,2.120204206580212,12.78400076964099,55.25975617007295,0,2026-09-10 04:10:01
2026-09-10 04:07:00,CNC-03,H,296.90586345185204,310.4452869003915,2390.221092047769,25.41456660722237,180.23780534122153,3.3311206974786143,11.594603192051027,56.5126290166872,0,2026-09-10 04:10:01
2026-09-09 23:32:00,CNC-03,H,299.44846147269095,312.24125429359935,2734.427561591556,17.855398834588986,145.6898244907109,3.425903562654266,8.976636235523722,53.41783068535018,0,2026-09-10 04:10:01
2026-09-09 05:47:00,CNC-03,H,296.1253756876831,310.2081163337858,2001.8384309017147,31.985745320574374,139.6301435779031,2.776498127498658,11.996113370906965,59.26151109545597,0,2026-09-10 04:10:01
2026-09-10 01:57:29,CNC-02,M,296.8398792873343,310.56224536428,2613.1614164931752,20.746722838291458,185.13127991977302,3.7294949800790835,10.3094402276936,57.95685709822031,0,2026-09-10 04:10:01
2026-09-10 02:59:00,CNC-01,L,24.905236169342572,37.64502505974366,2537.888003054973,20.430613140514676,90.72484226665479,3.1973346915912995,9.417178972903493,49.761418215976164,0,2026-09-10 04:10:01
2026-09-09 12:10:00,CNC-02,M,296.2922725741101,310.015558737393,1366.2659746976444,48.81630889128875,22.31586461482806,2.0636976014986326,12.461768936881013,60.53447874773251,0,2026-09-10 04:10:01
2026-09-09 06:46:00,CNC-03,H,295.86215898124726,311.08574049858936,1762.9822084441748,44.524104930624354,219.34188915999806,2.9777438499192543,14.688402424559946,61.89839413700449,0,2026-09-10 04:10:01
2026-09-09 19:51:00,CNC-02,M,299.1086420390468,311.906513077339,2445.567176859453,21.96179310690852,5.966055169601702,3.0322060618183513,9.745695550496892,58.32366478718348,0,2026-09-10 04:10:01
2026-09-09 08:33:00,CNC-03,H,295.72921500622226,310.476357462488,1666.8426884984851,44.0312574363842,150.03126988194828,2.467377201978897,13.788775414726903,62.249539890911855,0,2026-09-10 04:10:01
2026-09-09 21:17:00,CNC-01,L,300.21086104895915,313.6635382414656,2612.5927285418866,21.431863408854788,187.8864526902143,3.8997792587130866,10.41082062183218,52.305970469014916,0,2026-09-10 04:10:01
2026-09-09 15:42:00,CNC-02,M,25.28749666308721,39.37575155841097,1792.436705660935,38.29803788431917,105.6855055482213,2.5757666296930095,12.991869258879111,54.27177690298091,0,2026-09-10 04:10:01
2026-09-09 22:43:00,CNC-02,M,298.5467912536578,311.5613224103581,2714.5168403024695,16.226010702729013,200.37402366088043,3.7716564363832386,8.186204691661716,54.43156317991314,0,2026-09-10 04:10:01
2026-09-09 04:27:00,CNC-01,L,297.1324498870463,310.0152089686852,2072.55567472509,28.491796488916126,42.1349338287906,2.6416620011610417,11.009140084712698,59.15477114980094,0,2026-09-10 04:10:01
2026-09-09 17:10:00,CNC-02,M,298.3855136494282,312.35006934183485,1955.9745169173868,35.18199934015725,12.561522670276226,2.6123972181453765,12.861323789343931,54.81677922182164,0,2026-09-10 04:10:01
2026-09-10 03:26:00,CNC-02,M,295.95676235878074,308.8104794817716,2483.676718664346,21.156423296969443,35.902287598473116,3.187735133454203,9.703232966905336,55.86901062569179,0,2026-09-10 04:10:01
2026-09-09 22:00:00,CNC-01,L,300.1239310392384,311.51831372390916,2636.9772118389046,14.641852310220937,5.400088609137704,3.1301278801158383,7.018715097731942,54.113304883300174,0,2026-09-10 04:10:01
2026-09-09 19:29:00,CNC-03,H,299.96252446839924,313.2956040493056,2293.6578019591207,25.996052975527785,124.26791188363568,2.965578373921155,11.358342269264956,51.938092312915714,0,2026-09-10 04:10:01
2026-09-09 20:30:00,CNC-01,L,5235.6806121644095,313.5979081684421,2444.8402959823848,20.880341404608913,134.0179818084441,3.179347186630953,9.464541208962123,46.94458140425468,0,2026-09-10 04:10:01
2026-09-09 11:31:00,CNC-02,M,296.05482356392156,310.38593391151755,1414.736244021326,47.48315703129528,171.55920891096451,2.4044053646660495,12.595377710544565,60.85661440505403,0,2026-09-10 04:10:01
2026-09-09 09:26:00,CNC-03,H,295.6583655443377,309.2613607673307,1550.6315591386742,43.43188701252478,7.677406551036206,2.3020232007924366,12.608226150231943,57.170868439946204,0,2026-09-10 04:10:01
2026-09-09 09:20:00,CNC-02,M,296.181013674717,311.0280629233932,1413.2601182267185,51.96083869036543,185.22896243515206,2.5282966474088413,13.657411074759784,60.44593321192494,0,2026-09-10 04:10:01
2026-09-09 17:28:00,CNC-03,H,299.35025602313317,313.86709151475185,2033.77713616174,34.614045727500965,205.34517942620352,3.2183422601524274,13.27863689532561,50.76526454244208,0,2026-09-10 04:10:01
2026-09-09 13:14:00,CNC-03,H,303.27688589206844,311.79204810927644,1442.2441828733597,51.08232460885695,98.2870414865873,2.1872843622700775,13.852203061541989,46.438521777623855,0,2026-09-10 04:10:01
2026-09-09 15:10:00,CNC-02,M,24.71847680013468,38.82237964064592,1595.7285666666705,44.12340788754026,57.83015609637199,2.3103241603536566,13.268036271817293,53.267868617148714,0,2026-09-10 04:10:01
2026-09-09 13:34:00,CNC-03,H,303.19742593881733,311.92861454559346,1570.8801555954296,48.40317885956833,129.81573694848382,2.3708620570278867,14.043180522312095,44.18882300322845,0,2026-09-10 04:10:01
2026-09-09 06:21:00,CNC-02,M,296.2699740602759,310.77901482457554,2008.440850415656,35.66041243593575,173.74921475649873,2.98838084174891,13.405132591587105,58.2782528196157,0,2026-09-10 04:10:01
2026-09-09 23:47:00,CNC-03,H,299.5545170585455,311.7708191260422,2778.5501274062226,14.004901302042914,161.67819439289318,3.524356035099445,7.312945220615556,53.66591437368653,0,2026-09-10 04:10:01
2026-09-09 12:04:00,CNC-03,H,297.0145095249632,312.0749688549129,1403.9328481049663,52.579259640274145,256.77249125818076,3.08443815125476,13.832658348167788,57.54671104375763,1,2026-09-10 04:10:01
2026-09-09 21:03:00,CNC-02,M,298.9038333548836,311.20824898037785,2624.470348791952,17.34469579780188,90.00612907005116,3.291495385578538,8.337517073760113,51.89879714463709,0,2026-09-10 04:10:01
2026-09-09 17:26:00,CNC-03,H,299.4327706519102,313.6904323079984,1963.0525251535107,33.475848067620845,202.66100786081017,3.0749107222993652,11.966905342678695,57.17047322712958,0,2026-09-10 04:10:01
2026-09-09 16:32:00,CNC-02,M,298.7394213554656,313.61238946284044,1741.428218160934,40.91887673479594,178.15513840152826,2.838705027337564,13.278870528918171,54.048501689389305,0,2026-09-10 04:10:01
2026-09-10 00:41:00,CNC-02,M,297.64998183755046,310.09224797486894,2688.0665167248144,15.64495197340789,102.17529657965575,3.29964245805663,7.866451290008082,55.42121270968844,0,2026-09-10 04:10:01
2026-09-09 06:02:00,CNC-02,M,296.11651172934614,310.0400425059173,2100.5901771833137,30.934306530459608,148.17959284954188,2.9827908097328724,348.18949168972193,58.36264328816301,0,2026-09-10 04:10:01
2026-09-09 09:15:00,CNC-02,M,295.8179410268317,310.3678421496154,1655.3306281370724,43.24606497832177,177.52578187013026,2.728371544468348,13.305878520089806,56.56958249487426,0,2026-09-10 04:10:01
2026-09-09 22:11:00,CNC-03,H,299.5075495128548,311.2536266266869,2557.765091584879,15.735461450432927,58.84685480867338,3.2412707487075183,7.485555502808829,48.62481377381236,0,2026-09-10 04:10:01
2026-09-09 21:51:00,CNC-03,H,299.7307703145608,311.7756764364894,2580.684703956004,18.318043599633963,36.867097688518925,3.1203096868041076,8.981912589165772,53.28018924069088,0,2026-09-10 04:10:01
2026-09-09 07:17:00,CNC-03,H,295.7888494182562,310.3305722466692,1922.0331100341973,41.272571562453635,38.89205501487956,2.459651255373451,14.792264384179212,56.33637490149933,0,2026-09-10 04:10:01
2026-09-10 00:54:00,CNC-01,L,298.9474198213576,312.27150456013646,2729.178814274005,19.35243010519571,192.1348394747796,3.977602239279203,9.874244590310123,49.39181744847332,0,2026-09-10 04:10:01
2026-09-09 09:02:00,CNC-03,H,295.82250122060327,310.82588861671144,1520.640559270226,49.41024821254656,194.1593847847115,2.606479725839504,13.888901882512538,57.45282819370781,0,2026-09-10 04:10:01
2026-09-09 09:58:00,CNC-02,M,295.89673234671545,309.58837830670757,1506.9421609824187,47.10921928286341,24.886004412826544,2.0539397574815306,13.204354311369924,52.74196926295045,0,2026-09-10 04:10:01
2026-09-09 08:25:00,CNC-01,L,296.32727107642825,310.9072815271342,1590.3290876719445,46.80766695727106,138.8327224345705,2.432098135334633,13.847400338048416,61.055624670096044,0,2026-09-10 04:10:01
2026-09-09 20:26:00,CNC-02,M,299.25654995863925,312.6519558373626,2513.2224138981674,23.793073010070074,47.55043627079325,3.1937412651051904,10.982771231655025,51.394207331142326,0,2026-09-10 04:10:01
2026-09-09 04:30:00,CNC-01,L,296.8132238697706,309.74167677362294,2383.226653603569,23.642200377597636,45.69821477204987,2.8941766764786485,10.587255560511098,54.617940205819025,0,2026-09-10 04:10:01
2026-09-10 01:03:00,CNC-01,L,298.76822315794226,311.889613471049,2489.234042861533,21.236700849943134,201.8349726989403,3.821214399899438,9.59608244869752,53.101139636419695,0,2026-09-10 04:10:01
2026-09-10 01:34:00,CNC-02,M,297.02853629111394,310.128914856347,2676.0648956659793,18.438870675043606,159.11219667683045,3.478588671274544,9.26205621432271,51.830784371070834,0,2026-09-10 04:10:01
2026-09-09 12:17:00,CNC-01,L,296.8090938179927,310.7055042702503,,48.8687635993698,79.31086990655739,2.1373035972768197,12.86025673962886,58.620527893592076,0,2026-09-10 04:10:01
2026-09-09 11:32:00,CNC-02,M,296.44513449297324,,1353.8344048884298,55.8040540528624,173.1581570451447,2.4810136593638106,13.987804454336507,56.609816414496116,0,2026-09-10 04:10:01
2026-09-09 10:06:00,CNC-01,L,296.2980944646029,310.53220828138313,1422.5905451574545,49.74405685990969,100.18687758189954,2.125196207333923,13.067803201260821,61.34716442066708,0,2026-09-10 04:10:01
2026-09-09 15:13:00,CNC-02,M,24.703157350433287,39.12096778482078,1652.350941768006,45.28731222260073,62.281835937000324,2.2494066952074148,13.963515018351153,51.3533450723309,0,2026-09-10 04:10:01
2026-09-09 11:47:00,CNC-03,H,296.7781694026462,,1393.5792229736844,56.37996990144127,229.68714606740707,2.838307773951009,14.519639377761274,55.18128358475573,0,2026-09-10 04:10:01
2026-09-09 23:42:00,CNC-02,M,298.2431631838793,309.78945210806467,2630.700434436946,12.854435376096017,39.29102858912032,3.1702065968170814,6.205896751002949,55.452266698828524,0,2026-09-10 04:10:01
2026-09-10 02:22:00,CNC-03,H,24.879067614671328,37.41664383524693,2574.6475498894174,19.60486496002541,59.09129677572056,3.1201264688686385,9.706178843139519,50.42206348665388,0,2026-09-10 04:10:01
2026-09-09 08:12:00,CNC-01,L,296.0672444171352,311.0683451763003,1782.4922264938828,44.792651783696115,119.6591109317469,2.521783357202072,14.586845355001156,55.37241804690676,0,2026-09-10 04:10:01
2026-09-09 09:54:00,CNC-02,M,295.9558098037204,310.45679167467046,1403.2256599669006,53.265879068599865,18.686597635613904,2.0629189820667193,13.864976112060011,58.34602168166362,0,2026-09-10 04:10:01
2026-09-09 13:23:00,CNC-02,M,297.18135398762973,311.7910236894735,1400.649126558438,52.404015442217734,138.12137931759838,2.1962047067796133,13.780667530995176,53.79667830546134,0,2026-09-10 04:10:01
2026-09-09 16:34:00,CNC-03,H,299.1385163491935,313.8339915283298,1728.7228897632551,45.77259879393221,129.88389409597818,2.5007842656200987,14.387176378742126,50.307704691228885,0,2026-09-10 04:10:01
2026-09-09 10:11:00,CNC-02,M,296.05750134019826,310.1395811676311,1467.6624294841465,46.978001142642526,45.22590048691962,2.199005053004238,12.72660389409757,59.88263328143095,0,2026-09-10 04:10:01
2026-09-09 21:59:13,CNC-01,L,300.42300201003394,311.8014295586042,2636.4187957842782,14.679160172083666,4.3123215615383454,3.277629159957059,7.085548068763187,51.44728336084546,0,2026-09-10 04:10:01
2026-09-09 23:32:00,CNC-02,M,298.0377234920175,310.499152156861,2648.010190804654,16.818829555663775,28.70635419187065,3.203924438240349,7.895430014807284,57.0005673938432,0,2026-09-10 04:10:01
2026-09-09 09:03:00,CNC-01,L,296.70923576099057,310.3170695618231,1460.4475717596238,45.80541087303933,3.051112739182301,2.0038777890478023,12.579322184181915,57.717148074098645,0,2026-09-10 04:10:01
2026-09-09 05:44:00,CNC-03,H,296.05162946950725,310.07455608552783,2211.778878196952,29.90623085570309,135.6830509060768,3.0278880089564884,12.369510892415853,59.63229841011966,0,2026-09-10 04:10:01
2026-09-09 13:39:00,CNC-03,H,303.121223937789,311.36270239702367,1395.224934400657,48.694795070352086,137.7709727757737,2.220750701923185,12.673746496646734,47.55077810691817,0,2026-09-10 04:10:01
2026-09-09 08:49:00,CNC-02,M,296.2251870070054,310.81739979173153,1594.5465817868649,44.49838703921041,137.95185115080756,2.44481318228797,13.135449008322237,57.70362222230271,0,2026-09-10 04:10:01
2026-09-09 11:45:00,CNC-01,L,296.5580090049876,309.91056170255627,1311.1563054514206,49.08399094302094,28.500211471276643,2.0097663125634657,11.99299250714332,57.81442648645568,0,2026-09-10 04:10:01
2026-09-09 12:38:00,CNC-03,H,297.2726410318075,311.966520274795,1605.5465277464689,48.208972087933766,41.307484307006604,2.3041342987531537,14.572663801585573,56.17212053148037,0,2026-09-10 04:10:01
2026-09-09 04:34:00,CNC-01,L,296.711062315102,309.9261893410918,2235.1102921607117,26.84567657607462,50.655029952057646,2.8366432202225247,11.158433727817275,54.296203819174885,0,2026-09-10 04:10:01
2026-09-09 07:34:00,CNC-03,H,295.7228040373136,309.82842070533536,1564.9998495439747,45.80434867866773,63.34281158929754,2.135209856256088,13.237211745060787,59.46618498572162,0,2026-09-10 04:10:01
2026-09-09 14:01:00,CNC-02,M,297.44047500025647,312.64984392932666,1391.4190080117687,53.693170245178926,197.75209167523064,2.6631280995742714,13.956180841333037,54.39207554937071,0,2026-09-10 04:10:01
2026-09-09 13:36:00,CNC-01,L,297.4726320938672,311.31561620839653,1252.9649824666576,50.049460659575466,204.55902684188834,2.7897796923302365,11.704774114517438,55.79346973942536,0,2026-09-10 04:10:01
2026-09-09 13:35:00,CNC-02,M,297.0338991264678,311.71632202502497,1504.0750087142364,48.53476715161979,156.8299545807243,2.4216530416044697,13.604263978566673,58.85227266442915,0,2026-09-10 04:10:01
2026-09-09 22:53:00,CNC-02,M,298.5859308023631,311.77698529618715,2598.0673625301574,19.345286134546093,211.2212573871261,3.8250027233770574,9.529705897213315,56.588442381879254,0,2026-09-10 04:10:01
2026-09-09 15:34:00,CNC-02,M,25.111301646278946,39.7410678757052,1629.4783618965025,46.56201629978172,93.80037236342567,2.254670059073096,14.187296299796824,54.172862024929415,0,2026-09-10 04:10:01
2026-09-09 08:40:00,CNC-01,L,296.4515060754904,311.34943928175005,1652.9737279526653,46.73060008225707,161.07075526718666,2.6967059088737395,14.418414106509175,56.64422704298313,0,2026-09-10 04:10:01
2026-09-09 11:53:00,CNC-03,H,296.88684566882984,312.08661445074455,1489.6474260111206,52.14765513262462,239.24372021285947,3.066001930751019,14.586046876690634,57.499009798721914,0,2026-09-10 04:10:01
2026-09-09 13:09:00,CNC-03,H,303.04773352399894,311.68272067107756,1494.656075232287,51.71439971818259,90.32194554324047,2.1858141665244446,14.492109447841159,44.15730843077721,0,2026-09-10 04:10:01
2026-09-10 03:40:00,CNC-03,H,297.6349003114773,311.70051742193743,2365.015068473012,27.146056352519402,148.1918188085732,3.103034649981333,11.902663580050218,53.647760674008865,0,2026-09-10 04:10:01
2026-09-09 16:39:00,CNC-01,L,304.7644421465255,313.0102344192529,1848.3571088439485,40.33033970606054,68.26663741112716,2.4766119687412536,13.734758407681912,40.67502220719141,0,2026-09-10 04:10:01
2026-09-09 20:25:00,CNC-02,M,298.8239626790362,311.5740157756938,2380.3637298548315,20.57320592425903,46.39071684130903,29.871278171015607,9.092825996822425,50.119157252118214,0,2026-09-10 04:10:01
2026-09-10 02:51:00,CNC-01,L,25.045504848724192,37.162375691399404,2583.7147492009517,17.288818413406005,81.57913798433842,3.127147887415655,8.439829589277473,54.15390841976515,0,2026-09-10 04:10:01
2026-09-09 22:24:00,CNC-02,M,298.6153459605074,311.13122622909015,2679.5066018158263,16.112898788306296,179.73497110176942,3.718388979424406,,54.93351684551096,0,2026-09-10 04:10:01
2026-09-09 12:53:00,CNC-03,H,303.1132475527727,311.2044622125377,1440.9652765807568,48.12457292608397,64.95883787589977,2.0441248354477195,12.832562573576457,47.13215828415522,0,2026-09-10 04:10:01
2026-09-09 09:25:00,CNC-01,L,296.19466726793274,309.9522094747906,1431.315650158002,48.1491690649791,36.62015481657613,2.1481013174493357,12.878435283408406,57.060658903792316,0,2026-09-10 04:10:01
2026-09-09 11:24:00,CNC-02,M,296.1439446652852,310.74594719342923,1355.5038406542699,53.52002797596869,160.45480489698275,23.54269355131757,13.13823877131128,57.65455181399547,0,2026-09-10 04:10:01
2026-09-09 06:55:00,CNC-02,M,301.2944455901331,310.2583568921823,1919.5845253204534,38.90513027767173,220.62379953278358,3.3445346848972353,14.100738266014854,49.39987445772048,0,2026-09-10 04:10:01
2026-09-09 05:11:00,CNC-01,L,296.38982315462994,310.2793992602596,2124.6518989033602,32.14068574155736,97.33266436303505,2.8269143062571827,12.754699790624983,55.31445201519035,0,2026-09-10 04:10:01
2026-09-09 15:37:00,CNC-01,L,26.318543445111914,40.92380690351132,1611.417852445076,45.4593819460186,177.84494290943147,2.8278268365562442,13.824216224702791,52.68218083470415,0,2026-09-10 04:10:01
2026-09-09 07:44:00,CNC-03,H,295.721199441822,310.3767916169943,1828.3508194625904,42.393152931113306,77.74468459478642,2.455431711678229,14.491963438486897,61.773293353066734,0,2026-09-10 04:10:01
2026-09-09 13:36:00,CNC-02,M,296.9660176075854,311.83827222869417,1445.9913546155883,51.56736520891509,158.40590237956084,2.3816367892548755,14.196659178495148,58.1784548761055,0,2026-09-10 04:10:01
2026-09-09 20:35:00,CNC-02,M,299.1002152985834,311.9009847722374,2596.9150955256373,19.185073881404676,57.99331006435966,3.151311163177551,9.412957806773662,51.778361338239755,0,2026-09-10 04:10:01
2026-09-09 11:35:00,CNC-03,H,296.73620746570646,311.45183477161066,1350.5395639946871,54.546308897363986,210.62864078756223,2.6362671280851444,13.70008779508231,56.49058494466557,0,2026-09-10 04:10:01
2026-09-09 08:11:00,CNC-01,L,296.16201207963314,310.7271717015091,1691.7180418296966,43.91379441312252,118.20362322077236,2.5505216136570237,13.822330454377301,59.817919086725304,0,2026-09-10 04:10:01
2026-09-09 09:57:00,CNC-03,H,295.7147076991201,309.49440534961354,1415.6906122593446,48.08166167252534,55.93631220382152,2.207069981470382,12.78141896210345,61.1048143522892,0,2026-09-10 04:10:01
2026-09-09 07:28:00,CNC-02,M,301.52006877092003,309.18957447096375,1664.1002706134045,40.76718447439852,18.492932979955867,2.396579409209397,12.8595398759752,50.12941655980527,0,2026-09-10 04:10:01
2026-09-09 04:43:03,CNC-03,H,296.76086427207997,309.7916737217532,2238.962939610639,26.634413357416808,58.01690894527437,2.7205001895215846,10.98800511040776,56.61156725674079,0,2026-09-10 04:10:01
2026-09-09 14:01:00,CNC-01,L,297.61708225490634,311.9098781812987,1499.227868765156,49.77149085399806,31.28352720197251,2.181247662736225,14.01868895799408,52.92397129289138,0,2026-09-10 04:10:01
2026-09-09 14:35:00,CNC-02,M,297.7383872017553,311.4086184862482,1660.4729006506445,41.55403574206589,4.63502382188405,2.210866751551549,12.95323392412797,57.881851066630276,0,2026-09-10 04:10:01
2026-09-09 12:36:00,CNC-02,M,296.93981939627423,311.133638456161,1363.7316172228213,51.82579182208563,63.58296443553224,2.0564322000898176,13.43221178544938,55.57689729704059,0,2026-09-10 04:10:01
2026-09-10 02:41:00,CNC-03,H,24.5117869287173,37.303147812578516,2579.0219689360893,19.09847476623843,80.41195029140101,3.2035534052022054,9.216101070325044,57.75763537877519,0,2026-09-10 04:10:01
2026-09-09 13:41:00,CNC-02,M,297.2519761491755,311.459539161015,1334.0659149451776,50.82582600586341,166.2854927323304,23.598688466154936,12.781878710528721,54.45150802405684,0,2026-09-10 04:10:01
2026-09-10 01:48:00,CNC-03,H,298.7271938882696,310.7784833531053,2453.870368184534,18.313137825897222,21.782908488504837,3.0794594154322033,8.24897460535156,55.224937663552105,0,2026-09-10 04:10:01
2026-09-09 22:37:00,CNC-02,M,298.5028778294328,312.00865555166035,2707.976212982273,20.333759196009073,193.91840935651217,3.7972034415016376,10.464731407483034,52.73080869508875,0,2026-09-10 04:10:01
2026-09-09 20:47:00,CNC-01,L,300.4209770361124,313.20796863290497,2499.4585683967493,20.505339809425788,153.63628436961395,33.421647706950615,9.527533673227543,51.28400130073911,0,2026-09-10 04:10:01
2026-09-10 00:50:00,CNC-01,L,298.9625253105036,312.13058088259527,2660.8828407240717,19.484848678872382,187.8574329017268,3.8376138745622326,9.60237338983191,53.03722571745286,0,2026-09-10 04:10:01
2026-09-09 13:17:00,CNC-02,M,296.9725531158549,311.94915353348586,1544.756690011554,49.76677257086801,128.56923529813102,2.3624152111282113,14.487826038625036,56.32227834775524,0,2026-09-10 04:10:01
2026-09-10 02:05:00,CNC-01,L,298.3584094201313,310.19411878467054,2800.612904240297,14.09030879299517,30.556149908910115,3.340462016838597,7.561144016031032,55.148695511639154,0,2026-09-10 04:10:01
2026-09-09 07:17:00,CNC-02,M,301.35372059105026,308.384408693095,1845.6413133654273,33.22114592292713,2.829770082137325,2.393338672033629,11.458095365263803,45.32155093355579,0,2026-09-10 04:10:01
2026-09-09 10:24:00,CNC-01,L,296.1959689996466,310.24087575663674,1329.6820623004749,50.41046812111207,128.52663522301594,2.174226451504954,12.644502498128094,57.613467402432875,0,2026-09-10 04:10:01
2026-09-09 09:57:00,CNC-01,L,296.010823011647,310.2681101661399,1530.8717707017647,47.467472627844224,86.07145715674048,2.239313465712309,13.625084093338902,57.49404024759509,0,2026-09-10 04:10:01
2026-09-10 02:05:00,CNC-03,H,298.04303210465196,310.21269075622024,2639.6273263517924,17.966219421482734,40.23425514161514,3.1551025584751815,8.998867724110744,50.17916351692792,0,2026-09-10 04:10:01
2026-09-09 14:57:00,CNC-03,H,25.319047165310394,40.81213262974734,1706.0797874200607,46.777727145737536,258.53260437467577,3.4731599701320808,15.126416882344165,51.98997344630444,0,2026-09-10 04:10:01
2026-09-09 12:42:00,CNC-01,L,297.1110774811621,311.332874210833,1343.661348379346,52.82458668975001,118.99956658420903,2.0931915493328477,13.27157583181022,57.201054111195454,0,2026-09-10 04:10:01
2026-09-09 23:08:00,CNC-02,M,298.2766511913055,310.2765869249719,2746.2167994682554,16.06610680983471,3.1710697471901272,3.3064670322057608,8.216642631332435,53.85228206049721,0,2026-09-10 04:10:01
2026-09-10 00:23:00,CNC-01,L,299.12805981302614,311.43659151781156,2780.460943694194,16.18987993980231,158.87912311177124,3.701294416572366,8.622663730700193,50.1641660362361,0,2026-09-10 04:10:01
2026-09-09 16:10:00,CNC-02,M,298.4294035346566,312.88794973220655,1716.7215849440904,41.183117142459636,146.6960644855881,2.6008630065031246,13.1292782896253,57.01793005641697,0,2026-09-10 04:10:01
2026-09-09 18:55:00,CNC-03,H,299.6052991250568,313.34157345440775,2179.277007679261,30.496079318763282,81.77536075338978,2.7274645956977013,12.272645078631657,52.659665204385135,0,2026-09-10 04:10:01
2026-09-09 05:19:00,CNC-02,M,296.2994285096762,309.92346559160876,2190.656712895434,28.479760065016873,91.7025820309115,2.76352306641142,11.694210895136296,58.43944490186052,0,2026-09-10 04:10:01
2026-09-09 15:11:00,CNC-01,L,25.66102017040015,40.65781532493196,1568.286529282517,49.45307718988133,138.87366942492542,2.381507381098942,14.408491590336267,55.772001089880284,0,2026-09-10 04:10:01
2026-09-09 06:06:00,CNC-01,L,296.29758718948153,310.5159295596655,1906.257230201189,36.33904838226792,168.69467970420692,2.939993766868922,13.037092264616527,61.55162585855024,0,2026-09-10 04:10:01
2026-09-09 23:12:00,CNC-02,M,298.4798444270119,309.23492173260894,2824.198595206788,9.408551074595092,7.416811103642382,3.2372326865939094,4.863521334223974,53.490119942015276,1,2026-09-10 04:10:01
2026-09-10 00:57:00,CNC-02,M,297.5122070905919,310.4322791182898,2623.736594581311,18.016039083058445,119.07546077004078,3.296649043525761,9.077948758415166,59.12576915816734,0,2026-09-10 04:10:01
2026-09-10 00:35:00,CNC-03,H,298.6634577136992,311.3121627443259,2757.418004118327,16.675394119072095,212.51673327119596,38.27349850042372,8.455657506551866,57.31873852524066,0,2026-09-10 04:10:01
2026-09-09 08:06:00,CNC-02,M,301.6433732438428,310.2995016751253,1730.3836735896823,43.910971562534066,73.95998513024207,2.35716938648068,14.157397046488741,46.05191028690247,0,2026-09-10 04:10:01
2026-09-09 06:15:00,CNC-01,L,296.6317494943874,311.48401760276835,1877.8125425710862,41.95138291494682,180.82474767258046,30.058413909325488,14.497438740971909,55.81481663020232,0,2026-09-10 04:10:01
2026-09-09 04:36:00,CNC-01,L,296.83511941506833,310.2427746474663,2318.812836850132,26.90379549203572,53.1348740334627,2.942018710099572,11.78429701955576,57.591133830454915,0,2026-09-10 04:10:01
2026-09-10 01:30:00,CNC-01,L,298.5669438074506,312.84937271218195,2504.981662157429,26.384670730969386,230.9421742325633,4.150852904362858,12.527312234924189,53.62021579744581,0,2026-09-10 04:10:01
2026-09-09 22:29:00,CNC-03,H,299.72071293344743,311.9571062423038,2722.343157409512,17.4015984749314,78.48770876041445,3.2948419516381797,8.47463572610541,51.59873918479853,0,2026-09-10 04:10:01
2026-09-09 06:09:00,CNC-01,L,296.5974503817687,311.25288841438623,1982.7583887503001,36.60626541633411,172.71926541708913,3.0638738449433136,13.407002675770917,55.93322758943413,0,2026-09-10 04:10:01
2026-09-09 22:54:00,CNC-01,L,299.61742672337914,311.5931142533046,2652.84200899303,16.758572767263026,63.95340384981081,3.242507514939181,8.36209161154487,56.95034073603572,0,2026-09-10 04:10:01
2026-09-09 16:51:00,CNC-02,M,298.6037826839972,314.18021752247154,1765.476182616228,45.77874806538009,205.24471158152056,3.063555983039775,15.238614102650276,58.7062628691427,0,2026-09-10 04:10:01
2026-09-09 04:39:00,CNC-03,H,296.77236390973064,309.4169844374085,2355.3988068918306,21.35016127869724,52.97880800712057,2.86189594810961,9.414363821187965,55.64300982495262,0,2026-09-10 04:10:01
2026-09-09 22:46:00,CNC-01,L,299.6647600182068,311.44648674206064,2634.912482605814,16.667875835207738,55.37759275556091,3.2282436659506377,8.549545525177198,47.14411080254394,0,2026-09-10 04:10:01
2026-09-09 15:09:00,CNC-01,L,25.535910161533423,40.2394274768846,1570.0247703229911,46.412559547685106,135.8160068119985,2.3725792465297038,13.858286071017234,54.7295491991518,0,2026-09-10 04:10:01
2026-09-09 08:36:00,CNC-02,M,296.29917250123646,311.26391880431527,1585.2701804204414,50.01249720977071,118.44091158540184,2.5543032513879402,14.954443390780428,59.17106896015239,0,2026-09-10 04:10:01
2026-09-09 14:44:00,CNC-03,H,298.2100078129313,313.25995292033525,1418.9511317556203,51.886281758015954,238.85062329597707,2.943888148393456,13.751590119652436,46.335546789598496,0,2026-09-10 04:10:01
2026-09-10 01:02:00,CNC-03,H,298.88619857888335,311.96462943233234,2688.6195151901734,18.26709722860242,241.59979788217518,4.145835768265922,9.187624837368434,53.30071833522287,0,2026-09-10 04:10:01
2026-09-09 20:48:00,CNC-03,H,299.85830584015525,314.394665246305,2493.283330914032,26.88672660134556,217.7767025424331,3.687271661508624,12.62560930930215,54.79380300829007,0,2026-09-10 04:10:01
2026-09-09 17:16:00,CNC-03,H,299.44448141229935,314.47356632738683,1921.555025231831,40.47924191959275,188.97261624190674,2.976260215256945,14.254249838140707,49.418847682036485,0,2026-09-10 04:10:01
2026-09-10 02:08:00,CNC-01,L,25.09941460665209,37.251477054244674,2501.810927426547,19.219573571260312,33.851139975412124,2.9945419534340525,8.892208444666302,52.16527355547083,0,2026-09-10 04:10:01
2026-09-09 07:08:00,CNC-01,L,296.2955078928048,310.55459274508837,1713.581061423754,43.15271041115076,26.763452592912532,2.298403088897585,13.847686509783582,59.42209927118549,0,2026-09-10 04:10:01
2026-09-09 13:20:00,CNC-02,M,297.05671114755097,311.1252877831533,1288.763269289528,51.539047545926536,133.3213793175984,,12.36204982818912,57.95166881453639,0,2026-09-10 04:10:01
2026-09-09 16:19:00,CNC-02,M,298.7756890508915,313.45383061352686,1849.7268127814987,38.24800308509303,159.58148968039305,2.740921739445691,13.26040934125996,52.603302078444585,0,2026-09-10 04:10:01
2026-09-09 23:58:00,CNC-03,H,299.75018460507533,312.0473032350359,2833.3598344457223,14.517424128331811,173.32294735526116,3.6808068282922326,7.409810062494176,51.18588143137911,0,2026-09-10 04:10:01
2026-09-09 16:06:00,CNC-02,M,298.273052328162,313.55868726381107,1714.0802678339576,47.26804649297436,140.94078018552705,2.484781810616826,15.242635853120781,57.18033385971962,0,2026-09-10 04:10:01
2026-09-09 17:15:00,CNC-03,H,299.2815555263232,313.68056463555655,1789.2292532058345,39.34962522664259,187.57794393651017,2.9270680583059523,13.236086669926713,53.238599160284146,0,2026-09-10 04:10:01
2026-09-10 01:27:00,CNC-02,M,297.0104339726543,309.32420833684796,2672.549684745558,15.113048190320132,151.43694968651243,3.4717401295819372,7.461492020497443,57.981658226545726,0,2026-09-10 04:10:01
2026-09-09 12:13:00,CNC-02,M,296.6249964491723,310.33900402493464,1405.5780392883366,46.86448329991969,27.09527081246017,1.9862364330263196,,58.86528391723122,0,2026-09-10 04:10:01
2026-09-09 13:43:00,CNC-02,M,297.30261647603925,312.8065206756861,1427.5455845997521,56.161834633062284,169.46340442680454,2.3860524993741485,14.95534131305234,55.42403126939296,0,2026-09-10 04:10:01
2026-09-09 23:23:00,CNC-02,M,298.23086276246704,310.43200298421476,2643.995690437352,16.439537317779244,19.05481877573061,3.1636763816823197,8.282800764143815,48.28050047223648,0,2026-09-10 04:10:01
2026-09-09 07:59:00,CNC-03,H,295.60902029653636,309.9118295478212,1839.437451286001,40.99651501335449,99.59556718130055,,14.050902140798982,55.035299522691595,0,2026-09-10 04:10:01
2026-09-09 23:31:00,CNC-02,M,298.023998530474,309.5174994740608,2772.2308589482245,13.132817774468236,27.59166790106376,3.357837791837693,6.965424137043528,52.75355059197122,0,2026-09-10 04:10:01
2026-09-09 12:01:22,CNC-03,H,297.08381723516226,312.3676418532411,1325.8647312232113,58.283274364943814,252.01321979133766,3.135930401987452,14.556278539749139,56.052833662735445,1,2026-09-10 04:10:01
2026-09-09 12:48:00,CNC-01,L,296.9534297120006,311.22396023352127,1388.7069183691929,51.05670359080439,128.56621160501797,2.1646161867264393,13.144195751532077,56.72951510399925,0,2026-09-10 04:10:01
2026-09-09 17:21:00,CNC-03,H,299.5323538550463,314.26155693156625,1988.9427864080205,36.51364314312882,195.73962301266275,3.122697746376573,13.591462985844961,53.030379301337476,0,2026-09-10 04:10:01
2026-09-09 07:18:00,CNC-02,M,301.4636556393514,309.18821782385265,1865.7511057808506,36.198472631523906,4.229027108749692,2.4761337217907697,13.016930711514714,53.15662211914329,0,2026-09-10 04:10:01
2026-09-10 01:52:00,CNC-01,L,298.5549784393329,310.53225907301146,2532.7006636394663,18.554579615910114,16.43798932202505,3.124745489681669,8.767223279089803,51.45879832404205,0,2026-09-10 04:10:01
2026-09-09 15:51:00,CNC-02,M,25.06053168506611,39.36670316526829,1602.874173605124,44.5132105073706,119.07296140321175,2.3953362915760215,13.48020772068857,51.77049924106751,0,2026-09-10 04:10:01
2026-09-09 22:15:00,CNC-01,L,299.9888084424327,311.95725693786216,2506.9699432251814,18.3922191626221,21.63283816860108,3.054985176256583,8.683641557845482,54.0447850761945,0,2026-09-10 04:10:01
2026-09-09 12:37:00,CNC-03,H,297.0857505315459,310.21396026051684,1277.1391260714086,,39.78480883392296,1.971762972706788,11.34313380046708,58.759216366025974,0,2026-09-10 04:10:01
2026-09-09 22:34:00,CNC-01,L,299.77050548366066,311.40666546664016,2554.5606199612,15.874889575537726,42.33683987314228,3.086982078900659,7.462081989923858,55.9390567402586,0,2026-09-10 04:10:01
2026-09-09 20:21:58,CNC-01,L,300.65957946853945,313.81200061780476,2337.186319022072,24.83301026823668,124.59776165745876,3.151577593078057,10.885619256029818,54.268231855744844,0,2026-09-10 04:10:01
2026-09-09 22:26:00,CNC-01,L,300.0026439304222,310.8791743255102,2628.090938903406,12.378965264075674,33.75567461041648,3.146893231984619,6.218138146778298,54.00144977281682,1,2026-09-10 04:10:01
2026-09-09 13:57:00,CNC-02,M,297.43036479768614,312.6470465766885,1377.4667661228802,54.079830978161304,191.46905730064083,2.579708273480482,13.825196014762755,55.247295772144604,0,2026-09-10 04:10:01
2026-09-09 19:36:00,CNC-02,M,298.9505256220935,313.7111269646391,2282.444420544746,29.548533242143534,202.44347812484003,3.610442287704088,12.57075064063807,51.852564464365784,0,2026-09-10 04:10:01
2026-09-09 15:00:00,CNC-01,L,25.48346064643283,40.2296640247954,1498.5617061492947,50.34768736889359,122.1380168260947,2.4188819391817207,14.542715214269457,55.984462885846156,0,2026-09-10 04:10:01
2026-09-09 10:11:00,CNC-01,L,296.2195948959223,310.7473079960901,1405.656134767618,53.348371835460235,108.04531000765775,2.285982580244042,13.866474960029553,62.270608917615725,0,2026-09-10 04:10:01
2026-09-09 12:27:00,CNC-03,H,297.2273468983801,310.84038686787966,1366.7435091117154,47.93834201351585,23.8872867451083,1.9817456847696135,11.77277062764925,58.43884670505503,0,2026-09-10 04:10:01
2026-09-09 19:43:00,CNC-01,L,300.84148671932945,314.17405253631324,2396.484281055669,25.70653505742464,78.33906964858478,2.9609516115171144,11.777878946508993,48.003629783150444,0,2026-09-10 04:10:01
2026-09-09 09:25:00,CNC-02,M,296.36710625658446,311.12610826038565,1434.319614439036,47.92672186859391,192.98707589476484,2.695343043386922,12.867230804586809,59.027394835712265,0,2026-09-10 04:10:01
2026-09-09 16:50:00,CNC-01,L,0.0,313.19085621311126,1827.9969215942165,41.288871745591734,83.7878586540505,2.397070749055343,14.277796112875205,41.403599576110445,0,2026-09-10 04:10:01
2026-09-09 23:54:00,CNC-02,M,297.7055711317207,309.4844376605555,2712.6146876739795,13.561064283361608,51.96248375192846,3.276654136896203,6.849846196628587,54.77457275658718,0,2026-09-10 04:10:01
2026-09-09 23:07:00,CNC-03,H,299.7269521581592,311.73627648831484,2632.0325425569267,14.883354971189862,119.12919251108424,3.2796810642386323,7.292580021189877,48.998705094349525,0,2026-09-10 04:10:01
2026-09-09 14:41:00,CNC-03,H,298.241051246419,313.42930881432176,1579.8386176233375,48.76655241368276,234.13357690246605,3.181616880658003,14.681833735214045,54.249941243047815,0,2026-09-10 04:10:01
2026-09-09 17:58:00,CNC-02,M,298.6816616734187,313.038386564898,1892.581308022416,38.3440924312949,77.93752681084814,2.4701566178194985,13.774963609638956,49.83989895882928,0,2026-09-10 04:10:01
2026-09-10 01:24:00,CNC-01,L,298.3948622793686,311.15509194094807,2720.750983420773,17.164526500259658,224.39733001968247,4.329661742427528,8.82324455139429,53.29045225913044,0,2026-09-10 04:10:01
2026-09-09 08:39:00,CNC-03,H,295.6909721197726,310.6756759879739,1558.4824649759703,49.06216112171798,159.20338365809502,2.605858346738024,14.57743797403607,60.83639484103775,0,2026-09-10 04:10:01
2026-09-09 04:23:00,CNC-02,M,296.6455042522815,309.9272436066225,2269.7953127736496,26.443323163429312,21.421301430658005,2.804981943923751,11.200965009904056,57.827339789941426,0,2026-09-10 04:10:01
2026-09-09 23:28:00,CNC-01,L,299.38647433548306,311.92475862918144,2645.9344552777716,18.479403152866233,100.33977953957688,3.2073331861155827,9.300454069819047,55.328708264089705,0,2026-09-10 04:10:01
2026-09-09 14:42:00,CNC-03,H,298.05308556771035,313.15151933265474,1307.3063093655521,56.10677100869346,235.73085592532723,2.8209398976153675,13.615641652715247,53.73008243673228,1,2026-09-10 04:10:01
2026-09-09 13:01:55,CNC-01,L,297.5833558705722,311.71363157348804,1299.910570162862,51.16329367238689,152.3062109472843,2.344813084714607,12.601987791762156,55.82773911226991,0,2026-09-10 04:10:01
2026-09-09 20:57:14,CNC-01,L,300.2384246569106,313.5469411606421,2331.8968145293675,23.141873497082337,166.3487157545955,3.3143811444947615,10.080458548093665,52.281272110062716,0,2026-09-10 04:10:01
2026-09-10 03:38:00,CNC-01,L,298.084016291424,311.5938688847057,2451.647469834468,23.09675041500944,136.0935781082524,3.272022027402433,10.661042613674505,55.99104820989747,0,2026-09-10 04:10:01
2026-09-09 06:35:00,CNC-01,L,296.57877335469095,310.7695124199146,1970.5052132538635,0.0,207.84342660306856,3.552514484422832,12.319845652762723,56.17431748999213,0,2026-09-10 04:10:01
2026-09-09 07:05:00,CNC-03,H,295.6085932362649,309.951292412333,1908.352565257456,40.09132104557414,22.233242212492392,2.4955911312554346,14.40855541461187,57.688113956232186,0,2026-09-10 04:10:01
2026-09-09 22:56:00,CNC-02,M,298.5649417107867,312.2636647250635,2749.8026593950876,18.838378866670208,214.41148863854232,4.157912698110181,9.85818604213974,54.26135891277119,0,2026-09-10 04:10:01
2026-09-09 21:16:00,CNC-01,L,300.65890346388727,314.81240141609834,2438.5627941751277,26.141603990000085,186.77119050870976,3.5175983541211924,11.96781626983004,46.51809674743563,0,2026-09-10 04:10:01
2026-09-09 18:58:00,CNC-01,L,300.71527845550213,313.6871221996866,2331.0522611155943,25.96462117188318,22.799032708729094,28.20605703994378,11.57618731633709,50.746107411209586,0,2026-09-10 04:10:01
2026-09-10 03:56:00,CNC-02,M,296.146814941308,309.1624192758655,2301.037412934179,22.679985262439672,71.17134248108992,2.830273171144925,9.883954085770073,57.94538642586837,0,2026-09-10 04:10:01
2026-09-09 09:14:00,CNC-03,H,295.93970917426606,311.15325034435466,1593.2238418413262,49.352302109202704,212.38537732899604,2.8976933447532285,14.812715867190168,54.253044744748664,0,2026-09-10 04:10:01
2026-09-09 06:52:00,CNC-03,H,295.7183439659974,309.0917511153074,1881.2290353413655,35.17355739729229,4.101970440882832,2.4731875581068086,12.346321024576937,58.22565045616736,0,2026-09-10 04:10:01
2026-09-10 03:22:00,CNC-03,H,297.6590612929882,310.9906368318554,2395.5311673340198,23.531909297188577,127.03910330867835,3.066207200108623,10.731100170276877,51.77694523673157,0,2026-09-10 04:10:01
2026-09-09 13:45:00,CNC-03,H,303.57939138487444,,1476.4617595633472,46.43030465672727,147.0898757481952,2.2815926965814253,13.034784588816681,43.08287202404765,0,2026-09-10 04:10:01
2026-09-09 20:54:00,CNC-02,M,298.90902916042666,311.79999585824123,2572.530036714299,21.048659373170032,79.82047892735528,3.1872487698616436,10.111169036637301,55.53168141932114,0,2026-09-10 04:10:01
2026-09-09 23:13:00,CNC-03,H,299.46816081230605,311.8078801030055,2692.570992171828,17.76805475253009,125.51537249573823,3.4507113176215753,8.81641555489342,54.378513535405745,0,2026-09-10 04:10:01
2026-09-09 05:38:00,CNC-02,M,295.9924095172823,310.1767287445545,2154.9024400105636,33.09912494707582,116.38506968010059,2.853732264736328,13.352372115068244,59.53963757009977,0,2026-09-10 04:10:01
2026-09-09 04:51:00,CNC-02,M,296.18615745263054,309.37703352973256,1984.650383899541,30.780425688623186,56.155732894700044,25.37482933834417,11.813860176282281,61.119958803337596,0,2026-09-10 04:10:01
2026-09-09 14:28:00,CNC-02,M,297.7050999363466,313.13254310266683,1529.0514557696602,50.38641155948848,239.6617459878494,3.2141123287572193,14.398279472176425,58.11295878721293,1,2026-09-10 04:10:01
2026-09-09 15:15:00,CNC-01,L,25.708666048746352,39.984333351671296,1486.2173011299271,47.07429742236487,145.00569673709376,2.4711450102114454,12.984292898269683,49.49227931103869,0,2026-09-10 04:10:01
2026-09-09 14:26:00,CNC-01,L,297.9758448810922,312.8817457819048,1723.7624626417544,46.50446947838918,70.00658874523725,2.2815041761341455,15.029126749683744,58.45362748671391,0,2026-09-10 04:10:01
2026-09-10 01:56:00,CNC-02,M,297.24784036209866,310.4721647206207,2543.6122567908687,19.98759935009488,182.92981700269522,3.5475817755555585,9.424733051709822,58.52574412123697,0,2026-09-10 04:10:01
2026-09-09 13:09:00,CNC-01,L,297.6807255775729,312.5032031459799,1433.7660778015613,53.43492494499693,161.82183435436284,2.4502171741416126,14.357791318933208,55.67830728868642,0,2026-09-10 04:10:01
2026-09-09 09:26:00,CNC-02,M,296.09032479126506,311.28076274299787,1646.2284475556664,48.81624211516636,194.4913301197775,2.987148297316043,14.951984903211681,57.08922031613593,0,2026-09-10 04:10:01
2026-09-09 07:05:00,CNC-02,M,301.58885549334263,311.2642720754451,1835.7414637271524,44.872153679169685,234.73502365734797,3.5003732068872493,15.312936936131434,46.41682724415483,0,2026-09-10 04:10:01
2026-09-10 02:06:00,CNC-01,L,298.66488140681855,310.51687123095604,2669.5587058041892,16.753481856906607,31.618948717219954,3.247470856680657,8.296527229834375,53.122535824801496,0,2026-09-10 04:10:01
2026-09-09 06:42:00,CNC-02,M,296.0274535894263,310.92171359315836,1803.5172422754695,41.726826350773315,202.47380959492997,3.078035803803653,14.225432763917075,58.796676644042726,0,2026-09-10 04:10:01
2026-09-09 17:02:00,CNC-01,L,299.99373325580467,314.69072308818454,2023.4002735401352,38.41252440325065,100.59468807935527,2.7009386043499988,14.28936071521484,47.605981946566004,0,2026-09-10 04:10:01
2026-09-09 21:11:36,CNC-03,H,299.6047582125549,314.16527902549365,2500.6268564362877,26.089380093507202,243.67940736763336,4.036003265734128,12.186660114731355,54.33997271685983,0,2026-09-10 04:10:01
2026-09-10 00:16:00,CNC-01,L,299.2613370073958,311.85486630757003,2778.580790997981,16.936578441174664,151.325419105238,3.6432544137410248,8.74865426968277,53.910501510289954,0,2026-09-10 04:10:01
2026-09-10 01:33:00,CNC-01,L,298.24656396248656,311.48201964184847,2736.396068277886,17.90570065266614,234.18194263908032,4.427706133243632,9.230449493199744,54.37209620054571,0,2026-09-10 04:10:01
2026-09-10 03:33:00,CNC-03,H,297.2494770812058,310.87977055434504,2303.697639511769,26.039621011169615,139.97655390100778,28.362466122666245,11.37256491579302,54.23893092176216,0,2026-09-10 04:10:01
2026-09-09 18:57:00,CNC-02,M,298.8485478367527,312.85181537909625,2254.5324118324984,27.95672391578216,154.2994505116815,3.160157866650742,11.596945524453576,53.30616668881465,0,2026-09-10 04:10:01
2026-09-09 18:07:00,CNC-01,L,300.1846931158279,314.75763063561516,2022.448901422089,35.10243757199736,189.08781849766132,3.2853081544330562,13.307292317598014,52.183188829687445,0,2026-09-10 04:10:01
2026-09-09 21:52:00,CNC-03,H,299.832176828227,311.5730760294478,2665.526121322672,15.451363162005222,37.9638033843713,3.231933710562498,7.419363926262248,51.30962726119727,0,2026-09-10 04:10:01
2026-09-09 22:38:00,CNC-01,L,299.5234585852248,311.74572074443444,2671.89444274335,17.93320563742441,46.6589193255048,3.1837339995252045,9.180874332568479,48.55830662158111,0,2026-09-10 04:10:01
2026-09-09 21:02:00,CNC-03,H,299.9348943640277,313.24915455245014,2645.238295554901,19.286461741825917,233.58144091159411,3.9554215012286185,9.621077966000305,44.65630483399936,0,2026-09-10 04:10:01
2026-09-09 17:03:00,CNC-01,L,299.60967007791754,313.3942354521218,1853.2771779832835,36.644368150661236,101.9904173156672,2.5813740881523155,12.853100041079937,50.839496938356845,0,2026-09-10 04:10:01
2026-09-09 19:08:00,CNC-01,L,300.5416899968568,314.03210882575587,2157.011863544103,29.253454719695714,35.39874835674014,2.77391331891149,11.398534706604101,53.31605242143947,0,2026-09-10 04:10:01
2026-09-09 16:22:00,CNC-03,H,299.14693645633304,313.6225297769169,1665.3223030240827,43.43998297821074,112.62203230753022,2.4625005221257252,13.319741995116889,52.4431197679305,0,2026-09-10 04:10:01
2026-09-09 13:06:00,CNC-02,M,297.0052367779508,311.5282887742926,1388.7186719467506,54.31863136170296,111.20768244979269,2.1538340820290034,14.359080188894648,58.687213550839516,0,2026-09-10 04:10:01
2026-09-09 09:05:00,CNC-03,H,296.0072235293441,310.97602261001504,1513.5614316367594,49.81804735050458,198.77534792815078,2.7680592276580787,14.210847499905519,58.01857327145766,0,2026-09-10 04:10:01
2026-09-09 06:58:00,CNC-02,M,301.18512783548266,309.8564841932751,1824.3804331751023,38.47763582112976,224.80599084425444,3.4239237525594466,13.388006809666487,49.34496183584463,0,2026-09-10 04:10:01
2026-09-09 21:42:00,CNC-03,H,299.81005686005983,310.9755101643774,2643.3447292204314,13.00956007591114,26.889182026378734,3.08263266443343,6.360985264328166,55.82634441596436,0,2026-09-10 04:10:01
2026-09-09 19:53:00,CNC-02,M,298.92078693176705,311.4041577173777,2345.3287057347925,22.660838435100246,8.409893501834542,2.910726674851024,10.090630631192214,54.17829810857504,0,2026-09-10 04:10:01
2026-09-10 02:56:00,CNC-02,M,23.12369762709625,35.611841210326986,2464.1439480684307,20.68487667086541,1.1562234275407102,3.079309275975211,9.667699056630834,57.760509331428025,0,2026-09-10 04:10:01
2026-09-10 03:21:00,CNC-02,M,295.82976056711533,308.84532972051835,2399.6321764138734,23.249210252202204,30.072890238911,3.029608401117299,10.692665880434564,56.119178729139776,0,2026-09-10 04:10:01
2026-09-10 01:56:00,CNC-01,L,298.48762043415206,310.6577134732292,2608.1960914275946,19.55135938877166,20.87913354700942,3.1228423713622697,9.604988963343073,54.97950925003277,0,2026-09-10 04:10:01
2026-09-09 12:10:00,CNC-01,L,296.73686055357746,,1380.4065993484505,48.66316655898464,68.12493195451876,2.110324155518924,12.501683084528684,61.03435603542809,0,2026-09-10 04:10:01
2026-09-09 13:33:00,CNC-01,L,297.64674349512313,312.16167397516307,1401.3949666475344,50.16132389734571,199.7678779400423,2.882490549271891,13.073386714447379,57.52185310522059,0,2026-09-10 04:10:01
2026-09-10 03:51:00,CNC-01,L,297.82498672690303,311.4600830914707,2170.247584272473,28.322386250716615,151.59085445708308,3.115721530435906,11.691101618396193,56.658285852041445,0,2026-09-10 04:10:01
2026-09-09 12:12:00,CNC-01,L,296.8795555217315,311.31910542505136,1403.066698159494,53.38741556208105,71.31713377587072,2.1008250522244922,13.942876175187541,58.82497206201336,0,2026-09-10 04:10:01
2026-09-09 13:30:00,CNC-02,M,297.17905401958194,311.940490181749,1457.8674234546834,50.23793633048797,149.11705792590365,2.325718001285963,13.664123600527272,54.44670038558224,0,2026-09-10 04:10:01
2026-09-09 08:17:00,CNC-02,M,301.6915663614541,309.72572305300713,1629.074612994056,42.433915975880915,90.12304685820143,2.2762557497982865,12.926002211026796,46.74062255412648,0,2026-09-10 04:10:01
2026-09-09 20:51:00,CNC-02,M,299.0632736669029,312.2378374631246,2457.053896565041,23.877285454878862,76.39917628511006,3.0451262239691514,10.889417276369388,53.96653559101801,0,2026-09-10 04:10:01
2026-09-10 03:27:00,CNC-01,L,297.6684308174581,311.06991773037765,2474.2752745975718,24.86924172985345,123.27104775389459,3.289601339137389,11.32917009939934,61.34905412457645,0,2026-09-10 04:10:01
2026-09-09 08:29:00,CNC-03,H,295.55148747699116,309.77479700468416,1509.6025859375695,46.26206897527358,144.03897503070098,2.250358226616366,13.113536724332812,56.94427549288331,0,2026-09-10 04:10:01
2026-09-09 07:26:00,CNC-02,M,301.2666825762956,309.2873798924072,1742.2793907520984,41.49143124100218,15.602249724147416,2.3200494360938873,13.34887023544845,48.54409823424783,0,2026-09-10 04:10:01
2026-09-09 23:50:00,CNC-01,L,299.6382904824424,312.2196828853076,2686.15318662229,17.343415946340446,123.70521277841692,3.448664123585184,8.705950528880974,46.53349072981168,0,2026-09-10 04:10:01
2026-09-09 08:09:00,CNC-01,L,296.2744650599149,310.25668639741843,1760.786052993217,39.3564678652566,115.21842164668216,2.4992701783018267,13.055704472397524,57.15189611858989,0,2026-09-10 04:10:01
2026-09-09 16:13:00,CNC-01,L,299.37120649128747,313.48274658127957,1845.2368454000994,39.05780342273875,30.67424226575114,2.4281591884435674,13.775196125350666,51.85697413001042,0,2026-09-10 04:10:01
2026-09-10 02:16:00,CNC-02,M,23.576940459875743,37.52215127114198,2642.4133819265858,22.46309446728502,205.05861782894118,3.9177555498167087,10.919282607585785,53.555506563972735,0,2026-09-10 04:10:01
2026-09-09 06:38:00,CNC-01,L,296.5836348881172,311.831362871391,1967.6890442148472,39.441687657501525,211.99675609778706,3.4965913835820426,14.476717903977825,61.752122075616796,0,2026-09-10 04:10:01
2026-09-09 23:33:00,CNC-03,H,299.3027088255181,311.35470627532357,2825.5482727098015,14.902849699254457,146.721946077165,3.579401750475935,8.1412075675238,49.43208525391607,0,2026-09-10 04:10:01
2026-09-10 02:59:00,CNC-02,M,22.89524271796421,35.85908581213562,2405.576416108665,23.38155406685524,4.556291884989064,2.917644881993188,10.490097466717625,58.40224274133816,0,2026-09-10 04:10:01
2026-09-09 12:00:00,CNC-02,M,296.3611852040191,309.91309051885736,1295.4793165248427,49.7203527563967,6.383630147906496,1.9846736946549597,11.961785990370347,58.429792551823006,0,2026-09-10 04:10:01
2026-09-09 20:22:00,CNC-03,H,299.88308083828065,313.80607946840416,2465.018386896156,25.055983846414573,187.82248361991006,3.4154876255615636,11.443463553127028,50.76409545035933,0,2026-09-10 04:10:01
2026-09-09 19:56:00,CNC-02,M,299.0480241983048,311.36153636471613,2147.3978387112606,22.390705473014663,11.995156641911056,2.69899955140473,9.234815539969457,50.14490419640152,0,2026-09-10 04:10:01
2026-09-09 16:55:00,CNC-02,M,298.762596032723,313.4950143823429,1731.6432093266385,39.901397596060704,210.95872713162237,3.142972094398279,12.860297774678534,55.32160883991804,0,2026-09-10 04:10:01
2026-09-09 17:33:00,CNC-03,H,299.80065995331415,314.7937340929577,2002.4088098555642,36.77708918617877,212.15707279121537,3.3001722770716246,13.642932494558877,46.67028154527916,0,2026-09-10 04:10:01
2026-09-09 05:20:00,CNC-03,H,296.30164188744607,310.20365494111854,2013.4682407905711,33.81534390999102,104.62989662144938,2.7136156396868274,12.6650642741919,57.38509633818192,0,2026-09-10 04:10:01
2026-09-09 04:32:00,CNC-02,M,296.74758887698573,310.26358140389243,2209.6645286736443,28.472021294080474,32.452397447357505,2.821293879300291,11.496960309677675,56.6722783691909,0,2026-09-10 04:10:01
2026-09-09 07:09:00,CNC-01,L,296.28569503972017,309.8720669989021,1768.8143798027104,37.49279941092975,28.189125938172175,2.404557653580944,12.54200586814166,60.28937178496804,0,2026-09-10 04:10:01
2026-09-09 14:45:00,CNC-01,L,,312.2498397096243,1449.6062886441157,47.86135520936988,99.32994288651668,2.1006790499310863,13.28825378945978,53.28877990720732,0,2026-09-10 04:10:01
2026-09-09 15:26:00,CNC-03,H,444.3699678887095,39.5256683703505,1613.6729248891402,43.89841253396914,30.290014221608306,2.2813994388165417,13.304010282551925,54.01387549836225,0,2026-09-10 04:10:01
2026-09-09 23:22:00,CNC-02,M,298.13368110811683,310.19652671307136,2695.6422630402144,16.803410651457895,17.969614256812243,3.180085470924464,8.447311935080698,50.21243501563679,0,2026-09-10 04:10:01
2026-09-09 18:02:00,CNC-03,H,299.5351852772029,313.4058607031301,2126.497874442742,33.370848265609425,13.34803484920166,2.705513364419779,13.066452266881335,50.55576656041663,0,2026-09-10 04:10:01
2026-09-09 05:04:00,CNC-03,H,296.8613050242193,310.2525176618368,2271.308273980141,27.63462263776506,84.08739127011393,2.849770108474693,11.518669191960386,55.75485756639252,0,2026-09-10 04:10:01
2026-09-09 05:45:00,CNC-02,M,296.3592071759012,310.32906491785224,1995.6950264501197,33.09659230363536,125.62008113679941,2.837623377708494,12.30197007513514,58.80554197862399,0,2026-09-10 04:10:01
2026-09-09 15:36:00,CNC-01,L,25.826623525348452,40.990734265914455,1654.9600220721836,48.1806197042033,176.36380324910184,2.8030147336161475,14.636145795838964,51.76898540146384,0,2026-09-10 04:10:01
2026-09-09 20:56:00,CNC-01,L,300.40315006953585,314.22386322648026,2451.821011206489,24.879134673952738,164.04966854892092,3.4529022320166542,11.329945325111105,55.588485615285336,0,2026-09-10 04:10:01
2026-09-10 00:45:00,CNC-03,H,298.8389996336464,312.1499152630978,2681.3717032220256,19.592519689921193,223.22310622331,3.8222421729434286,9.90784922274178,53.85272238613557,0,2026-09-10 04:10:01
2026-09-09 06:28:00,CNC-02,M,296.09020596673946,310.4574948701722,2027.136233651711,34.96278294724768,183.2363210067635,3.1528160660821953,13.216396140625946,60.02345779495736,0,2026-09-10 04:10:01
2026-09-09 23:30:00,CNC-01,L,299.52221227459495,312.22179469534603,2728.5353510562513,17.27644824803782,102.42561541283132,3.371578407106852,8.665032283248573,52.531391428443634,0,2026-09-10 04:10:01
2026-09-09 07:25:00,CNC-02,M,301.61681097739245,310.1454669678881,1816.5591196402656,42.78395154670043,14.165583535210402,2.4694054273487462,14.81388801266006,48.81823497768776,0,2026-09-10 04:10:01
2026-09-09 09:11:00,CNC-01,L,296.5608479364345,310.17716202884856,1646.3546560767468,40.55818261282798,15.116380033453634,2.2340053807664497,12.265887970480009,59.030899846099395,0,2026-09-10 04:10:01
2026-09-09 16:53:00,CNC-03,H,299.15374931945206,314.12225837405265,1872.7594957527917,41.79165300080538,156.91139246196425,2.713839977379597,14.577707518355197,49.462109009145394,0,2026-09-10 04:10:01
2026-09-09 12:54:00,CNC-01,L,297.11232038438226,311.28781829953874,1333.420754410584,51.56201863665642,138.0962303612736,2.1936324915681635,12.760856220634436,58.2388607711215,0,2026-09-10 04:10:01
2026-09-09 19:45:00,CNC-02,M,299.0912751047733,313.39424182177856,2456.4756312929685,25.28528170526817,213.33591025462636,36.7837152785448,11.608556065592921,54.8076442504061,0,2026-09-10 04:10:01
2026-09-09 12:39:05,CNC-02,M,296.7235046072346,310.9421937845539,1405.86055211132,50.13728781836083,68.30171438562535,2.1405551703605092,13.400733766665763,56.657605826773924,0,2026-09-10 04:10:01
2026-09-10 01:42:00,CNC-03,H,298.4607386357136,310.2169252009991,2715.6971082853015,15.971248206585523,15.185087782979936,3.1787755025193554,8.412033432241364,52.12149933778842,0,2026-09-10 04:10:01
2026-09-10 04:04:00,CNC-03,H,296.8597885655033,310.936463820821,2208.67064121863,29.63188780109767,176.68289808963652,3.1043785881856136,11.964442428084427,57.77246364618848,0,2026-09-10 04:10:01
2026-09-09 17:20:00,CNC-01,L,299.8897485058038,313.9046051654655,1943.1870388396728,36.50537550337283,125.55672616482474,2.6660969477108685,13.276180745951667,50.89650541716632,0,2026-09-10 04:10:01
2026-09-09 15:52:00,CNC-01,L,25.973036496404177,39.60678478539364,1708.1955676102912,39.88979818123022,0.0,2.384665570819442,12.82243421437734,53.91304578315149,0,2026-09-10 04:10:01
2026-09-10 03:04:00,CNC-01,L,24.80855007207896,37.539601393103965,2531.818771197561,20.87055515364104,96.38445837569468,3.2272206852344607,9.870086841619175,54.6133263551693,0,2026-09-10 04:10:01
2026-09-09 22:38:00,CNC-03,H,299.61663391522427,312.119416940805,2822.5221745665635,17.477803914597043,88.22059216068227,3.457807117319426,9.26157242420115,56.33171405452451,0,2026-09-10 04:10:01
2026-09-09 06:39:00,CNC-03,H,295.7264832721974,310.77990789866647,1993.0278987818467,38.94288588024257,209.72937333075208,3.2264801416822357,14.502710357478156,57.444969140328254,0,2026-09-10 04:10:01
2026-09-09 04:31:00,CNC-03,H,296.8810866138548,310.8162271524749,2315.273992394574,29.558687879714604,43.15615330434059,2.9445747316216733,12.749513044300055,54.53098381970491,0,2026-09-10 04:10:01
2026-09-10 02:34:00,CNC-03,H,25.08632178859716,37.231268306670756,2585.5880353704893,18.142916769040763,72.5252005288182,3.085419674379923,8.669748394774421,51.918102376086495,0,2026-09-10 04:10:01
2026-09-10 01:13:00,CNC-03,H,298.87562858815335,311.68005233294537,2652.993498751083,16.593320405730864,253.4244366588268,4.209967005208016,8.13788886481924,52.82767298283843,0,2026-09-10 04:10:01
2026-09-09 15:48:00,CNC-01,L,25.737503162561268,40.588746912572105,1759.4903545711056,43.526251057639946,194.1374371667786,3.2195080250089854,14.528084222610213,55.32321400268692,0,2026-09-10 04:10:01
2026-09-09 16:01:00,CNC-02,M,25.043006601733964,39.973959916880744,1772.4481451269935,42.747013703885195,133.75323834286905,2.5867401635813425,13.732667752578816,60.04323200254609,0,2026-09-10 04:10:01
2026-09-09 10:23:00,CNC-02,M,296.0960694447581,309.9754514627619,1467.3419186710375,48.305777824000515,64.04688591824485,2.1620969288790763,13.159690094690559,58.91761676011656,0,2026-09-10 04:10:01
2026-09-09 23:20:00,CNC-02,M,298.021419448185,309.5729240162233,35447.87677495303,12.949804137536233,15.802885776904002,3.227606542129646,6.7260068790093985,54.62158235550852,0,2026-09-10 04:10:01
2026-09-10 04:00:00,CNC-02,M,295.6529680793698,309.3057877646009,2500.6258281553482,24.312871416919123,75.8993684546742,2.961028005314812,11.643780818579938,57.7772458546845,0,2026-09-10 04:10:01
2026-09-10 00:06:00,CNC-02,M,297.7780727785023,309.9566871214593,2726.9472018706906,14.651045099355265,64.80388960207067,3.1292802847974346,7.39718712317227,55.666370116962575,0,2026-09-10 04:10:01
2026-09-09 23:09:00,CNC-02,M,298.31580633516614,309.7835586192518,2745.8811187012852,13.5597093352692,4.221939546559756,3.185962049275351,204.74948829322756,55.09151720188435,0,2026-09-10 04:10:01
2026-09-09 15:21:00,CNC-02,M,25.01894311784713,39.564838731025134,1651.425906143402,44.127417353671305,74.32918178086148,2.343548828767245,13.721027238036895,55.237122592264726,0,2026-09-10 04:10:01
2026-09-10 03:54:00,CNC-02,M,295.87252799274324,309.73618384179935,,26.802754369581727,68.71384744489814,2.9975966736613255,11.85958099739964,60.18667410843629,0,2026-09-10 04:10:01
2026-09-09 12:18:00,CNC-01,L,296.6810619000346,310.41644475267935,1334.7065745353088,47.42069877216975,0.0,1.9770987565202938,11.996879377673409,54.07569101620618,0,2026-09-10 04:10:01
2026-09-09 04:55:00,CNC-01,L,296.82894897911376,310.53256765378865,2193.8580239168077,30.243872535061058,77.0057355247311,2.905275259940269,12.396636506098492,60.60758562318193,0,2026-09-10 04:10:01
2026-09-09 06:30:00,CNC-02,M,295.8696719841626,310.7425158622292,1891.809257460471,39.11634303146545,186.0122802540062,2.971319414223856,13.627623854949423,58.61712558637538,0,2026-09-10 04:10:01
2026-09-09 17:52:00,CNC-01,L,300.24839702413914,314.74331388262425,2015.7865171697213,36.72913430869797,169.03794882698367,3.0510280702110912,13.817796273698773,52.683012370275975,0,2026-09-10 04:10:01
2026-09-09 09:20:00,CNC-03,H,295.75980445731176,311.15798588932074,1587.7402905385,51.036616511477995,221.5632383942145,2.946899034031155,14.968592965995219,60.6753177762614,0,2026-09-10 04:10:01
2026-09-09 08:29:00,CNC-02,M,296.2220313752607,310.5285330292306,1528.0755005060826,46.1906655581381,107.93012481470736,2.244320349373228,13.275362038670785,62.88379978129595,0,2026-09-10 04:10:01
2026-09-09 09:22:00,CNC-02,M,296.27917578754216,310.6485594298898,1485.3005683617162,46.64947929614487,6591.778677839896,2.6817714102706396,13.10562858627934,57.64810539408822,0,2026-09-10 04:10:01
2026-09-10 01:38:00,CNC-01,L,298.5290409521634,310.34727253440315,2630.8843238085583,16.3322788014327,1.0737297478567682,3.2544685982449657,7.9550483742262195,50.749206318955025,0,2026-09-10 04:10:01
2026-09-10 03:59:00,CNC-03,H,297.34936231760946,311.4426983123097,2300.5068009463193,27.387975411159132,170.69399648658916,3.1916439367440317,11.737373648978942,58.2825626990387,0,2026-09-10 04:10:01
2026-09-09 05:07:00,CNC-03,H,296.5854525908222,310.21070392507875,2163.082653808363,30.006983939944604,87.90881128046401,2.8148673485447744,11.985320813000097,54.42811374634528,0,2026-09-10 04:10:01
2026-09-09 16:40:00,CNC-03,H,299.1440156753019,314.34891494523146,1947.1085714114215,42.30816141655912,138.4264961790867,2.7758053362802375,15.110615010155565,55.470911156485506,0,2026-09-10 04:10:01
2026-09-09 19:41:00,CNC-01,L,300.6279168035578,314.34563993947523,2198.1920941881735,28.84968239998807,75.95411185099945,2.748409895983748,12.070948802917679,52.602028142205334,0,2026-09-10 04:10:01
2026-09-09 16:21:00,CNC-01,L,304.8898429597035,312.34740846905186,,38.3089670547469,42.3116540846339,2.3215687706484114,11.92521881802821,44.320866353822986,0,2026-09-10 04:10:01
2026-09-09 11:43:00,CNC-01,L,296.28509050462634,309.83787674651836,1297.5319119584576,51.97185025311712,25.308535171559495,2.0616467297101253,12.602138088228333,57.88343062506518,0,2026-09-10 04:10:01
2026-09-09 15:11:00,CNC-03,H,25.493136841167086,39.31234813667936,1480.8581922927353,49.69151386639346,7.556173183205194,2.0815315776688403,13.91484905807886,56.45602042576327,0,2026-09-10 04:10:01
2026-09-09 15:49:00,CNC-02,M,25.07878508432708,40.38756694595611,1696.6333388578269,48.49934606523959,116.05731383655798,2.4363647423213357,15.500097180380697,54.60044887708171,0,2026-09-10 04:10:01
2026-09-10 00:18:00,CNC-02,M,297.69217125166364,309.51939101967633,2667.071044052135,13.900762769381103,77.5975332483566,3.3213448587430223,6.870164794363503,54.26809618032216,0,2026-09-10 04:10:01
2026-09-10 04:05:35,CNC-01,L,298.1628509805334,312.58424447583525,2249.2272716197594,30.33226058982218,170.76377877814227,3.290138160371901,12.616438260534162,58.534191658622674,0,2026-09-10 04:10:01
2026-09-09 08:46:00,CNC-01,L,296.36128117609593,311.08529231342527,1592.7536755824212,46.2655931861674,170.13035124642093,2.6994257791505776,13.510404550804209,56.236301109930075,0,2026-09-10 04:10:01
2026-09-09 05:11:00,CNC-02,M,296.49254232888364,310.81946763859617,2179.5037244577065,33.742975388356385,81.5928613015949,2.8214059179161217,13.508890061223358,58.309440556512314,0,2026-09-10 04:10:01
2026-09-10 01:51:00,CNC-02,M,297.0428121470827,310.1325653628876,2663.025717401267,18.542884103208802,177.46094935279757,3.622357884117012,9.452100612934812,57.09236094213413,0,2026-09-10 04:10:01
2026-09-09 05:42:00,CNC-03,H,296.0185113653996,310.16290614297253,2188.4443893971616,32.096163792801065,133.15241496696044,2.8844443714571333,12.968897206421623,55.69700047337044,0,2026-09-10 04:10:01
2026-09-10 00:58:00,CNC-01,L,298.4053686718461,311.25138378332764,2668.156152100025,17.315624752989592,196.47724783393394,3.923605501877495,8.464798368030973,58.77164988209263,0,2026-09-10 04:10:01
2026-09-09 15:30:00,CNC-01,L,25.743935457397185,41.30408249157756,1740.577587489807,49.411521998869674,167.44060509729582,2.8245494043292836,15.916168356387933,50.61488383097998,1,2026-09-10 04:10:01
2026-09-09 17:13:20,CNC-01,L,299.6356131579001,314.4261253173955,2040.4310455001796,37.602534925989126,115.86891969075647,2.7869587557460025,14.457183248200284,56.36806441746746,0,2026-09-10 04:10:01
2026-09-09 23:19:00,CNC-01,L,299.6444878517559,311.5909460039511,2736.8630970098297,14.634527145199616,90.69573924631266,3.329597645362172,7.53576164442535,50.196012039558525,0,2026-09-10 04:10:01
2026-09-09 18:07:00,CNC-02,M,299.08606063359343,312.99493768260965,2002.4856206375812,32.450098008952175,89.99683648754423,2.6337261302161443,12.00882538194469,54.48734063613289,0,2026-09-10 04:10:01
2026-09-09 18:55:00,CNC-01,L,300.3584209746426,313.6990129477031,2142.7118162161246,30.259474296969493,19.063029010100895,2.7798328746673637,12.161567742442573,49.735393156604495,0,2026-09-10 04:10:01
2026-09-09 06:10:00,CNC-02,M,296.3873545177932,310.79763160776974,1882.426704340247,36.038117380826854,158.8358904242921,2.855107929406807,12.668640847391186,63.348696248666975,0,2026-09-10 04:10:01
2026-09-09 23:51:00,CNC-02,M,297.9399607564188,308.9280146634278,2779.605088678267,10.193711475635869,48.78343372446118,32.91219387519937,5.452431366509066,52.57356799150516,1,2026-09-10 04:10:01
2026-09-09 05:16:00,CNC-02,M,296.25119527290684,310.176770005694,2198.3132345551744,31.237900375877743,87.93157913060625,2.9770769148760956,12.871130759205803,57.30520659999545,0,2026-09-10 04:10:01
2026-09-10 02:23:00,CNC-03,H,25.195969047488347,37.42118617629677,2450.818027072445,19.746631762761076,60.22917271985781,3.0412784205323,8.891578640513856,56.505598338363406,0,2026-09-10 04:10:01
2026-09-09 12:01:00,CNC-01,L,296.9127556296543,310.4852066290245,1369.4841583203547,46.559586788307676,53.85823994224746,1.9972430849386835,11.845126933819447,55.60935220824483,0,2026-09-10 04:10:01
2026-09-09 17:48:00,CNC-03,H,299.6562524084299,314.76613837426504,1940.2159077815518,40.08088313745094,232.35534826190363,3.371898076520502,14.599320699734967,52.76843457280872,0,2026-09-10 04:10:01
2026-09-09 22:00:00,CNC-03,H,299.8106390278326,311.1624188428115,2624.1861364598235,13.842104593710511,46.78062078197804,3.2051609668565577,6.792479421032534,51.558452571024375,0,2026-09-10 04:10:01
2026-09-10 03:15:00,CNC-01,L,298.2258477463003,310.9922394158711,2435.723099728885,20.271932703206097,109.14603968435004,3.1730808133845847,9.269560627717931,51.865825804736545,0,2026-09-10 04:10:01
2026-09-09 12:53:00,CNC-01,L,297.1767272332754,311.7895341444334,1463.5208601421962,50.365690863756484,136.4962303612736,2.407994498406878,13.691677251675902,55.45421766352546,0,2026-09-10 04:10:01
2026-09-09 06:32:00,CNC-02,M,,310.72700745345065,1914.266475477568,38.265907420754495,188.71541226696982,2.9454864465114166,13.57995622655671,58.645326635876934,0,2026-09-10 04:10:01
2026-09-09 23:35:00,CNC-02,M,298.1627816666987,310.5429018128263,2635.846520646376,16.824284630914757,31.870630193311726,3.0753586081508177,8.274621629539768,,0,2026-09-10 04:10:01
2026-09-09 12:20:00,CNC-01,L,297.1006442320469,311.29941674876096,1398.6174508992747,51.17181630497751,84.03182916503312,2.1922653775960046,13.38981246373605,53.156166342005974,0,2026-09-10 04:10:01
2026-09-09 15:24:00,CNC-02,M,24.865917821285336,39.07395312727215,1671.8864557207628,42.546050636905605,78.81543262596131,2.327707342927854,13.579822524114343,54.440506622168435,0,2026-09-10 04:10:01
2026-09-09 17:37:00,CNC-03,H,299.2685005421322,314.15468855718956,2067.9465521142956,34.4693625636435,217.51546343299128,3.3081137245139813,13.486405346183547,54.95376955141109,0,2026-09-10 04:10:01
2026-09-10 00:32:00,CNC-01,L,299.18865072330306,312.37068528178986,2629.1970835472534,20.578965107417318,168.6185512041316,3.635708171284824,10.149925190143016,54.337174392618685,0,2026-09-10 04:10:01
2026-09-09 13:48:00,CNC-02,M,297.4175764448683,312.3143811673727,1416.2272152054882,53.020715044362795,177.309783815493,2.572558251179819,13.973578010911467,57.227241121004,0,2026-09-10 04:10:01
2026-09-09 23:30:00,CNC-03,H,299.38114225338006,311.88478948633775,2700.725432022506,16.691651017285658,143.58871317167848,3.3617695683781634,8.042909020250665,55.98361250166819,0,2026-09-10 04:10:01
2026-09-09 16:15:00,CNC-03,H,298.99607510112094,313.14054776768796,1570.7085090353262,44.023124401337945,102.52875000427528,2.2535265831376066,12.791351307455988,57.687705135186214,0,2026-09-10 04:10:01
2026-09-09 14:53:00,CNC-01,L,298.49036584143926,312.93287348035926,1425.9834375671578,52.39234899656236,111.54907182378264,2.1937426716260044,14.058640646943822,59.85451549739404,0,2026-09-10 04:10:01
2026-09-10 01:00:00,CNC-01,L,298.911621900968,311.78696894822144,2647.7697610872083,17.671578258063267,198.57541684182848,4.060798010680048,8.899328816436599,50.727910997766834,0,2026-09-10 04:10:01
2026-09-09 15:22:00,CNC-01,L,25.67581349457896,40.035404264775764,1440.0284693336175,47.70205986541375,155.45957520130824,2.4212660008336186,12.803717332394685,52.736126891480254,0,2026-09-10 04:10:01
2026-09-09 11:44:00,CNC-01,L,296.7071058883865,310.57819817232075,1368.5542514532021,50.59873628323039,26.90021147127664,2.077078506261855,13.006798947227637,57.77053313086571,0,2026-09-10 04:10:01
2026-09-09 08:30:00,CNC-03,H,295.70497917780654,310.0992148483344,1683.805871475575,42.17190288022477,145.52576986968572,2.388162704561225,13.165196003653225,61.29612158704203,0,2026-09-10 04:10:01
2026-09-09 09:03:00,CNC-03,H,295.7473435212933,310.9372861597305,1542.5237080669629,51.75334674589785,195.70261943276955,2.755459693372379,15.145265945667592,65.5364563246173,0,2026-09-10 04:10:01
2026-09-10 01:28:52,CNC-03,H,298.64315478846584,309.63290472466434,2697.4427060046314,11.914929118102295,1.046192669247241,3.39769758644427,6.148067446813373,52.0617250349524,1,2026-09-10 04:10:01
2026-09-10 02:33:00,CNC-03,H,24.913783678966865,36.284530830638175,2567.8743653699607,14.358358585574702,71.40202977104589,3.179021719527396,6.974632093793764,57.750040279767966,0,2026-09-10 04:10:01
2026-09-10 03:53:00,CNC-03,H,297.364093362245,310.3953704107576,2389.4519847683955,21.814120951983018,163.49808094932908,3.164826909640195,9.60086415934132,54.753236462303605,0,2026-09-10 04:10:01
2026-09-10 00:59:00,CNC-02,M,296.96128635341944,309.6626697088318,2652.4208014532246,17.458108860723474,121.2221330518385,3.3079289514892394,8.597299395107699,58.30396765607866,0,2026-09-10 04:10:01
2026-09-09 14:11:00,CNC-01,L,297.78895427362,312.15281240535745,1469.321861204362,49.91195096274284,46.884753978846,2.2098842934759864,13.823408462265098,59.2119384584618,0,2026-09-10 04:10:01
2026-09-09 10:19:00,CNC-03,H,295.932850089336,309.75128781752943,1474.2673585256882,44.98311971070723,90.46648940176587,2.176468526898212,12.304202359288633,60.2145548038942,0,2026-09-10 04:10:01
2026-09-09 21:39:00,CNC-02,M,298.99412701907613,312.51337464435676,2550.5035260301634,23.3717425133761,130.41151778890392,3.310378408585907,11.390422727237244,56.901104908447394,0,2026-09-10 04:10:01
2026-09-09 07:57:00,CNC-01,L,296.31838655071726,311.0337728267312,1540.404150449855,47.88144706781225,97.49527769703728,2.2469028644022058,13.79743549942237,0.0,0,2026-09-10 04:10:01
2026-09-09 16:38:00,CNC-02,M,298.71859414839906,313.68766739799446,1843.1562779191286,41.627610831054795,186.66070503539927,2.9499010782560635,14.192519242031352,52.643178627115425,0,2026-09-10 04:10:01
2026-09-09 20:33:00,CNC-01,L,300.68167110463804,314.44405301664597,2366.4930828620395,25.976997519341506,137.5554873877912,3.1744353232783507,11.199580663699745,47.91019090133592,0,2026-09-10 04:10:01
2026-09-09 20:43:00,CNC-02,M,299.2539021412548,312.55063179765943,2572.842497354365,22.498215906552367,67.17531926498378,3.2551802663907394,10.772743931029552,54.91098473567587,0,2026-09-10 04:10:01
2026-09-09 22:35:36,CNC-02,M,298.74140779855,312.09849933277104,2713.660649997626,19.373252899850634,191.74300539491279,3.8654913970342775,10.269942656657937,55.400661423811535,0,2026-09-10 04:10:01
2026-09-09 09:17:00,CNC-03,H,295.95550400288226,311.043941701757,1553.2474241163873,48.765670764905956,217.04271722059693,2.8960920573141578,13.870574380081313,58.14184954507292,0,2026-09-10 04:10:01
2026-09-10 01:08:00,CNC-02,M,297.3303475060517,309.625749235648,2672.598082922053,15.258934698455699,130.83759069886216,3.366703078607691,7.902024560057377,59.5766001151072,0,2026-09-10 04:10:01
2026-09-10 01:17:00,CNC-02,M,297.38419966585786,310.2338559183442,2555.561824421997,17.81688968357804,140.51537400017085,31.29959802045407,8.438500908085134,55.513118371015324,0,2026-09-10 04:10:01
2026-09-09 12:24:00,CNC-03,H,297.00280960225547,310.66052908945306,1370.976386401588,50.38547292214833,19.1091918833364,2.2053242009840996,13.00515825461855,57.67978139240474,0,2026-09-10 04:10:01
2026-09-09 19:32:00,CNC-03,H,299.78161112844106,313.4890904905415,2265.3018069122477,28.51616290571427,127.94316101294237,3.0449079900514286,11.75782609080363,49.702414781708704,0,2026-09-10 04:10:01
2026-09-09 05:56:00,CNC-01,L,296.48383556099907,310.91203529159554,2061.5289363696183,34.318368297330764,155.5327371719784,2.921001027949201,13.398001014690346,58.779223685338835,0,2026-09-10 04:10:01
2026-09-09 10:34:00,CNC-03,H,296.1709649687682,310.7974705722331,1473.5722928486052,50.21724483482973,113.95125654319492,2.224999254925489,13.918316763226692,58.36682851602439,0,2026-09-10 04:10:01
2026-09-10 01:12:00,CNC-01,L,298.8810511896518,311.63899934080314,2779.71974836771,16.595007866055337,211.51397278795775,4.140193297091157,8.654322100858863,53.24300820507455,0,2026-09-10 04:10:01
2026-09-10 03:50:00,CNC-01,L,297.99350468972796,311.82137048786905,2425.906928736058,26.02961453497145,150.32237497749117,3.2622454443746993,11.938553279062626,50.025509380276034,0,2026-09-10 04:10:01
2026-09-09 15:06:00,CNC-03,H,25.10695020445843,38.41057717356341,1512.6162626167104,44.37167021935783,0.0,20.387533044375516,12.605225690495475,52.71536433730309,0,2026-09-10 04:10:01
2026-09-09 05:57:00,CNC-02,M,296.0820057306986,310.99424372100424,1897.3084042820299,40.19779704554982,141.51079588872489,2.6955180652716395,14.521576589674538,55.277706002040226,0,2026-09-10 04:10:01
2026-09-10 03:01:00,CNC-01,L,25.157352989641254,38.70168835914427,2481.1387399933124,25.298557774149806,93.08415781711922,3.205405159084943,11.944927140790611,55.076891282385006,0,2026-09-10 04:10:01
2026-09-09 13:20:00,CNC-01,L,297.85298785699814,312.9070564015454,1459.728485511419,54.32314299059816,179.2804841254107,2.6685793123555044,14.789690405573527,57.592520071469906,0,2026-09-10 04:10:01
2026-09-09 07:37:00,CNC-02,M,301.4379008202484,309.52890353087196,1947.01255436802,36.908202293650504,31.470266889817463,2.442842994633713,13.536464174681411,48.88844484465575,0,2026-09-10 04:10:01
2026-09-09 14:57:00,CNC-02,M,24.649866550176398,39.37969792627712,1519.7064438823522,50.113938023444575,38.215049420731766,2.106918684707037,14.527235854513895,60.44372386028504,0,2026-09-10 04:10:01
2026-09-09 14:08:00,CNC-02,M,297.5086489489559,312.91470918926296,1497.8000648163231,52.54296254304998,208.6146673894659,2.8202287047514063,14.668416966341342,56.68799137896297,0,2026-09-10 04:10:01
2026-09-09 19:52:00,CNC-02,M,298.8530549450196,311.2833468425603,2315.48934172543,22.22939296932973,7.193957335635732,2.7470702361008206,9.61903244752747,53.963745400983164,0,2026-09-10 04:10:01
2026-09-09 07:29:00,CNC-03,H,295.44428695473675,309.83064751501377,1571.720493355053,46.79306951164227,56.09564007269584,2.1778685705331635,13.747529670406024,58.25315219343825,0,2026-09-10 04:10:01
2026-09-09 23:03:00,CNC-02,M,298.4237793715023,311.782017511101,2809.717536829142,17.082140567773624,221.8034288537108,4.12802704992548,8.91896730458192,52.60335362212191,0,2026-09-10 04:10:01
2026-09-09 07:53:00,CNC-01,L,296.40235244304904,310.8319002312382,1703.8950661089136,42.390842007168864,91.60681997822903,2.384246173130509,13.358555605370528,56.37353784973997,0,2026-09-10 04:10:01
2026-09-09 15:19:00,CNC-01,L,25.554526735325396,40.16118309497557,1532.1194732461406,47.42494175993996,150.95406803678614,2.5257037006271874,13.647592858911503,53.86251723872411,0,2026-09-10 04:10:01
2026-09-09 09:18:00,CNC-03,H,295.93601861718975,311.42089149589935,1688.4376795210374,48.30292449872252,218.50692401902296,3.016362192126645,15.216090839967471,59.10799043889522,0,2026-09-10 04:10:01
2026-09-09 19:40:00,CNC-03,H,299.59304604810944,313.514710918543,2200.1453064330626,30.007117384353002,137.66015907049533,2.9220089444213397,12.154311663370496,50.57655959102824,0,2026-09-10 04:10:01
2026-09-09 11:59:00,CNC-02,M,296.61637466071073,310.4169077174753,1378.29100586216,49.22030353287627,4.7836301479064955,1.9980219415893505,12.596718427745277,53.80270516661776,0,2026-09-10 04:10:01
2026-09-09 19:18:00,CNC-01,L,300.63474358519954,314.0751248858208,2151.800621540873,29.090901687283772,47.79083289613791,2.668775072494395,11.855029451138689,52.831520319907064,0,2026-09-10 04:10:01
2026-09-09 06:20:00,CNC-01,L,296.66196424841695,311.4338215349141,1921.0646045540177,37.98636428487979,187.50245103743703,3.1051573330421713,13.759261138203486,58.51396007290801,0,2026-09-10 04:10:01
2026-09-09 16:24:00,CNC-03,H,299.2026970620799,313.78567859858674,1785.6556288083175,42.3687891321121,115.53929490601016,2.5271848616339203,14.147393009757039,54.791408934318966,0,2026-09-10 04:10:01
2026-09-10 02:37:00,CNC-01,L,25.181656109642176,37.86339627353908,2324.2205270201102,23.358709111361463,65.80079188597908,2.9130100852380996,9.925224709665242,52.160318664015556,0,2026-09-10 04:10:01
2026-09-09 09:59:00,CNC-03,H,295.77128064591534,309.66727206091656,1417.3638226286355,49.94682608443815,59.0494278762266,,13.37227912847744,58.06626277742196,0,2026-09-10 04:10:01
2026-09-09 04:13:00,CNC-01,L,297.1894125171227,310.2155399443028,2409.5783678108537,24.19326284166067,25.042716861894768,3.0739589282206103,10.947890070529844,58.356070687003445,0,2026-09-10 04:10:01
2026-09-09 22:25:00,CNC-03,H,299.5754330171068,311.27752132393545,2673.348510171448,15.222567701152698,74.17184271525927,3.2553607187929283,7.43692391743014,54.336451109523466,0,2026-09-10 04:10:01
2026-09-09 16:17:00,CNC-02,M,298.33495731001085,313.001706976758,1794.6620608563576,40.56819492127495,156.76741466467882,2.6710187847354225,13.698172442135403,55.546709375158,0,2026-09-10 04:10:01
2026-09-09 12:29:00,CNC-01,L,297.0450433838633,311.2562292334119,1380.9270377915627,51.875281765555364,98.27711943975152,2.0174461274009254,13.434620178032263,58.650222135716426,0,2026-09-10 04:10:01
2026-09-09 17:36:00,CNC-02,M,298.892093178891,312.7449669372605,1991.8106356100466,33.18174198683051,48.149877652094865,2.668297506013259,12.423461569743989,51.559107501175475,0,2026-09-10 04:10:01
2026-09-09 15:46:00,CNC-02,M,25.188250748939993,40.16305144293091,1708.0419973621888,44.87012008361933,111.6398294034086,2.4243144908916285,14.499084740515851,55.44527902732308,0,2026-09-10 04:10:01
2026-09-10 03:16:00,CNC-02,M,296.1015138014838,308.45086162244485,2577.8094366155688,17.93879015919633,24.20486666155553,3.094620961631613,8.441288332173677,62.52560815723876,0,2026-09-10 04:10:01
2026-09-09 12:46:00,CNC-03,H,297.2043007125101,310.76789246468184,1340.8501974196763,48.47256636643036,54.013708775544536,1.956868820786595,12.076218437791185,58.08726717724757,0,2026-09-10 04:10:01
2026-09-09 16:09:00,CNC-02,M,298.4316088006248,313.682995906538,1798.980215510785,43.49650430755016,145.2514395282782,2.6696695708517044,14.685150270412395,54.864156648037266,0,2026-09-10 04:10:01
2026-09-10 00:07:00,CNC-02,M,297.67198203670284,309.6953025136861,2560.6315095469854,15.346099572803116,65.89858415332249,3.0936748149599924,7.465413305228835,58.15776609919569,0,2026-09-10 04:10:01
2026-09-09 13:12:00,CNC-02,M,297.0706601599806,311.6725949740331,1403.4450015680036,50.865427627925875,120.65805693497958,2.0886307254687293,13.273916482669303,53.99106896589494,0,2026-09-10 04:10:01
2026-09-09 10:22:00,CNC-02,M,296.07457912638347,309.67139565609847,1371.0124500135623,46.12173109220301,62.48033571543943,2.0466676626770126,11.765221098122524,59.90956986457184,0,2026-09-10 04:10:01
2026-09-09 12:05:00,CNC-02,M,296.5023528583413,310.36975322486865,1374.2131802583442,50.990732548906344,14.321407895085507,2.014548311121121,13.22819004255691,49.096033608512215,0,2026-09-10 04:10:01
2026-09-09 07:16:00,CNC-01,L,296.2454280913435,309.9289198117329,1817.6084190800746,37.579804226732875,,2.462055620047347,12.538816932049096,59.614065879243846,0,2026-09-10 04:10:01
2026-09-09 05:35:00,CNC-01,L,296.50329308414575,311.0700180314146,2098.826390661386,36.25057557461611,128.06656570257354,29.05565880061277,13.992036237482312,58.910488710351494,0,2026-09-10 04:10:01
2026-09-09 21:51:00,CNC-02,M,298.7341279182977,312.3661836931051,2568.7094717874656,20.750918441939923,143.69357962527488,3.294624457910247,9.911116524818736,51.06644353515191,0,2026-09-10 04:10:01
2026-09-09 22:50:00,CNC-03,H,299.6074925863753,312.15865524361095,2692.7297571917024,16.88992514933239,101.04545467105673,3.224752406687671,8.456302300945202,55.691545886041254,0,2026-09-10 04:10:01
2026-09-09 21:17:00,CNC-02,M,298.7784533950005,312.026263258685,2454.5671130575374,23.308976775170848,105.80223501441007,3.1061510713032807,10.953873015550478,55.8470680796393,0,2026-09-10 04:10:01
2026-09-09 23:39:00,CNC-02,M,298.02271409304234,310.11038358699665,2616.348235332445,14.960111018323161,36.06133173019395,3.172039448066785,7.3701945001675355,51.152626558401145,0,2026-09-10 04:10:01
2026-09-09 20:53:00,CNC-01,L,300.63493199131335,314.6822749208502,2391.726573109287,26.94307978354285,160.54655142634502,3.386947296556878,12.193888909510461,47.00481980785918,0,2026-09-10 04:10:01
2026-09-10 00:46:00,CNC-02,M,297.5907411042807,309.912870814597,2831.229298614108,14.921371921832113,107.45844487878412,3.4597506954519965,8.046127730807994,60.04982868260866,0,2026-09-10 04:10:01
2026-09-09 22:03:00,CNC-03,H,299.6719789259997,311.8482807871696,2465.5182432524794,19.23562564619881,50.13717445355498,3.0343829779743596,8.72439260070281,52.582014374669285,0,2026-09-10 04:10:01
2026-09-09 08:09:00,CNC-03,H,295.7207579342509,310.08107175978404,1757.3006302353897,40.408069196821636,114.32278987021944,2.3856619982308684,13.354992715864007,59.09537902034711,0,2026-09-10 04:10:01
2026-09-09 20:25:00,CNC-01,L,300.4928905938559,313.3436627661833,2539.5112592372166,20.08107607205103,128.19314603907387,3.2150851578281783,9.528079721639175,48.4256261167079,0,2026-09-10 04:10:01
2026-09-09 10:27:00,CNC-02,M,296.15140822257456,310.2241626510013,1417.9288203706178,49.79197511043631,70.36066439592088,2.116122349238366,13.109286433354297,59.93036255665773,0,2026-09-10 04:10:01
2026-09-10 02:28:00,CNC-02,M,23.505899769147163,37.35161437954065,2482.626654653978,21.916336353992502,218.60273964193362,3.846886409181611,10.613199989545416,61.393314639610026,0,2026-09-10 04:10:01
2026-09-10 02:56:00,CNC-03,H,24.45986874577676,37.138420572233485,2575.2741675054967,19.361986172545976,97.32563524439142,3.224721642653625,9.467230587686757,58.60274099381422,0,2026-09-10 04:10:01
2026-09-10 00:49:00,CNC-01,L,298.8574325513486,311.0415596501127,2719.105664252643,15.07367292823165,186.79849437768834,3.9244857110691993,7.465269731445545,53.411538995617114,0,2026-09-10 04:10:01
2026-09-10 01:16:00,CNC-01,L,298.688909246904,311.3180713789887,2746.2933821381744,16.534474335314037,215.81464773879605,4.2313181460882445,8.56759405141659,55.79720663564893,0,2026-09-10 04:10:01
2026-09-09 17:45:00,CNC-02,M,298.80349301175005,313.106219794319,1919.5251773221057,37.54577103214498,60.36851843467665,2.4767243552389844,13.29420980624977,51.412086208033955,0,2026-09-10 04:10:01
2026-09-09 21:15:00,CNC-03,H,299.9312435381477,313.57864767416066,2551.3900122897576,21.00662015662545,248.14869765846632,4.087168370307741,10.019336179215584,51.832933910623325,0,2026-09-10 04:10:01
2026-09-09 05:03:00,CNC-03,H,296.5989144615911,309.7086244255742,2297.257473379153,24.471403293661336,82.87306897875442,2.894616415923057,10.401423890474828,62.01124636117352,0,2026-09-10 04:10:01
2026-09-09 04:18:44,CNC-02,M,296.8259402058185,309.38962421745725,2306.212531688573,23.157907039126975,15.331155937162094,2.9194089153113763,9.85189309995078,57.93532476247365,0,2026-09-10 04:10:01
2026-09-10 01:59:00,CNC-03,H,298.1927644690773,309.8752209690879,2628.9371267793026,15.981068364918373,33.726550919622866,3.131306650015396,7.899991450585249,55.50609710184243,0,2026-09-10 04:10:01
2026-09-09 08:42:19,CNC-01,L,296.4355929228167,310.9164150540222,1603.5472437906217,46.33494097761419,162.57217937182824,2.6399862381884303,13.840398690755812,58.497178442021685,0,2026-09-10 04:10:01
2026-09-09 06:54:00,CNC-01,L,296.3638680323442,310.3762088639654,1843.001715793764,39.49884910760405,6.974762686678198,2.467751369414856,13.4241898957991,62.5116041813495,0,2026-09-10 04:10:01
2026-09-09 05:29:00,CNC-03,H,296.4863208767618,310.25675962591515,2370.763498963808,26.220320235302754,116.16407290790812,3.031620992380648,11.568798932293975,53.285461596825485,0,2026-09-10 04:10:01
2026-09-09 15:31:00,CNC-01,L,25.907524246989396,39.82214164145023,1480.8309821884188,44.49567444103686,168.957849586674,2.60659284170892,12.271458792260512,56.765202930539886,0,2026-09-10 04:10:01
2026-09-09 12:41:00,CNC-03,H,297.09898757910594,311.55441917945626,1520.2466981585515,48.00760979121256,46.08275797777067,2.095355079403621,13.47085183412419,57.61522336231206,0,2026-09-10 04:10:01
2026-09-09 17:31:00,CNC-01,L,299.5755332485795,313.87197646126185,1918.9252266561243,35.25207621050303,140.69819021361076,2.7228355176157377,12.604638960134892,50.058285429755145,0,2026-09-10 04:10:01
2026-09-10 02:52:00,CNC-02,M,23.107432848879057,37.41117071747573,2471.81482549149,23.69617245579539,245.60787735254533,4.321535975953053,10.970948570328487,54.476831963115124,0,2026-09-10 04:10:01
2026-09-09 15:23:29,CNC-01,L,25.879643330674128,40.230750814569774,1650.9874468418864,43.03847044640771,158.415436929547,2.730669353006807,13.460443072073442,51.924860926484186,0,2026-09-10 04:10:01
2026-09-09 11:19:00,CNC-01,L,296.7025270978417,311.53311769052294,1412.2627129731163,51.20644485341163,215.47377081985877,56.48574047406158,13.591017894062452,57.974342377706925,1,2026-09-10 04:10:01
2026-09-09 06:23:00,CNC-03,H,296.0167796907682,309.9432884478921,1922.6580721559815,35.02834713813337,187.85327590583304,2.9874379632840595,12.404389953305518,55.45798272537178,0,2026-09-10 04:10:01
2026-09-09 22:10:00,CNC-02,M,298.58186378673696,311.8085458693947,2690.090218640411,19.211625312477743,164.5082542843873,3.488048108491122,9.624580525597477,56.138778980157106,0,2026-09-10 04:10:01
2026-09-09 19:38:25,CNC-03,H,299.8677153789823,313.954488451202,2270.051667177524,29.881718547240283,134.01538075003057,3.1214482227680964,12.894733397785403,50.077467650019706,0,2026-09-10 04:10:01
2026-09-09 22:01:00,CNC-03,H,299.7823907035678,311.4858181569256,2616.875210880776,15.16062306432319,47.904075004972505,3.1145078891603037,7.158792530246558,47.6772597302715,0,2026-09-10 04:10:01
2026-09-09 16:22:00,CNC-02,M,298.8737653070269,314.0357124128682,1817.405005816975,42.68853071370073,163.89336639738832,2.931343300762746,14.398504717012472,51.48677056355797,0,2026-09-10 04:10:01
2026-09-09 15:56:00,CNC-01,L,25.97487238582579,40.225753553662116,1667.7905681085717,45.29458859593982,5.805137348860881,2.4348058085885502,13.863104672270378,53.87411253211865,0,2026-09-10 04:10:01
2026-09-09 12:19:00,CNC-02,M,,310.5672144384287,1496.431928320398,50.707538094402985,36.59983041136332,2.015903289718754,14.214788515192879,59.1388699485623,0,2026-09-10 04:10:01
2026-09-09 06:57:00,CNC-02,M,301.56085630581924,310.493651899752,1801.9622951785946,41.43641477764617,223.4082046634429,3.3120826923776687,13.89966896378709,48.391816190435,0,2026-09-10 04:10:01
2026-09-09 16:44:18,CNC-03,H,299.4131373840933,314.13871525438276,1767.4837002416555,41.08539580513774,142.76471206500827,2.6279437558294445,13.62492930093759,50.18015902245341,0,2026-09-10 04:10:01
2026-09-09 16:04:00,CNC-03,H,298.60722006151013,312.4462194375104,1604.0367251063642,42.82475282526165,86.51712858534648,2.319021255887694,12.747610477046548,58.34378734416265,0,2026-09-10 04:10:01
2026-09-09 18:58:00,CNC-02,M,299.0256120798519,312.9880277582605,2363.151986324717,26.393303291503702,155.51056236713995,3.2722601410783057,11.747975984559469,52.31883219903384,0,2026-09-10 04:10:01
2026-09-09 04:57:00,CNC-02,M,296.2845164950153,309.4380029924035,2101.8985066520204,28.936552520065042,63.77909810131188,2.7493970548402276,11.316049019064954,60.85156256512665,0,2026-09-10 04:10:01
2026-09-10 03:02:00,CNC-02,M,22.883727481290975,35.42295654222994,2574.272321955674,18.254018924644807,7.954095489515892,3.0739573531532813,8.755590028904491,60.114993580108006,0,2026-09-10 04:10:01
2026-09-10 00:39:00,CNC-01,L,299.0333080435727,312.33915647480376,2620.4184389436127,20.310711017932693,176.11657834169395,3.666772838953087,10.13109485542601,52.07357719541004,0,2026-09-10 04:10:01
2026-09-10 01:43:00,CNC-01,L,298.4192370796401,309.71319364904,2770.268094328381,13.891952463946167,6.456437376324427,3.3336247134069863,,1963.3134073316821,0,2026-09-10 04:10:01
2026-09-10 00:30:00,CNC-02,M,297.59564481640086,309.77164267789084,2817.928979959524,14.30853735531367,90.30227332288534,33.45983675457137,7.378407666492231,53.94999985211609,0,2026-09-10 04:10:01
2026-09-09 15:36:00,CNC-03,H,25.48985748778432,39.61264023814664,1680.8925717985378,43.21940473376942,45.087111462648245,2.357440644566313,13.67434009931046,52.290604777508,0,2026-09-10 04:10:01
2026-09-09 14:25:00,CNC-03,H,298.1661904639709,312.9971926146311,1433.4841342221239,52.705100498410395,209.37352124560198,2.6366579344175114,14.046821331253556,54.56370588730946,0,2026-09-10 04:10:01
2026-09-09 14:56:00,CNC-02,M,24.793704766339147,38.84682188699429,1501.2601661748402,47.33070538578225,36.68653154526039,2.1968800410248224,13.187751596004722,57.32173345195992,0,2026-09-10 04:10:01
2026-09-10 04:09:00,CNC-02,M,295.3391484506492,309.6156146444997,2365.4891708428377,27.984700776857746,86.63080089200388,3.0964624912112155,12.538597700177899,63.29985583078643,0,2026-09-10 04:10:01
2026-09-09 14:15:58,CNC-02,M,297.40203943506555,312.61103387010604,1488.5829761558002,51.6223498866006,221.0608119094349,2.999486724134376,14.402232848948653,55.10606845938254,0,2026-09-10 04:10:01
2026-09-09 16:40:00,CNC-01,L,304.86641325928565,312.9672518994807,1883.602790099338,36.80520067921192,69.64822550602433,2.5011685031986017,12.74906054212629,42.117892991678275,0,2026-09-10 04:10:01
2026-09-09 15:41:00,CNC-02,M,25.04573249593426,39.502979550979546,1536.1250493562407,44.71826892248322,104.2615298171226,2.2588577118722086,12.758908563550776,53.67246537277702,0,2026-09-10 04:10:01
2026-09-09 14:38:00,CNC-03,H,298.4181360411483,313.91138035088704,1548.6081825474191,53.973551406367235,229.5751351044867,2.8921160071792493,15.582057902427463,56.768842425640166,0,2026-09-10 04:10:01
2026-09-09 19:14:00,CNC-03,H,299.385225022365,312.8768238786423,2378.3065415366486,26.727318781942923,105.6257818551469,2.9412039555240383,12.173327032469736,51.11459536943972,0,2026-09-10 04:10:01
2026-09-10 03:46:00,CNC-01,L,298.0714892458779,312.080055663948,2410.225403166189,27.72971134348393,145.57385826251902,3.1444550734919003,12.621501697278418,54.43187159125114,0,2026-09-10 04:10:01
2026-09-09 12:28:00,CNC-01,L,297.21928206864936,311.550305960821,1399.4958530975582,52.1857626630113,96.67929710481094,2.1511972493317106,13.450263897087925,58.67383439121656,0,2026-09-10 04:10:01
2026-09-09 22:35:00,CNC-03,H,299.57971660783335,312.91418217692444,2604.808647743201,22.51346309010856,85.03181059440577,3.1342912568985284,11.073341849888562,50.56139702471414,0,2026-09-10 04:10:01
2026-09-09 17:03:00,CNC-03,H,299.26314260213195,,1843.161908382221,41.60233122926944,170.910454472651,2.7140509037761973,14.475454738309816,53.378749239638594,0,2026-09-10 04:10:01
2026-09-09 13:18:00,CNC-01,L,297.451371463956,312.05028695310835,1383.6740162394751,50.1164531849308,176.13381348733714,24.976574700475858,12.965111425985217,59.0164360148993,0,2026-09-10 04:10:01
2026-09-09 23:49:00,CNC-03,H,299.3424264592002,311.69514650648466,2812.6647389334585,15.033477019924312,163.73819439289318,3.7340210363447177,8.002407069041327,52.789885211838445,0,2026-09-10 04:10:01
2026-09-09 22:21:00,CNC-02,M,298.6582031677267,311.54491631932206,2692.432531373338,16.440338970338725,176.46125162614015,3.720323246134205,8.331201449456124,52.01047618786019,0,2026-09-10 04:10:01
2026-09-09 04:45:00,CNC-01,L,296.8105431310611,310.7416986649684,2334.638253360725,29.5403740571496,64.37773017665218,2.935469635233277,12.911606265629986,58.081691131850214,0,2026-09-10 04:10:01
2026-09-09 22:09:00,CNC-01,L,300.1894564454247,311.67498987493843,2680.4526034863984,14.903413625551288,15.180116628012875,3.3280871725579257,7.462012414594361,51.62169178224013,0,2026-09-10 04:10:01
2026-09-09 13:51:00,CNC-03,H,303.74237116226647,312.62762453756187,1440.1631218386374,54.69771884135941,156.43709143605085,2.4003558825441402,14.620730846017217,42.369855423597805,0,2026-09-10 04:10:01
2026-09-09 09:25:00,CNC-03,H,295.78844415214223,308.90842053735713,1451.0683197450753,43.57599541813109,6.14683420229841,2.011296468245093,11.973066064257981,59.85305437126566,0,2026-09-10 04:10:01
2026-09-09 11:55:00,CNC-03,H,296.9384714412822,311.9805366268258,1286.1926156886987,58.29213068153971,242.44372021285946,2.864546762142862,14.029424779318878,54.53344339079673,1,2026-09-10 04:10:01
2026-09-09 15:39:00,CNC-01,L,25.82668858952411,40.368960228834794,1593.1372128946432,43.77527380774089,180.8092860282594,2.7312632590966577,13.266660859559089,53.558954513400764,0,2026-09-10 04:10:01
2026-09-09 06:31:00,CNC-01,L,296.322468749831,310.82623640947565,2118.457824094351,32.80008365157384,202.49327212228573,3.536281237774989,12.665058139856928,63.096239321659624,0,2026-09-10 04:10:01
2026-09-09 20:34:00,CNC-01,L,300.59812835612036,313.73989818218206,2495.544790264645,21.65125160331638,138.70138880528538,3.3364849466563613,9.8625985714261,53.7632321359071,0,2026-09-10 04:10:01
2026-09-09 23:35:00,CNC-03,H,299.3927587935606,312.6065412909397,2472.31917718867,22.42395079617359,148.9064960132494,,10.412983296550735,51.2539653299046,0,2026-09-10 04:10:01
2026-09-09 14:27:00,CNC-03,H,297.9082100935988,313.1326516792865,18007.02480368303,54.956813803907664,212.5062573526495,2.720932746674688,14.375489144466766,54.68237940061785,0,2026-09-10 04:10:01
2026-09-10 02:42:00,CNC-03,H,24.789586038161133,37.97567912314537,2617.1821443177178,21.616077935878945,81.52006723905725,3.2289945049372952,10.63941283236393,56.7032305994234,0,2026-09-10 04:10:01
2026-09-09 15:09:00,CNC-02,M,24.699477540248665,38.6670588111906,1738.9537178326198,38.40658518568994,56.29728057120369,2.300672682370585,12.707463028667371,58.11907300101231,0,2026-09-10 04:10:01
2026-09-09 17:38:00,CNC-01,L,299.9501224129764,314.836729092251,2057.2605444378364,37.139986162383494,150.15687357170233,3.018551328098655,14.587889584501166,52.286880261811014,0,2026-09-10 04:10:01
2026-09-09 19:38:00,CNC-03,H,299.8931034475047,313.45453410356504,2309.3708211683092,27.475012833175878,135.2213570827815,3.0318184129497294,12.164236271029447,56.6170612851319,0,2026-09-10 04:10:01
2026-09-09 16:19:00,CNC-01,L,304.75783612669125,312.72582836279054,1808.118050693132,38.63926340612606,39.400944853446994,2.4105890637330556,12.918765044865115,41.44924513768774,0,2026-09-10 04:10:01
2026-09-09 20:31:00,CNC-02,M,298.6957174125311,312.1643143176628,2471.1144713195813,24.551741599253802,53.428018501394625,3.021139911552012,11.500218694617377,55.01010430988658,0,2026-09-10 04:10:01
2026-09-10 02:19:00,CNC-02,M,23.47603804272552,37.35762541922679,2535.475809748456,22.75165292504986,208.38001182847918,3.789189731294399,10.62419508483582,57.60907585623846,0,2026-09-10 04:10:01
2026-09-09 23:52:00,CNC-01,L,299.327504618043,311.8319311985293,2805.9977493669107,16.912323425846182,125.78209450336846,3.4983963888860403,8.979689232877078,52.810566055023294,0,2026-09-10 04:10:01
2026-09-09 14:05:00,CNC-03,H,303.32848277043206,312.0847138138685,1606.5945892369382,46.28370205281174,178.2809140353021,2.676911696508346,14.250603915620172,46.43509396289855,0,2026-09-10 04:10:01
2026-09-09 21:01:00,CNC-02,M,298.7379492271581,311.9054826493042,2634.656175339202,21.1238406867024,87.73888350736736,3.1505033411438794,10.406325146883123,54.26050052959929,0,2026-09-10 04:10:01
2026-09-09 06:51:00,CNC-01,L,296.5358398071618,310.4997800629951,1804.384774826346,38.21476464308978,2.8371827810280466,2.4624920303557074,12.889299166449323,59.9057256401267,0,2026-09-10 04:10:01
2026-09-09 18:50:00,CNC-02,M,298.77640622793916,313.13032144575226,2264.870172905644,29.277582341100867,145.49750912927453,3.0197883973572797,12.515478281033278,56.95118328773439,0,2026-09-10 04:10:01
2026-09-10 01:09:00,CNC-03,H,299.11792710428904,311.57006158214887,2753.9427929711105,15.43855992125097,249.0788287315063,4.333760264393572,8.036681935612005,53.637862725251864,0,2026-09-10 04:10:01
2026-09-09 19:39:00,CNC-03,H,299.75433691671066,314.1341283645882,2413.3630112571705,29.267859546576688,136.41114045577467,3.1351428046607768,13.314743634391354,51.4314316667783,0,2026-09-10 04:10:01
2026-09-09 17:17:00,CNC-01,L,299.75662772805936,314.33722776510047,1777.9269601886633,43.29530872630838,121.46082128901787,2.5389129895701155,14.465529770052136,53.06625136717563,0,2026-09-10 04:10:01
2026-09-09 20:38:00,CNC-03,H,299.99225716730405,313.75665032912997,2402.028913111492,24.149772091971407,206.39743352406254,3.550002028000334,11.147597674414811,52.07128223071491,0,2026-09-10 04:10:01
2026-09-09 16:14:00,CNC-01,L,299.2350736823007,312.7971489529311,1784.0295674972851,37.97697345917606,32.11105864969363,2.4024264633222145,12.51252596033832,53.435849334752675,0,2026-09-10 04:10:01
2026-09-09 05:12:00,CNC-02,M,296.34125743265463,309.543723334935,2280.5348508238217,26.783429454707264,82.8342258934388,2.8938670108465434,11.61221433326085,52.78100392724093,0,2026-09-10 04:10:01
2026-09-09 22:33:00,CNC-03,H,299.5387728620489,311.773249100015,2746.1470468879056,16.42259913026443,82.84800414162316,3.2891524986702443,8.420688408051182,54.65907293407934,0,2026-09-10 04:10:01
2026-09-09 14:16:00,CNC-01,L,298.0819273256574,312.1440164109127,1452.787235164077,48.801775266263945,54.66957623121365,2.1826787416927087,13.360548260350521,53.45067137755982,0,2026-09-10 04:10:01
2026-09-09 14:39:00,CNC-03,H,298.3556990000255,313.4829844506086,1626.30413468123,47.247728834393456,231.06690257893985,3.100449336852894,14.40928966851237,49.976930711015065,0,2026-09-10 04:10:01
2026-09-09 12:14:00,CNC-03,H,297.1248812666767,310.6181342185582,1352.52560706705,49.7237823925588,3.2,1.9452073941401724,12.602495012819249,60.022889447328225,0,2026-09-10 04:10:01
2026-09-09 23:10:00,CNC-02,M,298.47413669956524,310.1865035494459,2652.288805073056,14.674958259042718,5.311867110066144,3.211831673924189,7.424114045948808,51.97253335510071,0,2026-09-10 04:10:01
2026-09-10 01:15:00,CNC-02,M,297.2539180241628,310.3326276076031,2605.987938375637,18.273187858688434,138.35890157477124,3.3712205842886513,8.701717545859497,57.313471151343656,0,2026-09-10 04:10:01
2026-09-09 12:09:00,CNC-01,L,296.83014581461885,310.8345396802808,1538.7182685832317,43.94375437940491,66.54568095657353,2.2584878573725193,12.629310367310106,57.1855253472955,0,2026-09-10 04:10:01
2026-09-09 09:14:00,CNC-01,L,296.40275251921236,310.4000353009387,1544.8944775816594,46.176040817092414,19.712635196879486,2.3029960137086167,13.051425216869303,56.76103633418234,0,2026-09-10 04:10:01
2026-09-09 13:32:00,CNC-03,H,303.5014816005296,312.1442864162042,1555.1535742709386,47.94333767222188,126.7005019196208,2.2420557031337784,13.980999417808162,42.666753139172926,0,2026-09-10 04:10:01
2026-09-09 07:18:00,CNC-03,H,295.3883210595787,309.7973138070873,1895.9471252092408,40.40735525009789,40.303280854291884,2.551854043959356,14.352357481766514,57.67541451508144,0,2026-09-10 04:10:01
2026-09-09 05:25:00,CNC-03,H,296.0528264265358,310.7628549571956,2202.5419149771783,34.634998427034276,111.02398433357683,2.770646858093263,14.303781238083538,56.98373470678402,0,2026-09-10 04:10:01
2026-09-10 03:13:00,CNC-02,M,23.13194500682272,35.7329312776198,2453.906360064493,19.980704723556126,20.71380151727924,3.041876136491537,9.248179928924973,60.56722185649978,0,2026-09-10 04:10:01
2026-09-09 08:14:00,CNC-01,L,296.3768317084418,310.86715761793135,1700.7509838149283,43.83004811187627,122.56793738673443,2.572788972115816,13.91130489846661,60.59751956596097,0,2026-09-10 04:10:01
2026-09-09 22:14:30,CNC-02,M,299.02812551123156,312.0832659866476,2629.401307424301,18.188652132971715,168.89228175249698,3.3930019968224445,8.73108752620134,56.21558247747535,0,2026-09-10 04:10:01
2026-09-09 17:56:00,CNC-02,M,298.94093510624367,312.32252983928,1941.1915715731755,31.439149061005562,75.24305039936753,2.619010330843417,11.272713188243063,56.17657188785732,0,2026-09-10 04:10:01
2026-09-10 02:06:00,CNC-02,M,296.65101782162026,309.8222338180947,2630.0748127541656,18.23646248589353,193.95362328677558,3.7374795407196224,8.977835424380233,62.32002381352759,0,2026-09-10 04:10:01
2026-09-09 20:15:00,CNC-01,L,300.7941383751535,313.7094393159283,2476.5935944210805,20.482709814807894,116.42412501757197,3.168640526272645,9.634965130891489,46.09595599670259,0,2026-09-10 04:10:01
2026-09-10 03:48:00,CNC-02,M,295.47645345847036,309.08501026135974,31051.63907913349,24.67600109764049,61.58353599714335,2.950013957509838,11.210800027130333,61.63941141365514,0,2026-09-10 04:10:01
2026-09-09 11:43:00,CNC-02,M,296.33414255982603,311.1424658790775,1417.4498255132787,50.44823255351685,190.6301482013853,2.72482644156014,13.403873870529486,56.857478919553735,0,2026-09-10 04:10:01
2026-09-09 16:38:00,CNC-01,L,304.9100273733616,313.07037394874595,1756.6777138704488,39.96765713528109,66.82523000467643,2.3544570716515194,12.968887724183878,1565.5210713875242,0,2026-09-10 04:10:01
2026-09-09 21:44:00,CNC-02,M,298.88274165732867,311.69407095987077,2580.930073439238,17.82953045195643,135.9864498187661,3.322850250924774,8.603930936280271,51.07363176189634,0,2026-09-10 04:10:01
2026-09-10 03:32:00,CNC-03,H,297.7284680337136,311.06712747541303,2262.099972339648,24.666198235698598,138.78511188269852,3.0402027108993366,10.64362431387599,56.28789272504602,0,2026-09-10 04:10:01
2026-09-09 12:06:00,CNC-03,H,297.09182239514143,312.5748251219724,1443.093685717703,55.38346506679802,259.9064114678953,3.3094506962365555,14.984374349521138,59.197949053229735,1,2026-09-10 04:10:01
2026-09-10 03:24:00,CNC-02,M,296.0090217483245,308.91413565558673,2392.4421377555454,21.072456703689475,33.503715947671495,2.982875465140151,9.558869760785232,57.43369670389421,0,2026-09-10 04:10:01
2026-09-09 06:40:00,CNC-01,L,296.61639355934375,311.228666966778,1884.438322925351,37.97646872283764,214.77679001822574,3.409852812252121,13.354354927126046,57.845973328348634,0,2026-09-10 04:10:01
2026-09-10 00:05:00,CNC-03,H,299.4173195269093,311.7729480085548,2773.6806745583303,14.429519234711966,180.64865741993773,3.7017592290721826,7.637350420918098,52.08803123434371,0,2026-09-10 04:10:01
2026-09-09 14:50:00,CNC-03,H,298.3362260939341,313.50200423725204,1413.6537439534695,52.28940543799667,248.01141093395606,2.944477322192579,13.856031796463062,56.18661714800688,0,2026-09-10 04:10:01
2026-09-10 02:57:00,CNC-01,L,24.87789951175995,38.23529787523995,2555.4145973201375,22.96841687472005,88.43326511350828,3.0759838547772285,11.080701268479492,56.82900888926064,0,2026-09-10 04:10:01
2026-09-09 05:57:00,CNC-03,H,295.6817425308325,310.1768613513272,2071.5797913761635,34.20864311664669,152.8409540986963,2.867984032103644,13.232629431431844,60.484713199388594,0,2026-09-10 04:10:01
2026-09-09 06:48:00,CNC-01,L,296.5163261800598,311.4708837871576,1818.5688670507989,41.18094988196352,225.931140475018,3.5515063920565697,13.948189707291696,57.76612401625964,0,2026-09-10 04:10:01
2026-09-10 00:10:00,CNC-02,M,297.6511803010583,310.169475478821,2777.8796639630614,16.216961959716134,69.05816546338517,3.324419483184747,8.436556265098654,56.62211817728789,0,2026-09-10 04:10:01
2026-09-09 17:19:00,CNC-02,M,298.86551705108826,312.7986767410975,,34.05951910856876,24.989699850664227,2.6450270891337175,12.448572699729594,56.91009500685357,0,2026-09-10 04:10:01
2026-09-09 08:54:00,CNC-02,M,,310.7475008324456,,47.142310750005294,145.604551106869,23.54053913437105,13.428848539314151,55.97275601845089,0,2026-09-10 04:10:01
2026-09-09 21:47:00,CNC-02,M,298.6490008105119,311.8585143857745,2490.7911831539495,20.901629184800278,139.31551513612706,3.2807548482772906,9.651683911650423,55.133175354445086,0,2026-09-10 04:10:01
2026-09-09 22:36:00,CNC-02,M,298.5622124700377,312.2033571026001,2637.303295508849,20.574374425065972,192.8384511460206,3.642805134918121,10.003533988110938,52.457795641063576,0,2026-09-10 04:10:01
2026-09-10 00:24:00,CNC-02,M,297.50947192317034,310.02922431471893,2734.8782339265335,16.895294826216627,83.90464467180988,3.32574363931918,8.764695308078844,59.639323349466714,0,2026-09-10 04:10:01
2026-09-09 07:44:00,CNC-01,L,296.4179695304279,310.8506005680897,1690.5397250817844,42.57300985755162,78.5668844215658,2.384042326806201,13.58947016763252,57.811724328509904,0,2026-09-10 04:10:01
2026-09-09 13:58:00,CNC-01,L,297.71286207638974,311.19208875513516,1439.020700781834,45.62060967627069,26.607140682035578,2.0045117069368823,12.067213875905182,52.501050963087046,0,2026-09-10 04:10:01
2026-09-10 00:20:00,CNC-02,M,297.8485733827496,309.9572675146521,2796.3575898305553,14.315503733819371,79.6726656459599,3.4448430412703095,7.709196313380303,55.73327775331949,0,2026-09-10 04:10:01
2026-09-09 19:12:00,CNC-02,M,299.0186381208911,312.86808110238474,2329.5104508725058,24.914119367837547,172.9748504768648,3.2711753837782087,10.723655131804291,52.34033839914687,0,2026-09-10 04:10:01
2026-09-09 22:28:00,CNC-03,H,299.61575188057395,311.3797774822609,2651.503199716532,15.345288263942704,77.4427095891868,3.2938130128533167,7.692933536697799,52.731277329960555,0,2026-09-10 04:10:01
2026-09-09 10:32:00,CNC-02,M,296.12870448820576,310.37635637438467,1424.2135944217448,49.585137648875964,78.32993039911986,2.2158638821664907,13.367692201707696,56.97673721228346,0,2026-09-10 04:10:01
2026-09-09 14:54:00,CNC-03,H,298.398809198443,313.39885117077944,1567.3390641084557,45.84929708976904,254.0341424835908,3.2483645846606297,13.544343744507692,54.740933597680915,0,2026-09-10 04:10:01
2026-09-09 23:04:00,CNC-03,H,299.3924513035817,311.4166988697535,2719.3188426055676,14.900770001842737,115.92103972712675,3.3875691961286796,7.432422357125271,48.535229077101306,0,2026-09-10 04:10:01
2026-09-09 12:26:44,CNC-03,H,297.0183430538362,310.76400367596756,1328.2827377836197,51.84555660432985,25.487286745108303,1.961066259761337,12.90753772959223,59.19291981871615,0,2026-09-10 04:10:01
2026-09-10 01:00:00,CNC-02,M,297.61713211417066,309.3409673631637,2639.539826632608,12.767337183965614,122.28371578055594,3.286791636456059,6.207104803150893,60.07345099455087,0,2026-09-10 04:10:01
2026-09-10 01:05:00,CNC-01,L,298.8626412224416,312.7077675782352,2498.8043156466806,23.226710483888215,204.07458793683335,3.8899218285508583,10.737710684445378,52.20559861180328,0,2026-09-10 04:10:01
2026-09-09 08:03:00,CNC-01,L,296.1418733829688,310.56313799394064,1575.6031861982008,46.21364230280089,106.38277183357182,2.3033122255723555,13.542670367690159,58.474374390077834,0,2026-09-10 04:10:01
2026-09-09 17:23:00,CNC-01,L,299.7589095105857,313.5929934962111,1881.448594717106,33.32785106372606,129.66377189301738,2.7737643341917564,11.898711146378094,52.71103307973714,0,2026-09-10 04:10:01
2026-09-09 22:01:00,CNC-01,L,300.3316813547635,311.9153516163989,2624.0922301416854,15.89634668217493,6.520151136775408,3.1247626585634016,7.89150615814746,49.050245855285624,0,2026-09-10 04:10:01
2026-09-09 22:00:00,CNC-02,M,298.8269116797737,312.0616439101126,2596.2539446061696,19.0713185458759,153.5558613227985,3.363323533315239,9.301898069087216,53.42738288041496,0,2026-09-10 04:10:01
2026-09-09 10:11:00,CNC-03,H,295.86604725696657,309.8311829283054,1514.0978015886044,45.31804986800898,77.94080344103936,2.233772066755653,12.794768166784802,56.563162882514796,0,2026-09-10 04:10:01
2026-09-09 19:29:00,CNC-02,M,299.0137261089654,313.17549082218216,2517.98586926042,25.039997276529892,193.90728359841495,3.5669439410334935,11.819649149673603,54.52861591146371,0,2026-09-10 04:10:01
2026-09-10 03:30:00,CNC-03,H,297.55639452246163,310.86585284116285,2296.717707621814,24.879794852799137,136.4273177890735,3.1187025087971465,10.617444761506134,54.71714738033531,0,2026-09-10 04:10:01
2026-09-09 08:56:00,CNC-02,M,295.95154588364477,311.1093420137782,1714.641739549557,44.73964900647067,148.65970257451963,2.620613804031826,14.332959141248336,57.292221240019934,0,2026-09-10 04:10:01
2026-09-09 15:32:00,CNC-03,H,25.73536327178425,38.92297329711374,1595.9691013904933,38.0727265622912,39.13400182371589,2.27208741697414,11.41717175276851,49.42877173380131,0,2026-09-10 04:10:01
2026-09-09 14:32:00,CNC-01,L,298.0814101184687,312.49600146937627,1426.8967520831616,52.82875492201498,79.29943910847382,2.148475591056416,13.779638559102521,55.001754481023326,0,2026-09-10 04:10:01
2026-09-09 19:26:00,CNC-01,L,300.8098249566312,313.8620496764676,2285.1853751058584,25.772704442221954,57.58980132004055,27.412779560930108,11.151848758237861,46.94947597191465,0,2026-09-10 04:10:01
2026-09-09 18:08:00,CNC-01,L,300.1209892415599,314.6656426072887,2126.311484446388,33.90426400081429,190.39222095192187,3.435655008795366,13.473238445061641,49.30376447555353,0,2026-09-10 04:10:01
2026-09-09 15:30:00,CNC-02,M,25.152996953623642,39.37391346987846,1628.6850607548524,42.87247940716344,87.77074795420788,2.381680436880632,13.348887594696471,53.46624705858943,0,2026-09-10 04:10:01
2026-09-09 23:04:00,CNC-01,L,299.64953554176554,311.895821126561,2755.461076847994,15.267162028042424,74.60593987159206,32.021380578226655,8.28008194657947,50.69303129913839,0,2026-09-10 04:10:01
2026-09-09 12:47:00,CNC-01,L,297.3805625705096,311.52534181389626,1356.358396527065,51.300057474745074,126.96621160501796,2.1926140802235397,12.66235877383809,56.51760071661742,0,2026-09-10 04:10:01
2026-09-09 17:56:00,CNC-03,H,299.7588527939046,313.1449959143494,2168.735561088972,29.199863292533667,5.350726492767921,2.7242660935297667,11.946621056848715,50.30569507609773,0,2026-09-10 04:10:01
2026-09-09 13:08:00,CNC-01,L,297.2899786295247,312.3903653957488,1368.5468575748775,58.43283542975293,160.25967076044077,2.4270721389270298,14.948034047245493,56.943142456680164,0,2026-09-10 04:10:01
2026-09-09 11:17:00,CNC-03,H,296.5207573156082,311.8364275440116,1487.3500052485056,53.774524050465345,182.06575183295615,2.472722923787074,14.932078000920315,60.19571529497241,0,2026-09-10 04:10:01
2026-09-09 22:10:00,CNC-01,L,300.0478814179285,311.2273951994732,2744.1508472793985,12.868728243305318,16.241168096213503,3.2897363462970333,6.8580452125850435,53.447107042903866,0,2026-09-10 04:10:01
2026-09-09 17:32:00,CNC-01,L,300.03175907308054,314.46309444386327,2081.873349437325,34.85119633923922,142.04599956395347,2.9682563603724983,13.534989121222265,54.091553075850776,0,2026-09-10 04:10:01
2026-09-09 17:51:00,CNC-02,M,298.8481435801321,313.19513981651875,1986.8458276874771,34.85623939258047,68.5405341488305,2.5240017781726136,12.999085865389949,51.42930718665775,0,2026-09-10 04:10:01
2026-09-09 09:18:00,CNC-01,L,296.3918045196936,310.00397197170463,1518.8671906019383,45.10353441909257,25.824157567053806,2.1659190596611464,13.06395592999522,55.47679334046793,0,2026-09-10 04:10:01
2026-09-09 16:43:00,CNC-01,L,305.0033634817306,314.0044962748031,1708.075124887223,46.81836485839322,73.92622498789547,2.358930215728353,15.240959483603184,44.855850448866185,0,2026-09-10 04:10:01
2026-09-09 06:56:00,CNC-01,L,296.1892882585981,309.90561005325543,1908.6871860695774,34.508431232787075,9.804673050926342,2.512273520814113,12.320942577051722,56.164542567769146,0,2026-09-10 04:10:01
2026-09-09 18:56:00,CNC-01,L,300.6296745558025,313.72922840199794,2213.198342358124,26.718389002732376,20.324790857642665,2.793518955472729,10.997339923537199,53.29712024179157,0,2026-09-10 04:10:01
2026-09-09 05:50:00,CNC-02,M,296.2784398775269,310.81205344674385,2235.2675105976587,32.66456957098071,132.17801089344832,2.9569468759489057,13.776271512032492,63.48789314309441,0,2026-09-10 04:10:01
2026-09-09 15:58:00,CNC-03,H,25.778409075155878,40.274427815258434,1649.090354671449,43.33693380532921,77.76461289987476,2.3264940499885896,13.198849630855454,57.015622310531995,0,2026-09-10 04:10:01
2026-09-09 04:57:00,CNC-01,L,296.57094475716684,310.3320892034868,2257.19940838059,29.613837250737713,79.54391463739007,2.7770482672930457,12.384118785077337,57.22224086727546,0,2026-09-10 04:10:01
2026-09-10 00:05:00,CNC-01,L,299.34508510684225,311.55500598351085,2671.3246800516417,15.631628598825781,139.5356612175132,3.4154303675601048,7.710902845125731,55.56810323278354,0,2026-09-10 04:10:01
2026-09-09 12:41:00,CNC-01,L,296.84327708922353,310.96928871738004,1459.611445090136,48.07029906846342,117.40887196407878,2.327348322945011,13.191844372820096,55.21148393460823,0,2026-09-10 04:10:01
2026-09-10 03:44:00,CNC-02,M,295.76066282981554,308.54365281869383,2378.9368588069697,21.589177404768254,56.817568403267224,2.948789087852206,9.701481691011644,60.493218973254976,0,2026-09-10 04:10:01
2026-09-09 07:54:00,CNC-01,L,296.40459934640126,310.8774167575582,1779.714349260695,42.815961483259635,93.05608644391762,2.4597257696052206,14.4749305294618,59.481235127814784,0,2026-09-10 04:10:01
2026-09-09 22:03:00,CNC-02,M,298.71673025678854,312.3168459992411,2625.8672805610954,20.544905790669205,156.83759986766862,3.5372782303950565,9.91826351400935,51.95007685715402,0,2026-09-10 04:10:01
2026-09-09 19:47:00,CNC-03,H,299.54100584134784,314.07397399507397,2228.898644338756,31.673308930479823,146.24835546498383,3.020436051124057,13.410115863575433,54.373838548084805,0,2026-09-10 04:10:01
2026-09-09 19:44:00,CNC-03,H,299.7520969270167,313.43780026629383,2397.7362751763076,26.24560692994119,142.5526175589755,29.938966617523707,11.9671894033434,52.807477731808035,0,2026-09-10 04:10:01
2026-09-10 00:45:00,CNC-02,M,297.22578650446525,309.5137618331442,2759.941485207666,13.94255393116432,106.42844487878412,3.440903453263822,7.341482176884427,58.183172153057996,0,2026-09-10 04:10:01
2026-09-09 12:29:00,CNC-02,M,296.6423040968925,310.5155643614704,1318.492623235806,49.95085304059041,52.491408266168236,1.9582658831558593,12.32164523091046,58.333589743312125,0,2026-09-10 04:10:01
2026-09-09 12:56:00,CNC-01,L,297.4752040558094,312.2298273461775,1446.9223908827612,51.96096480563689,141.29265325195448,2.304991936857067,13.775447294935727,53.82382665180567,0,2026-09-10 04:10:01
2026-09-09 13:15:00,CNC-03,H,303.04926556259244,310.8880307387542,1406.4229962759655,47.86055001784856,99.87453303727287,2.1146660441854315,12.594147983083683,43.847005553991565,0,2026-09-10 04:10:01
2026-09-10 02:00:00,CNC-02,M,296.83995354293415,310.15464681830736,2699.8642758701462,18.554590212444932,187.26720338425363,36.755789883213,9.248491775755594,56.45094977194155,0,2026-09-10 04:10:01
2026-09-09 04:55:00,CNC-02,M,296.20376406107124,309.7679495974573,2149.6488156794007,30.272182506928843,61.25218451564845,2.722681974367212,12.535756288755799,58.581100632519856,0,2026-09-10 04:10:01
2026-09-09 20:34:00,CNC-02,M,299.2803615258449,311.9665237515944,2495.7244781506784,19.725954457686605,56.85006149948821,3.112980001748862,9.535974752756141,53.03889489219026,0,2026-09-10 04:10:01
2026-09-09 19:21:00,CNC-01,L,300.6041623940363,314.38907582973434,2304.3919658892764,29.87630281757822,51.49720062352022,2.8929794217009874,12.86155615016876,53.33271925625656,0,2026-09-10 04:10:01
2026-09-09 10:17:00,CNC-03,H,295.7730401618101,309.73855710648326,1369.148380792469,49.319676643756715,87.38119611668604,2.2007995486508385,12.439491350653213,60.08618808474832,0,2026-09-10 04:10:01
2026-09-09 19:30:00,CNC-01,L,300.47063893280085,314.18582338620416,2330.8564622685417,27.982435952794667,62.44900640925852,2.963085215014143,12.092158982403744,50.91991577186983,0,2026-09-10 04:10:01
2026-09-09 10:21:00,CNC-03,H,295.80431090246395,309.776609193804,1442.9030117714742,49.989323334889114,93.58403087968286,2.2443818455051314,13.720386187357263,54.98045759051494,0,2026-09-10 04:10:01
2026-09-09 11:56:00,CNC-02,M,296.6229665997459,310.2016207539927,1450.5464882230622,45.68222687862421,0.0,2.04180759071365,12.424346659958871,55.58515639796701,0,2026-09-10 04:10:01
2026-09-09 12:35:00,CNC-02,M,296.97121514982837,311.11108106388656,1362.9485950734334,51.671936525142144,61.98296443553224,1.957741880435559,13.243339458153885,56.05144312051377,0,2026-09-10 04:10:01
2026-09-09 18:53:40,CNC-01,L,300.6178419447803,313.52766540088544,2204.8255544682875,28.060968018233602,17.77587146289122,2.8179655633514473,11.617374079660992,50.0248473007831,0,2026-09-10 04:10:01
2026-09-09 11:21:00,CNC-03,H,296.5955603702517,311.7531633517775,1499.1529692565784,51.19347171913318,188.39810330483678,2.6522143501588986,14.325834786320332,61.16442290853551,0,2026-09-10 04:10:01
2026-09-10 04:06:00,CNC-01,L,297.8626339378907,311.18110046858635,2378.23604099107,23.502765355121877,169.5067469327804,3.5673942196371144,10.299191103047058,52.771856191912285,0,2026-09-10 04:10:01
2026-09-09 07:58:00,CNC-01,L,296.40490613276074,310.7024435191178,1721.9611924593974,42.12635197997548,98.9501310897972,2.3830489275083195,13.480254432047845,58.20228424041713,0,2026-09-10 04:10:01
2026-09-09 21:59:00,CNC-03,H,299.6879558093516,312.32999282123285,2650.3364420108437,19.69363949066341,45.70544719801955,3.1917165817741386,9.949059445327855,58.168332824558675,0,2026-09-10 04:10:01
2026-09-09 06:11:00,CNC-03,H,296.2745426541191,310.86607306232213,1996.0841225715062,36.25849262778172,171.58728206384018,2.975040500062053,13.7642655551076,55.14051398834721,0,2026-09-10 04:10:01
2026-09-10 00:23:00,CNC-02,M,297.8697350191829,310.2983656101632,2752.850475638119,16.978703201542526,82.8515281183005,31.876499452077564,8.91393329442649,55.06841177145613,0,2026-09-10 04:10:01
2026-09-09 07:39:00,CNC-03,H,295.7142613928726,310.12728947872176,1888.165792858957,40.020512843552936,70.53000917931125,2.4836591607290504,14.258946997687017,59.42073827079716,0,2026-09-10 04:10:01
2026-09-09 08:55:00,CNC-01,L,296.44329746929657,310.9856492282301,1716.3565782630117,41.310655897653255,183.82348250076296,2.9853414312563697,13.44473615248884,56.18656558218337,0,2026-09-10 04:10:01
2026-09-09 05:22:00,CNC-03,H,296.2715319071611,309.9028649961674,2097.4833116296045,30.193551346640977,107.20949627217314,2.771422078754305,11.812302915260345,58.599330432412785,0,2026-09-10 04:10:01
2026-09-09 16:40:00,CNC-02,M,298.8008156647394,313.5536097429433,1807.7283416390287,39.044577587880795,189.48190442656067,3.0136939901072077,13.10508904781559,56.65427292387169,0,2026-09-10 04:10:01
2026-09-09 06:27:00,CNC-02,M,296.1651885888697,310.4753717804215,1964.1815656706815,34.387159449765306,181.88978980420254,3.0535736953119073,12.71200169703787,59.37842610997339,0,2026-09-10 04:10:01
2026-09-09 08:04:00,CNC-01,L,296.23387309352023,310.78033008491815,1575.3182233332363,45.378842384051985,107.88654705978611,2.361158809365174,13.179584228734909,54.55884398881381,0,2026-09-10 04:10:01
2026-09-10 03:05:00,CNC-01,L,24.87027155889581,37.67722483458755,2665.24094312055,18.81964107141489,97.50454524736485,3.270613631000861,9.22390209105995,51.25557045698246,0,2026-09-10 04:10:01
2026-09-10 01:47:00,CNC-02,M,297.0576250037041,309.8896433793726,2719.1199223105655,17.624693388389517,173.1767171920634,3.6767289189514774,8.870794013684549,56.02191445721649,0,2026-09-10 04:10:01
2026-09-09 17:38:00,CNC-03,H,299.3360688203298,313.95495497779194,2042.748502084416,34.07072625372948,218.83307783202287,3.178111863484983,12.850547715307327,51.858935866745654,0,2026-09-10 04:10:01
2026-09-09 11:23:00,CNC-02,M,296.0592181691664,311.04785411551455,1390.6852906752183,55.14037593527868,158.85480489698276,2.4168237297618274,14.41043973543306,61.82626287920143,0,2026-09-10 04:10:01
2026-09-09 15:26:00,CNC-02,M,24.74105048082788,39.376135015839736,1614.0740628447802,46.570507478352255,81.86513847589485,2.2682845157995333,13.8620294618461,49.12967605002828,0,2026-09-10 04:10:01
2026-09-09 10:07:00,CNC-01,L,296.37753885700164,310.4879231234889,1481.887141371352,46.51951168015994,101.73446785460136,2.2386835576343787,12.73707215918169,55.879608527169914,0,2026-09-10 04:10:01
2026-09-09 22:52:00,CNC-02,M,298.7217446665533,312.15852256616404,2779.369015889431,18.542718476098557,210.11132348381173,3.9820491291843103,9.600251691393456,50.55764205221016,0,2026-09-10 04:10:01
2026-09-09 07:09:00,CNC-02,M,301.4880969537823,310.57626766222285,1648.4226192262422,45.64686610385192,240.44753781249057,3.3749216659862484,14.18735397642182,51.68870191137231,0,2026-09-10 04:10:01
2026-09-09 13:47:00,CNC-03,H,303.39082917997746,312.1587409428695,1414.279181879681,53.06523608438149,150.20240752726653,2.2300638451523147,13.632276632674,46.62196524095033,0,2026-09-10 04:10:01
2026-09-09 12:23:00,CNC-02,M,296.6803191592082,310.9268169733015,1336.4179502056552,54.003944933103625,42.96350395903928,2.0459132248734653,13.59082200511217,0.0,0,2026-09-10 04:10:01
2026-09-09 23:38:00,CNC-03,H,299.59422644763754,312.26917873466556,2644.252190496774,17.70868810039783,152.106183157113,3.3392946164426847,8.866602491986914,1922.6307400768967,0,2026-09-10 04:10:01
2026-09-09 06:21:00,CNC-01,L,296.3522429902891,311.6443403577917,2020.1333132222996,38.53363892527825,188.84365020360565,3.2808799807583404,14.607624033591131,55.33330815751564,0,2026-09-10 04:10:01
2026-09-09 05:29:00,CNC-02,M,296.2257435276804,310.51335597492897,2220.602445647324,31.743103210755798,104.56668509619028,2.946397700202781,13.062967068593894,57.25738139933602,0,2026-09-10 04:10:01
2026-09-09 13:03:00,CNC-03,H,303.19613770844603,310.8354104376642,1307.070118432844,51.63348790563584,80.7901472822768,1.9349892760641727,12.711125526509484,51.11687671093237,1,2026-09-10 04:10:01
2026-09-09 16:50:00,CNC-03,H,299.39174419944976,313.7624715850343,1827.1944715009024,39.626985056517086,152.71811906040162,2.666750751076672,13.457047627176344,51.23504077007754,0,2026-09-10 04:10:01
2026-09-10 01:31:00,CNC-03,H,298.64989692613784,310.61508056482916,2683.62757503491,17.83549058453853,3.1867114611245864,3.2399250100897,9.123072586860419,56.30675166568757,0,2026-09-10 04:10:01
2026-09-09 19:50:00,CNC-02,M,298.8184948250631,311.41478234096684,2535.14522298698,20.312047184379235,4.778445531704508,2.974649383002939,9.551159682754538,50.78862773718794,0,2026-09-10 04:10:01
2026-09-09 11:28:00,CNC-03,H,296.8392093758642,312.0928275489141,1399.6590419255929,54.561879005174916,199.5005751839116,2.540879084192011,14.278012905107442,54.99275419803455,0,2026-09-10 04:10:01
2026-09-09 15:00:00,CNC-03,H,25.223637379166462,40.43960693996945,1404.1746453744295,53.889906502771865,263.1628757174038,3.333374973371157,13.972954809530696,52.54685498221844,1,2026-09-10 04:10:01
2026-09-09 05:07:00,CNC-01,L,296.62818753471333,310.186678869821,2185.9222986326795,28.471692921543365,92.16818582455537,2.844640373440245,11.734016164271987,,0,2026-09-10 04:10:01
2026-09-09 14:56:00,CNC-01,L,25.257312612982787,39.75868328629741,1604.941217414224,45.41331398728426,116.01678861577238,2.362036036865349,13.819338194952847,52.677863367159915,0,2026-09-10 04:10:01
2026-09-09 13:54:00,CNC-02,M,297.1292408425894,311.9973509168513,1497.7232560142675,49.78545300828161,186.7684478491482,2.7224834525284503,14.028824251918333,57.04728351764016,0,2026-09-10 04:10:01
2026-09-09 12:55:00,CNC-01,L,297.35119347433954,312.1147083485638,1322.8261302162714,55.73088685986505,139.69265325195448,2.270576156750466,13.644174035905944,57.948861517042026,0,2026-09-10 04:10:01
2026-09-09 08:48:00,CNC-02,M,296.148479545628,311.0483137756069,1726.4319510746807,44.75057696491669,136.4702639557273,2.540399515250616,14.5092562983967,56.149881958911664,0,2026-09-10 04:10:01
2026-09-10 01:44:00,CNC-03,H,298.197823385219,,2635.7271048665266,16.66228502101529,17.358318705968642,3.0670947153146155,8.188088154775464,53.61154545662592,0,2026-09-10 04:10:01
2026-09-10 00:28:00,CNC-02,M,297.4434859916802,310.70528678658775,2641.4985646535984,19.736680719556166,88.20826304755481,3.276307536025076,9.74827703471667,54.39286034740087,0,2026-09-10 04:10:01
2026-09-09 15:26:00,CNC-01,L,25.741642812636485,40.50842177300251,1553.065069058275,46.894034405259426,161.43697401545478,2.693117043001739,13.689580204759396,53.30647221683611,0,2026-09-10 04:10:01
2026-09-10 02:55:00,CNC-03,H,24.551107980715074,37.92873373198893,2443.8282064896302,24.705440085471874,96.22055109837044,30.09357302357885,11.31431697354615,54.72920593607451,0,2026-09-10 04:10:01
2026-09-09 22:59:00,CNC-01,L,299.7877839979341,311.74606636345607,2739.379137401996,16.092711668028684,69.31981839783539,3.309968948948501,8.103939872029146,55.56119302111732,0,2026-09-10 04:10:01
2026-09-09 13:37:00,CNC-02,M,297.161621737035,312.3069122531772,1427.040973773093,55.65845194075205,159.97404109325788,2.401810124827834,14.77846258319936,53.54595620155832,0,2026-09-10 04:10:01
2026-09-09 05:32:00,CNC-01,L,296.3273583961815,310.57284508212604,2124.9541765042754,32.12202388843313,124.15722172086636,2.932124981424758,12.897431267182533,63.24635922387617,0,2026-09-10 04:10:01
2026-09-09 19:26:00,CNC-02,M,298.91182922737124,313.5039666119504,2428.358766093446,27.08157577278269,190.29967575702915,3.556533731103629,12.470547643970429,51.80789054310314,0,2026-09-10 04:10:01
2026-09-09 14:27:00,CNC-02,M,297.7528561107451,313.2890820209999,1461.5125445614583,52.6623195810669,238.14544363805962,3.1844057791678715,14.440794261901189,54.799466072492145,1,2026-09-10 04:10:01
2026-09-09 13:25:00,CNC-01,L,297.43727542068126,312.6723674049904,1550.735385616084,51.82198935481007,187.17484720440353,2.952227335096911,15.360588265890108,53.85344209369536,0,2026-09-10 04:10:01
2026-09-09 12:24:40,CNC-02,M,296.66637830110375,310.528882235793,1366.4459352743731,50.236742892173424,44.55372289562384,2.0916545364212284,12.800507944792704,59.35699372718268,0,2026-09-10 04:10:01
2026-09-09 08:27:00,CNC-01,L,296.2118612572391,310.84839094435614,1767.8888502497387,40.90517631782734,141.71822962984754,2.651539603337318,13.463013459979223,59.204147419320066,0,2026-09-10 04:10:01
2026-09-10 00:51:00,CNC-03,H,298.92279474346367,312.26006058701114,2582.2526523454544,20.64464076647489,229.60196478282478,3.9545469483957594,9.712060705803054,52.2729564259072,0,2026-09-10 04:10:01
2026-09-09 23:44:00,CNC-01,L,299.3670454776373,311.1105933109657,2617.39627955716,14.59781986142145,117.31452179343442,3.3001510720749354,7.128986240569002,48.68660344792411,0,2026-09-10 04:10:01
2026-09-09 12:36:00,CNC-01,L,297.12538613249967,311.2885236889987,1382.5952925887473,50.69686275295805,109.43787213774254,2.1408851381525844,13.134226926644738,50.65966899313119,0,2026-09-10 04:10:01
2026-09-09 06:00:00,CNC-03,H,295.78195748333866,310.52049428818026,1934.2072509308423,37.65427082387937,156.81637648504926,2.693153704883968,13.67155017709069,59.02367411595033,0,2026-09-10 04:10:01
2026-09-09 08:15:00,CNC-03,H,295.4293798134419,309.3610907225091,1383.7613095484799,47.686240033322434,123.26177635220907,2.1893794227204455,12.340648119516933,60.82045149896695,0,2026-09-10 04:10:01
2026-09-09 23:18:00,CNC-02,M,298.28496173550235,310.072271918226,2755.599115809157,14.57519867399622,13.705683478419834,3.1941096073315887,7.43241662529072,59.260786485905406,0,2026-09-10 04:10:01
2026-09-10 04:02:00,CNC-01,L,297.9568542762291,312.2780384254284,2346.9037940644243,29.0682194246475,164.8177545581566,3.299201042671631,12.55708892009092,58.775776764787054,0,2026-09-10 04:10:01
2026-09-10 03:00:00,CNC-01,L,24.986973216044134,39.10318949960464,2451.855187289657,28.833062503050442,91.91463070491254,3.129291734616192,13.375541784289197,57.005111763991906,0,2026-09-10 04:10:01
2026-09-09 12:25:00,CNC-01,L,297.1636329980435,311.0700668513439,1455.5178409548034,48.84440381073273,91.87929710481096,2.168838760196295,13.121134579727434,56.12726454676937,0,2026-09-10 04:10:01
2026-09-09 12:20:00,CNC-03,H,296.981309277289,310.5685581371572,1334.8487599392543,50.41423032243875,12.737525850283866,2.046689409578962,12.522790389513652,57.98674013978132,0,2026-09-10 04:10:01
2026-09-09 19:21:00,CNC-03,H,299.36391522873964,312.6692776619859,2225.7227330817886,26.814783858832083,114.3281927620836,2.9055381766934842,11.211446051953736,51.824974455828354,0,2026-09-10 04:10:01
2026-09-09 08:04:00,CNC-02,M,301.58737715670446,309.3665145761624,1548.4078324610591,42.80236104184,71.02442647832086,2.2591347901195706,12.526352898566493,46.499900551043986,0,2026-09-10 04:10:01
2026-09-09 23:59:00,CNC-01,L,299.0440185890351,312.42064756816484,2541.2666075959737,23.2142310285162,133.2454915131569,3.3274184794452735,11.043490894088562,55.70574638518249,0,2026-09-10 04:10:01
2026-09-09 05:23:00,CNC-01,L,296.6074139630629,310.86500699441046,2115.207818320136,33.37421163088315,112.6279727227292,2.7841762112937283,13.280224009431473,57.044797373969814,0,2026-09-10 04:10:01
2026-09-09 23:56:00,CNC-01,L,299.34749450100543,312.06133975955026,2589.7886416869173,19.322879018427155,130.07871013414385,3.2088271508785753,9.540473907426362,49.11741312392702,0,2026-09-10 04:10:01
2026-09-10 01:04:00,CNC-01,L,298.49310879701466,312.3793406309226,2693.9155254822854,22.62721459370688,202.92439904875755,4.02875093125281,11.267104256164778,49.15200240920645,0,2026-09-10 04:10:01
2026-09-09 23:31:00,CNC-01,L,299.53461445059736,311.0701576923562,2813.2035630011696,12.828122487181606,103.45561541283132,33.9753364900176,6.760719979062448,51.0782406710201,0,2026-09-10 04:10:01
2026-09-10 01:05:00,CNC-02,M,297.28145642914626,310.1056112820997,2704.3968641975794,16.623410281901172,127.58116632462983,3.3641380301838817,8.454835296645845,58.789770225294866,0,2026-09-10 04:10:01
2026-09-09 12:53:15,CNC-02,M,296.52191616364036,310.4678715150321,1312.7794901616035,51.868062369297476,88.95984569793926,2.055522804019576,12.599638831816865,56.97131688546025,0,2026-09-10 04:10:01
2026-09-09 07:05:00,CNC-01,L,296.28879327535947,309.86600584463645,1818.431766470762,36.66115342878297,22.41413963717189,2.4725605502559045,12.55612496898386,60.460131341904074,0,2026-09-10 04:10:01
2026-09-09 19:22:00,CNC-02,M,299.14280558027684,313.5674673028772,2184.086756005688,30.205482057241273,185.35553461571905,3.315023300279151,12.213840860290702,47.006370681945114,0,2026-09-10 04:10:01
2026-09-09 09:58:31,CNC-01,L,296.2384185950484,310.4211085738853,1502.4251935682037,48.32895866950985,87.59457267498823,2.207527712491855,13.609074829619328,59.85734951388533,0,2026-09-10 04:10:01
2026-09-09 10:22:00,CNC-01,L,296.4233487469727,310.5396349508266,1384.906650691283,49.74871772332266,125.32732081248678,2.2383358074558473,12.908656766835987,59.28944510074948,0,2026-09-10 04:10:01
2026-09-09 06:44:00,CNC-01,L,296.4936637271062,311.63387415916753,1845.3891689252814,41.84675488295715,220.3097545774883,3.5962097638906774,14.413262494313535,56.41229957257831,0,2026-09-10 04:10:01
2026-09-09 07:59:00,CNC-02,M,301.3928583270247,309.3991522669282,1636.3274946615563,43.28084150922951,63.70342712615855,2.367381121995568,13.255914602217537,42.81854176840525,0,2026-09-10 04:10:01
2026-09-09 22:25:00,CNC-01,L,299.8592468939299,311.07096457326503,2745.0710629339833,12.174623856620743,32.659816570057586,3.317087245594984,6.34270079016818,50.729514341421975,1,2026-09-10 04:10:01
2026-09-09 21:49:00,CNC-03,H,299.8051902025293,311.70012725740423,2625.5621136765617,15.79461323344349,34.654474645391836,3.0517844991739183,7.808520522925538,58.20118798184811,0,2026-09-10 04:10:01
2026-09-09 13:54:00,CNC-03,H,303.77468957612473,312.9619506438632,1520.4709513559117,52.675535198148104,161.13096413723594,2.6389678853942584,14.973152791281816,48.26265854541868,0,2026-09-10 04:10:01
2026-09-09 16:31:00,CNC-02,M,298.850986657232,314.04174425042345,1747.971206616395,43.86287247971674,176.72545088675668,2.778456981910288,14.269300540132356,53.68051305046752,0,2026-09-10 04:10:01
2026-09-09 14:33:00,CNC-01,L,298.11526915603673,311.9706313734102,1452.8256101390718,47.554387657629796,80.84784094031095,2.137231624280765,13.077874886340524,52.983358091484554,0,2026-09-10 04:10:01
2026-09-09 10:32:00,CNC-01,L,295.9814206017031,310.7983267811028,1333.5244496217354,56.75325369087445,141.18603233052215,2.298051583975728,0.0,58.34593440597322,0,2026-09-10 04:10:01
2026-09-09 04:18:00,CNC-03,H,297.030711606023,309.48177727896723,2361.8281898904247,22.102367663092096,27.326960719987163,2.8769387841910286,9.574573932401703,61.921255034482826,0,2026-09-10 04:10:01
2026-09-09 16:11:00,CNC-03,H,299.2163812029243,314.10533663354676,1696.437794227614,46.177661663159846,96.66654269525576,2.3369011208913024,14.555276477449734,54.5568221525976,0,2026-09-10 04:10:01
2026-09-10 02:43:00,CNC-01,L,25.047955943804197,37.454151157267006,2487.5625024583546,19.76664077929488,72.51615290052447,3.146055207478874,9.301711076714895,55.201612219223456,0,2026-09-10 04:10:01
2026-09-09 05:46:00,CNC-03,H,296.17475699296176,310.4461200437178,2041.7453916599115,0.0,138.30714817158565,2.9023279287154566,12.522744498058591,59.30306802544933,0,2026-09-10 04:10:01
2026-09-09 07:54:00,CNC-03,H,295.5811239399584,310.01943628506376,1717.2548522123468,42.803151273689956,92.36314881523924,2.445958172509236,13.532752150098087,60.798858109882524,0,2026-09-10 04:10:01
2026-09-09 06:35:00,CNC-02,M,295.8988246774448,310.8276696279147,2007.9376933571573,37.23964327816085,192.74737485389178,3.217526455678513,13.978069726809116,65.3337738961262,0,2026-09-10 04:10:01
2026-09-09 06:33:00,CNC-02,M,296.0259927899759,310.3509616264821,1892.980265902371,35.24554651518421,190.07293624720282,2.9904736316517546,12.514284865776599,57.785786924799595,0,2026-09-10 04:10:01
2026-09-09 15:01:00,CNC-01,L,25.568981031271676,39.59830583315522,1604.9464802724556,41.96320545610899,123.63962555454636,2.3573342334254237,12.530065016524292,54.79642961099182,0,2026-09-10 04:10:01
2026-09-09 19:43:00,CNC-02,M,299.1184215341481,313.55124592315394,2386.291280023919,27.287495313883433,210.98315424913656,70.00223229400765,12.357055462252506,53.566148499417004,0,2026-09-10 04:10:01
2026-09-09 16:15:00,CNC-01,L,299.61682906372425,313.6878061179525,1618.0477890206078,44.42980607947193,33.60424104380691,2.380680845139885,13.387456450930646,50.94932338939532,0,2026-09-10 04:10:01
2026-09-09 17:27:00,CNC-01,L,300.20209941938657,314.79512649011343,1924.4452189426938,38.529452859504126,135.19100319026768,2.8480500352349223,13.95539559596559,50.40456098082571,0,2026-09-10 04:10:01
2026-09-10 03:43:00,CNC-03,H,297.13349853213845,310.55844277245484,2410.627386751312,25.079448403407415,151.69575966680057,3.210502021023621,11.119721932403301,52.63758184282909,0,2026-09-10 04:10:01
2026-09-09 18:08:00,CNC-02,M,298.82787395898765,312.8562388486313,2150.4835489547554,30.997092583054037,91.2998473567358,2.845139986881831,12.376818144352917,47.067427100936484,0,2026-09-10 04:10:01
2026-09-09 04:45:00,CNC-02,M,296.5434634569067,309.6368825297068,2431.440485536215,24.18963524503932,48.550544377441135,3.0777325790102235,11.250505187107981,58.083840391756155,0,2026-09-10 04:10:01
2026-09-09 15:22:00,CNC-03,H,25.573002197697633,39.565659451930514,1746.2092809875708,39.665659540650516,24.269377649986428,2.353278483265816,13.001129798017844,55.20401344421944,0,2026-09-10 04:10:01
2026-09-09 14:44:00,CNC-02,M,297.6702709161946,311.9164747467959,1691.1518396500087,44.74080410892073,18.486707858613027,2.3138367493405876,14.424768918205707,52.55597916906302,0,2026-09-10 04:10:01
2026-09-09 05:33:00,CNC-01,L,296.1437885073778,310.0529142959646,2091.64212637439,31.990909498494183,125.45397256115751,2.914639731191239,12.47969373177509,58.31025222637707,0,2026-09-10 04:10:01
2026-09-09 11:22:00,CNC-03,H,296.71765258420373,311.60745067891907,1395.5257353689346,55.39556316083777,189.99810330483677,2.469070646443651,14.384669919590342,57.24647797890881,0,2026-09-10 04:10:01
2026-09-09 17:14:00,CNC-03,H,299.2465888042239,313.6973055733714,1838.195788231688,37.618538889293184,186.14405567859066,2.8768813645896594,12.784126530789193,50.85223163038187,0,2026-09-10 04:10:01
2026-09-09 04:28:00,CNC-01,L,297.10670395577716,309.7265272858101,2454.163839448567,21.541494361687636,43.30558130430795,2.8893564996933696,9.953377873796104,61.01657089400251,0,2026-09-10 04:10:01
2026-09-09 08:46:00,CNC-03,H,295.4914078750342,310.3218131663841,1658.6060511742949,45.16521370455808,169.8314571394763,2.5999634239713973,13.823778079933222,63.87461693175396,0,2026-09-10 04:10:01
2026-09-09 08:32:00,CNC-03,H,295.24528529503874,309.99219496535017,1495.843531443179,50.201762921153396,148.54566731982538,2.4034090248084476,14.171531512624881,64.73953753406292,0,2026-09-10 04:10:01
2026-09-09 17:34:00,CNC-02,M,299.0203468713769,312.80073148461275,1954.9847015734454,34.6993044825198,45.40768608066282,2.6538759331216957,12.703748085137047,54.729959344764765,0,2026-09-10 04:10:01
2026-09-09 14:54:00,CNC-02,M,297.9715525856199,312.52412637131056,1624.2306659644496,46.245335116518746,33.62256982922326,2.233120013510044,14.245977426532283,54.899696310492374,0,2026-09-10 04:10:01
2026-09-10 01:26:00,CNC-02,M,297.4884331533688,310.7548716966032,2586.0145586597773,20.344435505118465,150.3818116884177,3.447878839727016,9.69529377546591,53.89828574232945,0,2026-09-10 04:10:01
2026-09-09 23:03:00,CNC-01,L,299.65580260632146,311.0269399264668,2749.346045457794,13.499924159338507,73.5529496908559,3.3557931648508355,7.019042319776882,46.714796405742746,0,2026-09-10 04:10:01
2026-09-09 16:07:00,CNC-02,M,298.53014249801413,313.40971364812884,1847.8925185860553,41.39703328786921,142.34662574657708,2.6384220225954067,14.553312536101362,57.549837594498186,0,2026-09-10 04:10:01
2026-09-10 00:18:00,CNC-03,H,299.36942872017784,311.98292243026407,2769.2961861109275,16.604939883820272,194.4347951478171,3.7519874624468588,8.76477656676763,56.222971913323306,0,2026-09-10 04:10:01
2026-09-09 19:37:00,CNC-02,M,299.0608723564343,313.9773559599901,2162.1336899190933,32.93979730620706,203.70345193437382,3.3931108464061315,13.41373762697584,50.8547379464329,0,2026-09-10 04:10:01
2026-09-09 09:19:00,CNC-01,L,295.9636205510486,309.562655675978,1350.448970113645,49.52493098660751,27.42230508693652,2.0039029663355623,12.278450848211744,55.23942679687236,0,2026-09-10 04:10:01
2026-09-09 13:30:00,CNC-01,L,297.7301359122525,312.222566580297,1323.1132758492497,52.23538991014673,195.0386711036703,2.773601955929344,13.152762658742649,53.41862954140915,0,2026-09-10 04:10:01
2026-09-09 21:05:00,CNC-03,H,300.1115338839145,313.6994679434804,2668.436121834597,20.146823953547557,236.88014945953577,4.011405508654686,10.005498918162703,50.68049386338425,0,2026-09-10 04:10:01
2026-09-09 10:01:44,CNC-03,H,295.88791259466063,310.4284137796054,1365.2832730738191,56.66369519674739,65.367532559061,1.9819346095554988,14.372870189103892,55.30977537888455,0,2026-09-10 04:10:01
2026-09-09 06:36:00,CNC-03,H,295.7415315776495,310.3633734810331,1905.2455000631644,37.24940110184743,205.55324068281374,3.114953911736597,13.18732579143726,54.57805707183239,0,2026-09-10 04:10:01
2026-09-09 13:35:00,CNC-03,H,303.3244885637506,311.58827973877635,1323.4128123426774,52.52216618593979,131.4157369484838,2.0431810162879867,12.983791201386763,43.23284046641533,1,2026-09-10 04:10:01
2026-09-09 09:16:00,CNC-01,L,296.41558751876556,310.6104528209866,1571.4725838422294,47.714667003360574,22.758172722812887,2.2022090114825392,13.969592835367905,59.435541273551564,0,2026-09-10 04:10:01
2026-09-09 19:41:00,CNC-03,H,,314.1648268583389,2287.8686464005978,31.24891621440154,138.9106430176422,2.9965124289265153,13.166892882722324,48.267766939488965,0,2026-09-10 04:10:01
2026-09-09 22:36:00,CNC-03,H,299.66414538582404,311.9160958762767,2557.0292271878902,17.68224745301957,86.12829102268236,3.038733117285351,8.907578499059674,51.32042548928456,0,2026-09-10 04:10:01
2026-09-09 19:53:08,CNC-01,L,300.7230843956194,314.50296025515553,2321.7144361593982,28.377818569607296,91.59795546256576,2.942018937821184,12.296095558382513,52.09617199392036,0,2026-09-10 04:10:01
2026-09-09 17:34:00,CNC-01,L,299.758266566548,314.3546545076816,1875.5285218014524,38.261456334453854,144.76983986337433,2.7373854336574186,13.197483564871268,53.731795155304475,0,2026-09-10 04:10:01
2026-09-09 04:34:00,CNC-03,H,296.84245488497373,310.403940149798,2251.15417653244,28.87043428896506,46.77809375374959,2.8475270379732813,12.102849282243952,56.2311833249244,0,2026-09-10 04:10:01
2026-09-09 09:55:00,CNC-03,H,296.0667133435022,310.0094727125683,1492.5737114120404,47.068515496310695,52.81439885712297,2.220727533960928,13.27658816214735,58.86953633660294,0,2026-09-10 04:10:01
2026-09-09 07:14:00,CNC-01,L,296.3424252658938,309.8545000323405,1918.1766752286028,34.19619600033232,35.238509787819275,2.5067874066107407,12.08130928252433,57.36744756272892,0,2026-09-10 04:10:01
2026-09-09 10:17:00,CNC-01,L,296.25621761257213,310.883944689795,1449.7245615585314,51.153348000925135,117.42000902162954,2.2587567722971715,14.013160461872188,57.20417797226353,0,2026-09-10 04:10:01
2026-09-09 15:38:00,CNC-01,L,25.71167784235729,40.68830396917508,1662.719323808846,46.798028877312454,179.3209172519706,2.8747832877393367,14.792113534408584,57.16963586209691,0,2026-09-10 04:10:01
2026-09-10 01:23:00,CNC-01,L,298.1558713787853,312.3894184929646,2599.9918583682083,24.714535650395707,223.3590247121389,4.263466149376364,11.963377685488517,57.601461368845456,0,2026-09-10 04:10:01
2026-09-09 06:39:00,CNC-02,M,296.15770573843395,311.26965539233174,1874.2960352087175,41.280361188660216,198.2744536245719,3.124637871755119,14.793742791097708,60.24944824715912,0,2026-09-10 04:10:01
2026-09-09 05:12:00,CNC-03,H,296.2617523789986,310.070318915595,2153.504227657367,30.75301357371606,94.28850857359376,26.866979417644608,12.403698875528056,61.55357305895946,0,2026-09-10 04:10:01
2026-09-09 16:44:00,CNC-01,L,304.9602205169427,313.16316685938864,1785.0021596630288,40.67729898952305,75.34935384724973,2.472758958492391,13.317640427629852,41.86996620641915,0,2026-09-10 04:10:01
2026-09-09 21:18:00,CNC-02,M,299.0093567920078,312.24285460697723,2485.698073335413,21.91411549490072,106.92858487020904,3.233786234126476,10.38321820740475,54.42504675795622,0,2026-09-10 04:10:01
2026-09-09 19:02:00,CNC-02,M,299.0570447073921,312.4062599427955,2275.3628959609846,24.125975460656036,160.50396710117778,30.97626602108012,10.19770636993541,52.14886921343951,0,2026-09-10 04:10:01
2026-09-09 10:09:00,CNC-02,M,296.20278337900066,310.3647414473991,1412.1592381657454,50.149025610730156,42.109650755609096,1.9869533832315356,13.159821362535883,60.17776259785595,0,2026-09-10 04:10:01
2026-09-09 15:34:00,CNC-03,H,25.60911259764913,39.795318133569765,1601.0753247791843,45.65523000897436,42.14905908602534,2.2028834281560403,13.648858322000708,53.87256797318989,0,2026-09-10 04:10:01
2026-09-09 17:01:00,CNC-01,L,299.8317342328608,313.74453148822624,1860.1263644543467,37.24720714824941,99.22177042802508,2.564028798628243,12.981222317770204,50.54071800693805,0,2026-09-10 04:10:01
2026-09-09 07:56:00,CNC-03,H,295.24965120133135,309.38855704672795,1702.2133931079989,41.552127536374215,95.27781687415225,2.3426844181308044,13.39170685983153,61.22237461601775,0,2026-09-10 04:10:01
2026-09-09 06:12:00,CNC-03,H,295.8013473759584,310.2229743006907,2093.543687127167,34.622763873990785,172.91966503288387,3.044970287378488,13.564205704542314,56.259125406416715,0,2026-09-10 04:10:01
2026-09-09 20:24:00,CNC-02,M,298.7833299447547,311.4414984500499,2524.4717785566836,19.6107768586075,45.21280051594176,3.0885942153838553,9.195114443679802,52.38923960239906,0,2026-09-10 04:10:01
2026-09-09 17:35:00,CNC-03,H,299.2976762157126,314.1162424992302,2072.2159573320023,36.38617387895934,214.81747921337333,3.3499128439123727,14.014733466026874,50.28213529170941,0,2026-09-10 04:10:01
2026-09-09 06:14:00,CNC-02,M,295.96846749707674,310.8032272262894,2001.4081677092668,37.74360926993531,164.18861561259942,2.940285998865945,14.01372228867785,59.18138587583093,0,2026-09-10 04:10:01
2026-09-09 08:31:00,CNC-03,H,295.68188432211787,310.01006289173847,1567.2341316748334,43.19363234304826,147.00597209134656,2.394460437413886,12.73877051361989,58.62948085055926,0,2026-09-10 04:10:01
2026-09-09 13:02:00,CNC-03,H,302.8682501940692,311.22481477508495,1399.6627592134075,51.329209257921704,79.19014728227681,2.078413515635054,13.511545289451634,45.83779758571489,0,2026-09-10 04:10:01
2026-09-09 17:30:00,CNC-02,M,298.82995189080344,313.0152368836448,1921.1505303507527,35.8052230517461,40.0365501985539,2.6608573005766094,12.882704395750705,56.2516660461987,0,2026-09-10 04:10:01
2026-09-09 15:49:00,CNC-03,H,25.68454781878495,39.05421682624325,1915.6007749701735,32.60024385148077,64.30109199443584,2.5193322132293545,11.517011840884715,56.37801352946993,0,2026-09-10 04:10:01
2026-09-09 16:02:00,CNC-02,M,298.576673950396,313.4602869689978,1790.3086140372386,40.91562709387723,135.1819202997464,49.688178093795706,13.824695809722394,51.23376863363769,0,2026-09-10 04:10:01
2026-09-09 13:29:00,CNC-03,H,303.2196584401143,311.55351119504985,1393.8450797524285,50.068827489568655,122.00722950188158,2.2006236796031984,13.116437896241605,45.93451391234899,0,2026-09-10 04:10:01
2026-09-10 03:17:00,CNC-01,L,298.2918866600192,311.90161218410657,2270.0565075899713,28.513975514931335,111.52203423836146,2.8765140807176963,12.156537205179568,55.855814458531675,0,2026-09-10 04:10:01
2026-09-09 05:24:00,CNC-01,L,296.40030035951503,309.9321023415239,2169.9249776829643,28.209105387019072,,2.922072158661473,11.295687065795159,57.784777369554895,0,2026-09-10 04:10:01
2026-09-10 01:17:00,CNC-01,L,298.417715681961,311.5100631640447,2725.405794699773,19.139201408242013,216.8746106385864,4.150651487794894,9.582159256832016,52.6207522275589,0,2026-09-10 04:10:01
2026-09-10 03:41:00,CNC-03,H,297.3919497311139,311.3231707098416,2348.2537886418627,27.732679401306335,149.38177839831047,3.029166040913588,12.020614104012202,54.24777525401675,0,2026-09-10 04:10:01
2026-09-09 23:11:00,CNC-01,L,299.8295394116726,311.66204946722183,2743.5035107556478,13.999326823316238,82.15241091909162,31.708688674076157,7.132694602197638,50.69763645469108,0,2026-09-10 04:10:01
2026-09-10 04:04:00,CNC-01,L,297.9083259981865,312.1089355740126,2449.965465805334,26.983055177537373,167.1639353682941,3.5694169422606734,12.537501866160335,52.37615295184747,0,2026-09-10 04:10:01
2026-09-09 06:22:00,CNC-03,H,295.7669716971814,310.6029162419285,1893.468707890052,39.658365154199494,186.51997738546004,3.0475431931783667,14.000464076637417,61.560222794652766,0,2026-09-10 04:10:01
2026-09-10 03:59:00,CNC-02,M,295.4001556466914,308.99787066329554,2404.973316876094,24.246833755646964,74.73454018605993,2.9990874419213784,10.923705679297456,56.45491517649188,0,2026-09-10 04:10:01
2026-09-09 06:27:00,CNC-03,H,295.93780884854306,310.5824646115394,2072.5659416117264,34.600041201420694,193.23841607605428,3.226628233403638,13.257671192790259,57.08372576686771,0,2026-09-10 04:10:01
2026-09-09 04:36:00,CNC-02,M,296.4412659497861,308.82110686381424,2180.3287023149555,23.332712509062226,37.447750212517434,2.7224844533179438,9.579881772205521,60.2457588207746,0,2026-09-10 04:10:01
2026-09-10 01:18:00,CNC-03,H,298.940642926318,312.1032211847596,2685.7469843896383,18.26262850232915,258.89442592006446,42.69192889645633,9.280822901336123,52.56496530930678,0,2026-09-10 04:10:01
2026-09-09 10:31:00,CNC-03,H,296.17319300646284,311.0603503193156,1482.6820121654869,55.38889233650308,109.23213786861487,2.2309479396022396,15.619346113383482,57.2772763120598,0,2026-09-10 04:10:01
2026-09-09 19:39:00,CNC-01,L,300.78544083864915,315.20301494300173,2252.6457993987797,32.685624910600524,73.50470927691651,2.8630733619157342,13.804797818476327,50.89813060577075,0,2026-09-10 04:10:01
2026-09-09 09:19:00,CNC-03,H,295.77022314986687,311.0091976816422,1562.8131910358395,49.44846280946113,220.05323712239598,2.8916532351047857,14.562209667365892,61.73750794408626,0,2026-09-10 04:10:01
2026-09-09 09:04:00,CNC-02,M,296.19905401154614,311.125688969574,1513.4587578856967,48.32025974632871,160.79480158235165,2.4906824403242176,13.699320750995273,56.74795829967519,0,2026-09-10 04:10:01
2026-09-09 10:05:00,CNC-01,L,296.4386095044028,310.81894655313437,1410.4164183046785,51.43087013957273,98.62874456798369,2.159041253595644,13.406082145682,54.871479084663505,0,2026-09-10 04:10:01
2026-09-10 02:13:00,CNC-03,H,24.95125962686825,36.8932208196706,2752.5559181329945,14.61804787138868,48.9872766434683,3.2234794508679068,7.42688458929895,55.41483868121531,0,2026-09-10 04:10:01
2026-09-09 23:18:00,CNC-01,L,299.6007992112077,312.156406858143,2635.607113142145,17.830528286840075,89.63213795995135,3.1122448601155166,8.35476046302267,48.748265069257116,0,2026-09-10 04:10:01
2026-09-09 13:31:00,CNC-02,M,297.2563415625436,311.63652066976545,1485.2172273841136,46.38696325923967,150.66362309434078,2.498374315294489,12.978387069242276,55.661835526540436,0,2026-09-10 04:10:01
2026-09-09 10:24:00,CNC-02,M,296.1079696293533,310.1274365450591,1369.6448932870403,49.307425968339636,,2.115695771172106,12.627180152232949,60.80387559316292,0,2026-09-10 04:10:01
2026-09-09 08:52:00,CNC-01,L,296.5627461264135,311.0641930036185,1478.3345338899708,48.39143287407275,179.33589356650407,2.615599109840148,13.347638737218361,57.29462172439755,0,2026-09-10 04:10:01
2026-09-09 14:48:00,CNC-01,L,298.2981122341789,312.1267127022216,1546.5766731821004,43.87326256626671,103.86369204631049,2.3108370489689447,12.59640636954658,50.873193552176716,0,2026-09-10 04:10:01
2026-09-09 16:45:00,CNC-03,H,299.4612424667285,314.38998293788075,1767.0322488495688,44.55016829280253,145.61725321392908,2.503893254320908,14.850901779511938,52.9288981094213,0,2026-09-10 04:10:01
2026-09-10 02:33:00,CNC-01,L,25.184006517498574,37.29508450239865,2606.1385441454954,17.712941875150367,61.35184219184163,3.0903473767053375,8.627520602097976,57.2349754453653,0,2026-09-10 04:10:01
2026-09-09 14:29:00,CNC-01,L,297.9235246712134,311.41275364424376,1298.956857584759,49.74585182814151,74.7026389988228,1.9928453440303637,12.15201522987259,56.17171300122559,0,2026-09-10 04:10:01
2026-09-09 11:37:00,CNC-02,M,296.10366103123715,311.38336106051173,1384.099133728755,55.855546167916444,181.13059357919155,2.6897094475329473,14.324608509425707,58.47848068160504,0,2026-09-10 04:10:01
2026-09-09 23:15:00,CNC-01,L,299.79525490823784,312.216307975442,2743.459286945387,16.885480771469073,86.45834442631237,3.311908569715068,8.784888818409076,56.509724857414014,0,2026-09-10 04:10:01
2026-09-09 20:16:00,CNC-03,H,299.6646371978434,312.61506655631234,2456.9424810015657,21.26454961023635,180.7898785050658,3.3772660087488036,10.00428354409005,54.54440871794789,0,2026-09-10 04:10:01
2026-09-09 17:03:53,CNC-02,M,298.59977752058154,311.98131827375795,1877.3921656436653,34.289612893598076,2.794294294759446,2.466609617116353,12.069352739168854,55.54238016036297,0,2026-09-10 04:10:01
2026-09-09 19:50:00,CNC-03,H,299.936077621215,313.93727735838263,2363.164350258146,27.015665227742677,149.8699322881865,3.0207854908795855,11.861909605741928,49.90754346702846,0,2026-09-10 04:10:01
2026-09-09 14:04:00,CNC-01,L,297.87725945599834,311.748099911869,1538.999130353392,45.58355716062819,35.9524108652664,2.178107167573541,,57.84021853507532,0,2026-09-10 04:10:01
2026-09-10 00:26:02,CNC-03,H,299.22197338775493,312.75099715482935,2519.813654262656,22.57192819157247,204.11216182989514,3.6161093880199795,10.774729884038917,49.821432790047204,0,2026-09-10 04:10:01
2026-09-09 22:31:00,CNC-03,H,299.4673586380164,311.00793367380317,2617.010432838902,14.76176274469865,80.69265380821454,3.0556510424835666,6.92538435019389,54.06609667933893,0,2026-09-10 04:10:01
2026-09-09 20:24:00,CNC-03,H,299.98656050943566,314.11918292797253,2415.8447249220417,27.74372738685696,190.1480379958021,3.4874313461209807,12.536863016397367,47.57336766757901,0,2026-09-10 04:10:01
2026-09-09 05:46:00,CNC-02,M,296.3239667182285,310.22685851887786,2163.523254268805,30.453536644221487,126.90566890811586,2.9888957656175945,12.126888374994131,59.22791167973071,0,2026-09-10 04:10:01
2026-09-09 23:47:00,CNC-02,M,298.0639688422141,309.97722691264664,2614.3342739830027,15.016239352993223,44.56967381975743,3.109928046194436,7.571362425880297,56.21277345060839,0,2026-09-10 04:10:01
2026-09-09 17:21:00,CNC-02,M,298.66047544355,312.7828448682632,1969.2275217630292,36.266651180399265,27.716690340886036,2.535583891083168,13.359634496482336,53.527284918008434,0,2026-09-10 04:10:01
2026-09-09 22:59:00,CNC-03,H,299.4189073840294,312.4923033739265,2617.9987063673384,20.557212365970276,110.62434185939019,3.2260717324574943,10.007687542665042,51.307594978818706,0,2026-09-10 04:10:01
2026-09-09 05:31:00,CNC-01,L,296.4785664872623,310.2476813521072,2220.111572408094,,122.85031069852911,2.972523875576152,11.844547590094747,57.24037113449376,0,2026-09-10 04:10:01
2026-09-09 05:54:00,CNC-03,H,295.9003556325958,310.58919114862454,2161.371101594129,34.95608431048186,148.9140703252464,3.027796300826795,13.951615988635176,61.977664536072204,0,2026-09-10 04:10:01
2026-09-09 07:04:00,CNC-03,H,295.6472387332382,309.91561470595445,1688.6340056758363,44.64263208420084,20.81399041318363,2.4043908442011848,14.09561803263648,63.15459430160507,0,2026-09-10 04:10:01
2026-09-09 04:38:00,CNC-03,H,296.91808786286856,310.18258849127875,2207.4428343363725,26.99020683370824,51.800590403773796,2.7389096573792684,11.17153223542453,59.016168844567304,0,2026-09-10 04:10:01
2026-09-09 22:57:00,CNC-01,L,299.8286387548422,311.9371484530451,2736.3232895646306,15.694003087956649,67.15146326402824,3.3425612402031515,8.166157242750112,47.64530241925,0,2026-09-10 04:10:01
2026-09-09 05:05:00,CNC-01,L,296.9260215511171,310.75825806963013,2013.828009187778,33.85325136781645,89.71937595592256,2.685410539258488,12.56643463638538,58.22998235463748,0,2026-09-10 04:10:01
2026-09-09 06:57:00,CNC-01,L,296.3973104851338,310.2490858971353,1853.6355427520853,37.73098784754117,11.216315282620565,2.4707907601524806,12.97026978068819,61.273190190396754,0,2026-09-10 04:10:01
2026-09-09 20:20:42,CNC-02,M,298.68448880187276,311.76745709709604,2311.3971312509907,24.165675999422273,42.875018294420904,2.866757395282581,10.515245090428897,55.705361163615464,0,2026-09-10 04:10:01
2026-09-09 04:53:00,CNC-01,L,296.6960997520162,309.968056163413,2210.4924312853336,27.366949715336954,74.4690615816683,2.935079674642781,11.151955194364742,58.32848032462273,0,2026-09-10 04:10:01
2026-09-09 12:56:00,CNC-02,M,296.7071896932322,310.610298206316,1380.381071573475,48.31657372484372,95.32360262687426,2.049248901130899,12.54987802580389,56.78060937156678,0,2026-09-10 04:10:01
2026-09-09 10:33:00,CNC-02,M,296.0054453924083,311.1694683937602,1572.0087755380448,51.40705144916819,79.89301464285631,2.250176273778774,15.072645986714004,57.48977346661346,0,2026-09-10 04:10:01
2026-09-09 13:31:00,CNC-03,H,303.2471931143347,312.1132821785116,1428.7501006956682,55.084259950765755,125.17947144884421,2.37724406875422,14.610196416888355,47.268394213002104,0,2026-09-10 04:10:01
2026-09-09 16:35:00,CNC-01,L,305.0529387412583,312.9347173952905,1766.7884746278105,39.58030523460834,62.44110972852185,2.4227529041178233,12.913107652880026,39.32748719731236,0,2026-09-10 04:10:01
2026-09-09 08:35:00,CNC-03,H,295.87274138185643,310.48824147106706,1388.891506546851,52.9347573113984,153.1328829125931,2.2832507522389283,13.614131177562538,54.348844392570605,0,2026-09-10 04:10:01
2026-09-09 09:03:00,CNC-02,M,295.9462661403751,310.17013972828164,1595.3387851390617,42.707695149490725,,2.658810781836308,12.552787553297028,60.06173445735033,0,2026-09-10 04:10:01
2026-09-09 15:53:00,CNC-03,H,25.829831207980305,39.49404615907332,1387.7977511813067,49.478111578454104,70.35261387857334,2.0512341688436146,12.600005809150751,54.97858257590958,0,2026-09-10 04:10:01
2026-09-10 02:36:00,CNC-03,H,24.92441522997217,37.97753678333936,2442.253601255963,22.88446682668099,74.81866671464383,3.0833320740904466,10.546546323370297,54.45475811898202,0,2026-09-10 04:10:01
2026-09-09 13:59:00,CNC-01,L,297.7803257439894,311.64736120373664,1509.1260734349914,45.29589050011903,28.17074890732321,2.19185481739977,12.851836205092724,59.07433185347065,0,2026-09-10 04:10:01
2026-09-09 10:10:00,CNC-03,H,295.75509536223376,309.5725457527959,1365.550219872322,51.060960799069896,76.37834832035128,2.0587611411995326,13.22714168426909,60.23460064322936,0,2026-09-10 04:10:01
2026-09-09 10:20:49,CNC-01,L,296.270234751593,310.8262192109817,1497.8581628370603,49.47173015777967,123.7516369791931,2.3895820405286923,13.838184963898275,58.139589212356256,0,2026-09-10 04:10:01
2026-09-10 02:58:00,CNC-03,H,24.69262182280994,37.875835334310125,2449.5196183034504,23.347041584286583,99.66567773205387,3.059666911224528,10.681456473537363,56.925157139744755,0,2026-09-10 04:10:01
2026-09-10 01:26:00,CNC-03,H,298.73365829694694,312.1486197340776,2713.4455552786476,19.45279488883234,267.4713231967245,4.450807746757847,9.768984370875545,53.69988983197987,0,2026-09-10 04:10:01
2026-09-10 02:30:00,CNC-03,H,24.64964310301201,37.66996354783362,2484.578470495789,22.65972663247602,68.06885974786702,3.1121853688169843,10.635813704446416,52.03097759412162,0,2026-09-10 04:10:01
2026-09-09 23:50:00,CNC-03,H,299.314002740397,311.5067723983208,2536.946844088766,17.056307618800485,164.84200752618574,3.325681877479063,8.201296619080471,53.9994599625661,0,2026-09-10 04:10:01
2026-09-09 06:29:00,CNC-02,M,296.08112846270643,310.82648348227127,1925.6946339095107,38.34231737968717,184.62375913608406,3.0044585129356323,13.870603274136398,57.53014101641241,0,2026-09-10 04:10:01
2026-09-09 11:46:00,CNC-01,L,296.4044494671085,310.00869521661053,1307.9106153828957,50.4807038580686,30.100211471276644,1.9827567095147016,12.070764888582156,64.03608523183291,0,2026-09-10 04:10:01
2026-09-09 22:14:00,CNC-03,H,299.7291776616519,310.6945609122026,2587.5665684038154,12.249799028491793,62.079263801315854,3.172357525394838,5.694633672490947,53.631848326808544,1,2026-09-10 04:10:01
2026-09-09 14:14:00,CNC-02,M,297.64140122151366,312.6143734328559,1508.9836864623664,48.630538374535185,217.98611941102504,3.0255205156027634,13.716726766964767,57.53719676023816,0,2026-09-10 04:10:01
2026-09-10 02:20:00,CNC-03,H,25.125600139993594,37.34023630894649,2566.366246963441,18.855696556086706,56.83600504061951,3.126800553825426,8.947618825991805,54.02487651798137,0,2026-09-10 04:10:01
2026-09-09 20:19:00,CNC-03,H,299.8479919340894,314.3529903833364,2392.8547251812556,29.763191857819365,184.29738136865762,3.379069105510269,12.944505698488989,54.499003799657906,0,2026-09-10 04:10:01
2026-09-09 22:23:00,CNC-01,L,300.28692568353387,312.3918500938658,2633.4502585192467,17.915703832600116,30.518315413852523,3.198686947361654,8.784220648307487,52.26154737838047,0,2026-09-10 04:10:01
2026-09-09 22:48:00,CNC-03,H,299.94601421653067,311.9537571484968,2718.197962149587,15.58089209267919,98.92051627137566,3.330721777924875,8.023742846098964,52.83733315232633,0,2026-09-10 04:10:01
2026-09-09 09:10:00,CNC-03,H,296.1289706345478,310.45512156492856,1695.5129631085028,42.36615255860278,206.3996302569502,2.9297609345281073,13.52739722773056,58.07362582581027,0,2026-09-10 04:10:01
2026-09-09 07:23:00,CNC-03,H,295.76585873460687,309.8152103240506,1678.0002407775453,42.30919714035845,47.52924419908857,2.3876110660122327,13.359936201283888,60.67501812219385,0,2026-09-10 04:10:01
2026-09-09 10:00:00,CNC-01,L,296.5086312960676,310.9638718709835,1413.234055579522,52.61416364900023,90.72857253653065,2.1644990474898935,13.888926752557872,60.3016567336373,0,2026-09-10 04:10:01
2026-09-09 10:19:00,CNC-02,M,296.1646242642825,310.60215893363977,1351.1983634295407,55.0910752557067,57.76701541130717,2.0018584647701076,13.808889948696564,57.89970272350727,0,2026-09-10 04:10:01
2026-09-09 13:18:00,CNC-02,M,296.92526881989033,312.07378123695094,1493.2712712731427,53.11177805428236,130.13312227747446,23.472778548907826,14.944547428044823,58.13484651854139,0,2026-09-10 04:10:01
2026-09-09 23:17:00,CNC-03,H,299.3994392520648,311.90261183012575,2735.305970152309,17.805777897489744,129.75048846455087,3.493186601127231,9.042390791422624,50.57979400640157,0,2026-09-10 04:10:01
2026-09-09 10:31:00,CNC-02,M,296.0328503493014,309.1973538129426,1287.5721132810224,46.23922546639871,76.74102117037224,2.056436158108919,10.863183853047293,60.11801540620385,0,2026-09-10 04:10:01
2026-09-09 19:13:00,CNC-02,M,298.7376788941878,,2200.293293726925,32.642115275281675,174.2495515774996,3.2013881741819383,13.313443217743588,48.85340496852994,0,2026-09-10 04:10:01
2026-09-09 17:57:00,CNC-03,H,299.7835148356789,313.2878270308978,1976.6833033347352,33.19004892050377,6.703598208050928,2.4983384587161486,12.337537016106111,51.48866516633596,0,2026-09-10 04:10:01
2026-09-10 02:38:00,CNC-03,H,24.7578948381979,36.71175580795011,2513.090602177313,16.900705586143808,76.98710711232224,3.114775830691522,8.162358311791474,55.60709905766114,0,2026-09-10 04:10:01
2026-09-09 23:40:00,CNC-02,M,298.19088456010763,309.83801524970835,2683.389643465582,12.809261018313409,37.1190149631411,3.210555592348931,6.3849034043730954,56.772528601750054,0,2026-09-10 04:10:01
2026-09-09 23:55:00,CNC-01,L,299.57604067019327,312.8762948164394,2649.809126792117,21.191590962348844,128.98227232552514,3.4085486534978013,10.40147781882761,51.58227160108885,0,2026-09-10 04:10:01
2026-09-10 03:17:00,CNC-03,H,297.24681816168544,309.75678371799694,2419.719760925975,18.96625819665165,121.23306865395652,2.9812444050240408,8.391603580088665,59.15162251405072,0,2026-09-10 04:10:01
2026-09-09 17:50:00,CNC-02,M,298.84209509132285,313.3452457799016,1953.632806266581,37.131224608613465,67.17900014976377,2.590812667070584,13.722401909687822,53.79433914547413,0,2026-09-10 04:10:01
2026-09-09 12:03:00,CNC-03,H,296.8576571175342,311.97855615581193,1364.9742101167535,53.19227577255773,255.18044592837902,3.1294238982559697,13.480264751941759,60.69404970131326,1,2026-09-10 04:10:01
2026-09-09 16:35:00,CNC-03,H,298.95834615126546,312.9700724347745,1809.2223347893473,35.92664016098045,0.0,2.536361017709896,11.879815069811684,57.519669724751814,0,2026-09-10 04:10:01
2026-09-10 00:22:00,CNC-01,L,299.4276879591018,312.30521714825323,2594.8255703135683,18.39548217724442,157.8294022090354,3.4711343809423054,8.844221454646458,48.31002690858854,0,2026-09-10 04:10:01
2026-09-09 15:37:00,CNC-02,M,25.13925742072564,39.81584980733828,1656.3117912338976,45.21403032982323,98.2556771056071,2.312809218954644,13.81422846895509,54.805613143918,0,2026-09-10 04:10:01
2026-09-09 07:25:00,CNC-01,L,296.3774688008878,310.01954679975006,1843.457274780416,34.949526906999424,51.04548334980647,2.4455802090735337,12.011286826102243,60.46461242202931,0,2026-09-10 04:10:01
2026-09-09 06:44:36,CNC-03,H,295.8226738838463,310.10423246371397,1946.7068597715183,34.12527740271092,216.54222898528724,3.209081787826322,12.259290446116381,60.15373851269016,0,2026-09-10 04:10:01
2026-09-09 11:16:00,CNC-02,M,296.02800703533853,310.70036605548813,1530.7473612635822,48.32317495644272,147.71145623374477,2.4650796895267844,14.14578025696418,58.990418450597815,0,2026-09-10 04:10:01
2026-09-09 19:58:00,CNC-01,L,300.4732516483784,313.87555211497846,2518.8411959322193,23.50518106651826,96.28464716420096,3.222160388675013,10.909047051736065,46.343071444381266,0,2026-09-10 04:10:01
2026-09-09 10:20:00,CNC-02,M,296.2805213068593,310.809571871178,1573.3976692251558,48.143661273353075,59.29251574649462,2.212165205359283,14.214581956053493,61.37152366755343,0,2026-09-10 04:10:01
2026-09-09 10:03:00,CNC-01,L,296.3162135042647,310.3764773962936,1297.3145059486678,53.83501441029708,95.50408373939614,1.9746256667992055,12.98414002956443,59.3435163453806,0,2026-09-10 04:10:01
2026-09-10 00:31:00,CNC-03,H,299.1429208780416,311.9724544554647,2857.1758824413405,16.084165103165805,208.30958781283636,3.979932089742037,8.744417196752096,52.93066564226629,0,2026-09-10 04:10:01
2026-09-09 06:15:00,CNC-03,H,296.15415810195685,311.26264649643804,1915.2170219109676,41.81394567777304,176.95126810201387,2.8505011581587647,14.997302445112263,56.88647172295827,0,2026-09-10 04:10:01
2026-09-09 07:53:00,CNC-02,M,301.4688632868147,309.87935963893034,1695.1695809281916,44.222821103383005,54.902262823620674,2.3945886130775564,13.97163961027447,42.137552084880056,0,2026-09-10 04:10:01
2026-09-10 00:39:00,CNC-03,H,299.4776629493796,312.84432543821913,2558.238648036086,21.039048033945928,216.75250539617258,3.69730167937983,10.176709663187312,51.58090561838777,0,2026-09-10 04:10:01
2026-09-09 06:00:00,CNC-01,L,296.57055806191585,310.979607544294,2042.1795520588475,35.32533126046182,160.71093808868986,3.0028988607791907,13.607657149146577,56.63627404010588,0,2026-09-10 04:10:01
2026-09-09 06:47:00,CNC-01,L,296.51342638662794,311.9458448559447,1908.0686125152815,41.82690763440804,224.5239044443421,35.140726743713465,15.022107961412239,57.524610716667205,0,2026-09-10 04:10:01
2026-09-09 04:28:00,CNC-03,H,297.13896232874436,310.47101494448793,2297.427448984479,27.244344778244777,39.467072089779094,2.9005956624267384,11.9057317351913,58.254119178644395,0,2026-09-10 04:10:01
2026-09-09 12:05:00,CNC-01,L,296.86485923856424,310.6729315748888,1389.6159632382114,49.323948589242406,60.22188788225396,2.1112061334984316,12.97528295249464,54.96651217167301,0,2026-09-10 04:10:01
2026-09-09 13:56:00,CNC-01,L,297.94088701695136,311.4536945398407,1481.873788036329,44.37539209808147,23.507046466201523,2.2220031839140386,12.337543583610218,59.63652020498981,0,2026-09-10 04:10:01
2026-09-09 23:55:00,CNC-02,M,298.05059258987916,309.8751132762262,2713.569504609466,12.909411570211102,53.0069720732187,3.3290022249662066,6.811193018495825,53.1753374011062,0,2026-09-10 04:10:01
2026-09-09 12:15:00,CNC-03,H,297.20514305695406,311.254020310282,1429.5782430997158,50.5343857959002,4.800000000000001,2.061286769552047,13.55185825336783,57.00905693327603,0,2026-09-10 04:10:01
2026-09-09 23:30:00,CNC-02,M,298.04622476567283,308.7624496903989,2785.991986088003,9.299550106725144,26.543947784389996,3.4148512805099105,4.9831009696881745,51.897028589173104,1,2026-09-10 04:10:01
2026-09-09 22:24:00,CNC-03,H,299.2911876106619,311.98931436974544,2500.02080020274,21.017357555563876,73.07767868977707,3.152970445279082,9.911673360222641,48.40719506877724,0,2026-09-10 04:10:01
2026-09-09 15:24:00,CNC-03,H,25.378840457957835,39.55749817363392,1695.0583209398924,44.53566025782041,27.228900524094907,2.231009261975718,13.988579293162818,58.73719342686645,0,2026-09-10 04:10:01
2026-09-09 19:23:00,CNC-01,L,300.8708173854487,313.8354072944091,2357.57350303221,24.34233454215966,53.89959763584008,2.950573927210153,10.736528343305464,49.20801090138212,0,2026-09-10 04:10:01
2026-09-09 20:36:00,CNC-02,M,298.817622692868,311.73656564056694,2409.3170251511247,22.08071070537969,59.14834757664101,2.9574176258552143,9.923245920385627,54.20330469358124,0,2026-09-10 04:10:01
2026-09-09 08:21:00,CNC-02,M,301.76712646914234,310.32472562211984,1639.0742358869218,45.594194114749584,96.06583683343153,2.2846924557239636,14.384593813089026,44.667920225697294,0,2026-09-10 04:10:01
2026-09-09 22:43:00,CNC-01,L,299.99059089619254,312.3652537079437,2670.7587332457674,17.91984232769217,52.1471000124082,3.133365763323867,8.969336929659985,50.636444866160645,0,2026-09-10 04:10:01
2026-09-09 15:44:00,CNC-01,L,25.63230720990481,40.9527616219321,1707.5840070996771,48.18186036919442,188.26860916837785,3.000639099515006,15.06376654662478,56.4397793450264,0,2026-09-10 04:10:01
2026-09-09 15:29:00,CNC-01,L,25.80616444001265,41.01207396848059,1735.2168849256927,45.87331118788152,165.9602119436329,2.732129315293144,14.820081612098372,52.53226015169478,0,2026-09-10 04:10:01
2026-09-09 14:36:00,CNC-03,H,298.4409564033428,313.34182247346,1531.416782351333,47.27782908577167,226.48985263632122,29.572923626585123,13.522513089100647,54.721116787277765,0,2026-09-10 04:10:01
2026-09-10 00:33:00,CNC-02,M,297.8760747441156,310.8033159895549,2607.451790956007,18.40673698818192,93.58013066890226,3.2544307762138955,9.296424613994477,53.55439124666465,0,2026-09-10 04:10:01
2026-09-09 16:48:00,CNC-01,L,305.0112275315101,313.1445710603322,1820.6648798417964,39.15777127557615,80.96578025046333,2.494659315314245,13.33656776863716,37.87392102304291,0,2026-09-10 04:10:01
2026-09-09 11:29:00,CNC-01,L,296.42652796817515,309.5855864204819,1262.6365093286363,49.68106070688919,3.123989668757905,1.9984075555178427,11.906535426730114,57.910614217985874,0,2026-09-10 04:10:01
2026-09-10 01:44:13,CNC-02,M,296.9828015296444,310.74788878279236,2602.626093915883,21.60549293564482,171.03183161338,3.5941533390842864,10.681890363979164,56.28332865649096,0,2026-09-10 04:10:01
2026-09-10 03:04:11,CNC-02,M,22.767843809665408,35.82731591301683,2602.335159858822,21.70834441752202,9.091305148006944,3.208648512800319,10.22354416301539,60.55227341079729,0,2026-09-10 04:10:01
2026-09-09 14:19:00,CNC-03,H,298.15982115686387,312.3820880138507,1299.7175670621398,51.25223723123616,200.06263028647447,2.5493830606979766,12.772882218089125,60.19912579297074,0,2026-09-10 04:10:01
2026-09-09 14:26:00,CNC-03,H,298.0183972019574,313.27077112847013,1551.0823229875962,50.945501771264546,210.9062573526495,2.7722862537218296,15.062740511136267,56.97591463390835,0,2026-09-10 04:10:01
2026-09-09 06:38:00,CNC-02,M,295.8885757093588,310.761539938499,2045.8989255207428,35.51056087168602,196.86965520787822,3.244575571337864,13.574191939353167,59.67701398358436,0,2026-09-10 04:10:01
2026-09-09 15:06:00,CNC-02,M,24.800566264160068,38.79584207539028,1506.5035122135487,45.801616954064684,51.91638776656535,2.1609406868653265,12.88667560180387,53.60324740836187,0,2026-09-10 04:10:01
2026-09-09 20:23:00,CNC-03,H,299.7861086837423,314.00622312610767,2411.8240512818975,28.114342087190813,188.98120701562186,3.3653469521694652,12.659709711950466,49.81735747754599,0,2026-09-10 04:10:01
2026-09-09 19:55:00,CNC-01,L,300.8014726891696,313.4113863194059,2334.27505821407,21.381053098273945,92.80105130079963,2.944931017662496,9.250970014664029,52.12122963466039,0,2026-09-10 04:10:01
2026-09-09 08:22:00,CNC-02,M,301.8052594166473,310.1163719451212,1610.1445655368009,44.863523790855425,97.55038767720336,2.3556458177546253,13.55909146299838,46.00608801103555,0,2026-09-10 04:10:01
2026-09-09 18:59:00,CNC-01,L,300.32687191886,313.65766073760994,2156.0316924494377,29.87589559825036,24.0942961345153,2.6942009127258233,12.342868073883155,50.95999558335774,0,2026-09-10 04:10:01
2026-09-09 15:19:00,CNC-02,M,25.14221501117754,39.34093738172072,1450.1794065223678,49.745605508131966,71.33988510182269,39.88062741913463,13.388205768253796,56.51495219530936,0,2026-09-10 04:10:01
2026-09-10 02:34:00,CNC-02,M,23.2249323870808,37.77705352656892,2465.7844508902563,25.711323903751254,225.29403487686554,3.798334133954294,11.889242883071386,55.57045757806811,0,2026-09-10 04:10:01
2026-09-09 13:26:00,CNC-01,L,297.2737724388704,311.72011903602555,1371.6476527872524,49.98889356181675,,2.7261953854822014,12.865217919307707,58.028567224095084,0,2026-09-10 04:10:01
2026-09-10 02:37:00,CNC-03,H,25.06760497265782,36.837723249735916,2752.2770276947313,,75.8707380040977,3.3416968843886417,7.618603073703475,56.125855613946776,0,2026-09-10 04:10:01
2026-09-09 10:05:00,CNC-03,H,296.0041671086165,310.1237712977534,1395.5939237070731,49.39168634426436,68.51914605258966,2.197315697059643,12.701224124513626,60.68995644048271,0,2026-09-10 04:10:01
2026-09-09 10:09:00,CNC-03,H,295.78427149837074,310.3937405724301,1518.6799435085154,49.84493946768694,74.79664054308017,2.1828629064453358,14.399779772068129,58.40753585152145,0,2026-09-10 04:10:01
2026-09-09 18:57:00,CNC-03,H,299.6476518771572,312.9782802738477,2237.9070835844605,26.952559466041983,84.28805456242519,2.832751594428137,11.282244332484543,53.06780962876796,0,2026-09-10 04:10:01
2026-09-09 08:31:00,CNC-01,L,296.02967962580317,311.1345778733101,1510.138799353177,52.06834131664904,147.7461235644563,2.3237230380273806,14.696487531956805,57.630858631248664,0,2026-09-10 04:10:01
2026-09-09 07:48:00,CNC-03,H,295.78545517038185,309.64901440342123,1579.1275510204928,42.47281660501132,83.6863246897024,2.2957632442840015,12.344327034552494,58.07745536968711,0,2026-09-10 04:10:01
2026-09-09 23:45:00,CNC-03,H,299.48796425325133,311.6779254541473,2769.6536239072652,14.832249413426524,159.60782340632093,3.5603319793846233,7.758539212144032,55.249514688552026,0,2026-09-10 04:10:01
2026-09-09 14:28:00,CNC-03,H,298.099276454005,312.9213997402615,1530.8314140529394,49.28565504599411,214.03038564197976,2.777532001293529,14.104081656899439,51.61613757611346,0,2026-09-10 04:10:01
2026-09-09 15:40:00,CNC-01,L,25.793241249121593,40.472119072648866,1705.6673432946159,43.06367758376019,182.26249613556135,2.883115181010665,13.944207129078945,55.83287200586145,0,2026-09-10 04:10:01
2026-09-09 15:45:00,CNC-01,L,26.10736511287388,40.66472610119706,1687.5287806414717,43.05496735394769,189.7184191292902,2.955486907104287,13.68373252738658,52.555048502183375,0,2026-09-10 04:10:01
2026-09-09 17:53:00,CNC-01,L,300.09385014247124,315.25444924917105,1954.3448381480828,40.36733077448333,170.39671344738855,3.0460811399523102,14.81121664916144,45.97031696587127,0,2026-09-10 04:10:01
2026-09-09 16:52:00,CNC-01,L,304.97477701508393,313.40816023505266,1888.33869168712,39.40464862600283,86.5835372800478,2.427239048271328,13.799571582145084,40.371006374660226,0,2026-09-10 04:10:01
2026-09-09 13:10:00,CNC-01,L,297.8749450813349,312.5996602074173,1458.1412412329023,51.011157067244596,163.4089192637517,2.4549630520385137,13.82927945344215,52.83078127293504,0,2026-09-10 04:10:01
2026-09-09 04:26:00,CNC-02,M,296.7543902701726,309.7839796739448,2305.9168337602164,24.509328389716135,25.127319637713704,2.944677529874099,10.900299404156234,49.83258909926061,0,2026-09-10 04:10:01
2026-09-09 14:07:00,CNC-01,L,297.74891619340787,311.5071539777082,1441.9235946882452,46.438854210443,40.66625880621224,20.464326693047536,,57.48006016955459,0,2026-09-10 04:10:01
2026-09-09 17:07:00,CNC-02,M,298.7863147917104,312.7733931462529,1863.9342126729462,37.07365543599591,8.381484875918229,2.492620511751731,13.127422432869052,55.007863242310734,0,2026-09-10 04:10:01
2026-09-09 19:52:00,CNC-01,L,300.75544398509146,314.1700125908075,2335.7919087626105,25.4921420732891,89.20364573770827,2.86990659395617,0.0,53.41226812050269,0,2026-09-10 04:10:01
2026-09-10 02:15:00,CNC-02,M,23.40134367527037,37.530125488276155,2526.673963712432,23.287556541245504,203.96827053742277,3.816624198619681,11.201660536660851,62.66689257897716,0,2026-09-10 04:10:01
2026-09-09 07:33:00,CNC-02,M,301.33363748356334,309.9639853332355,1754.1855056924092,45.6824423171885,25.78403035554526,2.393657014234017,14.78662110058704,51.95546683682044,0,2026-09-10 04:10:01
2026-09-09 09:12:00,CNC-01,L,296.50711206007173,310.6134307741611,1486.0963683317016,48.992203267440566,16.672124263085085,2.0390194916550146,13.532719120916939,57.58707690403849,0,2026-09-10 04:10:01
2026-09-09 07:50:00,CNC-02,M,301.2491785136657,,1748.913635091128,33.19767131246897,50.47085192595104,2.3947788760576123,11.129010041289602,43.70338722860303,0,2026-09-10 04:10:01
2026-09-09 19:08:44,CNC-03,H,299.6331794331709,313.33407456471554,2171.934954069747,28.85450573923386,98.13818189514528,2.7713892156379853,11.80501198542764,52.80339974455295,0,2026-09-10 04:10:01
2026-09-09 04:24:00,CNC-02,M,296.80617922604404,309.70882690210084,2240.8800394858195,25.32038847806823,22.658604156106772,2.9055833603117383,10.57459578279586,54.00986522189248,0,2026-09-10 04:10:01
2026-09-10 00:09:00,CNC-01,L,299.0237221405599,310.8780544472639,2714.302339851451,13.927292477102517,143.7092552349429,3.4923077326887664,7.408513202267627,53.347019726016796,0,2026-09-10 04:10:01
2026-09-09 05:01:00,CNC-02,M,296.4308421775722,310.5368976233935,2169.5589217974066,33.99108073135123,68.90481584937979,2.800189513537134,13.868732305993905,56.571076222606216,0,2026-09-10 04:10:01
2026-09-10 03:14:00,CNC-03,H,297.5474272429543,310.28355144579444,2567.5847216152624,19.050714338151923,117.76961762454359,3.250703672695993,9.165489962049016,55.213616726980945,0,2026-09-10 04:10:01
2026-09-09 22:23:00,CNC-03,H,299.6662071188295,311.4700647548984,2609.881603324662,16.210221543569,71.94274213399606,3.198592352551985,8.059240864975134,57.6569225696599,0,2026-09-10 04:10:01
2026-09-09 22:45:00,CNC-01,L,299.8742271057708,311.9483186720095,2641.15307754433,16.74154962171107,54.30106675677468,3.122977466463471,8.364676106298354,53.51138166448461,0,2026-09-10 04:10:01
2026-09-10 00:31:00,CNC-02,M,297.66355777304466,310.3226577802532,2647.3650494229178,18.08514673821257,91.38920348912337,3.263781707421683,9.023601141588161,56.13398766738075,0,2026-09-10 04:10:01
2026-09-09 20:19:00,CNC-01,L,300.75479136692127,314.0389320479312,2395.9054811863116,24.4717836404501,121.10623648357594,30.99490249005501,10.906637479679265,51.371466886454144,0,2026-09-10 04:10:01
2026-09-09 16:00:00,CNC-03,H,25.655195550489964,39.576133270507114,1671.912987928761,39.33833708622729,80.69215560936584,2.4576384019066806,12.468071070714482,52.39269876936101,0,2026-09-10 04:10:01
2026-09-09 06:12:00,CNC-02,M,295.9952759086555,310.9049591349727,1979.3885070796027,38.510841123590815,161.53224202970398,3.1254480905115014,14.239024785814275,62.94499548730118,0,2026-09-10 04:10:01
2026-09-09 23:11:00,CNC-03,H,299.27203473853,311.6814683208603,2689.505606898902,16.4836497037479,123.4217110648234,3.3500090595877765,8.086175638227251,50.975514336735294,0,2026-09-10 04:10:01
2026-09-09 21:50:00,CNC-02,M,298.80493722746854,311.9583507228324,2680.0212388876384,18.456851925401825,142.57017402811255,3.519346112617839,9.169639746965613,55.615785165692316,0,2026-09-10 04:10:01
2026-09-09 15:55:00,CNC-02,M,25.077278370620718,39.699141082383335,1684.9937197067793,44.23248629173427,124.8779398577909,2.5165303618293935,14.042621738580106,51.97524706205437,0,2026-09-10 04:10:01
2026-09-09 10:21:00,CNC-02,M,295.8053804089846,309.90987334677095,1318.1492784127106,51.09436208870109,60.88033571543943,1.9749323483732137,12.465654232451545,57.41614435971096,0,2026-09-10 04:10:01
2026-09-09 09:01:00,CNC-03,H,295.8108355000172,310.4905690126569,1545.2902426988692,46.11872502375841,192.62604637967112,2.7256285976888623,13.384065366186361,55.4496552933436,0,2026-09-10 04:10:01
2026-09-09 17:49:37,CNC-02,M,298.70804607044084,313.0397051366953,1901.209983276762,38.608301826585645,65.80606099470454,2.599481656095631,13.829630641634425,53.61011676889328,0,2026-09-10 04:10:01
2026-09-09 08:51:00,CNC-02,M,295.69847754092245,310.7814157756514,1726.8898437317296,46.87098355011579,141.0167278918271,2.6256472477472124,15.138289866822003,58.23384198735818,0,2026-09-10 04:10:01
2026-09-09 23:33:00,CNC-01,L,299.4511980746184,310.9725488421854,2695.3379614582195,12.675892637045486,105.56190702925619,3.284807421284658,6.6162568154722745,52.434302725073834,0,2026-09-10 04:10:01
2026-09-09 10:28:00,CNC-02,M,296.1842330082924,310.2939654097609,1334.6300078841132,52.096281244642924,71.95954810779523,2.076561656004766,13.099077791255345,,0,2026-09-10 04:10:01
2026-09-09 20:50:28,CNC-02,M,298.9175058813556,312.39694164326755,2546.997213027961,23.468483838193883,75.2575063407457,3.1092481800776635,11.041832408233697,55.16902164746986,0,2026-09-10 04:10:01
2026-09-09 14:09:00,CNC-01,L,297.9704443776076,312.0973881300213,1484.8876110017536,49.47059100627861,43.800691889008085,2.2168483454858188,13.874212415202916,56.75500943285102,0,2026-09-10 04:10:01
2026-09-10 00:24:00,CNC-01,L,299.23203089049395,311.24548600559547,2729.205465739444,14.05509741766003,159.92487789981317,3.6003886839629256,7.161258482045679,54.71551308354426,0,2026-09-10 04:10:01
2026-09-09 23:16:00,CNC-01,L,299.59202598958007,312.0602106052297,2683.5078688285867,17.67740601226745,87.50354796991208,3.2619139903077357,8.728890447535647,49.11843835104649,0,2026-09-10 04:10:01
2026-09-09 10:19:00,CNC-01,L,296.0979859468658,310.1580127482879,1345.8230177641049,49.37342690375076,120.62000902162953,2.1723539076142977,12.670093714184032,57.67361628192581,0,2026-09-10 04:10:01
2026-09-09 07:11:00,CNC-02,M,301.65959477574006,311.015352515297,1856.5837427912925,41.424233934576435,243.24061304152917,3.5715634729381813,14.264972218701411,48.98920206359391,0,2026-09-10 04:10:01
2026-09-09 18:53:00,CNC-01,L,300.6435170016652,313.49207480101916,2418.017094715864,24.298230094422305,16.518585474602123,2.966795796218453,11.137034081563074,45.43906194919983,0,2026-09-10 04:10:01
2026-09-09 12:07:00,CNC-01,L,296.9077448223299,311.1171493321853,1402.4745339876617,51.87942636733421,63.404655140607105,2.0468424631736823,13.955371512341017,58.531587861151436,0,2026-09-10 04:10:01
2026-09-09 12:10:00,CNC-03,H,296.97547592258627,311.8848097445155,1304.5570211753814,55.341337616601585,266.2725742628819,3.1848916456661405,13.580573431471581,52.058950421104,1,2026-09-10 04:10:01
2026-09-09 14:06:00,CNC-01,L,298.0710385240488,311.76725352424063,1428.9790880029943,47.18036658000189,39.106648270069584,2.08463705702667,12.71806796739104,55.43960477645287,0,2026-09-10 04:10:01
2026-09-10 00:00:00,CNC-01,L,299.30795355862347,311.6517785977726,2763.600636082637,15.83308010024426,134.3121049289532,3.5661730195722745,8.158173403915425,49.485849362650065,0,2026-09-10 04:10:01
2026-09-09 23:50:33,CNC-02,M,298.14161908787406,309.52430191571875,2768.6740889199136,11.361253776814491,49.82726717596453,3.25653586863903,5.881060384697954,56.17238238726455,1,2026-09-10 04:10:01
2026-09-09 11:26:00,CNC-02,M,296.03840799758285,310.4179830325467,1424.572885585912,51.53952821566787,163.60571649031394,2.491877000408853,13.698423625766313,59.40716235522423,0,2026-09-10 04:10:01
2026-09-10 03:41:00,CNC-02,M,295.8221962360548,308.5568323021301,2505.0008774254843,20.002967327636522,53.28007025552875,3.05599067966812,9.317429051171004,61.47924956066849,0,2026-09-10 04:10:01
2026-09-09 16:58:00,CNC-01,L,304.9319798884871,313.1866411535674,1614.2654726354879,44.99977781234913,95.01584508525264,21.729123398259233,13.652164844874235,40.57589510977001,0,2026-09-10 04:10:01
2026-09-09 05:21:00,CNC-02,M,296.0257411247583,310.2405581616011,2072.643718968499,34.98316788902454,94.3088168149587,2.5514171821619356,13.598558900813751,59.535526932945615,0,2026-09-10 04:10:01
2026-09-10 01:20:00,CNC-03,H,298.7399513174506,312.44682452242864,2630.1481479879303,21.196792779597967,261.0616528041463,4.411755248228315,10.499123568025514,51.61794268975338,0,2026-09-10 04:10:01
2026-09-09 13:26:00,CNC-02,M,296.9229230144045,311.65628302398164,1467.6661295886759,49.87796007759453,142.8382201128417,2.360285074519491,13.493628351099908,58.345826897836986,0,2026-09-10 04:10:01
2026-09-10 01:08:00,CNC-03,H,298.9285005197322,312.58860151678954,2728.6950450778586,20.935462775369913,248.0488287315063,4.246460166913829,10.82698555953471,57.165339811196674,0,2026-09-10 04:10:01
2026-09-09 14:30:00,CNC-01,L,298.3505889211925,312.61058012975997,1625.572941605575,44.08227972569725,76.20432905137399,2.32007621952763,13.393168576437377,52.63765535283106,0,2026-09-10 04:10:01
2026-09-09 07:36:00,CNC-03,H,295.4575424355012,309.7513768658602,1767.3087416309043,42.69255976285345,66.1768633178531,2.430872807070736,14.1514888092682,57.23330750150625,0,2026-09-10 04:10:01
2026-09-10 02:20:00,CNC-02,M,23.06313238906,37.12746198327778,2489.422235802166,24.515458169457695,209.53392713550016,3.7932962838102777,11.264838376975225,56.78719898739504,0,2026-09-10 04:10:01
2026-09-09 05:39:00,CNC-03,H,296.1958458588485,309.3284812911632,2141.5022601298724,28.070875330581163,129.20257410834,2.8208661618413315,11.15121610290564,57.82797025873703,0,2026-09-10 04:10:01
2026-09-09 06:53:00,CNC-03,H,295.86230473535323,308.6083366870928,1877.5819627484007,30.996855064203135,5.476716280710514,2.5146711826183754,11.176745483179806,59.45631751122082,0,2026-09-10 04:10:01
2026-09-09 16:08:00,CNC-02,M,,313.1985830730265,1631.6981618308735,43.2604745444578,143.8369993759305,2.4896532109753964,13.372078231415587,54.47668030027878,0,2026-09-10 04:10:01
2026-09-09 18:02:00,CNC-01,L,300.2148183991048,314.7758435902543,1921.3201042433789,35.80771040283212,182.45836335803722,3.1490222662959892,13.055351962516182,49.89612728019449,0,2026-09-10 04:10:01
2026-09-10 02:05:46,CNC-03,H,298.1080349023117,310.82916727074524,2650.600561871301,20.372263040109743,42.44295554563256,3.182473362798423,10.211333180661427,56.60998916150783,0,2026-09-10 04:10:01
2026-09-09 15:06:00,CNC-01,L,25.838897547393003,40.4508370754171,1576.1927652897484,46.84162813074774,131.25550520484668,2.436723913056265,13.760532180701631,57.71209299358541,0,2026-09-10 04:10:01
2026-09-10 01:54:00,CNC-03,H,298.350261915606,309.7867259052892,2847.6641460301153,13.665690148526295,28.22540175381922,3.4887475677504427,7.630934330449439,53.88021842523178,0,2026-09-10 04:10:01
2026-09-10 03:12:00,CNC-03,H,24.428639124367464,,2506.0638887581395,21.721475401328483,115.5520045588528,3.061199843329602,10.193072693783218,55.692238662103065,0,2026-09-10 04:10:01
2026-09-10 00:03:00,CNC-02,M,297.85236890661866,310.18341841860763,2833.2519579883033,15.686708925628,61.630423607242534,3.4117627941420254,8.489445286024843,61.17768547488674,0,2026-09-10 04:10:01
2026-09-09 20:20:00,CNC-01,L,300.8261238626222,314.4563768167009,2486.5030205934045,24.194624415153175,122.26343017224356,3.125502426639292,11.418619128213292,47.99375696086317,0,2026-09-10 04:10:01
2026-09-09 05:05:00,CNC-03,H,296.6364902954728,310.0888672940491,2322.804787560548,26.195946484892023,85.32467956704483,2.897340230139548,11.344058628877873,54.560642915000926,0,2026-09-10 04:10:01
2026-09-09 17:12:00,CNC-03,H,299.2610289318405,314.2900682020583,1754.2328088324289,43.80335173579916,183.36281634898816,2.8053711593225197,14.771164044666037,53.8593332932677,0,2026-09-10 04:10:01
2026-09-09 17:51:00,CNC-03,H,299.9054450785247,315.36798484498394,2045.7792415270496,39.1151079856258,236.3615258704742,3.5543822967595258,14.981331979938274,46.755987702047605,0,2026-09-10 04:10:01
2026-09-10 01:55:00,CNC-01,L,298.4293657427059,310.3812908800622,2607.803019461784,16.999360554738413,19.762158331491865,3.156600997926567,8.16628431953821,55.13414399960821,0,2026-09-10 04:10:01
2026-09-09 04:32:00,CNC-03,H,296.7464173933006,310.0671220597306,2406.007225950926,25.95924620365549,44.33199191530417,2.9489652563862307,11.754378242764608,55.14829318508892,0,2026-09-10 04:10:01
2026-09-10 01:14:00,CNC-02,M,297.3525117875104,310.06931359846607,2695.4498593332614,16.663435904012353,137.26881691530787,3.4102194658937792,8.46582132339662,54.68454774293419,0,2026-09-10 04:10:01
2026-09-09 07:33:00,CNC-01,L,296.52132644845767,310.2790959977763,1750.3309996074534,37.676458796095574,62.68335206069958,2.4047999682331627,12.142452871663016,54.964338250167586,0,2026-09-10 04:10:01
2026-09-09 07:17:00,CNC-01,L,296.30148689627976,310.41161306311005,1717.3751928732095,42.22400971461256,39.5136111565618,2.387277636536084,13.677712032690037,58.10992316792242,0,2026-09-10 04:10:01
2026-09-09 20:20:00,CNC-03,H,299.8280586581515,313.07917765110113,2406.330791136289,22.30827469444915,185.4553355525579,3.3815593682498983,9.895328154528425,50.327180564399434,0,2026-09-10 04:10:01
2026-09-09 20:27:00,CNC-01,L,300.8910810132703,313.8922259758784,2404.450535212341,22.227823420848193,130.5325420616005,3.1694654590285647,9.884882892643981,50.519571227887724,0,2026-09-10 04:10:01
2026-09-10 00:08:00,CNC-01,L,299.22638024231645,311.24163696734644,2797.0190025421516,13.275894343249446,142.6792552349429,3.542948576498442,6.729656413379518,53.69864189672792,0,2026-09-10 04:10:01
2026-09-09 09:13:00,CNC-02,M,296.2665551741354,310.7834237639499,1554.1559475136658,45.37612325592764,174.50860475821656,2.661329377076655,13.156515516319406,59.856628344519585,0,2026-09-10 04:10:01
2026-09-09 08:12:31,CNC-01,L,296.38005970756757,310.5619209696066,1808.96607064744,38.912125839998005,121.10848637473394,2.5993141254991086,13.167263444156895,60.47146791904508,0,2026-09-10 04:10:01
2026-09-09 17:08:24,CNC-03,H,299.17052984480205,314.3610614698618,1846.592304346529,43.260553762903115,177.87068358547629,2.886311011685902,15.005331299357584,51.791554532423596,0,2026-09-10 04:10:01
2026-09-09 08:59:00,CNC-01,L,296.37585718778047,311.1455415517328,1512.6884762162929,47.859922750359466,189.9299435849796,2.763909188949836,13.994841897671192,53.358538544732916,0,2026-09-10 04:10:01
2026-09-09 21:42:00,CNC-01,L,300.0689905256319,,2591.0763201553423,23.421718620273673,215.89898964269176,4.110638874137644,11.061430812362476,52.15677324507896,0,2026-09-10 04:10:01
2026-09-09 16:52:00,CNC-02,M,,313.84407899561825,1860.9890897018176,42.24701209022182,206.65766521217785,3.1765104772097397,14.727869737501578,52.40085649667377,0,2026-09-10 04:10:01
2026-09-09 21:11:00,CNC-01,L,300.4565319392809,314.3644300574755,2461.005812669979,26.015280454977216,181.03954135227676,3.602840210199783,12.071566955870226,49.04253500888567,0,2026-09-10 04:10:01
2026-09-09 23:29:00,CNC-02,M,298.1048915031718,309.9979163841365,2660.0600764955125,15.687250113785826,25.513947784389995,3.1471694340183025,7.819273171136571,52.47692279108812,0,2026-09-10 04:10:01
2026-09-10 01:28:00,CNC-01,L,298.33172656524005,312.0842373794399,2612.3237052654854,21.618721544868094,228.70814349358764,4.326928930328552,10.36718066489056,51.606256320585764,0,2026-09-10 04:10:01
2026-09-09 14:37:00,CNC-02,M,297.7340252791425,311.9813094831413,1546.3528894545284,47.58188126644201,7.681288936909169,2.2226159362904356,13.610602973872897,55.91430762952543,0,2026-09-10 04:10:01
2026-09-10 01:45:00,CNC-03,H,298.34145626617385,310.34711673051095,2453.8827871040003,,18.492721420820867,3.00797337398629,8.737403944582104,54.14790953749884,0,2026-09-10 04:10:01
2026-09-09 12:22:00,CNC-01,L,297.26058100781114,311.4616437315153,1374.930807526368,51.79948446028023,87.17959066416509,20.455352307254195,13.283568763291052,57.467574925665986,0,2026-09-10 04:10:01
2026-09-10 01:46:00,CNC-01,L,298.7174939256992,311.1183782414922,2505.4110078965723,20.956732966030344,9.835481462260711,3.078395408471161,9.674247406724456,54.080533305376505,0,2026-09-10 04:10:01
2026-09-09 05:17:00,CNC-01,L,296.8118541534554,311.06318942774266,2230.0240544396597,32.00287692019595,105.00293466399815,2.9162254148593587,13.508716673560144,55.54786326493,0,2026-09-10 04:10:01
2026-09-09 15:35:00,CNC-03,H,25.664274747301647,39.164769779465075,1767.8522421610137,37.18299542920042,43.59804306830019,2.3415597265877524,12.34231297513313,48.49862051597963,0,2026-09-10 04:10:01
2026-09-09 21:45:00,CNC-01,L,300.19400714375473,313.5713186407057,,21.553125819855026,219.25080237763,4.262510076793577,10.20185387706336,52.54797268287684,0,2026-09-10 04:10:01
2026-09-09 04:20:00,CNC-03,H,296.42932890527106,308.7999566241633,2448.9891065975858,21.986732822027154,29.690329229650708,2.996987649787883,10.159175062251606,57.65244000742885,0,2026-09-10 04:10:01
2026-09-09 08:37:00,CNC-03,H,295.5693702117296,309.90464799988973,1460.7027965314041,46.495872965012495,156.167723347273,2.3602598307396447,12.790030515184414,60.101752740121874,0,2026-09-10 04:10:01
2026-09-09 23:06:00,CNC-02,M,298.373718984402,309.64371550840633,2818.014449219212,12.178293450262384,1.03,3.223749390020448,6.639341684731151,51.854704136477096,0,2026-09-10 04:10:01
2026-09-09 23:16:00,CNC-03,H,299.60719538096555,311.9806087599139,2758.5798221646655,16.41614592200647,128.68693491036387,3.4010535410208864,8.562363539723375,50.87261026893906,0,2026-09-10 04:10:01
2026-09-09 13:53:00,CNC-01,L,297.81702884192225,312.0262747641747,1543.6096375989955,48.225667845485155,18.8249713444843,2.2031683186520854,14.151206794328303,53.84333144444355,0,2026-09-10 04:10:01
2026-09-09 08:16:00,CNC-01,L,296.24327497429374,310.10380425534686,1707.8538984834684,40.06009704743447,125.51692568408875,2.516817445810391,12.681026560422664,59.890422383161905,0,2026-09-10 04:10:01
2026-09-09 05:47:00,CNC-01,L,296.4664089170269,310.3975894670641,2119.711803397613,30.765528275069105,143.62213941095806,29.191301359494346,11.949994678279918,56.52020867021284,0,2026-09-10 04:10:01
2026-09-09 06:01:00,CNC-02,M,296.1175821456816,311.22635195414523,2016.04673789926,39.42121018471242,146.8815683179239,2.887498420031284,14.769455229822642,52.41724347654856,0,2026-09-10 04:10:01
2026-09-10 00:58:00,CNC-02,M,297.64024777063554,309.1812604791708,,11.031869461561051,120.11288410907657,3.458419639296931,5.662069733143814,55.80793867537689,1,2026-09-10 04:10:01
2026-09-09 14:33:00,CNC-03,H,298.52416838733257,313.37959621924296,1392.1191738334187,53.97677103236494,221.85015247116038,2.740839762919376,13.934340605476482,49.106656081584035,0,2026-09-10 04:10:01
2026-09-09 11:49:00,CNC-02,M,296.5050977632278,310.9309524437267,1381.9465098883622,50.11661186598057,200.1635351552423,2.614888480752485,12.912516772129413,58.285411714705205,0,2026-09-10 04:10:01
2026-09-10 01:22:00,CNC-03,H,298.6614139360522,312.0076393213015,2693.677455631389,18.218496994614313,263.20574550186353,4.377312628722697,9.413230087772904,52.40488225176283,0,2026-09-10 04:10:01
2026-09-09 15:59:00,CNC-03,H,25.99279259934434,40.25262847794727,1680.837558624951,43.46133322529601,79.25039218640045,2.4420056050661803,13.524414826090208,55.06202523574763,0,2026-09-10 04:10:01
2026-09-09 04:49:00,CNC-01,L,296.8152027523076,310.7132224523447,2179.3165507580625,31.74044437409415,69.4204762926968,2.7471421492348025,12.990519538931627,61.72985280709044,0,2026-09-10 04:10:01
2026-09-09 16:47:01,CNC-01,L,305.02998066925835,313.64016986445523,1881.8901888315625,41.10463879876948,79.54789451129722,2.495585725085184,14.300150553953575,45.03786523039351,0,2026-09-10 04:10:01
2026-09-09 18:06:00,CNC-01,L,299.9782079357886,314.6473879438207,1947.0783765747785,,187.7653175688235,3.2601339733938275,13.576028753355844,49.709807097871796,0,2026-09-10 04:10:01
2026-09-09 15:28:00,CNC-01,L,25.583469589517392,39.978261789883106,1390.3083197624276,51.58066886135692,164.48790986437626,2.427753803518892,13.282170662427008,52.93479734209088,0,2026-09-10 04:10:01
2026-09-09 05:22:00,CNC-02,M,296.30045935959254,310.03437841531934,2079.156198528099,31.83725855440186,95.6073272925363,2.7263481590739262,12.47959214544494,57.320939359455465,0,2026-09-10 04:10:01
2026-09-10 02:24:00,CNC-03,H,25.151283638075597,38.02308382154649,2382.4970221250264,22.602472851178675,61.399041613376966,2.9241536461628916,10.061811207815733,56.26728244346719,0,2026-09-10 04:10:01
2026-09-09 08:23:00,CNC-01,L,296.27716770045777,310.8250790942354,1466.3819480466975,49.9214623324295,135.87640239600432,2.4565573222262307,13.685987499046371,55.54619088358588,0,2026-09-10 04:10:01
2026-09-09 20:30:00,CNC-03,H,299.880161514822,313.5003277394346,2485.603302298453,23.475168158702587,197.07532021753968,34.733356529728006,10.911566273120853,50.485777157943,0,2026-09-10 04:10:01
2026-09-09 14:24:00,CNC-03,H,298.0477966308179,313.09985010757543,1496.6558328058331,49.71527660435678,207.8017409296309,2.7458228287064252,14.087618005623934,56.76069706320474,0,2026-09-10 04:10:01
2026-09-09 08:15:00,CNC-01,L,296.11470166812023,310.5202293254914,1649.9754903018195,43.28292597196763,124.05059904602663,2.488628227708849,13.296349105611474,64.24085475815434,0,2026-09-10 04:10:01
2026-09-10 00:01:00,CNC-03,H,299.41374607723986,312.126639295392,2735.820838613517,17.146066992328553,176.50349714921674,3.6936736518287834,8.52974685966032,53.70989223747663,0,2026-09-10 04:10:01
2026-09-09 15:10:00,CNC-03,H,25.291837831379894,38.71759123156056,1534.3296610425648,43.28296668406015,6.018875140046544,2.2148069222903093,12.43833687195975,51.60205844867387,0,2026-09-10 04:10:01
2026-09-09 06:45:00,CNC-01,L,296.354128017526,310.7175172498593,1976.7615046591945,33.76676127361394,221.67410353535632,3.6044372445956796,12.619893166208337,59.84498826511257,0,2026-09-10 04:10:01
2026-09-09 21:14:32,CNC-01,L,300.5677568806857,314.58192349329784,2603.3723495865197,23.892573671540905,185.62658034794086,3.737456379022981,11.814314993539991,46.44289545212739,0,2026-09-10 04:10:01
2026-09-09 14:19:00,CNC-01,L,298.2382452529963,312.41608477988177,,46.34421551046413,59.317756198084254,2.2394494085422236,13.5573597642085,55.89491865960736,0,2026-09-10 04:10:01
2026-09-10 01:27:00,CNC-03,H,298.5033150591368,312.3168744906527,2741.4231693564557,19.924938223297335,268.53800058022887,4.535590363609572,10.20427093159527,56.75625023359274,0,2026-09-10 04:10:01
2026-09-09 19:19:00,CNC-03,H,299.68591227429357,313.26489120258293,2195.8523850965944,27.3643350649292,111.85503310122431,2.812337969198812,11.17034441049067,51.55338225722514,0,2026-09-10 04:10:01
2026-09-09 12:46:00,CNC-02,M,296.9026770758055,311.37502002253456,1363.6169431233538,53.55105407722991,79.46206949068132,2.011563956702599,13.762267640163039,58.349319850467,0,2026-09-10 04:10:01
2026-09-09 15:38:00,CNC-03,H,25.420944634944476,39.59775904106607,1528.4203393911373,47.20414408229288,48.121866361765996,21.35983908186121,13.435709420090403,52.839898072236345,0,2026-09-10 04:10:01
2026-09-10 00:55:00,CNC-03,H,299.1227230671837,312.52840905758393,2624.700987646828,20.579924177325786,233.9288495431993,4.109010113906174,10.201954690108307,51.20413342340545,0,2026-09-10 04:10:01
2026-09-09 22:28:00,CNC-01,L,300.07736805324737,310.9415496184281,2739.0176066641943,10.671766877556607,35.83503083743776,3.3458580214768165,5.6531990713508655,49.72568451581428,1,2026-09-10 04:10:01
2026-09-09 05:39:00,CNC-01,L,296.17767177467596,310.53195170555966,2161.974640895959,31.507163138064836,133.21907244236687,2.9210247919612873,12.883717337836917,58.52463278120878,0,2026-09-10 04:10:01
2026-09-09 11:57:00,CNC-01,L,296.7184149934241,310.0916751675512,1346.1762366362818,,47.51094755705203,2.101242358262671,11.867199263500284,55.756104593439936,0,2026-09-10 04:10:01
2026-09-09 05:21:00,CNC-03,H,296.3755880996256,310.2957847669518,2168.699745062414,31.24775825565565,105.91061125615737,2.7523377767995827,12.760106853781538,63.368690779825066,0,2026-09-10 04:10:01
2026-09-10 01:20:00,CNC-02,M,297.30253974812246,311.1846462896894,2595.992591441557,22.77302217200408,143.7495294529487,3.3497907305576464,10.823666062292174,50.18354420554833,0,2026-09-10 04:10:01
2026-09-09 15:27:00,CNC-01,L,,41.037484853927936,1613.9849650079166,49.0217269513749,162.9298860727212,2.6699583236490803,14.881950708191427,56.84343879350794,0,2026-09-10 04:10:01
2026-09-09 04:26:00,CNC-03,H,296.8995620843369,310.0496536682402,2351.915241181391,25.372711891480563,37.02503032617295,3.024368621696244,11.390214390734087,54.12329424251431,0,2026-09-10 04:10:01
2026-09-09 13:40:00,CNC-02,M,297.2101621714128,312.0060208228762,1366.0171710558407,53.518941288152305,164.6854927323304,2.3710017563933037,13.776082427733531,55.691860896632555,0,2026-09-10 04:10:01
2026-09-09 05:58:00,CNC-01,L,296.4243012912513,311.1394271048842,2195.9344386654807,33.04833415824442,158.10132237286885,3.151629371479202,13.560718763328984,58.26322857106531,0,2026-09-10 04:10:01
2026-09-09 04:33:00,CNC-03,H,296.70233050657,309.99624301693,2409.5473196970647,26.46063328159329,45.55353615451404,29.457196456853726,12.093062961721571,56.49000194460259,0,2026-09-10 04:10:01
2026-09-09 23:28:00,CNC-03,H,299.38315111393666,312.3728115493549,2769.156107468807,19.347967412268734,141.43810926233064,3.46052561813684,9.963666019578302,54.256151120442375,0,2026-09-10 04:10:01
2026-09-09 08:34:00,CNC-03,H,295.6134949343041,310.70454910557737,1575.0477444126323,50.96931429477319,151.5429772736806,2.379395466575029,15.160043349332307,56.89791191009742,0,2026-09-10 04:10:01
2026-09-10 03:54:00,CNC-01,L,297.8244222210341,311.06612947049376,2445.617490359562,22.800177245701164,155.14737199245283,32.34265274321309,10.409021110120593,55.63338522958918,0,2026-09-10 04:10:01
2026-09-10 01:10:00,CNC-02,M,297.43194384999583,310.378689958559,2629.6060580243084,18.73892261788204,133.03370620205513,3.4472859036563506,9.214610725341485,54.592534250845695,0,2026-09-10 04:10:01
2026-09-09 11:49:00,CNC-03,H,296.73057906992096,311.8631165445824,1372.598513596425,55.43561552844686,232.88209819595488,2.8521315574848742,14.249911308230601,58.06474103518527,0,2026-09-10 04:10:01
2026-09-09 07:20:00,CNC-01,L,296.46324448736635,310.4852798172699,1677.8453793872388,42.719549930257394,43.86821492071034,2.403332868788058,13.485080815765906,56.34192510610331,0,2026-09-10 04:10:01
2026-09-09 17:47:00,CNC-01,L,300.2567365279232,315.3439083851494,2032.4768672348632,38.79880772980047,162.34304978019,3.03725753014446,14.63642432114079,51.78469068039463,0,2026-09-10 04:10:01
2026-09-09 11:41:00,CNC-01,L,296.2252230825135,309.47777105956203,1234.5347189113645,49.812792701263234,22.138873396766524,1.9210093609897787,11.265297646625704,57.2414137060745,0,2026-09-10 04:10:01
2026-09-09 10:26:03,CNC-03,H,296.05067362471874,310.3487393532984,1493.661769624926,48.38240794000022,99.77988834751473,2.2589722877753724,13.513452802688105,55.90525112292085,0,2026-09-10 04:10:01
2026-09-09 19:10:00,CNC-01,L,300.70281338794166,313.53692200078655,2287.6760159847495,24.063319734136503,37.84673468354403,2.867204161080928,10.463629308677074,50.755426817033104,0,2026-09-10 04:10:01
2026-09-09 05:25:00,CNC-02,M,295.90306262774925,309.63502859779146,2140.716776504897,30.026100743248314,99.4628541106181,2.744097507794178,12.181318096416666,59.29580624688591,0,2026-09-10 04:10:01
2026-09-09 13:29:00,CNC-02,M,297.07457221849495,312.13997662042425,1424.16388198106,55.49776551416023,147.551342514195,2.3163204947461726,14.488988754215985,56.58538904383755,0,2026-09-10 04:10:01
2026-09-09 11:59:48,CNC-02,M,296.3052307258394,310.01052089065905,1338.0006679961969,49.55037345632844,7.983630147906496,1.9474689590379737,12.643763596958838,57.32025155323176,0,2026-09-10 04:10:01
2026-09-10 00:58:00,CNC-03,H,298.7100762604633,313.1136812816342,2519.850684801944,26.265954876758254,237.27502258581387,39.07585087189577,12.364698808432047,50.580646801358334,0,2026-09-10 04:10:01
2026-09-09 19:32:00,CNC-02,M,299.27288963674937,313.75110762149217,2399.428306953429,26.95794256137403,197.46763106034572,3.506944622702125,12.106946316776675,51.74423755684626,0,2026-09-10 04:10:01
2026-09-09 20:47:00,CNC-02,M,298.77279639193387,311.64866860667536,2459.878753036794,20.902544074903943,71.7965880864788,3.0501950991347573,9.583159752883812,49.82857248605101,0,2026-09-10 04:10:01
2026-09-09 13:05:00,CNC-02,M,296.90212043305024,311.1615470604983,1378.2299220348048,51.199708641319326,109.60768244979269,2.1738975626664416,13.40396763295064,55.86693796757366,0,2026-09-10 04:10:01
2026-09-10 03:45:00,CNC-01,L,298.08971053024857,311.14096125025344,2311.9665738152958,23.098701356581127,144.39691043268203,3.2163628173713636,10.015318184735973,53.8440417438087,0,2026-09-10 04:10:01
2026-09-10 00:44:00,CNC-01,L,299.09380028166726,311.9144194480004,2587.7649727163266,18.088903288123518,181.50335920111834,70.88203592580588,8.627301287676584,56.16610905577242,0,2026-09-10 04:10:01
2026-09-10 01:46:00,CNC-02,M,297.2466800739788,310.079150198036,2592.64435362288,17.55507113827808,6025.0241026938,3.5040347577306328,8.42994994137079,55.07381876206463,0,2026-09-10 04:10:01
2026-09-09 04:59:00,CNC-01,L,296.47654239073483,309.34294118772306,2261.8802688854735,24.45446150918641,82.04336777374729,2.9390132503687356,10.633250163095324,57.170723768963526,0,2026-09-10 04:10:01
2026-09-09 17:55:00,CNC-02,M,298.93261614435914,313.3210410849435,1949.9046329117803,35.881344786514276,73.90042655852618,2.6594107892516075,13.181023740871625,47.71730459371295,0,2026-09-10 04:10:01
2026-09-09 15:40:00,CNC-02,M,25.241183344852118,39.62922878413946,1518.224191135097,48.27312847500681,102.73402208277221,2.2452297764405857,13.542168223003634,51.477076964380565,0,2026-09-10 04:10:01
2026-09-09 14:55:00,CNC-01,L,298.5501498380414,312.65217688697084,1604.2225452340829,43.56641095538042,114.51430655083544,2.3058288619973393,12.95648953987101,55.59742498095109,0,2026-09-10 04:10:01
2026-09-09 22:50:00,CNC-02,M,298.4369760524373,311.66280145153803,2669.9795830861826,17.348391959050538,207.95300202691868,3.9486420680801766,8.730989062914515,55.07199865665539,0,2026-09-10 04:10:01
2026-09-09 11:40:00,CNC-02,M,296.1890531709279,310.88389254998026,1360.456578243336,50.07129143661547,185.8746607547178,2.6609524595741827,13.01663120890518,60.39478129769385,0,2026-09-10 04:10:01
2026-09-09 10:37:00,CNC-01,L,296.35189735429014,311.1294969767108,1575.5496817859973,48.84203847501787,149.05193670532825,2.53035788413903,14.481434265443582,61.27829276363402,0,2026-09-10 04:10:01
2026-09-09 09:28:00,CNC-02,M,296.15284078960156,311.2511267447223,1435.250714600365,52.65072678806032,197.61133097334837,2.624031646681875,14.042441765888535,61.097114218982064,0,2026-09-10 04:10:01
2026-09-09 22:08:00,CNC-03,H,299.8241991966986,312.0738471904585,2685.9665882374293,17.801334405556336,55.66385890802466,3.284262424491182,8.869821694004877,51.94279885189195,0,2026-09-10 04:10:01
2026-09-09 15:55:00,CNC-01,L,26.43910033636206,40.108779630786785,1721.7954503895903,40.221897125765075,4.3448238411351845,2.368446252432478,12.801912111507022,50.43287479862752,0,2026-09-10 04:10:01
2026-09-09 11:15:00,CNC-02,M,296.17244760691983,310.5404938878071,1396.6037048160686,49.94020318674341,146.16334451102585,2.2365252660007147,12.754499587429411,57.83976118605066,0,2026-09-10 04:10:01
2026-09-10 01:19:00,CNC-01,L,298.4545960905837,312.51250345743506,2497.704924450007,25.808338472247723,219.09132634512522,4.100068789442454,12.050930626952145,49.616567483862454,0,2026-09-10 04:10:01
2026-09-10 02:16:00,CNC-03,H,25.321007769661776,37.17957449807187,2461.608243590385,16.997989592593992,52.37021685484024,2.948861535734809,7.803438691864971,51.66311702718241,0,2026-09-10 04:10:01
2026-09-09 09:16:00,CNC-03,H,295.75934373765773,310.50090081818144,1395.6782084041292,51.31188310061265,215.5264944467696,2.7205754896063605,13.630054724782697,57.65035755071127,0,2026-09-10 04:10:01
2026-09-09 08:22:00,CNC-03,H,295.55913686410514,310.0639955023413,1700.7347433494783,44.105942160373125,133.59515361945768,2.4614593342256836,14.060670947860249,60.90818472197337,0,2026-09-10 04:10:01
2026-09-09 10:06:22,CNC-03,H,295.655232624155,309.58695734410185,1428.603831289725,47.9822156408731,70.07872326718724,2.087144250232789,12.604170528867606,53.891547003319054,0,2026-09-10 04:10:01
2026-09-09 13:24:00,CNC-03,H,303.0881282303569,311.6373540528907,1322.9393731500356,56.70668345418531,114.1088454821442,2.083603658201255,13.937717908877438,46.470958367112154,1,2026-09-10 04:10:01
2026-09-09 08:02:00,CNC-02,M,301.2213906191,309.87976259497145,1877.2783275288132,42.41936070389707,68.0902334439402,2.5165327696512927,14.865447917127181,50.94804560698316,0,2026-09-10 04:10:01
2026-09-09 19:44:00,CNC-02,M,299.07145298981027,313.5263133522333,2287.8116218599666,28.35880859619963,212.1790257236462,3.7224608002973825,12.159139094890131,53.72866147039016,0,2026-09-10 04:10:01
2026-09-09 19:30:00,CNC-03,H,299.77073357106246,313.879098015741,2365.0114629019754,28.664678072999447,125.47022914101083,3.0198537792518487,12.902594253452865,47.303228585614924,0,2026-09-10 04:10:01
2026-09-10 00:12:00,CNC-03,H,299.40945172274854,312.27279126430557,2814.995625555973,16.51464671027537,188.1052989556646,3.686273688031584,8.490626346672947,52.38787723923189,0,2026-09-10 04:10:01
2026-09-09 08:43:00,CNC-01,L,296.2964367092972,311.3476021348782,1690.0090357202785,48.13611937042625,165.5847982561005,2.830856798933085,15.239205208150544,60.436364153617745,0,2026-09-10 04:10:01
2026-09-09 19:18:00,CNC-02,M,299.08190557130644,313.6031961117271,2209.0704818836357,30.055605302935874,180.50247712160115,3.216858096249545,12.357801375351382,52.90870110746138,0,2026-09-10 04:10:01
2026-09-09 19:10:00,CNC-03,H,299.8334623204886,313.57531351246536,2301.5007159360816,27.12424810894087,100.63687178789785,3.018956587657484,11.691102820177967,48.30143116942725,0,2026-09-10 04:10:01
2026-09-10 03:40:00,CNC-02,M,295.83557834488397,308.1512977041158,2482.6136076771327,17.456667779652886,52.14569019545833,3.057421630717806,8.338743823502288,62.17095292188802,0,2026-09-10 04:10:01
2026-09-09 21:48:00,CNC-02,M,298.76027912739903,311.2278660188279,2728.719942246276,14.9584737280545,140.3640504016152,3.4816429472630546,7.636599250323007,54.7926060919879,0,2026-09-10 04:10:01
2026-09-10 00:57:00,CNC-01,L,298.62096165985326,311.49074149423706,2704.1178858448066,17.044208321354546,195.38998327738778,3.945772412430812,8.60629015129815,54.2275412804721,0,2026-09-10 04:10:01
2026-09-09 10:17:00,CNC-02,M,296.136134905031,310.09712193093907,1380.1850246286208,51.296064668885315,54.579219741336864,2.06637264155221,13.23893672374151,59.72189240561499,0,2026-09-10 04:10:01
2026-09-09 22:43:00,CNC-03,H,299.5991019985639,311.278758399824,2828.3712560752083,13.240936163737619,93.63963362979135,3.402178776576561,6.67455454387709,49.82409789419552,0,2026-09-10 04:10:01
2026-09-09 17:16:00,CNC-02,M,298.46210558835406,312.1573218434577,1854.6168147177796,37.626529767451835,20.896040566344645,2.424565723031015,13.332424852703022,51.30519503052388,0,2026-09-10 04:10:01
2026-09-09 08:24:00,CNC-02,M,301.82645934404366,309.6844140697258,1720.3048243030291,38.29761692703231,100.45636898605133,2.46837225938876,12.714635998610468,49.412684752752675,0,2026-09-10 04:10:01
2026-09-09 23:48:00,CNC-03,H,299.4471154665218,311.68675460176775,2791.108782390985,15.25179527196122,162.70819439289318,3.568252241816057,7.968290113090722,48.57419978370669,0,2026-09-10 04:10:01
2026-09-10 01:19:00,CNC-02,M,297.2756026496544,310.0787634314604,2860.8175214944554,15.228279439123751,142.63860194523946,3.5954462165544143,8.309745175720614,53.01919578630013,0,2026-09-10 04:10:01
2026-09-09 06:34:00,CNC-01,L,296.4957961059642,311.56306758894607,2156.285380928235,34.780001217449964,206.49820686141828,3.609914655256861,14.178438239537055,60.68731750330153,0,2026-09-10 04:10:01
2026-09-10 02:45:00,CNC-02,M,22.96372278660465,36.98724169310094,2485.360598542634,22.718554405146055,237.7369091946828,4.121990773745105,10.49840091922508,56.53660934529975,0,2026-09-10 04:10:01
2026-09-09 19:47:00,CNC-02,M,299.1068157141656,312.0999230771186,2263.3061310531143,26.921072521963474,1.2201119001594543,2.86802349511764,11.537443283193246,48.89636608202512,0,2026-09-10 04:10:01
2026-09-09 08:52:00,CNC-02,M,296.0906117423687,311.18745213145263,1585.5952317759088,50.47405961007976,142.5307179095846,2.598381116059986,15.073145609928577,56.90863113340995,0,2026-09-10 04:10:01
2026-09-09 17:27:00,CNC-03,H,299.3322832053605,314.28138540193106,2001.458341256569,38.433268580054694,204.01779300800266,3.147600350972321,14.219442952002103,54.0720987052637,0,2026-09-10 04:10:01
2026-09-09 05:58:00,CNC-02,M,296.22459767891723,311.5537396475983,2093.4093390518856,38.31042551737181,142.82540405569844,2.8466328248737915,14.807520618249072,58.89916924909796,0,2026-09-10 04:10:01
2026-09-09 12:04:00,CNC-01,L,296.69314485395216,310.5889751585282,1407.1726744129899,48.76468875747732,58.63438396695595,2.134886491542837,12.785265375049013,57.121320488226644,0,2026-09-10 04:10:01
2026-09-09 14:34:00,CNC-03,H,298.23525996510244,313.1624553594251,1400.3661616519346,52.2336711818454,223.43366842870836,2.800701658563997,13.709186959619377,54.909179696113426,0,2026-09-10 04:10:01
2026-09-09 04:54:00,CNC-01,L,296.60805175433023,309.7820139361653,2245.4663607521315,25.93816170477336,75.71971420969827,2.7398348855096843,10.81281801121886,59.251063258351394,0,2026-09-10 04:10:01
2026-09-09 07:39:00,CNC-02,M,301.33608987003345,309.5583773694304,1719.4502719519774,43.57083983914522,34.39860080458081,2.3575301454835143,14.074120991959353,55.45176902789012,0,2026-09-10 04:10:01
2026-09-09 16:05:00,CNC-03,H,299.1596494405551,313.3563878310182,1794.388747350055,39.420785156355514,87.94081558317853,2.549135364667677,13.213350079174134,55.12902289052891,0,2026-09-10 04:10:01
2026-09-09 15:52:00,CNC-02,M,25.295942129126786,39.59281629697091,1544.0423523641034,45.45743923903851,120.55194356122193,2.3743270163483436,13.314093458161715,53.715418499789884,0,2026-09-10 04:10:01
2026-09-09 22:58:00,CNC-02,M,298.5285712295681,310.6708243916304,2711.2908611764565,105.30978509029471,216.49050151436867,4.11377447638269,5.722562660054088,54.40783233765826,1,2026-09-10 04:10:01
2026-09-09 07:38:00,CNC-03,H,295.8594625274896,309.6784933694345,1539.9419797699252,45.2409838439147,69.11409995983327,2.2007506818118423,13.145459623776732,62.30147683999276,0,2026-09-10 04:10:01
2026-09-09 13:44:00,CNC-02,M,297.1312174500562,311.8995566674987,1515.1773933243924,48.873052555821744,170.9968645127308,2.640725365137261,13.872697403787928,60.14458382848723,0,2026-09-10 04:10:01
2026-09-09 06:59:00,CNC-01,L,296.26927318612263,309.9659006669175,1734.6271259626742,40.7093612850099,14.022500875114478,2.325481078835248,13.125515950177903,56.91534005163781,0,2026-09-10 04:10:01
2026-09-09 12:13:00,CNC-01,L,296.926087699374,310.70417824002783,1329.4768737128477,50.51076575475557,72.91713377587071,1.9783925581331911,12.791229128100397,55.42913412878228,0,2026-09-10 04:10:01
2026-09-09 22:23:00,CNC-02,M,298.56308998324624,312.26655804501144,2575.068729865642,20.994297883007533,178.67708813574333,3.7187370357179304,10.131933565989009,53.631741582895124,0,2026-09-10 04:10:01
2026-09-09 23:19:00,CNC-03,H,299.61340647863176,311.12456748864776,2758.550819834288,12.773780376832132,131.87683053060857,3.3911851220610543,6.388634898160475,49.95848031350276,0,2026-09-10 04:10:01
2026-09-09 04:11:00,CNC-03,H,296.89237828408517,309.7699176953721,2304.3731589650483,24.625306495505498,18.963198521306666,2.846085801555261,10.642557983441765,57.67189694940971,0,2026-09-10 04:10:01
2026-09-09 17:12:00,CNC-01,L,299.60226839800026,,1873.4071319480147,39.25117142845017,114.53297202578591,2.6490812886967534,13.708132807520494,49.41049944882907,0,2026-09-10 04:10:01
2026-09-09 06:14:00,CNC-01,L,296.6435529962201,311.6335697609327,1872.2527487725406,347.77704108838657,179.43796412759403,2.9584020442341377,14.297775723477688,54.16774644016837,0,2026-09-10 04:10:01
2026-09-09 04:54:00,CNC-02,M,296.50056982119014,309.67026437904724,2208.715268781784,25.654867220732005,59.98355236471176,2.8070160899771657,10.57955097079939,57.939929119868395,0,2026-09-10 04:10:01
2026-09-09 04:37:00,CNC-01,L,296.75868026683537,309.6693866813858,2191.1572576467106,24.854278996731892,54.4111534253296,2.866998777892716,10.218316901378742,59.94514115383258,0,2026-09-10 04:10:01
2026-09-10 01:16:00,CNC-03,H,298.8305751439295,312.94814640228077,2585.0087317019243,23.428861914681757,256.70794976229354,4.187989782073359,11.251147833612153,54.631054958279066,0,2026-09-10 04:10:01
2026-09-10 00:52:00,CNC-02,M,297.5402266652908,309.5057878849705,2793.2846198591124,12.85686506342415,113.7500912693148,3.5047688757789572,6.419455298602845,53.43998345836617,0,2026-09-10 04:10:01
2026-09-10 02:44:00,CNC-03,H,24.64236679153555,37.5699208678285,2570.1291149123376,20.82185796866833,83.7905126199471,3.2359444385616802,10.010508434415406,56.2177282714531,0,2026-09-10 04:10:01
2026-09-09 05:34:00,CNC-03,H,296.07263375757,310.34985695487245,2040.0945523020227,33.776876773741606,122.6991750115052,2.7294685757565054,12.877560974714052,55.80426091363221,0,2026-09-10 04:10:01
2026-09-10 02:10:00,CNC-02,M,23.687543389639416,37.70316835235536,2574.9044882263174,23.072755190298007,198.2835712533083,3.7483230983006415,10.945264488821918,58.24513155891549,0,2026-09-10 04:10:01
2026-09-09 13:39:00,CNC-01,L,297.4536550179795,312.5114503301137,1538.7246947413798,50.93613587113131,209.24947742830912,30.246123063417727,14.625477018854232,57.50297532518482,0,2026-09-10 04:10:01
2026-09-09 07:47:00,CNC-02,M,301.2368661754258,309.140036311915,1678.4789269247865,41.72844386423548,46.130660948901635,2.1997448746700523,13.000871128946397,52.006253563726496,0,2026-09-10 04:10:01
2026-09-10 00:53:00,CNC-02,M,297.2424381090594,309.57888161808285,2617.428213901633,15.41048826955493,114.82676358897484,3.3243506504331988,7.240500921521587,56.88279868466411,0,2026-09-10 04:10:01
2026-09-09 05:10:00,CNC-01,L,296.550666217545,309.55319243682214,2309.1897336246716,24.2117179603105,96.04989582103515,2.9555357021562796,10.507797514090635,56.64337382337793,0,2026-09-10 04:10:01
2026-09-09 22:55:00,CNC-02,M,298.55426417343733,311.6161961844102,2666.480458745115,,213.34378763958628,3.888529579682691,8.407448741697317,55.858207751267884,0,2026-09-10 04:10:01
2026-09-10 01:48:00,CNC-01,L,298.6411315151915,310.41657426353424,2713.539701886573,16.352834171441447,12.02770741074177,3.315725028636626,8.452290096720985,55.728156029097576,0,2026-09-10 04:10:01
2026-09-09 23:05:00,CNC-01,L,299.6195627292123,311.7619325969651,2686.8085490772673,16.701538327767782,75.6740662383197,3.1863462942615595,8.158478410347385,55.99855943589683,0,2026-09-10 04:10:01
2026-09-10 03:46:00,CNC-02,M,295.71147066731544,308.54605476232416,2443.2835730693632,21.45787050216192,59.18894448341714,2.9901219958596865,9.83900562545519,59.88861041071074,0,2026-09-10 04:10:01
2026-09-09 17:30:00,CNC-01,L,300.05162046280316,314.4935757547162,1814.6798300461398,40.15599352254102,139.33195093063208,2.734583244416316,13.75189220066973,50.71618668425495,0,2026-09-10 04:10:01
2026-09-09 09:21:00,CNC-01,L,296.28256895586145,309.9365196688013,1441.5268003092385,48.54985982934199,30.46871958051525,2.0730828590560444,13.224653292801486,57.87760635679146,0,2026-09-10 04:10:01
2026-09-10 00:49:00,CNC-02,M,297.29625244914536,309.7844135562549,2828.8447124943364,15.838237144373142,110.62694643558095,3.41901080831092,8.152914248363867,54.48986970520647,0,2026-09-10 04:10:01
2026-09-09 09:05:00,CNC-02,M,296.2742243101291,311.3966327899499,1609.6829916439472,48.64224207126415,162.30548468378217,2.5855690597897056,14.814078285180052,58.07583503368526,0,2026-09-10 04:10:01
2026-09-09 22:55:00,CNC-03,H,299.4283520754488,310.8589972587904,2764.079600318956,11.507980619207459,106.26422925510954,3.3849203821960057,6.207935016981148,52.930833850494345,1,2026-09-10 04:10:01
2026-09-09 16:53:00,CNC-01,L,304.949824114505,313.2586368188624,2045.6915057961237,34.81821342702704,87.94011928213655,2.6952080467903032,13.435268335859135,43.12769398885567,0,2026-09-10 04:10:01
2026-09-09 16:25:00,CNC-02,M,298.7253984894782,314.04561644450445,1864.9593309150748,43.796487065558715,168.16528586812043,2.865684028962179,15.337554524195808,54.385812310860075,0,2026-09-10 04:10:01
2026-09-09 14:35:00,CNC-01,L,298.50976721126705,312.5792399210524,1496.114062289727,46.73524953713986,83.95555772400681,2.1889276765884698,13.035933434486896,52.239566403909215,0,2026-09-10 04:10:01
2026-09-09 19:24:00,CNC-03,H,299.75957834972456,312.85232331840047,2307.403879031209,0.0,118.04952388363527,3.0397074041927445,10.662404709467015,49.67475983098774,0,2026-09-10 04:10:01
2026-09-09 06:42:00,CNC-03,H,295.7894283269619,310.84858392776164,2077.9273432094983,38.06059192675339,213.7823645882161,3.329782857222624,15.053624326033342,56.77294765942362,0,2026-09-10 04:10:01
2026-09-09 12:38:00,CNC-01,L,296.8888646017031,311.0007472972832,1375.2599731712116,52.13198196137989,112.63787213774253,2.169999205903568,13.398501787273203,54.12307872220167,0,2026-09-10 04:10:01
2026-09-09 21:11:00,CNC-02,M,298.92193375496294,311.2663770379063,2593.0076047817224,16.610266998567834,99.03599046894432,3.23377144504258,8.056084401284208,55.20340691575555,0,2026-09-10 04:10:01
2026-09-09 21:17:00,CNC-03,H,299.8245504911202,313.2186783759095,2552.5514703326708,20.331409380872056,250.3753950019649,41.18972203704388,9.84065875672037,54.26699876275334,0,2026-09-10 04:10:01
2026-09-09 12:35:00,CNC-01,L,297.10089921251443,311.3476165174216,1381.5349108814448,48.923924814591814,107.83787213774255,2.1701428452731606,12.844934980522684,54.40819989485057,0,2026-09-10 04:10:01
2026-09-09 11:28:00,CNC-02,M,296.05615557226105,310.96662054070913,1413.8042449450015,52.8475867927288,166.77673660327844,2.3818826436339045,14.204989996899574,60.458182192950645,0,2026-09-10 04:10:01
2026-09-09 10:27:00,CNC-01,L,296.16653633619563,310.64573500638994,1455.3612100277742,50.136992406134226,133.21834599260575,2.3137627735533823,13.826449621064459,59.10679540782193,0,2026-09-10 04:10:01
2026-09-10 03:19:00,CNC-03,H,297.66370258814226,310.9931483683219,2408.0398533583602,23.498974994616187,123.53946792054757,30.594600894227643,10.629189925565436,59.00945832683358,0,2026-09-10 04:10:01
2026-09-09 14:03:00,CNC-02,M,297.5249944504135,312.4600908603452,1535.3075813630505,46.40648241342018,200.87526961998742,2.842986602385715,13.386240520563454,56.91476878344848,0,2026-09-10 04:10:01
2026-09-09 21:00:00,CNC-03,H,299.9933438509477,313.39495593015687,2537.975437326944,20.50821250598007,231.42373753698476,3.9369045888853416,9.878845000825109,53.558779019409144,0,2026-09-10 04:10:01
2026-09-09 23:46:00,CNC-02,M,297.8949359854139,309.6314199744448,2808.820004640796,12.443163037494312,43.48795095092764,3.3746605103578426,6.462094883576311,56.70481765316562,0,2026-09-10 04:10:01
2026-09-10 01:22:55,CNC-03,H,298.7013788267846,312.4474837456796,2519.9347199692534,21.90310108079604,265.3516702956049,4.179147484813957,10.343332456051316,55.74789135437657,0,2026-09-10 04:10:01
2026-09-09 12:06:00,CNC-02,M,296.3331324033133,310.16140818893024,1296.295465824562,52.12231793597901,15.921407895085506,1.9711068637872027,12.60111699248301,56.23934917398455,0,2026-09-10 04:10:01
2026-09-09 15:59:00,CNC-01,L,26.031931327811435,39.950875360523185,1799.3111207416712,41.382768196326246,10.282023354903838,2.4376206852970093,14.08585059551051,52.399735960648236,0,2026-09-10 04:10:01
2026-09-10 01:10:00,CNC-03,H,298.70919900257775,313.17903338500446,2701.193544995657,24.895098876956332,250.1645122234979,4.335373721775818,12.900731663592907,54.14014448364116,0,2026-09-10 04:10:01
2026-09-09 17:49:00,CNC-03,H,299.4491226345873,314.0683174961517,2045.9676300590088,35.182528276524124,233.6882743632456,3.5201336786433686,13.364901383444632,51.90581360997352,0,2026-09-10 04:10:01
2026-09-09 08:04:00,CNC-03,H,295.64047247837436,309.9684524059214,1669.2203465995835,41.947544138262906,106.92593442391531,2.276517597309281,13.042060048094516,60.63301493451965,0,2026-09-10 04:10:01
2026-09-09 07:56:00,CNC-02,M,301.3472901759218,310.14118283380384,1793.5261591278058,44.85295690958595,59.27505200066486,23.310562541442682,15.27925359568602,50.37485675544099,0,2026-09-10 04:10:01
2026-09-10 01:55:00,CNC-02,M,297.0454228125366,309.86950796000707,2792.378304983702,15.881637508515013,181.80542352210313,3.726550539467927,8.307819250685085,60.82874302936702,0,2026-09-10 04:10:01
2026-09-09 07:45:00,CNC-02,M,301.3528350444215,309.6936266380856,1596.235429800813,47.653547767851634,43.17333245213298,2.20158910408494,14.28205502924017,49.87519073382937,0,2026-09-10 04:10:01
2026-09-09 16:29:00,CNC-01,L,304.80309152481135,312.52554588121814,1796.051100169414,36.69354592967029,53.7611750260068,2.3647959074224083,12.48259209013021,43.29387446695613,0,2026-09-10 04:10:01
2026-09-09 16:33:00,CNC-01,L,304.65204916033923,312.884024980284,1738.7141182996897,41.86934313948307,59.58337986436563,24.180389106104638,13.473649395860836,48.719454955005325,0,2026-09-10 04:10:01
2026-09-09 13:13:00,CNC-02,M,297.1560996185013,311.2968499262212,1364.3107998353626,49.230568877559755,122.2514153584304,1.9798495596643768,12.575770865241967,55.91239311169836,0,2026-09-10 04:10:01
2026-09-09 18:04:00,CNC-03,H,299.65266701224937,313.19467823448855,2029.6422245977067,31.859551275233436,15.995600820485762,2.6526498518492945,11.90712740231739,52.81567376351197,0,2026-09-10 04:10:01
2026-09-09 16:32:00,CNC-03,H,298.9245363883823,313.97643123433085,1867.175358905745,42.54316367396437,126.99889230221908,2.6078888556551547,14.656977907975138,59.0566935737195,0,2026-09-10 04:10:01
2026-09-09 12:49:00,CNC-03,H,302.7761648131362,310.9563414037665,1428.3740916132804,50.868068402834474,58.65389223873428,2.222011250557767,13.551219621147442,50.98770744323905,0,2026-09-10 04:10:01
2026-09-09 15:54:00,CNC-02,M,25.343746761634407,39.987945680958376,1826.8126792005237,40.35223385555234,123.41183816902587,2.526682618556147,13.941021118483192,51.694850555846344,0,2026-09-10 04:10:01
2026-09-10 03:08:00,CNC-02,M,22.730200464525353,35.67456201640681,2517.5803808528485,21.62469269791168,14.849211385492437,2.975122278881386,10.065107193618632,56.68108318920962,0,2026-09-10 04:10:01
2026-09-09 05:31:00,CNC-03,H,296.2934885191233,310.15380848381056,2194.594805534824,29.233303862751754,118.78184486399647,2.945160704379405,12.161776776205773,59.884627617099795,0,2026-09-10 04:10:01
2026-09-09 15:17:00,CNC-01,L,25.801219569522175,40.81974160972976,1765.5266311707908,44.518986286494105,147.94548828764508,2.752326451993822,14.510859856108222,51.899728395263374,0,2026-09-10 04:10:01
2026-09-09 06:03:00,CNC-02,M,296.11181716758637,310.1289727177795,2194.562103546885,29.867231458351455,149.44961872929434,3.0884986107159507,12.445260196227574,59.14082634893118,0,2026-09-10 04:10:01
2026-09-09 23:23:00,CNC-01,L,299.4767773656297,311.6664844599493,2780.8754189043193,15.426130993579068,94.95203703624948,3.296047287610727,7.981122954773824,48.343172307768214,0,2026-09-10 04:10:01
2026-09-09 15:30:00,CNC-03,H,25.598181192658103,39.692719110933524,1634.7766163810525,44.4086423239971,36.212314833941356,2.202017480913544,13.539547487998819,54.379436644995195,0,2026-09-10 04:10:01
2026-09-09 22:54:00,CNC-02,M,298.51570410412245,311.7722660213389,2707.0406226097443,19.008502951858706,212.2826523553545,4.056263901830277,9.68362567308339,53.821963731308415,0,2026-09-10 04:10:01
2026-09-09 19:42:00,CNC-03,H,299.99021026484434,313.70890699577353,2311.3957222369827,26.10135618626362,140.13015913282624,3.133202645539198,11.624205733367031,51.0700070624625,0,2026-09-10 04:10:01
2026-09-09 22:33:00,CNC-01,L,300.0646045074022,311.19550055470773,2736.0319200830477,12.391676218371872,41.2295099811939,3.255696563308815,6.4539013371641225,48.16279780265849,0,2026-09-10 04:10:01
2026-09-10 00:10:00,CNC-01,L,299.4644400584207,311.90801181125136,2657.9846987206097,16.968680223225444,144.77660886981894,3.5160755749891357,8.661208661828773,52.318217151886515,0,2026-09-10 04:10:01
2026-09-10 00:53:00,CNC-01,L,298.92261670152567,311.624758003025,2681.628891876848,16.761505309565344,191.08223493451408,3.8468080793781816,8.608831200314354,51.35027923877969,0,2026-09-10 04:10:01
2026-09-09 12:36:00,CNC-03,H,297.08617330097286,310.9366292042737,1322.9777245621638,51.942651666627704,38.18480883392296,2.0511619944456534,12.866907230075885,56.48133993368236,0,2026-09-10 04:10:01
2026-09-09 14:36:00,CNC-01,L,298.1385830112173,312.7286892529946,1519.2446546441854,51.53383630445619,85.49537036813199,2.2918355013584915,14.822624221308223,53.02106394878534,0,2026-09-10 04:10:01
2026-09-09 22:37:00,CNC-01,L,299.7137177904471,311.3547930958723,2613.4746129358464,14.82334724193941,45.56254169602496,3.1873557334012212,7.353584596129925,48.9893947172673,0,2026-09-10 04:10:01
2026-09-09 09:06:00,CNC-01,L,296.0390983355977,309.79907362679563,1473.215535021808,46.682470653718376,7.568883363575807,2.2219333642640002,13.119849133901853,59.01046714320949,0,2026-09-10 04:10:01
2026-09-09 04:38:00,CNC-01,L,296.8296060860307,310.73505816480105,2282.5480035399437,31.01066013986723,55.6567075449292,2.868328045968905,13.196552492195954,58.33472670525177,0,2026-09-10 04:10:01
2026-09-09 19:00:00,CNC-01,L,300.44087139108535,314.11850875164214,2210.132212216281,30.23809110609682,25.37595330051141,2.695080230496299,12.502308716004652,48.25406220769213,0,2026-09-10 04:10:01
2026-09-09 23:18:00,CNC-03,H,299.70683752072756,312.7312022395742,2653.1345638854646,20.12496022660185,130.81024421182636,3.293812848279484,10.24019052268023,51.413840415860975,0,2026-09-10 04:10:01
2026-09-10 00:05:00,CNC-02,M,297.9040611115835,309.98649377395066,2752.47450849024,15.09602722294472,63.74057284798997,3.328603423099125,7.672281285553356,58.490659512299345,0,2026-09-10 04:10:01
2026-09-09 20:18:00,CNC-01,L,300.7879459949264,313.8107426652197,2505.0140391642076,21.93115667797367,119.93585876493789,3.1976302374988315,10.304572082306477,51.39472620954178,0,2026-09-10 04:10:01
2026-09-10 00:34:00,CNC-02,M,297.80406204511894,309.6528861187408,2581.603498176646,14.049018299829903,94.66696770468909,3.2855733742452506,6.619297482633292,56.88941612820374,0,2026-09-10 04:10:01
2026-09-10 02:23:00,CNC-01,L,25.06470973501223,37.784090466801615,2465.7789736006807,22.22651148620779,50.23733442229729,3.034004487314043,10.272684848858933,49.58530474113539,0,2026-09-10 04:10:01
2026-09-09 04:12:00,CNC-02,M,297.0933658673709,310.69581751538686,2305.464835488857,28.219125477172046,8.05051388119538,2.8148644743556734,12.2195697791189,54.670448738292485,0,2026-09-10 04:10:01
2026-09-09 11:28:00,CNC-01,L,296.5294801648859,310.55511801590256,1564.5908631038078,46.76853664028794,1.5239896687579046,2.2947234659194296,13.696000454743473,59.88000886887732,0,2026-09-10 04:10:01
2026-09-09 08:09:00,CNC-02,M,301.3828367749332,309.0379451083702,1628.4478924377618,39.191036190695534,78.37508726882012,2.5062461445709485,12.10010125594838,48.78872884257082,0,2026-09-10 04:10:01
2026-09-09 13:21:00,CNC-01,L,297.46786112142235,311.8834039130089,1456.9865521024474,48.04377150140852,180.82899112372672,2.6713248320092573,13.443400598567319,56.5099337620373,0,2026-09-10 04:10:01
2026-09-09 05:42:00,CNC-01,L,,310.42464422995033,2094.5536276966777,32.4952096937592,137.09306979727836,2.915535543596091,12.847126883576095,56.96631368853473,0,2026-09-10 04:10:01
2026-09-10 00:53:00,CNC-03,H,298.854149151474,312.77623782503224,2821.8610599195595,20.815298745443297,231.71558550224313,41.06083215163196,11.007082704000076,51.40708017174019,0,2026-09-10 04:10:01
2026-09-09 21:08:00,CNC-03,H,299.8422521482959,313.3752741560828,2661.6504040456066,20.340572814787716,240.30281516099714,,10.004190506523491,53.83825390500441,0,2026-09-10 04:10:01
2026-09-09 07:31:00,CNC-01,L,296.21919164452316,310.610411372974,1720.8201262063733,45.22423391604186,59.804740404220205,2.4583500119094177,14.63133619283127,63.05094464495605,0,2026-09-10 04:10:01
2026-09-09 09:15:00,CNC-03,H,296.0118368117325,311.13492461169426,1442.4894903507725,53.154328438006665,213.95027957220594,2.804614256916032,14.676949509228896,61.34136688603481,0,2026-09-10 04:10:01
2026-09-09 13:27:00,CNC-02,M,296.91551791860485,311.91636211920337,1468.1354568718814,52.44652765524536,144.4382201128417,2.3137886871970017,,55.23489538312288,0,2026-09-10 04:10:01
2026-09-09 10:10:00,CNC-01,L,296.180239205787,310.4453842350539,1382.0586749472598,51.857972592856726,106.44531000765775,2.086476289667945,13.680296945003448,57.82809445910434,0,2026-09-10 04:10:01
2026-09-09 05:41:00,CNC-02,M,296.2237527502732,310.7458233996677,1892.8262921826658,38.23092916095074,120.27699378115827,25.808378919753892,13.587329216343933,58.49275542278619,0,2026-09-10 04:10:01
2026-09-09 13:13:00,CNC-03,H,302.77893516155564,311.1219700768765,1357.9296589476255,53.05585051337476,96.71126705458697,,13.518139679056244,43.31835218333517,1,2026-09-10 04:10:01
2026-09-10 01:09:00,CNC-02,M,297.3463825395427,311.11739503817563,2623.7910108374103,22.128265029049658,131.93558686425456,3.2788722288046124,10.898308711885985,55.78365255295732,0,2026-09-10 04:10:01
2026-09-10 01:25:00,CNC-01,L,298.76536986388714,311.3693796420136,2691.1382587450157,16.642733095620454,225.45288528891209,42.518479298998585,8.403227114975943,57.10019391724236,0,2026-09-10 04:10:01
2026-09-09 08:32:00,CNC-01,L,296.2993226712678,310.7554169733142,1528.3799641065473,49.57459324883597,149.26395565295957,2.5065264058323145,13.961423169459774,59.97692511932019,0,2026-09-10 04:10:01
2026-09-09 06:04:00,CNC-03,H,295.81852133666973,310.6187394331478,2059.0209967880933,36.5474476892473,162.1006894920047,2.9342476981773364,14.144760278200858,57.951274964466236,0,2026-09-10 04:10:01
2026-09-09 11:39:00,CNC-03,H,296.4573149330752,311.0658743201672,1323.6730253175592,53.03424530301872,216.978508334809,2.7657935331448975,13.178368148347923,57.517482793507945,0,2026-09-10 04:10:01
2026-09-09 15:32:00,CNC-02,M,25.21319858799302,39.32443710964725,1476.0576847493887,47.46591992539698,90.81930552166422,2.207605359197392,13.177817927917946,54.201550131948224,0,2026-09-10 04:10:01
2026-09-09 06:50:00,CNC-01,L,296.3905353458433,309.8141801641568,1802.1740265794274,35.76637137117933,1.4143262237883647,2.457140455211091,12.15671696114749,58.49456057929059,0,2026-09-10 04:10:01
2026-09-09 04:29:00,CNC-03,H,296.649407800319,309.6756006609046,2309.074655709718,24.797702117530164,40.694957456358736,2.8581135217710867,10.82805288231011,55.872884000205815,0,2026-09-10 04:10:01
2026-09-09 08:08:30,CNC-02,M,301.48353315409463,309.966161394152,1724.1450816684169,43.77793331155575,76.9018481870812,23.801048861584118,14.219323887208295,48.35792160864509,0,2026-09-10 04:10:01
2026-09-09 23:24:24,CNC-02,M,298.2513096581335,310.949195379078,2669.141511313877,18.532515962300934,20.16147312799728,3.170091302400242,9.213403411343814,50.79752370336154,0,2026-09-10 04:10:01
2026-09-10 01:31:00,CNC-01,L,298.50076713205704,311.7808914021874,2495.6184777614126,20.889488220141235,232.07129531793817,4.256957326205718,9.714526734739847,58.94456228498173,0,2026-09-10 04:10:01
2026-09-10 01:34:00,CNC-03,H,298.7190742070686,310.3588815284225,2709.833822656617,15.083041959036962,6.465180261065125,3.225137006151108,7.589257789726718,51.57821058173365,0,2026-09-10 04:10:01
2026-09-09 19:04:00,CNC-02,M,299.0529323211756,313.34799001995475,2144.251581449224,30.350844692566046,163.02381717081403,2.9757822326874073,12.232897195779271,54.84455429948135,0,2026-09-10 04:10:01
2026-09-09 14:57:00,CNC-01,L,25.44765342362018,39.622666422134216,1562.5057413813636,43.53136868644428,117.52200429128565,2.3490158535042,12.864821812455732,53.03060302752873,0,2026-09-10 04:10:01
2026-09-10 03:22:00,CNC-02,M,295.83746701468084,307.5062736722588,2502.170680322173,14.993351489629072,31.208311790942314,2.96432371633281,6.990731296366553,57.81485225430818,0,2026-09-10 04:10:01
2026-09-09 07:51:00,CNC-02,M,301.37894815121535,308.91517999668645,1593.6467972880887,41.15586960743717,51.93746961035126,2.2845400740669435,12.245462275733834,47.79739627551129,0,2026-09-10 04:10:01
2026-09-09 14:18:00,CNC-03,H,303.7857198469552,311.83138754240167,1302.0739461056921,51.02708713464344,198.46263028647448,2.437454220973139,12.361346252747774,41.633827140307055,1,2026-09-10 04:10:01
2026-09-09 07:30:00,CNC-01,L,296.41296641022035,310.6453010264027,1677.5889362898374,43.86589240223812,58.36900941223595,2.377522726294085,13.843674598430747,54.851548450571556,0,2026-09-10 04:10:01
2026-09-09 16:11:00,CNC-01,L,299.33645232199905,312.6656509167141,1610.55856579008,38.10234605331822,27.827982888362374,2.2220437229887846,11.311593216019464,50.71777328739394,0,2026-09-10 04:10:01
2026-09-09 17:43:00,CNC-03,H,299.5175849848563,314.9964094622122,2025.0120345628472,38.474625664622195,225.57542653550684,3.4052559555168522,14.788747420220076,50.78880077061435,0,2026-09-10 04:10:01
2026-09-09 12:13:00,CNC-03,H,296.9891474981934,310.18092347553846,1351.436853804174,46.95520030901311,1.6,2.040411403112101,12.023784899064413,56.14884346799603,0,2026-09-10 04:10:01
2026-09-09 19:17:00,CNC-02,M,298.86595921272004,313.4114244162494,2181.5504246081455,29.63696082803783,179.25157091519512,3.3018850663490604,12.2490516489303,53.12283699382545,0,2026-09-10 04:10:01
2026-09-09 14:41:00,CNC-01,L,298.16901217029675,311.7802870075167,1541.3947917858056,40.753274492083186,93.09974439777224,2.2581020247117034,11.955981967843936,57.772252680479475,0,2026-09-10 04:10:01
2026-09-10 03:17:00,CNC-02,M,295.93220050037417,309.47812175628087,2392.8126391520077,24.729018562020038,25.391282586610448,2.9421191878988324,11.268733938517283,61.39534241049113,0,2026-09-10 04:10:01
2026-09-09 18:03:00,CNC-02,M,298.9923931164189,313.17280886987436,2012.0355206325942,34.17489248957905,84.56778928664939,2.7436332596976363,12.69620552440898,52.852679240644704,0,2026-09-10 04:10:01
2026-09-09 13:56:00,CNC-02,M,297.17680244693275,311.6081544232115,1519.3021080554704,44.279348151379885,189.86905730064083,2.732964749608893,12.903894986245463,53.70814737382106,0,2026-09-10 04:10:01
2026-09-09 23:06:44,CNC-03,H,299.422250612635,312.64788236956343,2609.4728960890507,21.614354439343046,120.21435806872763,3.260435969263983,10.734204639388285,44.94513617324737,0,2026-09-10 04:10:01
2026-09-09 04:37:00,CNC-02,M,296.7356113738567,310.31413617532036,2286.5850718029624,28.560399880290955,38.676557548542895,2.8835358813207055,12.120681261622762,60.82650288547792,0,2026-09-10 04:10:01
2026-09-09 11:53:00,CNC-02,M,296.0036813906189,311.42001323256994,1390.6729699060304,57.523389932685454,206.49022686862705,2.744159923963274,15.048112981166078,,0,2026-09-10 04:10:01
2026-09-09 19:49:00,CNC-02,M,299.1273812262063,311.96886888031946,2414.9565674053815,22.028173724324475,,3.0169697174167434,9.928083902170247,50.76832046739697,0,2026-09-10 04:10:01
2026-09-09 04:58:00,CNC-03,H,296.50730128358504,309.6058224555472,2523.2307078384897,22.074897792716804,76.70706281926171,3.1244795069682234,10.291177377255526,56.03848304260785,0,2026-09-10 04:10:01
2026-09-10 00:43:00,CNC-02,M,297.7257460151481,310.264789547232,2737.0294198213005,16.844251273534745,104.27781233417112,3.40474484598898,8.614697790462074,58.26805996117351,0,2026-09-10 04:10:01
2026-09-09 10:16:00,CNC-01,L,296.0900858393016,310.3641152849301,1492.3148840388233,46.93428591094854,115.8930416364099,2.2393065895597806,12.970806458722667,58.30817313151907,0,2026-09-10 04:10:01
2026-09-09 05:34:00,CNC-01,L,296.4871100318826,310.3652598974329,2104.209798823907,30.094755396980023,126.74090200345067,2.9000964236065108,11.820748824482967,56.87652063195151,0,2026-09-10 04:10:01
2026-09-10 00:17:00,CNC-03,H,299.27444316625815,312.2033024965525,2647.789018106253,18.79124944703713,0.0,3.613752220747434,9.250326724339992,45.28849886519675,0,2026-09-10 04:10:01
2026-09-09 20:34:00,CNC-03,H,299.87239932835035,313.1456390467347,2490.034954458182,21.203199775303503,201.70120240982848,34.94406467118149,9.740521176973647,53.33787782948264,0,2026-09-10 04:10:01
2026-09-09 15:02:00,CNC-02,M,24.768922774005432,39.105112826740935,1564.2927355345864,46.04307634667001,45.798320508279964,2.229177820279907,13.415744276720794,53.5675911141622,0,2026-09-10 04:10:01
2026-09-10 00:48:00,CNC-01,L,298.78891665905616,311.12036092676914,2664.136675795955,15.924737511191937,185.74650957755821,3.734559153217518,8.010316579399563,53.05568892721685,0,2026-09-10 04:10:01
2026-09-09 14:16:00,CNC-03,H,303.59593446011695,312.1914682672079,1499.288024195557,49.294151747112565,195.31860692916965,2.7987151321054853,13.867119704776247,48.10339456359357,0,2026-09-10 04:10:01
2026-09-09 17:13:00,CNC-02,M,298.9270356846686,312.4464657158546,1798.599018233053,34.64537019913866,16.687155057749568,2.3677129404688575,11.410436404487657,59.02443995880367,0,2026-09-10 04:10:01
2026-09-10 02:08:00,CNC-02,M,23.65583330649656,37.03317634120111,2686.0400710604044,18.44027427522487,196.0944778509933,3.7972960975479073,9.017366733230197,56.533550012345465,0,2026-09-10 04:10:01
2026-09-09 22:48:00,CNC-01,L,299.792060015837,311.6983542170472,2598.237750796991,17.001601531363306,57.571554632488024,3.1742582137059405,8.438799461833524,54.66380712947777,0,2026-09-10 04:10:01
2026-09-09 22:44:00,CNC-03,H,299.3834659869747,312.21513883936507,2664.2160988332676,19.644120522399913,94.68234664203175,3.233176851253394,9.59344223782629,52.13750654845491,0,2026-09-10 04:10:01
2026-09-09 12:21:00,CNC-01,L,296.9021698417591,311.00141246137406,1450.3259755289637,49.90359936811528,85.59302470443845,2.10840502719102,13.545098254538589,55.59750176173509,0,2026-09-10 04:10:01
2026-09-09 23:17:00,CNC-02,M,298.3328723950937,308.97691089007503,2825.3158817593107,9.394686763323293,12.673335854056711,3.3269768939185216,4.916157543611991,52.88758382931407,1,2026-09-10 04:10:01
2026-09-09 04:39:00,CNC-02,M,296.5847235745651,309.7545880838537,2098.065812444462,28.908285856082305,41.185277842516435,2.7599218957202187,11.404093400754192,57.905942895448106,0,2026-09-10 04:10:01
2026-09-10 02:11:00,CNC-01,L,25.395060893103164,37.348435964647365,2559.6681293923248,16.898705971508853,37.13676748518746,3.1690773620895754,8.067095128853815,52.98101865190718,0,2026-09-10 04:10:01
2026-09-10 03:16:00,CNC-03,H,297.6117958835777,311.1112997350915,2491.655315160568,23.34112141105005,120.05481337484905,3.0241501945169267,11.002932732145375,55.212858445305244,0,2026-09-10 04:10:01
2026-09-10 03:49:00,CNC-03,H,297.1525010790502,310.744780036935,2474.3250169191756,24.00276549181636,158.75375399958787,3.3666758885596724,11.10801852487224,59.00861980640444,0,2026-09-10 04:10:01
2026-09-10 04:08:00,CNC-01,L,298.02235958250026,311.37146476230697,2248.419054762339,24.22279250003661,171.97834451139283,3.258118920968224,10.096549598174963,52.09196929287431,0,2026-09-10 04:10:01
2026-09-09 12:50:00,CNC-03,H,303.1047947531334,310.7387650454923,1406.2933257742186,48.4133975423897,60.21922195020085,2.026047039837106,12.808103031560087,52.27442495442265,0,2026-09-10 04:10:01
2026-09-09 15:21:00,CNC-01,L,26.00592517636028,40.20514419014523,1658.072831834338,41.19195052173132,153.92606854086293,2.728145523266709,12.913171970739699,57.348090809045836,0,2026-09-10 04:10:01
2026-09-09 14:10:00,CNC-02,M,297.3666853005512,312.1635882315874,1370.726088342987,54.134393926787304,211.79367415039832,2.7396020971013324,14.068352058134593,61.38358488549684,0,2026-09-10 04:10:01
2026-09-09 07:16:00,CNC-02,M,301.4080727873735,309.4211657156325,1793.9779815523314,40.93067299885541,1.4252878345667084,,14.003958833928003,46.26234825397517,0,2026-09-10 04:10:01
2026-09-09 07:48:00,CNC-01,L,296.10091384040686,309.8062369079164,1758.8580287085886,37.01144174417497,84.2794373866095,2.4557578444227532,12.179776551652692,56.963434244778036,0,2026-09-10 04:10:01
2026-09-09 22:22:00,CNC-01,L,300.04040853769646,311.5154989278825,2622.746720860763,14.721234956814808,29.399136340215534,3.2242091610604002,7.436964420158895,53.18524120947991,0,2026-09-10 04:10:01
2026-09-09 15:50:00,CNC-02,M,25.111263744814266,39.81385428618245,1486.1941467421075,47.31474833862735,117.56929711870839,2.193056644043992,13.245822366425617,54.743983167525876,0,2026-09-10 04:10:01
2026-09-09 13:47:00,CNC-01,L,297.6884475199971,310.6601749994683,1389.2743319444928,45.43080608658938,9.429132727250762,2.029154483810518,11.799401272661159,57.8524215965725,0,2026-09-10 04:10:01
2026-09-09 14:58:00,CNC-03,H,25.352855182339,40.234362616412454,1491.7959651795686,46.96737429334054,260.0649964250821,3.2269322593338434,13.36329651261272,55.518764881160266,0,2026-09-10 04:10:01
2026-09-09 09:23:00,CNC-01,L,296.235667496795,309.4595443100458,1391.35311330993,46.07859283585292,33.53732007443063,2.10043736994885,11.98629813454998,55.127177465089545,0,2026-09-10 04:10:01
2026-09-10 00:43:00,CNC-03,H,299.00953694372714,312.67150946474993,2595.2732832278934,22.50076550229393,221.0967441248,3.8537575975087206,10.748930736591161,54.902892276211716,0,2026-09-10 04:10:01
2026-09-09 16:55:00,CNC-01,L,305.0423003377207,312.94441979794476,1845.5757043566493,38.442354173484425,90.74225731952903,2.5043862773035857,13.206505059454837,42.679533292171875,0,2026-09-10 04:10:01
2026-09-09 14:29:00,CNC-03,H,298.00831612036404,312.57939263407775,1480.0491875092948,48.390757318274275,215.5817606264882,2.8251530989393947,13.207968113981595,55.47352159843394,0,2026-09-10 04:10:01
2026-09-09 16:34:00,CNC-02,M,298.85896895150046,314.26278693364213,1843.7802119744651,42.29546674648932,180.95061166301574,2.884389677320055,14.41421030729079,57.44230969514564,0,2026-09-10 04:10:01
2026-09-09 07:27:00,CNC-01,L,296.30658356138423,310.37242020192355,1597.9105662557197,43.29958314409086,53.96818519553721,2.186490329588879,12.818135200345115,58.20125934063112,0,2026-09-10 04:10:01
2026-09-09 19:25:00,CNC-02,M,299.0073486089929,312.7918119065275,2218.834536190172,26.187011836386638,189.09230213708327,3.3230388573574894,10.944217194692786,54.13295905440584,0,2026-09-10 04:10:01
2026-09-10 01:43:00,CNC-02,M,297.2999252471337,310.24813957509076,2781.2867985367657,15.657815841084629,168.8387285287482,3.6098878997509694,8.308713875522399,55.15100311345646,0,2026-09-10 04:10:01
2026-09-09 06:31:00,CNC-02,M,296.13697344094254,310.97003737857557,1942.4677589754178,37.53155379978057,187.37181882866005,3.116231131680872,13.526483782778861,57.12387722890555,0,2026-09-10 04:10:01
2026-09-09 07:49:00,CNC-02,M,301.07797937000856,309.15054899501615,1762.1330995545316,41.86916030559046,49.03397434836394,2.441921198582162,13.713171211628131,49.93578280605181,0,2026-09-10 04:10:01
2026-09-09 16:03:00,CNC-01,L,299.2740149100825,313.30821675832675,1694.0264384126901,42.861999163176606,16.113495891693216,22.768292601045328,13.690943585332338,51.196904466221056,0,2026-09-10 04:10:01
2026-09-09 14:06:00,CNC-02,M,297.35494145505834,312.85197911544134,1510.0952782945203,51.787890514750764,205.51685565846796,2.793661455947986,14.562397221702364,57.719674780419076,0,2026-09-10 04:10:01
2026-09-09 15:22:00,CNC-02,M,24.872765645796505,39.45828212953762,1589.2838920443548,,75.8347145889262,2.246168892308336,13.829782888183846,55.14426315909497,0,2026-09-10 04:10:01
2026-09-09 21:16:00,CNC-02,M,298.773100583545,311.87001681446003,2553.6079076289534,20.615236144728716,104.65907810252374,3.1475105910691323,10.065597953233668,48.96051154774955,0,2026-09-10 04:10:01
2026-09-09 06:18:00,CNC-01,L,296.61932856458395,311.0455907034975,2041.9414191012188,34.296940898056704,184.7893436952845,3.2177752278590606,13.135919295485202,55.528364740407845,0,2026-09-10 04:10:01
2026-09-09 11:47:00,CNC-02,M,296.33116069476466,311.1054575040443,1386.7801045707436,52.55526781767222,196.9635351552423,2.607319658842761,13.516944896164713,60.7659446376551,0,2026-09-10 04:10:01
2026-09-10 01:49:47,CNC-03,H,298.32248163501635,309.99229153090306,2626.8310774532297,16.331498495998655,22.86187414083716,3.2610801229526025,8.059647746789052,52.736620613237136,0,2026-09-10 04:10:01
2026-09-09 06:55:00,CNC-01,L,296.2845747336882,310.062335828162,1686.6706132482886,39.42537114719587,8.44179143785655,22.268044066067603,12.415754221638414,55.77873524017022,0,2026-09-10 04:10:01
2026-09-09 20:19:00,CNC-02,M,298.87110912290626,312.3051102790012,2289.8897947423966,26.3288636409824,39.3151182910111,2.8917179782522315,11.250630633262906,50.321043912358384,0,2026-09-10 04:10:01
2026-09-09 14:23:00,CNC-02,M,297.23483811897233,311.8891991477328,1402.0293167571683,48.79506767656253,231.97578369599455,3.1096868159376907,12.959855080352682,56.54792704078723,0,2026-09-10 04:10:01
2026-09-09 12:49:00,CNC-02,M,296.50793616314684,310.9755103278766,1390.9767391211126,51.626905689595006,84.1987724004275,2.105401185292826,13.395394821327635,56.32942764168011,0,2026-09-10 04:10:01
2026-09-09 15:27:00,CNC-03,H,25.496099353334444,39.75558793213247,1735.6040063163314,44.29879998673022,31.754634937375428,2.348859619806898,14.457292845213454,52.417599680713785,0,2026-09-10 04:10:01
2026-09-09 06:57:00,CNC-03,H,295.6866556136347,309.1560264680525,1899.2291984034366,35.7999635238259,10.914979199021701,2.4715460956113446,12.83621956327566,57.404427533533266,0,2026-09-10 04:10:01
2026-09-09 22:36:00,CNC-01,L,299.768638179988,311.77270248280337,2513.946667674379,16.861465137144933,44.466059695957696,3.090474175859791,8.025686636475521,52.95267235878439,0,2026-09-10 04:10:01
2026-09-09 15:46:00,CNC-01,L,25.698574294902755,40.60095584089464,1620.4725025191422,47.36306555046446,191.2155411835922,2.9487825453275796,14.57304367850938,53.585842262553655,0,2026-09-10 04:10:01
2026-09-09 04:46:00,CNC-03,H,296.5553357177714,309.99125500092777,2283.9640168841333,27.710102610281485,61.71570090962228,2.8422101442886745,,57.7605858410939,0,2026-09-10 04:10:01
2026-09-09 10:35:00,CNC-01,L,296.46570286033705,311.6346720760089,1504.1118312038504,53.203917124410836,145.9524455435305,2.354277943923281,15.265880556632867,56.59495250644624,0,2026-09-10 04:10:01
2026-09-09 14:50:28,CNC-02,M,297.9219532047828,312.0268659812657,1571.4451407957658,45.13268331995095,29.108805753118425,2.2118035922430734,13.358563566329709,55.48545020830545,0,2026-09-10 04:10:01
2026-09-09 22:13:00,CNC-02,M,298.5178697197965,311.86292122650474,2664.5047985514066,19.027604359115777,167.7840991440616,3.6432409512885147,9.714189388807316,56.292677323309405,0,2026-09-10 04:10:01
2026-09-09 10:27:49,CNC-01,L,295.87720558462377,310.15562255082034,1425.1080324806621,50.3132210441088,134.79425850095382,2.2545894805784616,13.392433835936215,63.17116122951011,0,2026-09-10 04:10:01
2026-09-09 21:08:00,CNC-01,L,300.2336337859049,313.0349357998081,2638.471501474916,18.782993827091353,177.58928092750136,3.7072275241621973,9.415568001316,52.13100568915106,0,2026-09-10 04:10:01
2026-09-09 23:39:00,CNC-03,H,299.3649653739029,312.4041995880317,2696.9496987006596,19.926265109020434,153.1942390302626,3.4580935595419633,10.038286344178339,54.2306648662716,0,2026-09-10 04:10:01
2026-09-09 11:46:00,CNC-03,H,296.8601733863619,312.31254775501327,1332.9727197634704,59.5862198882335,228.08714606740708,2.7665361521224408,14.844180199158945,60.3011811569977,1,2026-09-10 04:10:01
2026-09-09 07:22:00,CNC-03,H,295.82630625836276,310.3858448994497,1708.3631812455012,46.621459005316375,46.05849883860528,22.441296946801238,14.960543345821835,56.816534324244905,0,2026-09-10 04:10:01
2026-09-09 05:00:00,CNC-02,M,296.41089674446073,310.9351760524532,2118.404315358719,34.74695280176772,67.60934563675576,2.7697174603390584,13.747224488155098,52.697666536310635,0,2026-09-10 04:10:01
2026-09-10 00:26:00,CNC-01,L,299.0241604577424,312.29251986737665,2622.460503861851,21.137044204207143,162.10276449728454,3.516744600945095,10.279318310593597,52.07123442986894,0,2026-09-10 04:10:01
2026-09-10 00:02:00,CNC-02,M,297.7389706484113,310.5392151339113,2697.804023798125,18.00371830948189,60.57359472470591,3.2152728867216465,9.21379717360056,55.810194987142104,0,2026-09-10 04:10:01
2026-09-09 05:56:00,CNC-03,H,295.8819946736614,310.21996868125365,2047.9300380038646,32.95398106282593,151.54667956532705,2.892238496873301,12.634245930062784,61.062018591594985,0,2026-09-10 04:10:01
2026-09-09 15:13:00,CNC-03,H,25.021252706713653,38.85184854507099,1599.589993280979,43.88129324245641,10.58479128790573,2.2748232881029433,13.202195832845447,56.303596340124216,0,2026-09-10 04:10:01
2026-09-10 00:10:00,CNC-03,H,299.2692444738888,313.07991713333433,2697.4695396352004,22.209632653610957,185.99083232341573,3.530816434120806,11.192461129144915,54.74255993697082,0,2026-09-10 04:10:01
2026-09-09 22:49:00,CNC-01,L,299.9276383098687,310.985630112565,2881.9437485072785,10.950508775441193,58.614363842775894,3.3987160457808625,5.881001080995427,48.87798836957835,1,2026-09-10 04:10:01
2026-09-09 15:08:00,CNC-02,M,24.89935269347103,39.07365709663691,1789.701320038032,38.98749233317221,54.83684808846292,2.4268715309979583,13.060906280724067,52.99547420882055,0,2026-09-10 04:10:01
2026-09-10 02:11:00,CNC-02,M,23.885815070225647,38.28406602627592,2554.6863162569484,24.11398035679398,199.43687961510486,3.70078448313788,11.697748875339455,60.82266326011764,0,2026-09-10 04:10:01
2026-09-09 16:00:46,CNC-01,L,26.232632258824765,39.96129409409434,1768.8928812239894,39.03917473147949,13.156563770128304,2.3343169773053054,13.207583204398432,53.10816668411772,0,2026-09-10 04:10:01
2026-09-09 16:58:00,CNC-02,M,298.79856417768866,314.20432658243055,1825.4695392593458,43.18545409525292,215.2088639191243,3.2467190819504363,14.787533038873253,54.999638599535494,0,2026-09-10 04:10:01
2026-09-09 04:29:00,CNC-01,L,297.03424708313065,309.39589124896327,2334.2899798008675,21.61018996047621,44.49907700611114,3.0025726620534514,9.442669088634423,58.045757602120375,0,2026-09-10 04:10:01
2026-09-09 11:52:00,CNC-01,L,296.6130026588608,310.60506671924367,1409.7306761188204,48.916880561592826,39.688895681006855,2.095090225004669,12.908778777428383,55.77499816860313,0,2026-09-10 04:10:01
2026-09-09 14:42:00,CNC-02,M,297.869491182453,311.7876461014326,1578.0754139317903,42.99699005838795,15.455642023783444,2.294537841143977,12.723791221987916,53.930708533082665,0,2026-09-10 04:10:01
2026-09-09 05:50:00,CNC-01,L,296.54409705487734,,2075.87698472342,35.500684209844685,147.60381862710574,3.0364889601466687,13.787090544489935,56.16596289388038,0,2026-09-10 04:10:01
2026-09-09 12:57:00,CNC-03,H,303.09970519409535,311.73943681892865,1516.9714978706982,50.04195041611168,71.26110895407295,2.1515369628665564,14.319374969722482,46.18613442864527,0,2026-09-10 04:10:01
2026-09-09 04:33:00,CNC-02,M,297.03455972050614,309.87213827275195,2303.2611620845755,24.649287893601493,33.68316875201002,2.8844279072703585,10.84168681154876,52.86192803080026,0,2026-09-10 04:10:01
2026-09-09 14:09:00,CNC-03,H,303.7161073666661,312.0120879856521,1429.9496599925183,48.45497369119803,184.50089979084342,2.5326301983744903,12.893247538458773,48.120260564162265,0,2026-09-10 04:10:01
2026-09-09 05:14:00,CNC-03,H,296.5362106538667,310.6421130553715,2048.094129917862,33.064792257843585,96.90581212781916,2.6856134689512845,12.498196837360657,58.29291758405194,0,2026-09-10 04:10:01
2026-09-09 18:51:00,CNC-01,L,300.67530609658695,313.5361803025549,2294.4187565906755,23.40684075397688,14.063031914315552,2.8397728461011513,9.993501348766639,51.15896150303993,0,2026-09-10 04:10:01
2026-09-09 04:29:00,CNC-02,M,296.57154273907815,308.9928347581299,2302.982744273736,22.405543995660068,28.75226860921464,2.9626750878862174,9.601976579730628,59.320766394246064,0,2026-09-10 04:10:01
2026-09-10 01:26:00,CNC-01,L,298.43392832269444,311.3711352183995,2735.229219796536,17.86406578068204,226.5229003456522,4.4768847360560695,9.132967324137178,51.9834854579137,0,2026-09-10 04:10:01
2026-09-10 01:47:00,CNC-03,H,298.48732456049686,310.5610875664262,2672.255270412921,17.47547724422666,20.666897165114115,3.2099049172923957,8.814953006931695,48.43463050408678,0,2026-09-10 04:10:01
2026-09-09 20:50:00,CNC-03,H,299.57184253174313,313.11003691846105,2567.482724452524,21.87867413662205,220.02800844853564,3.745641086676151,10.296737301394064,54.45564382507986,0,2026-09-10 04:10:01
2026-09-09 14:49:00,CNC-03,H,298.30984123393995,313.90409044671605,1527.6942797700988,53.140593905745426,246.45607466838965,3.1553321084134494,15.270178434562448,52.41337107287522,1,2026-09-10 04:10:01
2026-09-09 13:49:00,CNC-02,M,297.2415741433314,312.283056274657,1451.4104158775374,52.70951803324211,178.88365435238754,2.6768809069243993,14.405785363643702,59.94651154803106,0,2026-09-10 04:10:01
2026-09-09 08:34:00,CNC-02,M,296.1301604000627,310.612956223962,1573.6610145061734,46.98503642104021,115.40964835315667,2.392263079147905,13.961489241872735,56.58250679300582,0,2026-09-10 04:10:01
2026-09-09 11:17:00,CNC-02,M,295.76024504893803,310.9437937471681,1490.4471132176918,51.81197263952916,149.2889888033669,2.4033112251551354,14.29375759158589,57.703610662476166,0,2026-09-10 04:10:01
2026-09-09 15:17:04,CNC-02,M,24.843444784409485,39.32386112332358,1592.3806413430082,46.762599957883914,69.76225352514798,2.222273038758634,13.730767537012413,52.77588404363154,0,2026-09-10 04:10:01
2026-09-10 03:03:00,CNC-03,H,24.434397573597096,36.84981215334102,2463.590763432166,20.32988067325267,105.35088126849827,30.358782771315983,9.227544171208264,54.02759645821892,0,2026-09-10 04:10:01
2026-09-10 01:20:00,CNC-01,L,298.3085747252881,311.39094909894726,2665.786736969539,19.651953792104177,220.18066841696782,4.220822451218346,10.02099438796723,57.48758303927455,0,2026-09-10 04:10:01
2026-09-09 11:33:00,CNC-02,M,296.0254161980981,310.90811813302935,1398.9342945239966,53.30600574744888,174.73817954351844,2.6507303712237062,13.969352926191693,62.15358723474967,0,2026-09-10 04:10:01
2026-09-09 17:29:00,CNC-01,L,300.1107188870785,314.0395084781349,1936.9334952188738,35.686106740488526,137.90467443296836,2.7396359345233625,12.784457308036103,52.705232018210346,0,2026-09-10 04:10:01
2026-09-09 20:42:00,CNC-03,H,299.8979117510334,313.3051954015421,2596.182108413785,20.93452112355102,211.0327229975287,3.68402568293787,10.124061865889212,50.62966629561856,0,2026-09-10 04:10:01
2026-09-09 15:05:00,CNC-01,L,25.614972215092962,40.23155734959772,1491.8396814228668,49.63759266071786,129.73030433909156,2.2737134713265283,13.800708300862555,57.956255532012214,0,2026-09-10 04:10:01
2026-09-09 15:14:00,CNC-02,M,24.811174817931146,39.09687543894779,1698.9439981178039,42.979289497911154,63.7699266624411,2.3594071862586103,13.6936282564245,58.64636304738455,0,2026-09-10 04:10:01
2026-09-09 08:17:00,CNC-01,L,296.5338183421947,310.30576244662416,1615.2889706928356,41.440318784435426,126.99620191813635,2.4611485770225494,12.61758185164994,61.53729978487352,0,2026-09-10 04:10:01
2026-09-10 00:21:00,CNC-03,H,299.28254563289534,312.08006610288413,2727.039904958444,17.46870798570656,197.63640058548432,3.7611691930840685,8.892240015096565,51.15407396297596,0,2026-09-10 04:10:01
2026-09-09 13:51:00,CNC-01,L,297.8210281475375,311.6518957679303,1481.5302742942542,48.80960303574478,15.705430335306701,2.085945539899002,13.371007085573606,53.60361457147749,0,2026-09-10 04:10:01
2026-09-09 13:11:00,CNC-03,H,303.1323706595592,310.8076414113969,1324.3091761387875,50.08365220398309,93.51126705458698,2.132538377689128,12.310809792816539,42.47509170262343,1,2026-09-10 04:10:01
2026-09-10 02:50:00,CNC-03,H,24.76111879298952,37.99640331205808,2481.037096433463,23.987634391271996,90.5204274108501,3.0321861983670515,11.068891520555232,49.57376691138847,0,2026-09-10 04:10:01
2026-09-10 02:05:00,CNC-02,M,296.4566547706976,309.5752368627127,2779.4120868721816,17.048008614485806,192.88875571697326,3.95833985755974,8.861883543198928,57.26193487665368,0,2026-09-10 04:10:01
2026-09-09 12:12:00,CNC-02,M,296.59446978713345,310.1781684069142,1349.5243683591027,49.0410326031016,25.505600639214375,2.0089351275624017,12.217887827495408,54.328271984740255,0,2026-09-10 04:10:01
2026-09-10 00:46:00,CNC-01,L,298.880164969611,311.3678043567915,2726.0530151566736,15.825203703019543,183.58927427970335,3.7470744354779764,8.055953485091225,52.393548892773325,0,2026-09-10 04:10:01
2026-09-09 23:13:00,CNC-02,M,298.4542477627251,309.6754827469977,2724.660587622098,11.637898646413868,8.470818934191108,3.2387359265210556,6.050824570529689,55.175817958921996,1,2026-09-10 04:10:01
2026-09-09 06:00:00,CNC-02,M,296.12848839112434,310.5080037445897,2106.556774780036,34.582910725944465,145.51327643654807,2.888976615774649,13.57472890248226,57.8829806457122,0,2026-09-10 04:10:01
2026-09-09 11:38:00,CNC-01,L,296.8514409631284,311.10649047614197,1601.2107437680158,46.867262235316474,17.33887339676652,2.1601122931515135,14.017556357123294,61.72701677603717,0,2026-09-10 04:10:01
2026-09-09 07:07:00,CNC-03,H,295.69913662729704,308.88206881161847,2012.7773272126556,31.197215992346628,25.005308755441114,2.6044132702412086,11.730105315234661,59.81538637780813,0,2026-09-10 04:10:01
2026-09-09 05:46:00,CNC-01,L,296.5982492584114,310.4616865585436,2176.3452143032155,31.478953981635634,142.32215017059602,3.073730452356208,12.770281515658793,55.81293349256447,0,2026-09-10 04:10:01
2026-09-09 23:57:00,CNC-01,L,299.42597603228927,311.0205037249009,2822.147144941445,11.730348673025164,131.10871013414385,3.672055663004599,5.963097240242422,50.53868604169103,1,2026-09-10 04:10:01
2026-09-09 04:51:00,CNC-01,L,296.7730188493233,310.6119272570132,2119.5909294311136,32.70795678672882,71.97339940389482,2.8259332710571323,13.061859961032258,53.91606986386637,0,2026-09-10 04:10:01
2026-09-09 14:58:00,CNC-01,L,25.321394799483016,40.208944114671965,1622.2620842998308,49.556027650706966,119.042455750797,2.4146165283163383,14.821243178036724,,0,2026-09-10 04:10:01
2026-09-10 02:12:00,CNC-03,H,25.180706099063855,37.474770484206374,2677.8660884237815,17.95088764665382,1677.8702752873087,3.137889930713078,256.9457182700549,56.27114735964258,0,2026-09-10 04:10:01
2026-09-09 15:43:00,CNC-01,L,25.9336517849394,41.09979177943774,1659.0158481502804,47.34485330091748,186.80214944101937,2.953205486477342,14.548307495865139,56.400992376896035,0,2026-09-10 04:10:01
2026-09-09 09:33:00,CNC-01,L,296.24386295935363,310.4457548770152,1665.1544052797958,43.982481999554075,48.8358010273212,2.300899885200168,13.746741973229836,61.69688372666958,0,2026-09-10 04:10:01
2026-09-09 14:04:00,CNC-02,M,297.3810944489767,312.3418696237681,1502.7926116511317,48.811763746133,202.4103717794546,2.793164426628107,13.656073476990068,54.7566068737951,0,2026-09-10 04:10:01
2026-09-09 20:26:00,CNC-01,L,300.84915093703387,314.44647324700657,2493.4965096166256,24.784826649090487,129.35667137595453,3.167736379255014,11.360875796011356,50.30370290772345,0,2026-09-10 04:10:01
2026-09-09 07:11:00,CNC-01,L,,310.0301175880387,,38.01506800645933,31.03868869631895,2.3806931797964364,12.805270522526367,59.88598506166093,0,2026-09-10 04:10:01
2026-09-09 15:44:00,CNC-02,M,25.05856619006306,39.76155493517024,1523.4134781528128,48.63504747842456,108.69682953657149,2.227655780349114,13.82742373327362,57.71111932787172,0,2026-09-10 04:10:01
2026-09-09 07:08:00,CNC-03,H,295.2183942367713,308.68915770906744,1998.2779158862452,33.124564744333185,26.352777684914244,2.5192624175397342,12.425807166414694,63.32991979060892,0,2026-09-10 04:10:01
2026-09-09 10:35:00,CNC-03,H,296.3548514116286,310.60687730543714,1399.0613481352575,49.74283780860432,115.55125654319491,2.356081516007572,12.944749352899898,54.60869941407389,0,2026-09-10 04:10:01
2026-09-09 19:23:00,CNC-02,M,298.97874576198853,313.8547399877647,2224.909042476543,32.887639035729094,6533.598367433008,3.2910942315106713,13.99975129526298,52.88629673790481,0,2026-09-10 04:10:01
2026-09-09 14:29:00,CNC-02,M,297.7975419985685,313.28297920439286,1444.4076587612988,53.778439940619236,241.21447437682835,0.0,14.555147902121467,50.70646216944248,1,2026-09-10 04:10:01
2026-09-09 14:21:00,CNC-01,L,298.0729507301733,312.2470286858449,1532.8241111652178,48.32894252115815,62.364672809218206,2.2647725751176417,13.984327707187447,55.22963359400055,0,2026-09-10 04:10:01
2026-09-09 08:03:00,CNC-02,M,301.30135840983667,309.42772932395326,1688.1682795824076,41.184851572355576,69.53527076744143,2.3611174210688346,13.00531091774948,47.59794372230014,0,2026-09-10 04:10:01
2026-09-09 20:39:05,CNC-01,L,300.39632555544125,313.3793377175187,2575.884505020798,20.095601738795857,145.56940386451095,3.4280002560540006,9.697409112988566,52.5266121112889,0,2026-09-10 04:10:01
2026-09-09 16:54:00,CNC-02,M,298.83583625027717,314.1218538185696,1778.452984948086,44.46360554986813,209.53676974563876,3.0949659111069163,14.925665716542765,53.83403813161675,0,2026-09-10 04:10:01
2026-09-09 21:41:00,CNC-01,L,300.4773070112979,313.7141143009522,2565.6449548009377,20.23496424305573,214.79123444033425,4.1234025590148855,9.783518671900982,53.266885204138205,0,2026-09-10 04:10:01
2026-09-09 21:40:00,CNC-03,H,299.54941216227405,312.51999347608097,2522.405620672953,22.252137082102887,24.71376836090412,3.074030375715257,10.680230131880496,50.98650617617676,0,2026-09-10 04:10:01
2026-09-09 19:34:00,CNC-01,L,300.75377575781954,314.48548299210825,2253.4272281981803,29.643176377516443,67.34054589733326,2.8399603675061442,12.55882041204092,48.0327858678915,0,2026-09-10 04:10:01
2026-09-09 20:23:00,CNC-02,M,299.12418467063077,312.7608918974385,2336.667722168088,26.072392150006873,44.08028184691158,2.937672662288932,11.297004154752448,52.09481855076086,0,2026-09-10 04:10:01
2026-09-09 06:44:49,CNC-02,M,295.8746836899867,310.50694982173343,1794.219130699442,39.134558890430476,206.67659156340994,3.072398092161818,13.052656521392157,60.67261703495442,0,2026-09-10 04:10:01
2026-09-09 04:33:00,CNC-01,L,297.1491031275369,310.10627625594424,2407.6564469532,24.00667561043917,49.408277198955844,3.040665232967255,10.679479999356486,55.640048508119385,0,2026-09-10 04:10:01
2026-09-10 04:01:00,CNC-03,H,297.0916738870401,311.0703349762279,2434.968918457445,26.205259722925035,173.07191876609744,3.41390980193445,11.918916562969361,57.709578778121895,0,2026-09-10 04:10:01
2026-09-10 03:26:13,CNC-02,M,295.8297761914846,309.2560596892501,2293.924607794687,226.8216002142994,34.720582037164654,2.713990867216772,11.241136802408196,59.968889090656276,0,2026-09-10 04:10:01
2026-09-09 08:44:00,CNC-03,H,295.6210546835707,310.45454024331275,1500.8438274779535,50.62091509642356,166.8263110730901,2.4881326651911366,14.45780724252444,64.00474589519055,0,2026-09-10 04:10:01
2026-09-09 19:07:00,CNC-03,H,299.61485925389184,313.2165205633089,2088.450954909794,30.94135257048396,96.86749242086327,2.7653244946500735,11.928809004460074,53.314487449830075,0,2026-09-10 04:10:01
2026-09-09 14:35:00,CNC-03,H,298.35171931691093,313.02951183622304,1448.7835901605777,48.037967140152695,224.98020434978358,2.9211044893857894,12.820973585841477,51.49808180989227,0,2026-09-10 04:10:01
2026-09-09 12:54:00,CNC-03,H,302.93670113037007,311.48963757497773,1442.8808067114303,53.151213550770564,66.55244768349141,2.0094652863637763,14.352561927933568,51.33207003512739,0,2026-09-10 04:10:01
2026-09-09 19:16:00,CNC-02,M,298.9751289603902,313.5497291742736,2302.842062870193,29.314109161977644,178.00093297416112,3.2889685323690006,12.784512464770131,54.7715362059732,0,2026-09-10 04:10:01
2026-09-09 06:54:00,CNC-02,M,301.5624984532701,310.7433487182723,1966.4758589516036,39.858903826231376,219.2108267495816,3.311676635829046,14.614939279567745,48.40719083077165,0,2026-09-10 04:10:01
2026-09-09 14:07:00,CNC-03,H,303.66999230542075,312.33677781588335,1397.7865020624856,52.99241540666197,181.44025712571724,2.4420658518354097,13.783871471001559,41.85050249102478,0,2026-09-10 04:10:01
2026-09-09 22:29:00,CNC-01,L,300.0475022159314,311.32752768333324,2638.03003817961,14.562086705271838,36.94061817489673,3.2606290106527265,7.05363406004717,56.84447088393665,0,2026-09-10 04:10:01
2026-09-09 16:21:00,CNC-03,H,298.9708892554688,313.4744646471772,1765.6842926451218,41.7939919241282,111.14122969652084,2.5101792453930325,13.61870330683519,52.27246506161335,0,2026-09-10 04:10:01
2026-09-10 02:27:00,CNC-02,M,23.050389762592204,37.247743288598315,2524.4279506225125,24.000476537393983,217.44974513547214,3.8471492552739344,11.307636346617235,57.06858598023724,0,2026-09-10 04:10:01
2026-09-09 19:33:00,CNC-03,H,299.8258489319016,312.93596629959774,2418.829815072751,22.79836186806714,129.127537240113,3.1300830237164483,10.262374682594205,49.3709874180674,0,2026-09-10 04:10:01
2026-09-10 01:44:00,CNC-02,M,297.0349231050762,311.08478971022845,2598.1619615285376,23.633549251280446,169.94669376294596,3.4341023631218413,11.540313622730839,56.88783902679541,0,2026-09-10 04:10:01
2026-09-09 09:21:00,CNC-03,H,296.0844771808353,309.7915102129415,1636.767792824497,43.59066150288933,0.0,2.315924360288133,13.28364877875826,56.15804688517705,0,2026-09-10 04:10:01
2026-09-09 14:07:00,CNC-02,M,297.6764437387254,312.95978094696335,1515.0841400261563,50.83434022576453,207.06883344485604,2.8556188756128766,14.468443199302664,49.886571679781476,0,2026-09-10 04:10:01
2026-09-09 16:55:00,CNC-03,H,299.1788928036673,314.44567693213594,1840.2549652178086,43.98869672112442,159.73657058707272,2.751540185089657,15.191095389944042,53.244911343728106,0,2026-09-10 04:10:01
2026-09-09 05:54:00,CNC-01,L,296.6337109228853,311.56552785938516,1959.6951918670293,40.13560391852584,152.84550597302413,2.893365135196932,15.046664911854402,58.69930789534312,0,2026-09-10 04:10:01
2026-09-09 04:44:00,CNC-03,H,296.6637469477628,309.61751910585485,2402.74833727882,23.121840181159005,59.2067893956449,2.896493855325744,10.502291227902875,58.632997288199036,0,2026-09-10 04:10:01
2026-09-09 13:45:00,CNC-01,L,297.8206037989875,311.7901032997933,1400.3928623924269,52.87118866220164,6.277943005287996,2.087898081340906,13.816283425097911,57.49432393492809,0,2026-09-10 04:10:01
2026-09-10 01:31:00,CNC-02,M,297.20742854019954,310.06881259516103,2538.569329360179,17.346585637375973,155.86453779323872,3.3805909356447335,7.7708084358453595,56.30738366317504,0,2026-09-10 04:10:01
2026-09-09 22:29:00,CNC-02,M,298.6482774407849,311.5181999399548,2610.347896728025,17.783183546907814,185.20065352432937,3.670607170272768,9.022016291598451,57.488190427965506,0,2026-09-10 04:10:01
2026-09-09 04:55:22,CNC-01,L,296.60546974291367,310.0882044652739,2222.9962676435716,28.025436686788623,78.26712383996293,2.880373321005307,11.800637316715108,59.42475528752239,0,2026-09-10 04:10:01
2026-09-10 03:26:00,CNC-03,H,297.7154924091904,310.7250971499236,2295.7118705915354,23.54694981567568,131.68920181167326,2.954993818986745,10.093364248930275,53.921233218009036,0,2026-09-10 04:10:01
2026-09-09 14:32:32,CNC-02,M,297.6222610229473,310.95147849534527,1482.2651583822553,43.02987237611479,0.0,2.1431188241216246,12.020127594015388,54.46742185448666,0,2026-09-10 04:10:01
2026-09-09 07:01:00,CNC-02,M,301.51377258731566,310.6907754253743,1757.9157054564455,42.49585122788092,229.1175343241673,3.2950970512825597,13.925853694409875,52.97354544673533,0,2026-09-10 04:10:01
2026-09-09 15:12:00,CNC-02,M,24.686168334803824,38.77249159626149,1603.4366221644877,43.902315347624345,60.790849089616806,2.2392429750055896,13.240110593547264,56.254740458036075,0,2026-09-10 04:10:01
2026-09-09 08:48:00,CNC-01,L,296.2565914201264,310.6692168831511,1670.5540013068296,43.19972575358728,173.14031612248996,2.7687667545689494,13.599238214208667,61.09520156718803,0,2026-09-10 04:10:01
2026-09-09 10:14:00,CNC-01,L,296.50901776204773,310.6570125460934,1414.2046976480933,50.33566872469805,112.80076500192231,2.1239526992404145,13.390595137886558,50.075920271775004,0,2026-09-10 04:10:01
2026-09-09 22:04:00,CNC-03,H,299.6089096370763,311.4770008124908,2605.6678589470257,15.251286063563605,51.20642047584277,3.181174986053463,7.5512157600759195,50.260328438047196,0,2026-09-10 04:10:01
2026-09-09 15:28:00,CNC-03,H,25.638464259734405,39.513595430645125,1706.8584677188467,40.233867201092224,33.23374826284308,2.2531022468575,12.95395037967626,55.67712271446405,0,2026-09-10 04:10:01
2026-09-09 22:40:00,CNC-02,M,298.4989262916319,311.902348685612,2613.9672502543326,19.498610326545638,197.1822695305214,3.6626622205957267,9.617436074933542,53.91521784857501,0,2026-09-10 04:10:01
2026-09-09 04:10:00,CNC-03,H,296.6763197124593,308.7285807344201,2476.6340902822617,,17.726778624083945,3.0482666603610693,8.569827326798396,58.83463876257391,0,2026-09-10 04:10:01
2026-09-10 00:46:00,CNC-03,H,298.7821305891753,313.02910102022776,2736.7580364959,22.995078576235784,224.26917471218727,3.953111968015443,11.742850555465813,51.79148067060551,0,2026-09-10 04:10:01
2026-09-10 03:16:00,CNC-01,L,298.2298873198297,310.90781346179614,2507.260293160538,20.283650182968707,110.30076914463426,3.1800091503819194,9.451003950395924,54.87132018305452,0,2026-09-10 04:10:01
2026-09-09 19:49:00,CNC-01,L,300.8298617373024,314.3996140824806,2276.4534257360638,28.21268280436815,85.63253342917048,2.8435782644110907,12.078664989920487,48.44798704231676,0,2026-09-10 04:10:01
2026-09-10 02:40:00,CNC-03,H,24.640928857706626,37.637308413940616,2462.3339796804717,22.765912610101676,79.28249113814105,3.0906557965720864,10.718972083091868,53.23090473160469,0,2026-09-10 04:10:01
2026-09-09 12:08:00,CNC-03,H,297.1584668555222,312.631501880992,1446.294993344803,53.42237905529878,263.0982796425045,3.339655233304272,14.24266330713683,55.65382396735815,1,2026-09-10 04:10:01
2026-09-10 00:34:52,CNC-03,H,299.0673771801606,312.62557675216146,2724.0605067837196,19.704139803868305,211.48673327119596,3.8966477785198266,10.059682860595728,57.09759836703607,0,2026-09-10 04:10:01
2026-09-09 14:22:00,CNC-01,L,298.1992189658779,312.0637011846813,1545.1173574458792,44.15628895552849,63.879523241371814,2.2677378883123502,12.648474627199882,54.90655323134577,0,2026-09-10 04:10:01
2026-09-09 10:29:00,CNC-01,L,296.29405063309014,311.2960074934885,1403.4944728627415,54.9324941241721,136.38603233052217,2.341683396395402,14.527595287631161,63.44673893540282,0,2026-09-10 04:10:01
2026-09-09 08:37:00,CNC-01,L,296.30156307008923,311.4226200453605,1655.234692299762,48.790064338979114,156.60288756705444,2.75269448474926,15.243763211864106,58.26349119835216,0,2026-09-10 04:10:01
2026-09-09 08:49:00,CNC-01,L,296.32469127990566,310.9068018470453,1496.345994962601,49.20335400957459,174.68533122805263,2.7223697347756577,13.557592749709855,63.89848207927152,0,2026-09-10 04:10:01
2026-09-09 09:14:00,CNC-02,M,296.42384903265497,311.91664510304236,1521.7284949888663,53.102068848932504,176.05367689901718,2.5956897078919448,15.117671162883013,55.35351851570603,0,2026-09-10 04:10:01
2026-09-09 16:24:00,CNC-02,M,,313.9363559242701,1834.8017930151784,40.95125187499399,166.75530961395623,2.7578093366772727,13.828618644283068,48.120457440799015,0,2026-09-10 04:10:01
2026-09-09 20:52:00,CNC-01,L,300.52186532634084,313.535549712866,2415.2727964816545,22.047050300447047,159.36809673677695,3.427949404282058,9.846122013103738,50.745836107886475,0,2026-09-10 04:10:01
2026-09-09 23:42:00,CNC-03,H,299.21515109725334,311.99501547085293,2578.0174616432396,19.4576593460987,156.48188570747425,3.443223721187213,9.334854968729292,59.63013384543076,0,2026-09-10 04:10:01
2026-09-09 20:18:00,CNC-03,H,299.886630961939,314.1084732608365,2522.385481218236,26.26544770636084,183.13176449642742,33.81976581817827,12.20369541717549,50.35881797682508,0,2026-09-10 04:10:01
2026-09-09 12:59:00,CNC-03,H,302.8781435406176,310.82990898856576,1365.2036091633192,50.65109689559296,74.44366500206327,1.9653377006122428,13.088266056000238,45.656371089379796,1,2026-09-10 04:10:01
2026-09-09 15:03:00,CNC-01,L,25.498900066964268,39.97577720504097,1468.8386745668965,49.701390561529706,126.69071283366308,2.351962914298557,13.830921901561227,50.76891016575532,0,2026-09-10 04:10:01
2026-09-10 03:55:00,CNC-03,H,297.4092260146969,310.72909436536867,2326.5351553073374,22.59842218127349,165.8694481818197,3.1803601542878566,9.891206380247677,54.72374178579103,0,2026-09-10 04:10:01
2026-09-10 03:51:00,CNC-02,M,295.7747082169843,309.13848483546053,2393.174716311404,23.163087161280373,65.10557028228155,2.9725387812973483,10.326330570315724,60.199652654685195,0,2026-09-10 04:10:01
2026-09-09 15:42:26,CNC-03,H,25.428935131524042,39.43168786834457,1749.1562328603707,41.567293484991275,52.542870464621174,2.320509720632885,13.524360382620914,53.968565805160544,0,2026-09-10 04:10:01
2026-09-09 16:10:00,CNC-01,L,299.3228443680317,313.22060795039425,1584.8343072562657,44.98589633498851,26.37230862007789,2.2300432502114127,13.213617016790192,50.39610572380087,0,2026-09-10 04:10:01
2026-09-09 16:42:00,CNC-02,M,298.786403913213,313.7331662609992,1648.933847990939,44.412823795652436,192.37200819664892,2.856629543055483,13.741054948706735,53.38553103571842,0,2026-09-10 04:10:01
2026-09-10 03:00:00,CNC-02,M,23.059898898455174,35.05272952277687,2530.2651544878217,17.473116084343115,5.678426126080739,3.0584213997788097,8.250382704747818,56.611699512480165,0,2026-09-10 04:10:01
2026-09-10 03:09:00,CNC-01,L,24.959950144081574,38.35229056247363,2450.134696776863,24.650651626920357,102.16579556217086,3.0591466734300443,11.403553035910324,54.24118547520004,0,2026-09-10 04:10:01
2026-09-09 22:19:00,CNC-03,H,299.65512097665425,311.5336421538208,2566.4894863085096,16.561366922521337,67.47207182535192,3.1167130518926713,7.898254166077216,50.889260939022684,0,2026-09-10 04:10:01
2026-09-09 19:21:00,CNC-02,M,299.0306911609772,313.4824601152065,2383.8404241738526,27.512446071483957,184.09949926323588,3.4276156834394893,12.251424993987284,,0,2026-09-10 04:10:01
2026-09-09 13:48:00,CNC-01,L,297.7466801048749,311.38709308735423,1454.2897864320175,47.940544489656375,10.971618467466358,2.2005746335843357,13.239488036608607,57.03326350362424,0,2026-09-10 04:10:01
2026-09-09 23:25:00,CNC-03,H,299.56771923994773,311.18342807177953,2829.017274216818,13.06854029432106,138.22568692053616,3.480207918171361,6.94612761235149,51.8226286836708,0,2026-09-10 04:10:01
2026-09-10 02:39:00,CNC-01,L,25.22965183953454,37.69572696616103,2642.3210942564683,18.12596239200155,68.01898083308768,3.2166274515406674,8.793754382066695,57.323313855216306,0,2026-09-10 04:10:01
2026-09-09 15:33:13,CNC-01,L,26.11474916183863,41.24263868433303,1608.6942104416187,49.320800037324915,170.44573911937002,2.7122982037822103,14.955603830186439,50.45385673388168,0,2026-09-10 04:10:01
2026-09-09 16:36:00,CNC-03,H,299.21810026595443,313.5737266556407,1795.8419123852848,40.312956887250444,132.7395299071511,2.6402279867569773,13.592206515515391,51.98411767974205,0,2026-09-10 04:10:01
2026-09-10 01:10:00,CNC-01,L,298.5467348580122,311.587361656017,2702.042140998118,18.54240663497372,209.43096686051533,4.052838800356022,9.529454251705085,56.02114812554233,0,2026-09-10 04:10:01
2026-09-10 02:00:00,CNC-01,L,298.61430827709836,310.63411499011454,2702.068957790416,17.289389005296258,25.13829151912065,3.258477259714162,8.851862650095963,56.8513492207662,0,2026-09-10 04:10:01
2026-09-10 01:21:00,CNC-03,H,298.8661581145089,313.0008651888934,2751.952851998969,22.78214177831866,262.1271192073462,4.48160763865962,11.63082166498146,53.6305914116578,0,2026-09-10 04:10:01
2026-09-09 22:09:00,CNC-03,H,299.38883671679656,310.5525366438887,2750.1580264237577,11.392364659945121,56.69511316967399,3.2214319604369055,5.9723503088074095,54.69330011631663,1,2026-09-10 04:10:01
2026-09-09 16:18:00,CNC-01,L,304.73392296967137,312.250507884291,1716.2618750669728,38.44288026307076,37.974329999734415,2.436089829068852,12.239287863713852,41.264897894122974,0,2026-09-10 04:10:01
2026-09-10 03:10:00,CNC-02,M,22.937485590770848,34.86756917728434,2320.7850838594195,18.199152879012658,17.222058543554134,2.8293456389965117,7.826860560162648,56.81170730515143,0,2026-09-10 04:10:01
2026-09-09 07:35:00,CNC-03,H,295.5459203503404,309.7101097955469,1738.8794268725637,41.06231111849268,64.77555691687327,2.3422454478906785,13.58560367504716,57.885551242881334,0,2026-09-10 04:10:01
2026-09-09 10:25:00,CNC-01,L,295.89767437294023,310.76995199088566,1500.5051280886416,52.5430180020677,130.09691099799332,24.070562806293328,14.537187949789915,60.7355788363064,0,2026-09-10 04:10:01
2026-09-09 19:36:00,CNC-03,H,299.68041409137396,313.08183742078666,2386.5824561146096,24.60917231434403,132.75928268068782,3.072510885422936,10.844331621675659,50.463458047443545,0,2026-09-10 04:10:01
2026-09-09 12:24:00,CNC-01,L,296.7212355184855,310.37386063995865,1346.930287620039,46.7109580130374,90.3184201797358,2.030629889681771,11.933316262566295,53.2093395842914,0,2026-09-10 04:10:01
2026-09-09 17:57:00,CNC-02,M,298.6204896221065,312.97171017547777,2050.7218906077196,34.07708072349407,76.58245422120592,2.636987147449183,12.945026721960529,52.99532801798922,0,2026-09-10 04:10:01
2026-09-09 05:32:00,CNC-03,H,296.41466713495475,310.8671318857715,2057.4640794733523,35.21622141546975,120.08686279104212,2.6638725370937277,13.339032037248215,57.40895748193837,0,2026-09-10 04:10:01
2026-09-09 14:31:00,CNC-02,M,297.5747868555913,312.7048717536141,1542.6235705186423,46.99788411045164,244.27630586915666,3.378684364144466,13.592191785372032,56.78202968817864,0,2026-09-10 04:10:01
2026-09-09 07:41:00,CNC-03,H,295.96035709393567,310.3524949900799,1750.7147810853294,42.143421430297295,73.40951337990283,2.4536501657703593,13.745743546632028,58.85425261677006,0,2026-09-10 04:10:01
2026-09-09 05:23:17,CNC-03,H,296.31148744568344,309.9282005552552,2287.041780215473,26.66247476002641,108.45012734944298,2.8949504938167654,11.380811385154228,56.222589337823145,0,2026-09-10 04:10:01
2026-09-10 03:23:02,CNC-02,M,295.53916500982876,308.5237717798423,2585.2265684708964,19.79717126718618,32.33268803217353,3.106964989664249,9.700484967582435,57.86738994179501,0,2026-09-10 04:10:01
2026-09-09 13:22:00,CNC-01,L,297.29623862203243,312.53948857251487,1443.1275180224245,55.54785518202519,182.40438061146224,2.6410767523603864,14.96898955144111,56.38812203256494,0,2026-09-10 04:10:01
2026-09-10 03:20:27,CNC-03,H,297.4395593621878,310.61956000521775,2355.385231453729,23.022836199306955,124.71800320298917,3.0958084767582554,9.942841881649613,49.839684734801985,0,2026-09-10 04:10:01
2026-09-10 03:37:00,CNC-02,M,296.0971080301438,309.06730722976295,2655.360187460714,19.1068468719691,48.64878681810407,3.0850150562488032,9.628620919122172,,0,2026-09-10 04:10:01
2026-09-10 04:09:00,CNC-03,H,297.297485760192,311.18350767992035,2302.6941864861624,28.654805424374924,182.70822088776785,3.2532961443338233,12.3129515597322,57.18981311797739,0,2026-09-10 04:10:01
2026-09-09 19:34:00,CNC-03,H,299.5579485214018,312.4559751531023,2370.400282330921,22.56526215733986,130.31190774601896,3.100521884049655,10.02135391956759,54.93215794500498,0,2026-09-10 04:10:01
2026-09-09 22:07:00,CNC-02,M,298.7015899362286,313.3639898470199,2490.0267807680284,27.85590111533851,161.31322805254175,3.390406334064481,12.957910496243892,54.80918709567843,0,2026-09-10 04:10:01
2026-09-10 02:38:00,CNC-01,L,25.090873913554674,37.659477275557435,2542.193996780007,20.052364363636492,66.92230408401376,3.1274612600869762,9.77276039024454,53.95834518443398,0,2026-09-10 04:10:01
2026-09-09 05:03:00,CNC-02,M,296.5200819707162,310.04531519894675,2151.629477952728,28.08087733864202,71.41983785260706,,11.581017462794135,58.98506273603209,0,2026-09-10 04:10:01
2026-09-09 07:35:00,CNC-01,L,296.41475036837454,310.25551031799273,1780.013648655944,38.969239780583415,65.52391342049654,2.3805653237213904,13.353894255668349,57.360245177893255,0,2026-09-10 04:10:01
2026-09-10 02:29:00,CNC-03,H,24.900940912070155,37.20195780016263,2640.0971771783147,17.819650960495512,66.91462749713065,3.3947197454782936,8.79280069550161,51.794524810867294,0,2026-09-10 04:10:01
2026-09-10 00:39:00,CNC-02,M,297.72935809509767,310.0597399287939,2666.930434116794,16.02735583699036,100.02652321043907,3.1595063138739548,7.928547394010046,54.51541845387589,0,2026-09-10 04:10:01
2026-09-09 06:58:00,CNC-03,H,295.45790658627476,309.2970832471539,1854.1298069971335,37.408294500333895,12.320221406089603,2.3550225760395684,12.953959901112322,59.75746607427151,0,2026-09-10 04:10:01
2026-09-09 08:12:00,CNC-02,M,301.567422744493,309.50224682255606,1714.5103146034894,40.836235384393184,82.7107064136431,2.4381411066791934,13.026265049621452,44.071603594399825,0,2026-09-10 04:10:01
2026-09-09 19:08:00,CNC-02,M,299.03570079734993,312.7136693034303,2153.134556174759,26.79182560334028,168.01039544199423,3.051347835329677,11.01482833609883,54.14439668290398,0,2026-09-10 04:10:01
2026-09-09 17:05:00,CNC-03,H,299.6187437090385,314.6978600270891,1861.9291701134512,40.74332713583477,173.72587000240298,2.7105858283750095,14.142463623077127,52.98074950289218,0,2026-09-10 04:10:01
2026-09-09 17:26:00,CNC-01,L,299.6407286188277,313.84677722065067,1935.314695823898,36.54483282621075,133.8349601714146,2.8398065217766626,13.473612869853016,53.2008790703855,0,2026-09-10 04:10:01
2026-09-09 16:11:00,CNC-02,M,298.45072310524563,313.8679778079294,1783.3059408494287,47.92024456844214,148.1393712891173,2.651621077419763,15.839347902509784,55.31684204148259,0,2026-09-10 04:10:01
2026-09-09 13:14:00,CNC-02,M,297.1837408850762,311.9818278117577,1371.0351763903623,53.858922286580935,123.8514153584304,21.605777094017032,13.895525582326767,56.38000303424061,0,2026-09-10 04:10:01
2026-09-10 01:11:00,CNC-02,M,297.39727928134886,309.9436934299722,2759.946843908705,15.32919172996539,134.10446746483493,3.499302293527083,8.097167359390872,58.95741513364822,0,2026-09-10 04:10:01
2026-09-09 13:41:00,CNC-03,H,303.2858668519539,,1358.9001966509268,54.27256245001722,140.88621479367848,2.2153639526176105,13.637090476344081,46.4139355529317,1,2026-09-10 04:10:01
2026-09-09 23:28:00,CNC-02,M,297.8895037242917,309.9249157370503,2660.9645038083113,15.99019578618702,,3.078112140926399,,62.22839871949963,0,2026-09-10 04:10:01
2026-09-09 04:40:01,CNC-02,M,296.62249078539867,309.5727812148452,2378.1391915382865,24.480855465617456,42.3640441786699,2.9790547115095936,10.949766195304873,57.16045349920492,0,2026-09-10 04:10:01
2026-09-09 23:04:00,CNC-02,M,298.227533697781,311.527233098373,2759.880251936095,17.75752705832696,222.84672924925133,4.2814345948013175,8.948876044885573,52.513297144517374,0,2026-09-10 04:10:01
2026-09-09 21:13:00,CNC-03,H,300.16158211927564,313.6591262856448,2537.7401109308003,21.069772583872535,245.91132136982435,4.039068391221871,9.98926709917032,52.096595691268924,0,2026-09-10 04:10:01
2026-09-10 00:40:00,CNC-02,M,297.5811366162893,310.4517900908301,2676.8679732352334,18.340101762042792,101.1030541791544,,9.123080274041998,58.19957815366036,0,2026-09-10 04:10:01
2026-09-09 07:37:00,CNC-03,H,295.5106987306455,309.29143227360396,1747.3186986006665,37.45277364683508,67.62714352243545,2.438943598970936,12.28340160585252,56.87284978947482,0,2026-09-10 04:10:01
2026-09-09 21:43:00,CNC-01,L,300.3350511510333,313.7951462146343,2511.6059500442007,22.028604765108653,217.02208874118477,4.1044976070252535,10.54043295837664,49.25945523606794,0,2026-09-10 04:10:01
2026-09-09 22:55:00,CNC-01,L,299.76237574948306,311.697497440245,2623.722925602155,15.9250355768489,65.03814771368066,3.2277388129915763,7.679096513582024,51.15261896232689,0,2026-09-10 04:10:01
2026-09-09 06:47:00,CNC-02,M,296.16390238264313,310.95283535876587,1732.257269643833,41.21588730616189,209.51547109077228,3.066308755974591,13.435617569290793,55.56527525042637,0,2026-09-10 04:10:01
2026-09-09 19:03:00,CNC-01,L,300.57990284758324,314.1371399420593,2244.0705075814317,29.716612804141025,29.144529351741365,2.8456961851283156,12.366781564599746,51.05961617878355,0,2026-09-10 04:10:01
2026-09-09 09:29:00,CNC-03,H,295.6684074275781,308.8706841407146,1446.8275717036424,41.943288488884086,12.363390420933534,2.052671810916218,11.45453695015082,58.304427488335385,0,2026-09-10 04:10:01
2026-09-09 09:05:41,CNC-03,H,295.9285342848787,311.2709780144793,1601.1710771344021,50.32153988141711,201.85845873826662,2.7834235766319932,,,0,2026-09-10 04:10:01
2026-09-09 17:42:00,CNC-03,H,299.43131861758366,314.5467812345827,1894.3893140546506,38.837908733570174,224.2258212286408,3.391891583901564,13.94606525088532,50.006575227799516,0,2026-09-10 04:10:01
2026-09-09 19:53:00,CNC-01,L,300.77158813228885,314.0023318002627,2264.8711981697525,25.422244231048722,90.37277464440947,2.9297229096036346,10.778882187364728,49.87270647608395,0,2026-09-10 04:10:01
2026-09-09 21:48:00,CNC-03,H,299.6440069356047,311.70808637611844,2434.4610883312,19.485757434719346,33.56819713964632,2.9469449899799374,8.861578903106704,50.914413410890425,0,2026-09-10 04:10:01
2026-09-09 10:01:00,CNC-03,H,295.87342576135495,310.2343129026018,1440.2894872711204,53.000832259235374,62.177526351504945,20.57898232611679,14.493558937404162,60.525586000013504,0,2026-09-10 04:10:01
2026-09-09 22:08:00,CNC-01,L,300.21904330657964,311.80338707511595,2633.506828103615,16.033577119170772,14.107771670250948,3.2105112770578197,8.050722996994047,47.6702800173843,0,2026-09-10 04:10:01
2026-09-09 17:39:00,CNC-03,H,299.59521598242895,314.9651049301889,1991.4160669802084,40.02481168774617,220.19689027890698,3.3273360066175646,14.909663031707428,52.37757104767958,0,2026-09-10 04:10:01
2026-09-09 16:06:00,CNC-03,H,298.93378704092737,313.62650739042505,1854.4986764306404,40.743025599263255,89.38088747405413,2.5115472387747175,14.082531424244776,58.111410261150326,0,2026-09-10 04:10:01
2026-09-09 16:56:00,CNC-01,L,304.9033073787162,312.96016733890497,1733.6942063556874,39.100512793312,92.17372849550938,2.4027999061531347,12.384389966087925,41.01952918987554,0,2026-09-10 04:10:01
2026-09-09 13:46:00,CNC-01,L,297.6854427244814,311.5828662356113,1397.8261070554236,49.72348804155359,7.853720209005653,2.1431608472861936,12.968413698976795,54.651002332113826,0,2026-09-10 04:10:01
2026-09-09 08:56:00,CNC-03,H,295.65122027810804,310.1659878183605,1559.6718379495476,45.04168345622372,185.00063169367834,25.44805340772734,13.005138213188793,61.129495413904145,0,2026-09-10 04:10:01
2026-09-09 17:18:00,CNC-02,M,298.53374585004934,312.38408280015454,1857.8117142906142,36.01991819646574,23.65872182574211,2.469678019050579,12.358190097936305,57.15988733427479,0,2026-09-10 04:10:01
2026-09-09 23:01:00,CNC-03,H,299.51482942513513,310.7982006497035,2840.5918217522735,10.898548663128587,112.73649767419889,3.417232024936294,157.87851330357867,54.40095853054742,1,2026-09-10 04:10:01
2026-09-09 19:19:00,CNC-02,M,298.65944520758933,313.23116417406015,2439.2145519772043,28.311740013634708,181.6722918598491,34.220556723083625,12.746536120610399,55.40140460996086,0,2026-09-10 04:10:01
2026-09-09 23:11:13,CNC-02,M,298.35400387126344,310.0597252907751,2734.0369112660446,14.09851632798807,6.377521030157114,3.1821008771251207,7.3476639726965445,50.90106791379622,0,2026-09-10 04:10:01
2026-09-10 02:41:00,CNC-02,M,23.044772819809623,36.723302927280486,2678.6036535863127,19.101643350739977,233.18579401487204,4.276856373240101,9.257560581583059,54.03956759479134,0,2026-09-10 04:10:01
2026-09-09 19:46:00,CNC-02,M,299.30577316476405,312.4685273748659,2329.1058513190937,24.608505873237387,0.0,0.0,10.640833573729097,52.2486982700902,0,2026-09-10 04:10:01
2026-09-09 13:43:00,CNC-01,L,297.7038255251979,311.58870927623974,1440.491956186806,47.69707277402144,3.1355676373907153,2.1245603802506494,12.872142413072073,55.89479317009144,0,2026-09-10 04:10:01
2026-09-09 13:32:00,CNC-01,L,297.4168458784053,312.2057516719165,1569.1411581007494,47.63431687363372,198.1753095848954,2.858236615065466,13.84357771485882,55.71126844646949,0,2026-09-10 04:10:01
2026-09-09 21:09:00,CNC-03,H,299.8339837158879,313.16415483502067,2588.4189467506376,20.73356194265822,241.41042137898663,4.13833379187286,10.04933551374554,54.22748486212883,0,2026-09-10 04:10:01
2026-09-09 13:42:00,CNC-01,L,297.6683613222898,311.53114498510416,1398.70267489295,51.008448674996764,1.5707727414266939,2.016056785059336,13.62333481118994,57.235489178541535,0,2026-09-10 04:10:01
2026-09-10 01:02:00,CNC-01,L,298.86042911918264,311.29053295012216,2663.647654242357,17.031581151905414,200.6844258813511,4.01935363036052,8.529966544893965,57.04883783830992,0,2026-09-10 04:10:01
2026-09-09 15:38:00,CNC-02,M,25.046102114720384,40.10125998142132,1683.5925382525425,48.17523902824556,99.74063625638247,2.301435264082573,15.132209402190579,55.27799675705613,0,2026-09-10 04:10:01
2026-09-09 14:21:00,CNC-02,M,297.60453202210164,312.6819163055253,1350.7649582854692,53.73572129204655,228.87213995221333,2.9183288572034893,13.490509123804106,56.536333176877996,1,2026-09-10 04:10:01
2026-09-09 09:54:00,CNC-01,L,296.76479875745923,311.1396211397574,1478.8412250325891,49.94422371759053,81.40663214637388,2.1983012580557095,14.279934109863074,59.205574669189325,0,2026-09-10 04:10:01
2026-09-10 03:45:00,CNC-02,M,295.66312996508157,309.5240824676037,2409.0323398331566,27.43996940238374,58.00932168123357,2.9400438631308594,12.362476680474877,60.77652628545227,0,2026-09-10 04:10:01
2026-09-10 03:40:00,CNC-01,L,298.096998020088,311.85125338041126,2414.786832332424,26.165340085238046,138.42569113941096,3.261744197563456,11.887353277692165,57.994796729165984,0,2026-09-10 04:10:01
2026-09-10 01:01:00,CNC-02,M,297.82727490996,311.5666876574979,2737.530355418596,20.60225116872896,123.34022789708195,3.3974576051493957,10.62077160667585,55.48640484321932,0,2026-09-10 04:10:01
2026-09-09 05:48:00,CNC-03,H,296.2281887525193,310.8981621670665,2197.757380068322,33.752854387460125,140.92236514638884,2.9607787606855878,14.08204677964881,54.23411874884106,0,2026-09-10 04:10:01
2026-09-09 19:05:00,CNC-01,L,300.4592941048353,313.81728771406614,2319.9301889786007,26.609234100814326,31.65999952615434,2.9169353402639877,11.492377434056781,54.752050905195,0,2026-09-10 04:10:01
2026-09-10 01:45:00,CNC-01,L,298.4086923338517,310.2640573595126,2477.521410514026,17.627765012834224,8.685033699093303,2.997034436329873,7.972463808684784,55.420564489656535,0,2026-09-10 04:10:01
2026-09-09 12:58:00,CNC-01,L,297.19179392764653,312.0838191438793,1371.9969509840257,55.104873199033015,144.40083661123774,2.2965536448527426,14.148575552873751,57.38964736298213,0,2026-09-10 04:10:01
2026-09-10 02:18:00,CNC-02,M,23.675891429942453,37.46902525506198,2620.2351432947744,20.777030870422447,207.2508957466581,3.939249777145193,10.166277799162756,58.23524234865093,0,2026-09-10 04:10:01
2026-09-09 04:23:00,CNC-01,L,296.67902051027244,308.70192248726875,2300.5942262386357,19.911466366399466,37.194320847700446,2.9567489856162976,8.47417084535044,55.91353648970299,0,2026-09-10 04:10:01
2026-09-09 11:48:00,CNC-01,L,296.3135274346709,310.1130317955235,1319.1672181798951,49.66306520148339,33.30021147127665,1.960290022900961,12.218850310607852,54.25857292281576,0,2026-09-10 04:10:01
2026-09-09 21:52:00,CNC-02,M,298.51432236043973,311.44705962761947,2571.74780459708,18.526613667926114,144.80360966591516,3.389995430481126,8.853541488494884,59.736441721190516,0,2026-09-10 04:10:01
2026-09-09 17:26:00,CNC-02,M,298.9117361220507,312.721384245481,1824.8307286067432,36.330943218023805,34.59603778543308,2.385337627867947,12.493133022839107,54.74565077709357,0,2026-09-10 04:10:01
2026-09-10 01:08:34,CNC-01,L,298.6333791916656,312.1897283692644,2842.220367492581,19.792149313417053,208.37201270861246,4.27195843700083,10.501123496322197,57.690448758088905,0,2026-09-10 04:10:01
2026-09-09 04:41:00,CNC-01,L,296.74466724557004,311.15711035915405,2218.67120972089,34.99099463021305,59.35304199813587,2.775485341732945,14.570159108309038,54.79635985041436,0,2026-09-10 04:10:01
2026-09-09 07:32:00,CNC-01,L,296.1250752765467,310.0201105187032,1738.2784561340986,38.49582704686298,61.24306209447608,2.2509480525601875,12.660336879203504,57.26686488962612,0,2026-09-10 04:10:01
2026-09-09 20:49:00,CNC-03,H,299.84137032378254,313.0503066091507,2403.7127238478824,22.1938996468705,218.90940009066327,3.7157680383826803,10.043490423543322,52.93817518348231,0,2026-09-10 04:10:01
2026-09-09 16:57:00,CNC-01,L,305.1101592609647,313.4209242442361,2030.6947816784016,35.15777215627327,93.51753150915948,2.8561327594406727,13.07889874976757,40.421186941121334,0,2026-09-10 04:10:01
2026-09-09 05:00:00,CNC-03,H,296.4445911856332,309.5210842053769,2348.4014960762147,23.891720404457605,79.14865419071921,2.9205945321314806,10.513787024579473,55.149200520168236,0,2026-09-10 04:10:01
2026-09-09 12:08:00,CNC-02,M,296.44370924545177,310.0960878544852,1365.1082241808094,49.5175245138432,19.11586461482806,2.0133651569589195,12.780524869863186,56.10390803958609,0,2026-09-10 04:10:01
2026-09-09 18:08:00,CNC-03,H,299.53181256842396,313.40878469458715,2005.99526067237,35.223000035329505,21.30114346423924,2.5192112993396196,13.346565424971997,51.56237998111724,0,2026-09-10 04:10:01
2026-09-09 15:17:00,CNC-03,H,25.362319862750326,39.49657470252856,1791.520013045014,39.99220777083519,16.67412659484707,2.301459840909444,13.49375321745199,54.466308148420886,0,2026-09-10 04:10:01
2026-09-09 06:49:00,CNC-02,M,295.7762590312087,311.0652940163703,1813.6557817693615,43.27936564245392,212.3063635271103,3.200652752936147,14.557240329635885,57.603642006449775,0,2026-09-10 04:10:01
2026-09-09 07:50:00,CNC-01,L,296.1392657920847,310.5164225142417,1550.8303909584583,47.06567148537143,87.21631104717775,2.2805836248675515,13.604316136010238,57.400969003403475,0,2026-09-10 04:10:01
2026-09-10 02:31:00,CNC-02,M,23.230199212273533,37.01875785082308,2526.033942915679,,221.90845469285526,4.014961522264115,10.609019454891866,55.590202181141095,0,2026-09-10 04:10:01
2026-09-09 19:16:00,CNC-01,L,300.6607989091269,313.93255487745387,2266.564842492546,26.44957308144363,45.28261690932173,2.8174262217676267,11.146997468458302,47.288132271756,0,2026-09-10 04:10:01
2026-09-09 10:30:00,CNC-01,L,296.2421791228375,310.69222712506615,1390.8063042123636,53.49107620035072,137.98603233052216,2.350430857311225,14.099978910374858,59.70822707678801,0,2026-09-10 04:10:01
2026-09-09 04:40:00,CNC-03,H,296.69753745494285,310.3671548691211,2239.7736872664495,29.721170773052766,54.2476446957429,2.904028520751698,12.411803669004845,54.59680751052771,0,2026-09-10 04:10:01
2026-09-09 22:41:00,CNC-02,M,298.3359049390865,312.3214908271804,2599.4070171059993,22.087487338446905,198.26553109030328,3.7873362537405724,10.630067548139596,47.38248375963284,0,2026-09-10 04:10:01
2026-09-10 00:04:00,CNC-03,H,299.3653409834606,312.3079422603873,2825.0555814169775,17.7255923091017,179.61646832285516,3.8615499691591997,9.532244929918619,52.75459821371704,0,2026-09-10 04:10:01
2026-09-09 17:01:00,CNC-03,H,299.3047158256124,314.5521427769324,1981.7984159128414,40.50078549343951,168.11646616863388,2.9368383857310416,15.068057555433075,51.91441678698358,0,2026-09-10 04:10:01
2026-09-10 02:14:00,CNC-01,L,25.320140817503443,38.05780931176588,2566.7871985600777,20.638439615974065,40.404719983088796,3.107414338328131,9.749902243411613,51.8138704187,0,2026-09-10 04:10:01
2026-09-09 22:16:00,CNC-03,H,299.61198938175454,311.18042261796796,2787.0078322890563,12.980653498914272,64.2060244724533,3.221301133786011,6.911788698288673,47.682137741629404,0,2026-09-10 04:10:01
2026-09-09 17:18:00,CNC-01,L,300.01873202787783,314.07106401814224,1898.4069589676349,35.216654435423344,122.83965226408336,2.7955149391692595,12.568293238621271,51.33970791885599,0,2026-09-10 04:10:01
2026-09-10 04:06:00,CNC-02,M,295.9446047115173,310.3067347444064,2237.030134312902,30.379528274971573,83.04886698978284,2.813936007577539,12.652472688484291,57.29312779627706,0,2026-09-10 04:10:01
2026-09-09 19:06:00,CNC-01,L,300.65942255258136,313.5069039928999,2239.9115299518035,25.349156235553153,32.887691429673986,2.7162092444085495,10.69981887770643,46.86860876875768,0,2026-09-10 04:10:01
2026-09-10 02:21:00,CNC-01,L,25.25099151723674,37.678190559470295,2742.424697697946,17.923447995410346,47.9714199599471,3.2660586121236377,9.073532170515888,54.64045574468414,0,2026-09-10 04:10:01
2026-09-09 06:22:00,CNC-02,M,296.0959867468091,311.05620120053624,1891.076356151632,40.05866407636267,175.09681973383246,2.864394347688283,14.245826218853692,55.0429895870027,0,2026-09-10 04:10:01
2026-09-09 17:57:00,CNC-01,L,300.3465386044391,315.0335253290084,1985.432076678363,37.25386306740119,175.7217611638923,3.2132550033020495,14.042565689828603,49.39989593883887,0,2026-09-10 04:10:01
2026-09-09 14:30:37,CNC-03,H,298.1286765671319,313.1084045482004,1558.5753754156665,49.22902191488321,220.2501524711604,0.0,14.304270039946022,54.330863396420575,0,2026-09-10 04:10:01
2026-09-09 17:06:00,CNC-01,L,299.46648235770834,313.8022684334471,1824.7564915235953,39.57683945893199,106.13506311579006,2.50299629952005,13.77286895422671,54.06602058812045,0,2026-09-10 04:10:01
2026-09-09 23:26:00,CNC-02,M,298.02772437894396,309.85307485732807,2682.614204665345,15.139551820705304,22.315568058067246,3.141970007414826,7.624267271432409,58.069514920436475,0,2026-09-10 04:10:01
2026-09-09 21:13:31,CNC-01,L,300.38116107735664,313.8241417409087,2334.1986038540513,25.09462557860732,,34.759153977142766,11.192838498012733,50.28732072048361,0,2026-09-10 04:10:01
2026-09-09 16:29:00,CNC-03,H,298.9687845098994,313.5047698983697,1723.8575269159296,43.138272563525625,,2.360133746636937,13.986995869255296,53.781611808647234,0,2026-09-10 04:10:01
2026-09-09 08:25:00,CNC-02,M,301.5528859169304,310.51421002720934,1649.0404362666611,48.85046603459911,101.9419393995559,2.423468030869654,15.002628162909657,46.77731812541633,0,2026-09-10 04:10:01
2026-09-09 11:24:00,CNC-01,L,296.4111885634174,311.30788864843424,1336.943334137517,54.89784788251256,223.4648838120037,3.1201732855598006,13.932973123389653,56.72897126260295,1,2026-09-10 04:10:01
2026-09-09 19:00:00,CNC-02,M,299.17771323807824,313.82590685602656,2166.8606637193234,32.80570074594096,158.03848263236472,3.0182735060968167,13.48317710849186,53.05005455109969,0,2026-09-10 04:10:01
2026-09-09 22:33:06,CNC-03,H,299.49323836751284,311.9842592477092,2585.892292265624,17.49870950511725,81.80063436362596,3.148608953735805,8.57149107464944,53.558236802627206,0,2026-09-10 04:10:01
2026-09-10 01:40:00,CNC-01,L,298.8214305128708,309.7565401630668,2792.749926108202,11.204987719007757,3.206695175537255,3.3365041441471837,6.037053385161492,52.34389719247996,1,2026-09-10 04:10:01
2026-09-09 17:49:00,CNC-01,L,300.21973709881036,314.93833817379783,2115.042763995256,34.56214852571047,164.96883509867257,3.0529645411316566,13.662820164163584,46.089041812456465,0,2026-09-10 04:10:01
2026-09-10 00:06:00,CNC-01,L,299.17124663407515,312.02754389436683,2691.4223295504275,18.323109271548613,140.59743819265745,3.443637629616986,9.220455663084643,53.78470724691547,0,2026-09-10 04:10:01
2026-09-09 10:36:00,CNC-03,H,296.0704210214955,310.6932823840734,1418.8624257877202,51.75951060808335,117.13116880708851,2.2722590689527937,13.841237831984374,54.68468509191263,0,2026-09-10 04:10:01
2026-09-09 12:22:00,CNC-03,H,297.44911836067644,311.54219411490334,1336.4612329464721,56.20589952716171,15.937525850283865,1.9779643284537676,14.182839529158942,53.496703778865786,0,2026-09-10 04:10:01
2026-09-09 04:56:00,CNC-03,H,296.71674393985523,310.0966802915217,2194.682646640004,27.92725470301068,74.24532108790655,2.9189301232241984,11.461717804591823,57.949998432409004,0,2026-09-10 04:10:01
2026-09-09 05:11:00,CNC-03,H,296.3647156042928,310.03299972799397,2104.3829792101733,30.3121942092765,92.99804777246453,2.6236136384702116,11.730339874072316,59.14729762962576,0,2026-09-10 04:10:01
2026-09-09 11:25:00,CNC-02,M,296.22575426234386,310.98043845301555,1430.8971331939392,51.17156447642587,162.04123136627834,2.502678120865239,13.838298212553442,57.61868418058361,0,2026-09-10 04:10:01
2026-09-09 23:14:00,CNC-02,M,298.2714805038718,310.96649592906965,2665.3066547859103,18.270697138301472,9.534126576676218,30.969639787760638,9.041373789564487,57.320060188203804,0,2026-09-10 04:10:01
2026-09-09 19:53:00,CNC-03,H,299.7620057476959,313.78709348053394,2411.1606232671234,28.343773063396487,153.5145997433023,3.1822629305958623,,50.68970230624186,0,2026-09-10 04:10:01
2026-09-10 00:35:00,CNC-01,L,299.45919170912697,312.00045225146175,2586.7524417446666,18.058921746224957,171.8312078908972,3.599216967049958,253.96325382085072,52.726636280365646,0,2026-09-10 04:10:01
2026-09-10 03:19:00,CNC-02,M,296.0555092334619,309.2199124418108,2458.2071980783767,23.0266280008089,,2.9641321744537095,10.512744582991939,62.29628367913052,0,2026-09-10 04:10:01
2026-09-09 06:07:00,CNC-03,H,295.7080152373487,310.42742520792973,1919.4881592034687,38.252866610296465,166.13221959518665,2.798059289300931,13.72993677560807,62.04656334837555,0,2026-09-10 04:10:01
2026-09-10 03:50:00,CNC-02,M,295.56334337771864,308.4656475133975,2643.678800803622,19.153341089560747,63.919215793331894,3.1202262941864785,9.32730794664764,61.96001974933409,0,2026-09-10 04:10:01
2026-09-09 14:03:00,CNC-01,L,297.83333186816196,311.44159177087164,1291.6854973469606,49.02945367307406,34.41404247133541,2.023607233688664,11.852834246508552,57.430905128874834,0,2026-09-10 04:10:01
2026-09-09 19:16:00,CNC-03,H,299.70330221233445,313.1544953387939,2130.850030330619,28.13160505084316,108.10755595446594,2.7941287467550793,11.359632188323804,53.446678227882536,0,2026-09-10 04:10:01
2026-09-10 01:38:00,CNC-02,M,297.1968614130953,311.02844726771417,2620.0445512198785,21.987450358227346,163.54074612066873,3.465403881078246,10.76730780231088,55.623989940266426,0,2026-09-10 04:10:01
2026-09-09 15:10:00,CNC-01,L,25.7182517592218,39.94431008563083,1465.6690577539405,46.43069949191787,137.34547322620844,2.324808528564436,12.938347808631518,52.534479990955255,0,2026-09-10 04:10:01
2026-09-09 08:39:00,CNC-02,M,296.1574243621092,311.16145277827155,1687.2104449998376,48.26772194237673,122.9801198914141,2.4479187877852544,15.15122132791974,57.36670159489889,0,2026-09-10 04:10:01
2026-09-09 23:54:00,CNC-03,H,299.35345969158294,312.04017944366615,2750.4122846916066,17.09783145968784,169.0956686069934,3.6391736521560683,8.958599434238376,52.640879534677524,0,2026-09-10 04:10:01
2026-09-09 05:09:00,CNC-03,H,296.61172276559375,310.52952903692363,2217.0615861741026,30.51888637069901,90.43654412070711,2.84652805064354,12.832237116685878,51.451943670160325,0,2026-09-10 04:10:01
2026-09-09 12:45:00,CNC-02,M,296.5969785070835,310.76623252276784,1309.083667331169,52.99871066289232,77.86206949068132,19.209299266625962,13.002752901602015,58.26880757782225,0,2026-09-10 04:10:01
2026-09-09 20:14:00,CNC-01,L,300.5903860767857,313.99808239211,2434.5343988470067,24.160450749138572,115.25892651009605,3.1200457729000317,11.20467757867729,52.16927901777569,0,2026-09-10 04:10:01
2026-09-09 17:46:00,CNC-03,H,299.6947820756217,314.6557840729677,2080.9934689103256,35.10247008135731,229.62963420855246,3.3614172959767976,13.598035938970265,53.032342459810216,0,2026-09-10 04:10:01
2026-09-09 06:01:00,CNC-03,H,295.94995911635186,310.16262851352747,2174.5330068543158,30.67569937915009,158.10811968945836,3.035384092215149,12.257723752390095,53.9552078520943,0,2026-09-10 04:10:01
2026-09-09 19:24:00,CNC-01,L,300.49707709313964,314.12189689472405,2307.6183094436587,28.037371686774616,55.12239853167332,2.8808823365316796,12.12090285446887,53.23811138554641,0,2026-09-10 04:10:01
2026-09-09 15:48:00,CNC-02,M,25.270199175328173,1233.4132444731508,1737.9028773756113,43.0088305403697,114.56669554712396,2.4627298856078372,14.158327511997463,51.679726737648416,0,2026-09-10 04:10:01
2026-09-10 02:35:00,CNC-03,H,24.711844772099255,36.85455304609661,2473.069960754883,17.615534912855388,73.65703384559656,2.983367901887828,8.340229193916173,53.665233281312716,0,2026-09-10 04:10:01
2026-09-09 07:50:00,CNC-03,H,295.6092601662577,309.7593780811558,1712.5804677584917,41.83082491867253,86.582134417267,2.518101984324681,13.553753046898018,59.11570952156622,0,2026-09-10 04:10:01
2026-09-09 04:58:00,CNC-02,M,296.44966569408916,309.9412405875095,2250.179680134666,27.388898446392037,65.00356609416274,2.7834471922344535,11.642111637772153,53.57534357865481,0,2026-09-10 04:10:01
2026-09-09 23:38:00,CNC-01,L,299.36776027234606,,2666.3532828739753,16.532048165879992,110.96822314735252,3.323176813131093,8.23129374760223,54.026357261212304,0,2026-09-10 04:10:01
2026-09-09 15:36:00,CNC-02,M,25.15117049600758,39.96719059788444,1630.48111432982,48.50472840053303,96.77598367895901,2.3550171399904625,14.753316051614824,60.88964826734869,0,2026-09-10 04:10:01
2026-09-10 02:23:00,CNC-02,M,23.376553225533087,37.22747167816874,2495.362811323122,22.263285463215798,212.88642340500385,3.7890700027164894,10.595488771683652,58.94212340152724,0,2026-09-10 04:10:01
2026-09-09 10:02:00,CNC-03,H,295.6140395181361,309.9096042883863,1372.3439572226537,52.126096723747395,63.767532559061,2.095119031774124,13.333989118935206,57.096950213971986,0,2026-09-10 04:10:01
2026-09-09 05:06:00,CNC-02,M,296.44911490559593,309.7656410464725,2100.855492288909,29.06614344269701,75.22557742289169,2.6768147715528294,11.566930991714992,58.62498341203541,0,2026-09-10 04:10:01
2026-09-09 18:07:00,CNC-03,H,299.6595612611008,313.1240339952856,2074.4200673377177,31.6716499740305,19.9619713488017,2.6928725840254653,12.11145847257876,54.824607994477816,0,2026-09-10 04:10:01
2026-09-09 21:43:00,CNC-03,H,299.64524901435846,311.0316945617263,2595.513718627806,15.560717342075021,28.000664961676065,3.1813146270865875,7.8090317800754,52.936311736528204,0,2026-09-10 04:10:01
2026-09-09 14:09:00,CNC-02,M,297.19273227236977,311.4315921866558,1258.7084316405392,52.56226574004827,210.19367415039832,2.557066455989104,12.360768700668576,55.1354895470564,0,2026-09-10 04:10:01
2026-09-09 19:52:00,CNC-03,H,299.7368931692044,313.6911818065669,2350.6565814979613,27.550718140495974,152.31126750977455,3.050823359811158,12.23893246723246,47.47308383049458,0,2026-09-10 04:10:01
2026-09-09 16:48:00,CNC-02,M,298.55795509803767,313.88301639427704,1803.982421994591,43.27737993437268,200.99661477419772,3.0913282594989084,14.7401586751981,53.6677053440947,0,2026-09-10 04:10:01
2026-09-09 10:08:00,CNC-01,L,296.33128633922007,310.6336310232623,1492.1848159204328,47.17930766579564,103.28971477646398,2.309120220264339,13.28470530517804,56.78411594045253,0,2026-09-10 04:10:01
2026-09-10 03:21:00,CNC-01,L,298.1472566691378,311.1737419886041,2440.125320340218,22.716720180465856,116.21812394057969,3.1840607182742704,10.454188475146937,51.98427443924525,0,2026-09-10 04:10:01
2026-09-09 16:17:00,CNC-03,H,299.03599279259714,313.29504630965073,1780.1026231646142,40.02934666578571,105.41326638180183,2.508434423115689,13.153622672961541,58.28723179268503,0,2026-09-10 04:10:01
2026-09-09 09:08:00,CNC-02,M,296.0753803857646,310.92280488217017,1612.9885449657136,46.16391344199704,166.8185421361826,2.610594601854255,13.852102025933283,54.36936875065266,0,2026-09-10 04:10:01
2026-09-09 23:21:00,CNC-01,L,299.69209955161284,313.29913580741663,2734.9871794545315,21.95419187130208,92.82663192426708,3.3455769779934768,11.316681271982143,49.531520705133005,0,2026-09-10 04:10:01
2026-09-09 17:00:00,CNC-02,M,298.88211627824904,313.9025193899477,1916.7287258838567,38.63690063518386,218.02514474289256,3.2311750301189512,13.826815071397569,52.955033662006244,0,2026-09-10 04:10:01
2026-09-09 20:41:00,CNC-02,M,298.97463208401564,311.3193542201136,2619.858625637878,17.504151904811984,64.9289804585274,3.241414779084538,8.669909303164573,53.80143883270763,0,2026-09-10 04:10:01
2026-09-09 10:18:00,CNC-01,L,296.3738594676995,310.4810118196853,1317.063341726922,51.431495154248566,119.02000902162953,2.238230086680084,12.66411895857591,58.24356703179075,0,2026-09-10 04:10:01
2026-09-09 19:25:00,CNC-03,H,299.3474486505309,313.2931261863335,2355.5090346116554,27.98491075379755,119.26921319943868,3.000353083379685,12.31640396576027,53.488292244862215,0,2026-09-10 04:10:01
2026-09-09 23:31:00,CNC-03,H,299.53468571512786,311.8435744572635,2808.157882460612,15.89240483768439,144.63858764431504,3.437434231149127,8.454930406161898,55.763553729510434,0,2026-09-10 04:10:01
2026-09-09 04:43:00,CNC-02,M,296.57690005143485,309.9700413459362,2154.6769248202336,29.45238253055844,46.079391680674796,2.6992301095079307,11.665071145253886,55.795012523911964,0,2026-09-10 04:10:01
2026-09-10 02:39:00,CNC-02,M,23.13861277829824,37.85046495451098,2312.1655910418867,27.946828537762006,231.00746579123492,3.8661587352928497,12.118076764693068,57.64724897646894,0,2026-09-10 04:10:01
2026-09-09 22:20:00,CNC-03,H,299.46760681045936,311.33231585849387,2540.454317635998,15.601631426433352,68.6177537502598,3.2103528338841874,7.308513330928783,50.436534949315515,0,2026-09-10 04:10:01
2026-09-09 11:16:00,CNC-01,L,296.32096690592965,310.9152835228363,1338.6148351443358,52.84856388297033,210.7808635316214,2.8435413203236224,13.274110959718067,56.514684153277905,1,2026-09-10 04:10:01
2026-09-10 02:26:00,CNC-01,L,25.144799983357018,37.46939783296057,2548.8346646458626,19.067084715899504,53.615364736923645,3.2162573952971174,9.138728857393419,54.075661450064075,0,2026-09-10 04:10:01
2026-09-09 04:41:00,CNC-02,M,296.47681027132296,309.0780353329604,2361.167481494213,23.313092395504434,43.60113218052082,2.9322338850970193,10.25114196380748,58.78450377542008,0,2026-09-10 04:10:01
2026-09-09 23:46:00,CNC-03,H,299.3400582885247,311.22584262934043,2791.602437162982,13.791999301527088,160.63782340632093,3.564588438532819,7.4311332470727605,49.60753902858121,0,2026-09-10 04:10:01
2026-09-09 18:00:00,CNC-02,M,298.7139964261971,312.535095166072,1992.9022258798889,31.613872930070343,80.56367700579686,2.6052344177135525,11.560981359421433,54.39159527117495,0,2026-09-10 04:10:01
2026-09-09 21:00:00,CNC-01,L,300.8070271416796,313.61807969460455,2576.91801020659,18.531178850493106,168.58421094190822,3.691542856923621,8.75171534560021,47.04486743386141,0,2026-09-10 04:10:01
2026-09-10 03:28:00,CNC-02,M,295.6977448136969,308.34019843568115,2395.5194333423233,21.47161109205536,38.26062423851556,2.9151040746511487,9.708399799433163,60.86375146139,0,2026-09-10 04:10:01
2026-09-09 14:13:00,CNC-03,H,303.51114900857186,312.3999690629392,1432.3228276401746,51.690779382716094,190.70303780721383,2.601178761570392,13.940184150831769,45.00463986644007,0,2026-09-10 04:10:01
2026-09-10 04:03:00,CNC-01,L,298.1193972844853,311.5995682210678,2401.658558522299,24.06170406381281,166.0061570428581,3.295572040015047,10.758895098093582,54.81341812185753,0,2026-09-10 04:10:01
2026-09-10 03:22:00,CNC-01,L,298.1546686942747,311.0466956814715,2426.777645561723,22.8320951506009,117.39470725587391,3.115048293179789,10.265836729256767,56.445977107867,0,2026-09-10 04:10:01
2026-09-10 02:45:00,CNC-03,H,24.764647867637166,37.50444734953999,2637.451774912637,20.00501712755027,84.8692519920941,3.2769680832247357,9.708766573141583,55.474404835500124,0,2026-09-10 04:10:01
2026-09-09 16:47:00,CNC-03,H,299.207423086006,314.06060447558383,1830.461019647578,42.064261698287126,148.46064531793257,2.7040663474872444,14.281443057525006,57.12299175194547,0,2026-09-10 04:10:01
2026-09-09 07:51:00,CNC-01,L,296.28099958928857,310.2765554037605,1614.3101852473128,41.1568684438864,88.67825359172069,2.276640799944967,12.753736594148538,58.99592324677009,0,2026-09-10 04:10:01
2026-09-10 02:53:00,CNC-03,H,24.778641801635274,37.861426153311356,2439.2039888211375,23.44207672174075,93.91366179745508,3.1280749553649563,10.697986122638909,52.88108904300269,0,2026-09-10 04:10:01
2026-09-09 06:37:00,CNC-01,L,296.1847544150313,311.38689088586506,1817.7423466948019,41.41501952124565,210.63512103006576,3.2457286097517315,14.075564141632873,58.38562141957656,0,2026-09-10 04:10:01
2026-09-09 23:48:00,CNC-02,M,297.9555960185927,309.9348942880386,2718.4162711293743,14.562853184012559,45.62975814324469,3.2283214365439195,7.6776392991408375,57.70872582135139,0,2026-09-10 04:10:01
2026-09-10 02:53:00,CNC-01,L,24.99184305616575,38.043074335937376,2701.229342405996,20.21585421980735,83.8504810570919,3.329001136545077,10.148347332584596,58.16098988200933,0,2026-09-10 04:10:01
2026-09-09 08:36:00,CNC-01,L,296.21033313076987,310.8289505884826,1611.2718295436882,44.88610677801163,155.10416297061292,2.630333481607131,13.779101018151644,62.26267120695196,0,2026-09-10 04:10:01
2026-09-09 16:56:00,CNC-03,H,299.359996715348,313.646322363966,1790.3064767922103,39.16396484548342,161.13381779926846,2.6371902275120322,13.03854839119013,54.29966252140654,0,2026-09-10 04:10:01
2026-09-09 10:00:00,CNC-02,M,296.21066249115523,309.93365622105574,1477.0164421134975,46.598148780319605,28.01673042498265,2.147260786816777,12.729646082497258,57.93411209080451,0,2026-09-10 04:10:01
2026-09-10 01:21:00,CNC-01,L,298.6401609770412,311.43438692726727,2812.290810527046,16.596753228689543,221.21929713910612,4.405387147517027,8.705237850845684,53.90066131987948,0,2026-09-10 04:10:01
2026-09-09 22:20:00,CNC-01,L,300.22930522285907,313.3015773677747,2501.8170627154145,23.72431056881929,27.1554737062146,3.1082494055401755,10.950477373183197,48.80678093770795,0,2026-09-10 04:10:01
2026-09-09 11:51:00,CNC-03,H,297.0827299435925,311.95024668773374,1332.179673637432,52.408538611607604,236.0810606608965,2.8400223974821257,12.920216276181351,57.46659673802273,0,2026-09-10 04:10:01
2026-09-10 03:57:00,CNC-01,L,297.9466631610213,311.62268599084643,2348.6912880381783,25.025080244699748,158.69423285011413,32.511120317309434,10.953167274199812,54.117539164628745,0,2026-09-10 04:10:01
2026-09-10 04:09:00,CNC-01,L,297.86194975364646,312.61443121879495,2461.9511074898246,29.745533891916065,173.15503325444183,3.5528064873226457,13.91452687883587,54.77360308108738,0,2026-09-10 04:10:01
2026-09-10 03:28:00,CNC-03,H,297.4296852316024,310.66374986381237,2447.515945919359,23.536123924369083,134.03272789858212,3.1275056879924077,10.843471958597666,55.16550867595315,0,2026-09-10 04:10:01
2026-09-09 11:39:00,CNC-02,M,296.23166752471224,311.55085997190827,1429.083011242608,55.54535427695777,184.30151256996945,2.6613374355546373,14.922298849095684,61.01391813809326,0,2026-09-10 04:10:01
2026-09-09 19:11:00,CNC-03,H,299.63391750511823,313.53319811301645,2142.2933682187045,31.301224626207816,101.90788473459064,2.8194031132625974,12.430850451829965,52.50908012832391,0,2026-09-10 04:10:01
2026-09-09 07:03:00,CNC-02,M,301.72073574505373,310.4475557147347,1893.9413482981774,36.79740500279189,231.9225124739849,3.4102146608583963,13.04183566436401,49.38808779207891,0,2026-09-10 04:10:01
2026-09-09 23:12:00,CNC-03,H,299.7109680545957,311.3571180897332,2732.6471693923727,12.541605283808837,124.46096820266459,3.5076458680389426,6.569671810325363,50.86716390502086,0,2026-09-10 04:10:01
2026-09-09 07:02:00,CNC-03,H,295.55322738844745,309.65551291855877,1812.2308310311573,42.25034488950911,17.956239820695043,2.4747094096152953,14.196444765044793,51.86223437444471,0,2026-09-10 04:10:01
2026-09-09 14:19:00,CNC-02,M,297.8368426438599,313.517003728502,1471.2679983831233,54.61105176807326,225.6994605655802,3.028949516729199,15.273145286913135,60.51558612704309,1,2026-09-10 04:10:01
2026-09-09 19:09:00,CNC-02,M,298.7635032221409,313.35079661911635,2115.4703284509633,32.858208760538446,169.31044303480832,3.067111881373503,12.934891529391276,54.05253575773303,0,2026-09-10 04:10:01
2026-09-09 17:04:00,CNC-01,L,299.7045444038667,314.09601413203586,1956.5336014863572,37.99086111387158,103.37169003779833,2.744244617089031,13.906015647725516,49.62395036685888,0,2026-09-10 04:10:01
2026-09-09 13:10:00,CNC-02,M,296.89495723456815,311.56934112826326,1542.8915637968953,50.068104463801674,117.4580569349796,2.3091647952395338,14.48937519457599,55.8492950542644,0,2026-09-10 04:10:01
2026-09-09 05:08:00,CNC-01,L,296.66125064443924,310.14602701529634,2133.5861833757194,29.560760142021078,93.47250540965138,2.8207928809728418,11.84860812553001,56.88350371256008,0,2026-09-10 04:10:01
2026-09-09 05:09:00,CNC-01,L,296.5131967822618,310.97065138390957,1999.9914248430364,36.70869750463322,94.80560844979658,2.6275381337899333,13.783869651446446,57.64025016908482,0,2026-09-10 04:10:01
2026-09-09 06:14:00,CNC-03,H,295.7526907918616,310.5913423173757,1982.9770150693957,,175.5701409013611,2.9893438410150863,14.193364496767392,54.015529410781596,0,2026-09-10 04:10:01
2026-09-09 05:21:00,CNC-01,L,296.4221320266728,310.2390959170947,2123.9409610697603,30.372390402806438,110.07534860602091,2.804544624111127,12.0434694218953,59.205297055822456,0,2026-09-10 04:10:01
2026-09-09 15:34:00,CNC-01,L,25.957584355051836,40.651233355703766,1622.2344202332433,45.33925398454792,,2.7874115815622504,13.753496444242371,57.02800095730904,0,2026-09-10 04:10:01
2026-09-09 04:46:00,CNC-02,M,296.57973186475226,309.90706073593424,2182.00036249794,28.499820646323936,49.795077687409645,2.744815198786474,11.54309249324896,58.96459160396104,0,2026-09-10 04:10:01
2026-09-09 21:10:00,CNC-01,L,300.082240593644,313.9349253794515,2390.138380666065,25.769120707202646,179.8908898157787,3.5054679653465097,11.48833808499128,48.55848612664357,0,2026-09-10 04:10:01
2026-09-09 20:31:00,CNC-01,L,300.79978214137606,313.96653437001504,2388.484258177858,22.291760023346548,135.1877221099614,3.053382694035932,10.192524670451817,46.4578560298533,0,2026-09-10 04:10:01
2026-09-09 04:24:00,CNC-01,L,296.8613628902138,310.1377096041153,2246.203335670878,27.265186895246437,38.418380662168005,2.779218803871943,11.183725615485042,55.1436031069116,0,2026-09-10 04:10:01
2026-09-09 15:17:00,CNC-02,M,24.729704296517014,38.77022624845529,1702.2891772680332,40.32138087159246,68.2590464740445,2.480713642674088,12.817720344924423,58.75914347877025,0,2026-09-10 04:10:01
2026-09-09 07:46:00,CNC-03,H,295.6748480079643,310.2805106332753,1672.3784987569852,45.65674007117099,80.72389100752551,2.2605890408725755,14.30266603929532,56.52703267279088,0,2026-09-10 04:10:01
2026-09-09 17:21:00,CNC-01,L,299.80929064355763,314.46523263541604,1975.759607021936,38.8592619077728,126.91086226887883,2.780098068298074,14.364577581499418,53.868882993709796,0,2026-09-10 04:10:01
2026-09-09 04:11:00,CNC-02,M,296.6965439971736,309.31573144838325,2278.0874731189065,23.516862302489873,6.81538343617874,2.875668534653076,10.065476853496865,55.65616029123159,0,2026-09-10 04:10:01
2026-09-09 09:57:00,CNC-02,M,295.9433894524376,309.9821070632513,1389.9891362936125,50.52751053838121,23.356460390134846,2.09140388016598,13.084039053252196,60.24807637594641,0,2026-09-10 04:10:01
2026-09-09 23:09:00,CNC-03,H,299.8050983727725,312.5156849797238,2608.90984608423,17.96296589840163,121.33326583827612,3.2249011115732342,8.979717156370247,51.55538295947974,0,2026-09-10 04:10:01
2026-09-09 12:59:00,CNC-01,L,297.18333742250206,311.6118469119452,1335.0236189586412,52.223023668913946,146.00083661123773,2.275516430705017,13.049957228027475,56.601301259818435,0,2026-09-10 04:10:01
2026-09-09 07:01:00,CNC-01,L,296.39637524986205,309.79934943865305,1918.118648003349,34.27333011180947,16.77981371298982,2.501463419375578,12.323784857035074,58.770810885324934,0,2026-09-10 04:10:01
2026-09-09 08:23:00,CNC-02,M,301.68270553084824,309.32966732773355,1632.8674670397527,,99.02519256536412,23.221239098719415,11.934705082624896,52.350334534791294,0,2026-09-10 04:10:01
2026-09-09 06:52:00,CNC-01,L,296.50597984295786,310.37846682795055,1993.0840418948546,36.142137306540995,4.206784739284602,2.5833045329858977,13.64279833393309,53.694581455310114,0,2026-09-10 04:10:01
2026-09-10 00:25:00,CNC-03,H,299.32014704807284,311.8565467637126,2769.0905702296745,15.730383672773602,201.93124972655463,3.8519675485451352,8.276370509942538,48.530134921869816,0,2026-09-10 04:10:01
2026-09-09 15:42:00,CNC-03,H,25.61605241188363,39.59840665855222,1722.2544303922102,40.25616646097317,53.98974877079208,2.3695252608545125,13.097981324625065,54.57268764646364,0,2026-09-10 04:10:01
2026-09-09 22:02:00,CNC-03,H,299.32256412019,311.64012765288584,2653.955737215978,18.84178923596079,49.00229027504138,31.082829964479444,9.2026448784918,53.85749383992922,0,2026-09-10 04:10:01
2026-09-09 12:46:00,CNC-01,L,297.24476788491654,312.0643523220638,1422.15193681256,55.1990600083116,125.36621160501797,2.428756870914648,14.926738287444039,55.55760688297495,0,2026-09-10 04:10:01
2026-09-09 08:15:00,CNC-02,M,301.74228918230386,309.7050736497653,1674.9279462980035,40.992578243968154,87.1526942168815,2.388460974566639,12.905127867194484,46.4933354637925,0,2026-09-10 04:10:01
2026-09-10 03:52:00,CNC-03,H,297.13095153898445,310.30537779762716,2407.5991529068783,22.580662237186157,162.33511950946664,3.1597882560295587,10.427378529631099,54.49042756922165,0,2026-09-10 04:10:01
2026-09-09 09:59:00,CNC-01,L,296.32334019750823,310.36729791289025,1528.1790837930519,46.446607566385715,89.14495744578315,2.2693840175927598,13.07602003745547,57.35937535269407,0,2026-09-10 04:10:01
2026-09-09 22:22:00,CNC-03,H,299.9149095595188,311.77469041873985,2628.8069273695837,15.55792426119859,70.87221169894607,3.0893022958460046,7.648775044226302,52.61511248703109,0,2026-09-10 04:10:01
2026-09-10 01:07:00,CNC-02,M,297.41232211581814,310.4168247712257,2787.8518430453682,16.797848799979146,129.76998580761278,3.523252675348669,8.65545580764323,53.54348859120515,0,2026-09-10 04:10:01
2026-09-09 14:40:00,CNC-02,M,297.86595973798984,312.25453692733066,1498.0852530296113,51.17836164490542,12.390079115540242,2.028756787613985,14.307824831159515,56.407553843775894,0,2026-09-10 04:10:01
2026-09-09 17:19:00,CNC-03,H,299.3287863168477,314.182838968828,1761.0034045497825,40.06057653821433,193.0983252192482,2.791582820053383,13.117726204292206,55.761015103054284,0,2026-09-10 04:10:01
2026-09-09 19:42:00,CNC-01,L,300.5113185047279,313.2425263515549,2375.7053484899116,22.75636998029016,77.16769389929246,3.1073857749823155,10.114375117259907,50.10585930730955,0,2026-09-10 04:10:01
2026-09-09 10:13:00,CNC-03,H,295.7786050023044,309.63981330447956,1383.0545343429728,48.69055274995177,81.07328106241414,2.0790553755669934,12.604347256021795,66.19491905366237,0,2026-09-10 04:10:01
2026-09-09 17:50:00,CNC-01,L,299.9518088704159,314.44630267169566,1933.6531114981176,36.822357488751265,166.31762944975097,3.0008221867366247,13.676115580582753,48.13896660532195,0,2026-09-10 04:10:01
2026-09-10 01:41:00,CNC-01,L,298.4208784039594,310.04723974992675,2607.514020383165,16.847666273674037,4.306358034474928,3.1247495972887447,8.1859781571505,56.09352516740034,0,2026-09-10 04:10:01
2026-09-09 09:27:00,CNC-03,H,296.16942972700804,309.5804977268783,1455.1478230663672,44.94668093442934,9.223107776074693,2.195279542527126,12.455408350232647,56.14687673904389,0,2026-09-10 04:10:01
2026-09-09 20:21:00,CNC-03,H,299.640056358124,313.5003105740946,2381.958657850914,25.411454515943984,186.66136343970103,3.3443818785147226,11.109605118362332,54.01874590652259,0,2026-09-10 04:10:01
2026-09-10 03:06:00,CNC-01,L,24.88169873903587,38.80515987768689,2317.6220469113496,29.270113168519362,98.70979526904776,2.8661161106736666,12.84211470740602,53.11160155265524,0,2026-09-10 04:10:01
2026-09-09 16:23:00,CNC-01,L,304.97253525339426,312.617620324943,1961.5448243018511,33.939529470124754,45.149699128241,2.5784154711660494,12.483514053550433,45.671252976560694,0,2026-09-10 04:10:01
2026-09-09 09:18:40,CNC-02,M,296.09797987753683,310.7950276713719,1500.2340414635662,49.34635902930187,182.16197300209092,2.6051850372488956,13.76877539944953,63.42369361245529,0,2026-09-10 04:10:01
2026-09-10 03:04:00,CNC-02,M,22.905372574941794,35.42863482667934,2610.7716753788627,19.457582810543904,10.214686014813868,29.972111224204077,9.41494866842162,60.66385701844615,0,2026-09-10 04:10:01
2026-09-10 04:08:00,CNC-03,H,297.18027832546176,311.3224812104664,2262.769569535789,28.83632624871234,181.48953628676992,3.2149261024109483,12.4963341071414,58.49312390317351,0,2026-09-10 04:10:01
2026-09-09 16:59:00,CNC-01,L,299.65537987200383,313.3201118399278,1912.9343831694503,34.662825874032556,96.39820216354948,2.5755941744356794,12.522186938428778,50.45871864926205,0,2026-09-10 04:10:01
2026-09-09 16:44:00,CNC-03,H,299.28185573437884,313.45080866965225,1867.292707271195,38.23542233540121,144.17579306304845,26.36805887425085,13.51727569017179,53.730726441186206,0,2026-09-10 04:10:01
2026-09-09 12:20:00,CNC-02,M,296.56154496845886,,1369.024558548049,48.98898470448025,38.19284437454633,1.9981737670126194,12.67586497860427,55.74737258629809,0,2026-09-10 04:10:01
2026-09-09 05:39:00,CNC-02,M,296.1382096183522,310.2299073917386,2166.3914697717214,31.74900670563625,117.63549944544592,2.8200617979681275,12.788645253042608,61.21808167326136,0,2026-09-10 04:10:01
2026-09-09 08:47:00,CNC-03,H,295.17772764688914,310.4820426526693,1510.0921570719056,52.38898747890506,171.39537969489393,2.4052086465679237,14.957562256453013,56.9809540921458,0,2026-09-10 04:10:01
2026-09-09 17:50:00,CNC-03,H,299.89612984746253,315.59938943372345,2113.3069961274578,39.92397561737639,,3.4750878292046368,15.948375673371952,50.22544349370553,0,2026-09-10 04:10:01
2026-09-10 02:08:00,CNC-03,H,25.056213924855683,37.703551998906164,2571.753147310732,19.999054016271298,43.55415724954809,3.1685363431115987,9.623523119161227,54.30570102943301,0,2026-09-10 04:10:01
2026-09-09 21:45:42,CNC-01,L,300.2176595068572,314.1044103010919,2459.305049830771,25.07763632202348,221.50293163168033,4.086337188994621,11.691477483938327,50.78445338332659,0,2026-09-10 04:10:01
2026-09-09 07:28:00,CNC-01,L,296.49025547819895,310.06278018436353,1619.3767951175598,40.46075627378937,55.40890430083091,2.3081134244134747,12.158052046720892,64.41660980733096,0,2026-09-10 04:10:01
2026-09-09 08:41:00,CNC-03,H,295.50852378640525,310.03236827132275,1546.0629891190908,46.18473925787584,162.2711493599235,2.561399965244911,13.307094516424458,63.11717993699945,0,2026-09-10 04:10:01
2026-09-10 01:24:00,CNC-02,M,297.08665910051025,310.2660290104436,2654.9626439960775,18.955938251633537,148.16416558272732,3.5493431884916555,9.242591119114559,58.03862581052545,0,2026-09-10 04:10:01
2026-09-09 14:31:00,CNC-01,L,298.37507679260693,312.73888006356,1476.844370322739,49.249776283536264,77.76156849028104,2.1478207227169808,13.340442313671108,,0,2026-09-10 04:10:01
2026-09-10 02:30:00,CNC-02,M,23.145846787849564,35.86214618303808,2703.2810844404125,15.813919802089899,220.7769306004225,4.00523264282477,7.935402091166206,59.45881074367378,0,2026-09-10 04:10:01
2026-09-09 18:01:00,CNC-01,L,300.29675677118286,314.2285614814051,2052.547044749779,30.980701522688474,181.10518156035138,3.262619651459983,12.109243656740057,54.38617656143959,0,2026-09-10 04:10:01
2026-09-10 02:00:00,CNC-03,H,298.25912721046626,310.4840024854411,2702.388587765707,17.499288205101074,34.814662177034855,3.2478376958506923,8.940763061034758,57.53712000686918,0,2026-09-10 04:10:01
2026-09-10 00:28:00,CNC-01,L,299.04630373687866,311.45613936999115,2619.762020587629,16.868209988671214,164.25184424971675,3.660795763975057,7.955715523540062,56.06159063626351,0,2026-09-10 04:10:01
2026-09-09 14:17:00,CNC-01,L,298.26560313042387,311.9079276128831,1373.0555427778102,47.927885390709456,56.223642202924495,1.9919406856756423,12.278876446044219,55.28153410209938,0,2026-09-10 04:10:01
2026-09-09 04:44:00,CNC-01,L,296.84314720024304,309.9843188034091,2206.8809100452727,28.06140394407925,63.15081278325943,2.8024308936142432,11.481481443965995,58.39231838568085,0,2026-09-10 04:10:01
2026-09-09 16:15:15,CNC-02,M,298.292686700202,313.4213203216624,1782.7552363947743,43.625543324391465,153.89984827882185,,14.711997964628877,50.9177585917567,0,2026-09-10 04:10:01
2026-09-09 22:51:00,CNC-02,M,298.72778901291565,311.91055288925446,2600.5095818225277,17.9378080983267,209.05113953120045,3.8733316122700034,8.782922946536148,56.54274542938801,0,2026-09-10 04:10:01
2026-09-09 13:50:00,CNC-03,H,303.59438312746806,312.5245168930706,1538.1478693193014,49.68105626721704,154.8679900981557,2.4625487609430987,14.023094777219324,46.27374825030282,0,2026-09-10 04:10:01
2026-09-09 06:53:00,CNC-01,L,296.4367246818037,309.52288050096473,1933.881368009761,32.0468794236895,5.564972457685394,2.5753853549305084,11.631614947175533,59.40885997850538,0,2026-09-10 04:10:01
2026-09-10 03:05:00,CNC-02,M,22.61240931710256,35.45800299063683,2418.914690033908,22.084900388637493,11.378276076414874,2.82749619387016,9.957799851487673,58.794920167898375,0,2026-09-10 04:10:01
2026-09-10 00:54:00,CNC-02,M,297.60185129616445,310.4152857420546,2521.7902744785006,,115.93200688669315,3.1888946957099598,8.865487474101213,55.205425789640735,0,2026-09-10 04:10:01
2026-09-10 00:54:00,CNC-03,H,298.87035022279014,312.5737005725876,2547.841608466102,22.06540241971919,232.83360743879587,3.962782840759092,10.53723428588984,54.97513371494877,0,2026-09-10 04:10:01
2026-09-10 03:51:00,CNC-03,H,297.0877945339421,311.1967783617194,2321.0167215704423,29.46920199728088,161.14718401898446,3.188129494402768,12.774051065108418,53.26325297080535,0,2026-09-10 04:10:01
2026-09-09 13:21:00,CNC-03,H,303.06164734297636,311.69629823968575,1468.761166194159,51.589677638353734,109.35152974019574,2.250365352446486,14.212463242784919,42.6775397772657,0,2026-09-10 04:10:01
2026-09-09 09:28:00,CNC-01,L,296.1929230533561,310.0814140086903,1523.088165376928,47.80084765172183,41.206886420598885,2.178407785790076,13.706716375423374,57.44983603633347,0,2026-09-10 04:10:01
2026-09-09 14:51:00,CNC-03,H,298.1568100257929,313.7924350165692,1545.4186581321371,51.8272196057183,249.53549195028853,3.1223639672643158,14.86627823997214,54.9846998786709,0,2026-09-10 04:10:01
2026-09-10 00:29:00,CNC-02,M,297.73105594770743,309.7249746119659,2629.7369978265724,15.12993539844341,89.271956867771,3.2353852158725744,7.444766888492306,56.03907486213529,0,2026-09-10 04:10:01
2026-09-09 22:10:00,CNC-03,H,299.7431757557743,310.80501552506496,2751.9791773522957,11.899588262144263,57.73473634068057,3.3099387748524127,6.091551664327837,48.479232087599,1,2026-09-10 04:10:01
2026-09-09 12:14:00,CNC-01,L,296.73800315847325,311.0561448740047,1450.8902409189648,50.42012345077073,74.5108699065574,2.1012595532346636,13.624810038741215,52.4629400820106,0,2026-09-10 04:10:01
2026-09-09 08:28:00,CNC-03,H,295.4160153302285,309.9052529360181,1689.549616519348,42.75838094622101,142.52218375443724,2.5201780417883803,13.611695784573694,60.78055740242099,0,2026-09-10 04:10:01
2026-09-10 03:29:00,CNC-01,L,298.0181806100073,310.6446953612548,2526.9728698038616,19.691448009368465,125.59196181360193,3.2312002528599444,9.119253256749586,52.94977233197909,0,2026-09-10 04:10:01
2026-09-09 06:40:00,CNC-02,M,296.04817700903186,310.36536445850976,1760.527261266105,36.94684045333749,199.69653828197818,3.026385474263625,12.31170317651882,62.507767075014506,0,2026-09-10 04:10:01
2026-09-09 09:17:00,CNC-01,L,296.1568506205264,310.06567494945745,1511.2222652773107,47.89551269252827,24.306826608754914,2.0978086855717963,13.432687303214024,59.83507371969896,0,2026-09-10 04:10:01
2026-09-09 23:33:31,CNC-02,M,298.2169914302549,309.48029680635744,2798.2162421556345,11.101227576241083,29.73635419187065,3.3236645791526893,5.662436534773054,54.09672674114538,1,2026-09-10 04:10:01
2026-09-10 01:06:00,CNC-02,M,297.2159914101791,309.97868952759603,2416.775366331863,19.31312793813325,128.71515991213656,3.1214920228134293,8.767184039677169,52.77731103586806,0,2026-09-10 04:10:01
2026-09-09 07:46:00,CNC-01,L,296.4291879084926,9576.529878759344,1927.946230215811,43.74406544116514,81.39312491426098,2.568833637273948,15.49319128300014,60.039796444644686,0,2026-09-10 04:10:01
2026-09-09 07:38:00,CNC-02,M,300.9686085562133,309.4640198513115,1630.8119045233805,48.93202245672714,32.961025128959555,2.3151131133955136,14.883413524919098,47.13084081541933,0,2026-09-10 04:10:01
2026-09-10 02:21:00,CNC-03,H,25.11757794049322,37.33967070719592,2563.497442213813,19.392608866423053,57.95706616890226,3.0889305365189066,9.45989621761996,51.48957396451875,0,2026-09-10 04:10:01
2026-09-09 22:34:00,CNC-03,H,299.3533741453252,311.7060568420143,2636.661832927446,18.495202991812793,83.93443469599373,3.2191819441296023,8.921881902274507,52.05303440905592,0,2026-09-10 04:10:01
2026-09-09 08:25:00,CNC-03,H,295.6551144777836,310.3742244015241,1474.8683517448594,49.68603429618728,138.13112091255243,,13.43307870546703,59.01603382366507,0,2026-09-10 04:10:01
2026-09-09 12:32:00,CNC-03,H,297.3959883142975,310.89154942819516,1376.4978580065867,48.974597201873074,31.88728674510831,1.9813873811720755,12.425547236484894,58.68514084027771,0,2026-09-10 04:10:01
2026-09-09 12:43:00,CNC-03,H,297.00904020230513,311.12869375711404,1497.7809616870722,48.41618815164944,49.25805614847512,2.1516398543071555,13.432870061272517,55.57088736922416,0,2026-09-10 04:10:01
2026-09-10 02:34:00,CNC-01,L,24.992701748716968,37.328455812290656,2633.893670229632,19.296919929463407,62.456522559672464,3.2656639993703123,9.497065857016937,53.80735007294719,0,2026-09-10 04:10:01
2026-09-09 14:55:00,CNC-02,M,297.8700939166004,311.68341732561873,1493.888053130112,44.365806127181216,35.170703796181556,2.1314094803653556,12.613361971064792,56.06877182242266,0,2026-09-10 04:10:01
2026-09-09 04:39:00,CNC-01,L,296.76694829533847,309.582016888433,2407.664395636709,22.309650096405363,56.85386878064741,2.9682109036291777,10.129549554125088,61.66813410699766,0,2026-09-10 04:10:01
2026-09-10 01:21:00,CNC-02,M,297.2291958114105,309.94516341255945,2571.541000857248,17.79458896674231,144.86169843159394,,8.161476426362581,52.12389991108503,0,2026-09-10 04:10:01
2026-09-09 22:11:00,CNC-01,L,300.15235149215056,311.97318581125654,2557.770654281452,17.56042132416527,17.335823556665527,3.103210978092478,8.807830414741751,57.07298551427202,0,2026-09-10 04:10:01
2026-09-10 02:30:39,CNC-02,M,23.163362659342397,36.279437721584884,2667.417129520622,17.38731835594952,222.9819306688545,4.064372116572278,8.638530905176696,58.798441554976556,0,2026-09-10 04:10:01
2026-09-09 06:02:00,CNC-03,H,295.93634451480335,310.73528091984895,2024.8116388463181,37.07733430129196,159.4329737049198,2.918160224767269,398.58824568721593,59.422395075257484,0,2026-09-10 04:10:01
2026-09-10 02:40:00,CNC-02,M,22.901829729099973,36.747603276445886,2619.423006010915,20.636579992088212,232.09614658818265,4.164082261391896,10.14171740134478,59.9404829613062,0,2026-09-10 04:10:01
2026-09-09 16:45:00,CNC-02,M,298.88108611451065,313.9083470033231,1715.1037242762627,42.36011327069141,196.70545087081936,3.050504444192127,13.533440108443518,57.35109842805577,0,2026-09-10 04:10:01
2026-09-09 21:44:00,CNC-01,L,300.05572773051796,313.80605553859664,2610.422077937446,22.668882524487024,218.1439353041714,4.214184716777367,11.004229857467436,49.15486182596542,0,2026-09-10 04:10:01
2026-09-09 08:48:00,CNC-03,H,295.66248088070546,310.8976753309336,1612.2313235413717,50.850588650227124,172.89518029809787,2.6379242563585636,15.639078539536957,60.727139052216394,0,2026-09-10 04:10:01
2026-09-09 16:07:00,CNC-03,H,299.25694892989543,314.5448826072418,1795.0889536989525,47.5153361269487,90.83136138134338,2.3779551706817514,16.156276201704884,53.87850397718922,0,2026-09-10 04:10:01
2026-09-09 17:53:00,CNC-03,H,299.7032511608704,313.23918507609795,1914.5100440787796,35.930049315874875,1.3839671198026726,2.454003374106684,13.002133496353915,51.512461358581405,0,2026-09-10 04:10:01
2026-09-09 09:29:00,CNC-01,L,296.12155914247353,310.14914946265736,1558.9730176478383,46.56748286285328,42.74286194390444,2.342839582090844,13.465118221380113,56.3375014439342,0,2026-09-10 04:10:01
2026-09-09 13:38:00,CNC-03,H,303.0075540379879,311.6432470136878,1394.140796186572,52.834915505797845,136.19006609183018,2.1975242984127994,13.83795739293832,48.431191208575434,0,2026-09-10 04:10:01
2026-09-09 17:24:00,CNC-02,M,298.65419355174186,313.3211289029803,2063.850220789546,36.34948357693074,31.8208316640863,2.719725588423731,14.028888715822804,58.23731165941977,0,2026-09-10 04:10:01
2026-09-09 04:25:00,CNC-01,L,296.6894618933951,310.6214078420481,2282.014205400858,30.088596745360245,39.659883613554946,2.8307544508533806,12.865944321253124,57.380664028760926,0,2026-09-10 04:10:01
2026-09-09 21:46:00,CNC-02,M,298.8438321549053,311.18847470638235,2694.893121482694,15.037380568384766,138.17280329717138,3.461555024151584,7.297014735527159,51.947864106477724,0,2026-09-10 04:10:01
2026-09-09 14:33:00,CNC-02,M,297.6495275424118,311.1866562336484,1390.47484967898,46.86222839830146,1.5894202125184025,1.9771966162581933,12.364294129824788,53.83320647882762,0,2026-09-10 04:10:01
2026-09-09 05:59:00,CNC-02,M,296.23593056465785,311.05929919941366,1877.206885759411,38.88040359512072,144.2064943935317,2.760532142510626,13.54856514530596,59.43164603259479,0,2026-09-10 04:10:01
2026-09-09 13:04:00,CNC-03,H,302.734249216627,311.0758538849485,1421.2874406831406,50.57309843695366,82.37122328656355,1.9889767546390131,13.395231825203801,43.87674436976907,0,2026-09-10 04:10:01
2026-09-10 00:02:00,CNC-01,L,299.3547623838909,311.9966370065206,2807.0755021551013,17.711911958900686,136.388103276152,36.18158645478889,9.427596589299972,52.708388462696725,0,2026-09-10 04:10:01
2026-09-09 16:08:00,CNC-01,L,299.201338665309,312.8968986672471,1783.5786886986755,37.80816583263174,23.397275428430014,2.548799794438818,12.500352587994925,56.145368756452754,0,2026-09-10 04:10:01
2026-09-10 00:06:00,CNC-03,H,299.49485976265265,312.24312426630996,2715.7305128834837,17.7982266057624,181.71232426924908,3.714677875069968,8.88538870434964,52.48682191119096,0,2026-09-10 04:10:01
2026-09-09 10:22:00,CNC-03,H,296.0189942760079,310.24880662969963,1468.2595573462393,48.74284907254672,95.13202724351957,2.158816533106998,13.50528922807073,61.14961765272165,0,2026-09-10 04:10:01
2026-09-10 04:01:00,CNC-01,L,297.77315055792144,312.08774183540055,2300.760747841021,29.583884692427247,163.5863368311319,3.2432985136443064,12.909395906300233,54.96739134248377,0,2026-09-10 04:10:01
2026-09-10 03:49:00,CNC-02,M,295.6591772327875,309.46557469083626,2279.455238752414,27.811745235483496,62.812275769485986,2.8007056279510447,11.686664908042347,62.11635025027792,0,2026-09-10 04:10:01
2026-09-09 09:31:00,CNC-02,M,295.7639000263407,311.1812205927953,1470.8583164840197,53.746329515067394,202.26688180187122,2.821365686104436,14.949658278115027,57.959219309827674,0,2026-09-10 04:10:01
2026-09-09 20:38:00,CNC-01,L,300.5585784129646,314.53667252300363,2454.5137818307735,25.924293935743446,143.2943669542913,3.258748131406321,11.98704936445889,49.26784817445121,0,2026-09-10 04:10:01
2026-09-09 20:50:00,CNC-01,L,300.7496277857171,314.5833989713368,2408.9141228483372,26.455966183121987,157.07836974968205,3.3668839849255865,11.97364960759265,49.93119055460583,0,2026-09-10 04:10:01
2026-09-09 07:08:00,CNC-02,M,301.25802935547944,310.13686537584834,1716.9296559335673,43.168418223571315,238.9875039488425,33.65353714465563,13.776215205028201,48.81813464173575,0,2026-09-10 04:10:01
2026-09-09 23:01:00,CNC-02,M,298.3974145370788,310.5584605509935,2726.638236561696,12.400353805983293,219.68518915145904,4.152897667191039,6.418698473505632,55.44546353612844,0,2026-09-10 04:10:01
2026-09-09 12:27:00,CNC-02,M,296.6554022236899,310.762346563294,1368.4778947353434,51.865172785376835,49.34180873298653,2.028905851207422,13.401998308936129,58.58882020417843,0,2026-09-10 04:10:01
2026-09-09 10:30:00,CNC-03,H,296.31155468732317,310.0788890182126,1332.7040117404229,46.694322714187436,107.66624170536869,2.1043516533071633,11.939860957726482,56.69954898186093,0,2026-09-10 04:10:01
2026-09-09 07:40:00,CNC-02,M,301.30252347217595,309.09480331242037,1679.8007035492842,39.163197676377195,35.857018582716215,2.2849215255803026,12.356255019618207,49.522911000974666,0,2026-09-10 04:10:01
2026-09-09 07:57:00,CNC-03,H,295.50072737602056,309.7329748707501,1835.3267015171598,38.45640357806552,96.7060190858886,2.556329183430664,13.300916203856758,62.84907430737884,0,2026-09-10 04:10:01
2026-09-09 07:14:00,CNC-02,M,301.3154663696607,310.224499728159,1785.7963527945146,41.84221269429807,247.47725661965052,3.4902872050022284,14.138777403456752,47.006093334302776,0,2026-09-10 04:10:01
2026-09-10 02:25:00,CNC-02,M,23.249195462955356,36.849278807120584,2476.5725685354887,21.59022907069227,215.1909230886532,3.677970939165873,10.061909476100038,57.70380425006806,0,2026-09-10 04:10:01
2026-09-10 01:41:00,CNC-02,M,,309.9369496848821,2619.09014852135,17.66561360598885,166.75304120045027,3.5922679311879473,8.732669549726626,56.90377273123744,0,2026-09-10 04:10:01
2026-09-09 09:28:00,CNC-03,H,295.5274501023978,309.25339423290734,1393.8402090291452,48.78690992991066,10.818416180435861,2.1194869869488815,12.676193202981935,62.97812345970343,0,2026-09-10 04:10:01
2026-09-09 10:06:00,CNC-03,H,295.655232624155,309.58695734410185,1428.603831289725,47.9822156408731,70.07872326718724,2.087144250232789,12.604170528867606,53.891547003319054,0,2026-09-10 04:10:01
2026-09-09 06:01:00,CNC-01,L,296.2408141194897,310.4693254821803,2036.7985620950744,32.43778761948779,162.04511557901273,2.917903046802785,12.330232898174184,60.43422581895091,0,2026-09-10 04:10:01
2026-09-10 03:58:00,CNC-02,M,295.7558616408551,308.9326383278688,2434.0473979336034,21.880966760364828,73.5439750810331,3.0397233123425487,9.884094502463416,61.08143733721775,0,2026-09-10 04:10:01
2026-09-09 07:33:00,CNC-03,H,295.47000064567334,309.8839094370383,1725.5815148702384,43.91276624144667,61.833658339368455,2.360680202192259,14.305990733445258,58.67661781979608,0,2026-09-10 04:10:01
2026-09-09 06:36:00,CNC-02,M,296.0646808416834,311.2082368072477,1971.4364534438512,39.5214953879227,194.10734582930593,3.142888326187019,14.438460441825255,59.68077355415611,0,2026-09-10 04:10:01
2026-09-09 17:22:00,CNC-01,L,299.9357134393458,314.3314772172948,1829.7263734822425,38.48920030946185,128.3081753212239,27.09570993629992,13.10901741891542,53.3827317929528,0,2026-09-10 04:10:01
2026-09-09 13:19:00,CNC-02,M,296.86808197279885,311.67026519804386,1427.3090127173184,51.7744394446549,131.7213793175984,2.1924552070984276,13.838753355119538,58.5318275597161,0,2026-09-10 04:10:01
2026-09-09 06:28:00,CNC-01,L,296.09396353033605,310.3681459407052,1906.539672166084,35.91622516018155,198.39510965117532,3.2282675890153834,13.00216627514516,57.07568683096702,0,2026-09-10 04:10:01
2026-09-09 07:26:00,CNC-01,L,296.4248050761554,310.162553709793,1719.922551908802,40.126872010810025,52.48522557801462,2.343116511482818,12.908516789409093,61.368705094833146,0,2026-09-10 04:10:01
2026-09-10 03:33:00,CNC-02,M,295.8718686989745,308.7202573748261,2482.0947351174364,20.826458324003326,44.05445805817208,3.045505802564501,9.529649453884597,62.01703921232096,0,2026-09-10 04:10:01
2026-09-09 19:05:00,CNC-02,M,298.9425255072299,312.7745121597589,2344.0202409518274,25.707472717200652,164.25248381074556,3.2400190578945827,11.308512764662494,53.92337911206652,0,2026-09-10 04:10:01
2026-09-09 13:08:00,CNC-02,M,297.0170697882929,311.40967224347736,1410.2407996822892,50.82030288299428,114.33820201469787,2.153492963034922,13.31601906013849,53.474809400457474,0,2026-09-10 04:10:01
2026-09-09 11:41:00,CNC-02,M,296.0998363405776,311.2995542927893,1481.637879043273,52.22845281504715,187.44606256121548,2.62096229132188,14.691149938319334,57.57693303122675,0,2026-09-10 04:10:01
2026-09-09 20:30:00,CNC-02,M,298.84133988931416,312.34040052859035,2486.4504926944987,22.79758762165568,52.279750911076505,3.0749875946681033,10.753451200047351,54.705757000522276,0,2026-09-10 04:10:01
2026-09-09 08:45:00,CNC-01,L,296.23803721562047,310.94935458238365,1489.9494679695583,47.80721088752109,168.6253808526887,2.7026453839958027,13.159772879087832,58.10977397778777,0,2026-09-10 04:10:01
2026-09-09 14:37:00,CNC-03,H,298.2462755418809,312.64895588606146,1417.1627948303667,48.62434868862165,228.0367812953851,2.856571860188381,12.926886483445442,55.306199453589635,0,2026-09-10 04:10:01
2026-09-09 13:20:00,CNC-03,H,303.2458308696488,311.60761869677197,1394.0005657381073,51.91485732150133,107.79477635779854,2.1857729282946403,13.454933525340476,48.98515153875353,0,2026-09-10 04:10:01
2026-09-09 13:58:19,CNC-03,H,303.6404037468636,312.15879407363707,1321.745388119259,54.64902972836208,165.84278458765024,2.2550356430878273,13.594713433841518,43.67994961080572,1,2026-09-10 04:10:01
2026-09-09 17:38:00,CNC-02,M,298.7928165626384,312.69586157224103,1948.615894823365,33.88517223526963,50.84224477365248,2.6264816415698293,12.310634852628134,51.36485341978213,0,2026-09-10 04:10:01
2026-09-09 16:20:00,CNC-02,M,298.73173576060657,313.92119227066325,1789.335498874346,43.84057285522061,161.00557327608567,2.735747776780585,14.74005802500051,52.23297852298195,0,2026-09-10 04:10:01
2026-09-10 03:24:00,CNC-03,H,297.4144382361894,310.0168103740262,2485.4754317099814,19.216285427482756,129.3606347769141,3.142172834423755,8.958662951772222,58.55222117695895,0,2026-09-10 04:10:01
2026-09-09 07:56:00,CNC-01,L,296.53697855560546,311.2092588684468,1677.0730031648973,,96.00534977091712,2.363368515912288,14.677555459795162,58.10678700107059,0,2026-09-10 04:10:01
2026-09-09 14:00:00,CNC-01,L,297.9893257253452,311.7130947129793,1474.6101495113055,47.007721511214804,29.72961801645036,2.0889097505007355,13.2472504197458,51.628057860219506,0,2026-09-10 04:10:01
2026-09-09 11:37:00,CNC-03,H,296.54824030153867,311.29426102125063,1374.0571015691205,50.2875058493933,213.778508334809,2.729406053926752,12.795025755179896,57.44619031920551,0,2026-09-10 04:10:01
2026-09-09 17:23:00,CNC-03,H,299.2810135036857,313.86960703293335,1914.7826804968893,37.423415823403076,198.52452937426787,29.807465287342406,13.520524740486353,52.175392716583836,0,2026-09-10 04:10:01
2026-09-09 12:44:00,CNC-01,L,297.2092664129932,311.63768660418606,1378.0681496562354,50.7653647471448,122.19023739696469,2.2058913821315707,13.081053567351063,51.56562554071971,0,2026-09-10 04:10:01
2026-09-09 14:10:00,CNC-01,L,297.9645952480068,311.9447815281565,1539.067375114855,47.07242004045291,45.341449402556144,2.2379233467244126,13.514166217284714,56.17744852749897,0,2026-09-10 04:10:01
2026-09-09 05:38:00,CNC-03,H,296.2363227493525,310.9278479389806,2134.4099215203746,35.05097196543777,127.92353203233998,2.8253106282453544,14.09303441679358,56.55907975847986,0,2026-09-10 04:10:01
2026-09-09 22:14:00,CNC-01,L,300.1565813104288,311.1503503595358,2838.566108014124,11.281841169321222,20.517263440385204,3.1996051189905703,6.016376746689391,50.430125636803155,1,2026-09-10 04:10:01
2026-09-09 21:07:00,CNC-03,H,299.98355847709456,314.2477030443409,2428.554401503923,25.89111325064443,239.21161067750066,3.8367311723811772,11.81508143257123,54.06224461682789,0,2026-09-10 04:10:01
2026-09-09 17:59:00,CNC-03,H,299.9987775290529,313.38659289279843,1898.3257774347815,33.05003764716022,9.390993278490097,2.557577319532762,11.720730827062342,51.28118626425707,0,2026-09-10 04:10:01
2026-09-09 04:15:00,CNC-01,L,297.17783472232827,310.38613358654004,2292.1691504256814,26.370467390587486,27.48224667444536,2.8052393283978705,11.527422035356361,59.85931106420236,0,2026-09-10 04:10:01
2026-09-09 07:52:00,CNC-02,M,301.04412484370374,308.8742342504832,1617.256278094484,41.21303372363999,53.421667721064324,2.2423968992682175,12.470268879865033,46.56484870847705,0,2026-09-10 04:10:01
2026-09-09 05:51:00,CNC-01,L,296.64946712626806,310.8240875169067,2071.262260818987,32.68025832933358,148.89265756155993,3.0026459239391596,12.604403383072068,59.31504566869812,0,2026-09-10 04:10:01
2026-09-09 12:51:00,CNC-03,H,302.8648375935379,310.8757505356397,1353.0320169830688,51.55462968730879,61.80544952000376,2.009937243478546,13.236542905621995,41.11959206111638,1,2026-09-10 04:10:01
2026-09-09 16:12:00,CNC-02,M,298.385220988548,312.85894748472003,1561.891688285216,45.14869103603017,149.6259322034949,2.4637681258786643,13.38130591128046,53.7195486471632,0,2026-09-10 04:10:01
2026-09-09 12:44:00,CNC-02,M,296.65644638886425,310.7316166782437,1337.9125891228332,52.43191349569082,76.26206949068133,2.0551669503869783,13.161148588063314,55.932845913939175,0,2026-09-10 04:10:01
2026-09-09 13:58:00,CNC-03,H,303.60135912650827,311.9587891630857,1274.1611595506513,55.30641544484794,167.4383783931978,2.262184621029413,13.135939988335746,40.109411640158505,1,2026-09-10 04:10:01
2026-09-09 05:34:00,CNC-02,M,296.3698275841277,309.8642972998765,2051.910442174265,29.065667123877187,111.18962521124674,2.6968611160242313,11.328856096027534,60.263728372475,0,2026-09-10 04:10:01
2026-09-09 13:00:00,CNC-02,M,296.91935775573677,310.9654329041815,1386.1770364541244,49.51102406623308,101.68835917787113,2.0643204573158074,13.087912499297035,58.003013851587525,0,2026-09-10 04:10:01
2026-09-09 18:54:00,CNC-02,M,298.9525689951802,312.6531826707607,2117.463213390388,28.16101192907046,150.52092252961558,3.00643876902272,11.350169033280775,56.242518280573954,0,2026-09-10 04:10:01
2026-09-09 06:07:00,CNC-01,L,296.33376098378744,310.66571520668055,2017.7661268170111,35.03715877198069,170.03389176991678,3.1713892442806086,13.130354970096503,56.94138589084748,0,2026-09-10 04:10:01
2026-09-10 01:54:00,CNC-02,M,297.0456386775657,311.4753299521531,2548.3788629022433,24.224068834903512,180.77340595849503,3.4127728500153043,11.388614409725172,56.838407903584006,0,2026-09-10 04:10:01
2026-09-09 07:13:00,CNC-03,H,295.77008939074614,309.264317217465,1945.5701544785907,33.73205045945468,33.32832196619911,25.192781912316473,12.510241689771838,57.561135943380805,0,2026-09-10 04:10:01
2026-09-09 12:16:00,CNC-02,M,296.5286112520275,310.55487147702775,1399.9287508003276,48.65437829590508,31.852513104701757,2.1135965815640816,12.90126037753502,54.767622061540195,0,2026-09-10 04:10:01
2026-09-09 05:44:00,CNC-02,M,296.11075243140453,309.87011807306044,2060.016735052544,31.729651315181897,124.27222482284593,2.8523893996064276,12.354257862239903,62.98294453390196,0,2026-09-10 04:10:01
2026-09-09 15:56:00,CNC-02,M,25.44117565134252,40.414737399740886,1757.4427518232465,43.45489072091768,126.32204467590736,2.5070431122494625,14.19075474226938,57.69325172472415,0,2026-09-10 04:10:01
2026-09-09 19:45:00,CNC-01,L,300.6930191223975,313.6475674291841,2371.8832150041103,23.589712008931453,80.78286342543225,2.9608288967264067,10.698584904634753,51.93368763676197,0,2026-09-10 04:10:01
2026-09-09 16:28:00,CNC-01,L,304.8912842827574,312.89944289521884,1834.4822637702148,38.69258615780632,52.33873071071129,2.458398401048835,13.323073450022582,40.953004363640055,0,2026-09-10 04:10:01
2026-09-09 15:25:00,CNC-02,M,24.869635761957625,39.24938471887043,1560.4925339898812,46.109966957725355,80.33653920469115,2.3037724614406723,13.497230224456604,54.27946927018199,0,2026-09-10 04:10:01
2026-09-10 00:47:00,CNC-01,L,298.72015295489086,311.8497696399957,2668.559456909998,19.358431232213384,184.67989432482,3.815105960169621,9.77388850517097,57.4897897209679,0,2026-09-10 04:10:01
2026-09-09 16:49:00,CNC-01,L,305.03100697194344,312.9730563399566,1859.039539542087,37.26684458035557,82.37696306278858,2.522587606271618,13.083728480210837,44.27106396092028,0,2026-09-10 04:10:01
2026-09-10 01:57:00,CNC-02,M,297.15883070287833,310.0030990873225,2619.027836067292,17.380731581875104,184.01545616286782,35.59903161948054,8.627174537967477,57.52100967892985,0,2026-09-10 04:10:01
2026-09-09 22:47:00,CNC-01,L,299.9637242104596,312.9775032003528,2619.1083223697487,22.342158768243493,56.466263330295575,3.016373477611811,10.963408915109259,50.87571402003561,0,2026-09-10 04:10:01
2026-09-09 20:18:00,CNC-02,M,5204.707229760994,312.3344073743858,2428.830229106012,24.587907477016294,38.1120156911115,3.151409470586053,11.09528945180789,57.781785179042295,0,2026-09-10 04:10:01
2026-09-10 02:07:00,CNC-01,L,298.5581145847477,310.46054689986295,2574.1016987361263,16.939572689667333,32.71706765886989,3.108621731892489,8.194197365099237,52.87572336834408,0,2026-09-10 04:10:01
2026-09-09 15:14:00,CNC-01,L,25.534140933411948,40.18137408922263,1559.0820708298666,49.49227688913104,143.47647562380746,2.569624724058779,14.553457291487536,55.40347526800879,0,2026-09-10 04:10:01
2026-09-09 07:43:00,CNC-02,M,301.29575217095925,309.0915863039374,1717.2806585383742,40.60938014659456,40.25860919873193,2.4103366785845446,12.947517983458242,52.5879745734306,0,2026-09-10 04:10:01
2026-09-10 00:47:00,CNC-03,H,298.90794566862456,312.34010111127026,2745.9316733771693,19.190124324827256,225.29917471218727,3.914213376316,9.82761562931289,52.42649086226281,0,2026-09-10 04:10:01
2026-09-09 16:42:29,CNC-03,H,299.2732663736436,314.178860614773,1727.0145698923725,44.566445541757766,139.8729037686993,2.5978920037558138,14.382642511202665,53.33570507041221,0,2026-09-10 04:10:01
2026-09-09 06:56:00,CNC-02,M,301.58133385230565,311.00865978553213,1909.4349584589443,42.279711756599184,222.01199213012498,3.305642975117178,15.225651250066141,44.79985525679958,0,2026-09-10 04:10:01
2026-09-10 01:22:00,CNC-02,M,297.05388765286546,310.1780781782079,2584.927679332877,19.247652034716765,145.97145181027372,3.3758235364400218,9.317305430570393,55.098030192439445,0,2026-09-10 04:10:01
2026-09-09 06:04:00,CNC-01,L,296.24638706605447,310.7790465503606,1930.589131106688,36.38880019785647,166.00740398023686,2.9623825218085478,12.98254614023871,55.73863874559101,0,2026-09-10 04:10:01
2026-09-09 21:44:07,CNC-03,H,299.9178928454281,310.7710347657455,2680.90542399957,10.792013131271604,30.18250315536537,3.1585859246013337,5.321395378667472,48.52657222431688,1,2026-09-10 04:10:01
2026-09-09 10:18:00,CNC-03,H,295.8308349865359,309.29842154272234,1450.0655003877234,44.88002754482952,88.92484058417826,2.1870852452700023,11.94672052250695,57.22242813660344,0,2026-09-10 04:10:01
2026-09-09 11:52:00,CNC-03,H,296.9172941081341,311.58686519531847,1374.762902448362,50.16471975959939,237.6777559286405,52.857438380595895,13.070160013978295,59.67661710900007,0,2026-09-10 04:10:01
2026-09-10 03:33:00,CNC-01,L,297.95522712515805,310.4219753100448,2593.7058940229504,17.312470625038113,130.19574571335147,3.317808791433707,8.403387758875272,54.32635684879148,0,2026-09-10 04:10:01
2026-09-09 17:06:00,CNC-03,H,299.1157399917549,314.2289884099815,1987.9724664295954,39.8836041682905,175.08809696247735,2.973792532024734,14.703317638718255,53.86448612922969,0,2026-09-10 04:10:01
2026-09-09 19:07:00,CNC-02,M,298.93891502973446,313.3698429324904,2244.856911546774,28.963668352848938,166.7375320375683,3.062993199039496,11.87334607024861,55.902888484966184,0,2026-09-10 04:10:01
2026-09-09 05:18:00,CNC-03,H,296.2776754712327,309.96446013945666,2152.755689020211,30.13679275945876,102.00446615228219,2.8278596905452353,12.177276657618693,58.68063339184454,0,2026-09-10 04:10:01
2026-09-09 05:53:00,CNC-03,H,296.29519751668494,310.21855646253084,,30.272373615272933,147.64041284441834,2.931180163114285,11.906873924021214,58.52920664832136,0,2026-09-10 04:10:01
2026-09-10 02:13:00,CNC-01,L,25.29153121485092,36.375124094442356,2683.0171649251015,12.30105541366613,39.292873925462196,3.217368074330406,6.049037535869841,56.58708642727012,1,2026-09-10 04:10:01
2026-09-09 16:41:00,CNC-02,M,298.5209766609444,313.3548940980642,1747.834679188131,42.36141982303526,190.9201943323198,2.8001705371972,13.718113652713715,52.63826894295354,0,2026-09-10 04:10:01
2026-09-09 04:19:00,CNC-01,L,297.0126733662595,309.65895855561627,2393.2425647790274,23.891665418378647,32.34712338392508,2.990849512478245,11.046549153125778,55.346857327861876,0,2026-09-10 04:10:01
2026-09-09 17:09:00,CNC-02,M,298.6792984831617,312.3125956915846,1727.983202060961,37.109259583607816,11.189386016382613,2.419629458883912,12.020563687305946,56.0647047039782,0,2026-09-10 04:10:01
2026-09-09 16:30:00,CNC-02,M,298.4644617637201,313.4145024509192,1835.2873729819007,41.13288268063533,175.26131517678138,2.9133551712731456,14.166562642680928,59.9203969745624,0,2026-09-10 04:10:01
2026-09-09 16:39:00,CNC-03,H,299.2594105954976,313.4892708490179,1842.0768765880468,38.33071262641137,137.04437967255672,2.605935404966333,13.026107638479155,50.85756541838869,0,2026-09-10 04:10:01
2026-09-10 02:03:00,CNC-03,H,298.6354599753282,309.64256925101444,2866.1235157768815,10.920852745008103,,3.363755184123622,6.017362037594357,54.36977148543422,1,2026-09-10 04:10:01
2026-09-09 15:03:00,CNC-03,H,25.489999891908838,41.16767589177999,1546.275418396657,51.57667630838859,267.7579595270648,3.39392935634265,14.849251470192028,52.6503464838648,1,2026-09-10 04:10:01
2026-09-10 02:06:00,CNC-03,H,298.22267355817064,310.6104556775526,2615.2284423472556,17.83153293856067,41.344588386094735,3.1310696873071553,8.668069807978224,53.56509202252624,0,2026-09-10 04:10:01
2026-09-09 13:05:00,CNC-03,H,303.1029513100292,310.6515963287527,1355.283173748308,46.756818135640444,83.96678286217484,1.9686170993171033,11.854849484005909,43.756616302479124,1,2026-09-10 04:10:01
2026-09-09 15:50:00,CNC-01,L,26.03297594633284,41.586479429184465,1678.9504998946632,50.34129889402505,197.0409222112902,,15.634135366502145,54.65937640119949,0,2026-09-10 04:10:01
2026-09-09 05:19:00,CNC-03,H,296.2587878653971,310.21868971211273,2094.9372630727007,31.00494041247551,103.30708140091141,2.805229634086606,11.842916438830184,56.9050607201558,0,2026-09-10 04:10:01
2026-09-09 16:31:00,CNC-01,L,304.8894700914968,313.2368293115799,1662.7950497492961,45.39803027055927,56.667796463263095,2.3431980970276456,14.329932146185753,38.191423560381715,0,2026-09-10 04:10:01
2026-09-09 09:27:00,CNC-01,L,296.42808242359536,310.6473362641872,1597.3492474542081,46.79585112265857,39.65044457319061,2.169524574946856,13.967289734290349,55.20522291599157,0,2026-09-10 04:10:01
2026-09-09 17:39:00,CNC-01,L,299.97767090420507,315.2027153848388,1843.7312881463383,44.32055107732417,151.56887088711915,2.921521583703645,15.388663484912968,52.137396729771446,0,2026-09-10 04:10:01
2026-09-09 13:36:00,CNC-03,H,303.2463430489637,311.9716287240516,1498.0522807558314,50.97934576707621,132.99676215364187,2.326738166595491,14.340251098995054,46.07767254526441,0,2026-09-10 04:10:01
2026-09-09 12:37:00,CNC-01,L,297.0761540304116,311.19967188781027,0.0,52.460366097714804,111.03787213774254,2.1979396237633924,12.78174727473965,52.45038268241447,0,2026-09-10 04:10:01
2026-09-09 10:20:00,CNC-03,H,295.92139766565765,310.2697570188156,1520.0961764052206,48.17930475121057,92.005716283556,2.1664354899513936,13.543406733737616,61.39712389906086,0,2026-09-10 04:10:01
2026-09-09 06:13:00,CNC-02,M,296.1956403298279,310.8712720204185,2085.5552572048787,34.523791731668055,162.85004437852118,3.0019819301795283,13.510892945370868,56.59995359432284,0,2026-09-10 04:10:01
2026-09-09 07:58:00,CNC-02,M,301.5442719142841,309.17126170820865,1673.2157335072832,38.902342310676644,62.21677075565727,23.88993513483139,12.4828184663267,45.91255040455367,0,2026-09-10 04:10:01
2026-09-09 08:19:00,CNC-03,H,295.35065623238665,310.6051165075786,1766.2750713761393,46.76820550888506,129.19744997061946,2.608654742878197,15.185157963596364,63.672562913254374,0,2026-09-10 04:10:01
2026-09-09 12:48:00,CNC-03,H,302.80521081333484,310.949779403552,1487.4327814085123,47.935886445325394,57.067322828612056,2.099843228663155,13.136311756622822,44.725274765442734,0,2026-09-10 04:10:01
2026-09-09 21:09:00,CNC-01,L,300.2329191582637,313.2496438531881,2588.3469510104283,20.3413326658446,178.71645002950535,3.683185735585072,10.023367968168621,50.63083884656196,0,2026-09-10 04:10:01
2026-09-10 00:43:00,CNC-01,L,298.9581861778975,311.7571667971578,2714.265920500371,17.558710414436963,180.42115922934,3.82427307415517,8.877114282474928,55.85043384742612,0,2026-09-10 04:10:01
2026-09-10 02:46:00,CNC-03,H,24.729694758641415,36.00909288340472,2650.3081418997044,13.408241547565833,85.94165632625632,3.171035970271998,185.21537763594932,53.25147075089354,0,2026-09-10 04:10:01
2026-09-09 15:05:00,CNC-03,H,25.344905943125354,40.348898586870746,1412.6514963514928,52.42696239685335,270.8332170937597,3.3492408984159407,13.931278992494622,56.19168698402078,1,2026-09-10 04:10:01
2026-09-09 06:24:00,CNC-02,M,296.1795303226,310.62579272279476,2012.6771911751732,34.11083244909292,177.81762414328992,3.148987325502749,12.689379094257392,59.03319691801923,0,2026-09-10 04:10:01
2026-09-09 10:06:00,CNC-02,M,296.0055188355226,309.79971089192975,1454.5831948802766,46.98710005157053,37.4070022634336,2.0347901360999243,12.489353917984594,53.30234720115138,0,2026-09-10 04:10:01
2026-09-09 11:58:00,CNC-01,L,296.7932361519599,310.2538100118957,1346.4986447360843,49.473843947606184,49.11094755705203,2.0265896823156333,0.0,61.95777477603148,0,2026-09-10 04:10:01
2026-09-09 06:48:21,CNC-03,H,295.6929027317415,310.01676026522074,1863.5260410401208,40.73302773684438,0.0,2.4322566416368607,14.317373302483043,,0,2026-09-10 04:10:01
2026-09-09 15:16:00,CNC-01,L,25.53226257338821,39.93823716524139,1569.7081595817065,45.641647146952614,146.4952918796261,25.87363248363329,13.629802093994028,52.746836527183206,0,2026-09-10 04:10:01
2026-09-09 12:26:00,CNC-02,M,296.46879153114014,310.2481861486305,1358.8977117105353,49.162180922926346,47.74180873298653,2.091854968589393,12.188996371135019,56.63855991712474,0,2026-09-10 04:10:01
2026-09-09 23:17:00,CNC-01,L,299.56111866768515,311.50281309793263,2753.4594970774356,14.796190580469558,88.54734082531434,3.4495924889205254,7.452117800708483,48.72676412443742,0,2026-09-10 04:10:01
2026-09-10 01:35:00,CNC-01,L,298.45508203539856,311.72122904110114,2662.37441915883,18.877882195266515,236.3319615744672,4.483954493390925,9.078366612209997,53.16272348370292,0,2026-09-10 04:10:01
2026-09-09 20:59:00,CNC-03,H,300.09548532683215,313.6676804007056,2523.527201613276,22.573065987423718,230.31167254211582,3.9086781246781355,10.39154275907504,51.79411374892541,0,2026-09-10 04:10:01
2026-09-09 16:33:00,CNC-02,M,298.62867653499467,312.984934592421,1859.2887350537028,,179.53247540663918,2.9800518820829422,12.58229405661856,56.362994834730124,0,2026-09-10 04:10:01
2026-09-09 04:20:00,CNC-02,M,296.7099666496899,309.6362617443945,2285.1831292437387,23.83469607440023,17.769245780400382,2.8859091724840935,10.192402041100774,59.172888870015164,0,2026-09-10 04:10:01
2026-09-09 17:29:00,CNC-02,M,298.7574711044922,312.1781089576389,1956.6951385226969,31.554908732740927,38.6795130320368,2.5369160643832487,11.593228991959627,54.3721193959509,0,2026-09-10 04:10:01
2026-09-09 20:41:00,CNC-01,L,300.65229782510465,314.4231935189043,2460.0899187997397,25.267225614831048,146.7532293978951,3.344511783394105,11.169975854189879,49.92360634173035,0,2026-09-10 04:10:01
2026-09-10 01:13:00,CNC-01,L,298.6451252229631,311.9271142458868,2544.2770475108696,20.70041625260565,212.6205282518316,4.13318801603528,10.001040847412051,55.74867619145671,0,2026-09-10 04:10:01
2026-09-10 01:36:00,CNC-01,L,298.2253688783551,311.40279076771856,2563.468352758407,19.495131208610633,237.43929760098675,4.373955899269214,9.2700170787587,52.266157246034865,0,2026-09-10 04:10:01
2026-09-09 21:18:00,CNC-03,H,299.68493039996207,311.56694585979795,2488.8780672884177,18.16749368109379,0.0,3.0792929118043615,8.422312017387293,51.71642588703542,0,2026-09-10 04:10:01
2026-09-09 12:30:00,CNC-01,L,297.1205244789476,311.20331382060294,1335.4053867247853,51.967483732963146,99.87711943975151,1.987670820346835,12.958921616000087,59.91047163865527,0,2026-09-10 04:10:01
2026-09-09 13:52:00,CNC-03,H,303.788777449441,312.1592702853675,1479.767918565635,47.431604848414864,157.97726009150037,2.3558000746069645,13.152189952361468,47.1467302729237,0,2026-09-10 04:10:01
2026-09-09 11:38:00,CNC-03,H,296.6249343952269,311.0256225385103,1334.959892332278,52.37562320190399,215.378508334809,2.7044152261246066,13.039832559863214,58.72134768150144,0,2026-09-10 04:10:01
2026-09-10 00:38:00,CNC-01,L,299.0428948211139,310.9303148693323,2790.980390350315,13.054324269271525,175.0254219282946,3.8685640547940197,6.776171550926437,55.035735867990496,0,2026-09-10 04:10:01
2026-09-09 17:23:00,CNC-02,M,298.5545325006171,311.86240741337895,1834.1112227304084,33.003711217981035,30.510128755690694,2.3807851759272234,11.175136242743354,50.49558082100177,0,2026-09-10 04:10:01
2026-09-09 07:21:00,CNC-02,M,301.26067460407756,308.8405350296343,1826.7569041859624,36.834466011985064,8.475094892096925,2.3451550862755814,12.635415076413278,50.532318697055445,0,2026-09-10 04:10:01
2026-09-09 17:10:41,CNC-01,L,299.81338642725075,314.6880187638261,1824.026780684758,43.8416055984152,113.14575796834163,2.529824799474961,14.799776727570553,45.87199437224612,0,2026-09-10 04:10:01
2026-09-09 12:33:00,CNC-02,M,296.8160790151417,310.67891442485745,1334.893720246359,50.478590861517795,58.78922504958408,2.045215403678866,12.718720119494014,56.151619744087604,0,2026-09-10 04:10:01
2026-09-09 14:51:00,CNC-01,L,298.54271332151507,312.7871641166482,1560.8858752486763,44.57532477733731,108.44014335014764,2.3229413417688973,13.043292743323665,53.581484536395976,0,2026-09-10 04:10:01
2026-09-09 16:52:00,CNC-03,H,299.33311750855944,313.94357301722516,1850.2979820613555,41.09321936068457,155.5033474977037,2.714580165866938,14.154094390314548,51.710081263344726,0,2026-09-10 04:10:01
2026-09-10 03:21:00,CNC-03,H,297.4684456190449,311.13344348982577,2437.690746600824,25.51031918534686,125.87513675148305,3.010282294237247,11.857336756431167,55.22618896316507,0,2026-09-10 04:10:01
2026-09-09 22:30:00,CNC-02,M,298.860547439414,312.14758163393327,2587.9655091009345,19.614565061351435,186.3032262937216,3.6814608751167666,9.595326345790662,51.53670034794426,0,2026-09-10 04:10:01
2026-09-09 08:01:00,CNC-01,L,296.09610736773084,310.4221361355356,1622.571119307592,43.868684206074064,103.41008093154383,2.3072235075295824,13.632758715161636,56.29325486356942,0,2026-09-10 04:10:01
2026-09-10 02:19:00,CNC-03,H,24.970676195179465,37.18882114772407,2540.698940872071,19.649634344068925,55.710609227860736,3.0362637067408973,9.052482727286055,50.686871937550194,0,2026-09-10 04:10:01
2026-09-09 18:05:00,CNC-01,L,300.0563851705542,314.4457121159692,2063.0393050512766,32.79009230525202,186.41044057043877,3.2490946170878305,12.550580711344024,51.68332738049841,0,2026-09-10 04:10:01
2026-09-09 05:13:00,CNC-01,L,296.4946015053335,310.19197315725137,2151.4464571599287,29.76534482212728,99.94204310973802,2.7887844390220624,11.780213678827756,55.208047657993326,0,2026-09-10 04:10:01
2026-09-09 23:19:00,CNC-02,M,298.34206028111214,309.89458528088915,2699.2652312671526,13.136801846180411,14.772885776904003,3.2352183653206965,6.477535779437653,55.172585860338096,0,2026-09-10 04:10:01
2026-09-09 21:00:00,CNC-02,M,298.8505066409946,311.9593755922205,2544.4743179896936,21.300643087746337,86.62931909057015,3.2604260851508395,10.087330877895718,,0,2026-09-10 04:10:01
2026-09-09 22:48:03,CNC-03,H,299.61933262057977,311.7625016359154,2699.6875810370357,16.713210855913854,99.97290609832216,3.2291406896473047,8.54595871751203,52.53605201454109,0,2026-09-10 04:10:01
2026-09-09 13:37:00,CNC-01,L,297.47632816348784,312.6822412578385,17547.779761340436,57.52421434226596,206.15902684188833,2.9019137944685065,14.664757490772985,56.195619852380375,1,2026-09-10 04:10:01
2026-09-09 13:24:00,CNC-02,M,297.12435573536055,,1290.509297906725,54.81314779971014,139.72137931759838,2.3030155797117513,13.12025059023933,60.23073623916874,0,2026-09-10 04:10:01
2026-09-09 08:10:00,CNC-02,M,301.77146844883197,310.100473392848,1814.0583517670048,41.139152515998305,79.79383457236925,2.4177074762731445,13.657631184059303,50.477438381507824,0,2026-09-10 04:10:01
2026-09-09 17:31:00,CNC-02,M,298.75186165805854,312.6483745600198,2012.1494626954945,33.978854177615744,41.39396118807109,2.717739360929478,12.859383591367969,51.24678986142253,0,2026-09-10 04:10:01
2026-09-09 07:15:00,CNC-01,L,296.3061901537769,310.7987651966233,1716.163986911041,45.77483207759683,36.68162607149128,2.324094366002135,14.828896557480284,57.574552745685786,0,2026-09-10 04:10:01
2026-09-09 23:42:00,CNC-01,L,299.57463818210977,311.63058732667145,2793.311034636125,15.620955081318266,115.19742676207792,3.529266021700601,8.603160825610045,52.97676951689374,0,2026-09-10 04:10:01
2026-09-09 07:57:00,CNC-02,M,301.44038489644515,309.4913838720552,1662.748155024877,42.930468522782355,60.74688952842755,2.25924995325113,13.458334701000695,45.5398222779512,0,2026-09-10 04:10:01
2026-09-09 10:24:00,CNC-03,H,295.9224911921642,309.3139026097361,1433.6378183199959,43.53416302861402,98.23517246524082,2.2100563688175505,11.679008734074927,59.91667997791928,0,2026-09-10 04:10:01
2026-09-10 00:17:00,CNC-01,L,299.3882133208021,312.4468961664909,2654.7598977161124,18.371357802031003,152.39163993037533,3.599939309417319,9.178100705841464,56.28330556901303,0,2026-09-10 04:10:01
2026-09-09 08:29:00,CNC-01,L,296.3322291870063,311.1270205007834,1692.3013834112764,45.45320259274919,144.6648168708357,2.709110795962555,14.176457888078156,56.54661678981775,0,2026-09-10 04:10:01
2026-09-09 17:04:00,CNC-03,H,299.2141620265612,313.4526956240761,1782.4735158503727,38.47948266903863,172.31390548429712,2.768850944063912,12.850591960017907,53.373363585925745,0,2026-09-10 04:10:01
2026-09-09 14:11:00,CNC-03,H,303.5734614664235,312.2334049355546,1433.8672668510021,52.10114370600398,187.63584964821095,2.6467106076407987,14.112600950533094,46.269941275007746,0,2026-09-10 04:10:01
2026-09-09 10:02:00,CNC-01,L,296.36886064685933,311.0820572868595,1511.0013146542908,51.32310237225729,93.90408373939614,2.1077245783661787,14.316748563419763,57.80013236587215,0,2026-09-10 04:10:01
2026-09-09 10:16:00,CNC-03,H,295.67175689423124,309.80497316488254,1351.4775663549308,50.44427614189434,85.79526640097723,2.0100235996685205,12.778835218067385,59.203922712505516,0,2026-09-10 04:10:01
2026-09-09 17:14:00,CNC-01,L,299.8776572353498,314.4499422408378,1961.0735304320035,37.99435957630761,117.24196062992627,2.7264342947498768,13.615995310295766,49.645088560626256,0,2026-09-10 04:10:01
2026-09-09 13:01:00,CNC-03,H,302.94565723328543,311.41248084212,1440.688119209271,50.25926746850074,77.59514661715144,2.0567167322660227,13.392993054419962,45.75047278360985,0,2026-09-10 04:10:01
2026-09-09 08:14:00,CNC-02,M,301.62211552798334,309.7174181588417,1793.4588690139522,39.13971213714788,85.6691712628818,2.3194559500274905,13.07500824095582,47.78423824499437,0,2026-09-10 04:10:01
2026-09-10 00:38:00,CNC-02,M,297.9393611579446,310.31781373574404,2715.8604760723147,15.619137466419586,98.94700583109339,3.3198452830878344,7.580633106086946,56.97363192864358,0,2026-09-10 04:10:01
2026-09-09 15:07:00,CNC-02,M,24.82804184811482,38.866545443521886,1591.4095797293523,43.146517882338735,53.398114954716256,2.246776773385255,12.874912222982726,55.337441638438925,0,2026-09-10 04:10:01
2026-09-09 22:57:00,CNC-02,M,298.21149030515426,311.7241655341408,2873.4159681088067,17.762331743517493,215.44148863854232,4.256069364137541,9.43523096997094,55.985782622298224,0,2026-09-10 04:10:01
2026-09-09 06:19:00,CNC-01,L,296.36645202890014,311.1034991512016,2084.1124902967863,35.889291737411796,186.10517361451622,3.318407697534933,14.177926394581961,56.380097101514416,0,2026-09-10 04:10:01
2026-09-09 06:12:00,CNC-01,L,296.5366847146784,311.5396570733539,2179.2210301153355,35.546077259106035,176.70971779508903,3.3186657782312086,14.616399227328873,57.86638796198949,0,2026-09-10 04:10:01
2026-09-09 06:26:00,CNC-02,M,295.9547372828988,310.1858250094048,2031.440904305673,32.50802853249911,180.5412345511237,3.067987582914213,12.022572707890815,60.11385504909775,0,2026-09-10 04:10:01
2026-09-09 19:54:00,CNC-02,M,298.80472185042356,311.63383040226836,2201.6761930756484,24.044107858439755,9.623941708799263,2.768947050226471,9.62026224941033,51.19216413945283,0,2026-09-10 04:10:01
2026-09-09 22:05:00,CNC-02,M,298.6817439164572,311.93369965389843,2506.51716387062,20.35112920451165,159.0441334988582,3.380903072009879,9.71691507026435,46.270065533583505,0,2026-09-10 04:10:01
2026-09-10 03:20:00,CNC-01,L,298.15014286475713,311.447017789951,2576.9802416592775,22.435722877442668,115.05567000804743,3.212424213981094,10.924747162091208,52.295621920420714,0,2026-09-10 04:10:01
2026-09-09 23:27:00,CNC-01,L,299.6316911092932,312.2536826853279,2616.066347730638,18.538579860102317,99.28452175746537,3.230220996336604,9.010341922112652,51.99869190469037,0,2026-09-10 04:10:01
2026-09-10 02:01:00,CNC-02,M,296.80030555961815,311.49982910197105,2525.1006699406016,26.21765876726731,188.41682310264102,3.604886444534698,12.324702845458642,55.12933732610042,0,2026-09-10 04:10:01
2026-09-10 02:02:00,CNC-03,H,298.41009696017176,310.41441313133146,2664.320556186639,16.77407278173216,36.98922606410428,30.50385902393269,8.504431439177754,54.158870580132046,0,2026-09-10 04:10:01
2026-09-10 04:02:00,CNC-02,M,295.6862905802672,308.9979087937776,2391.288541942829,23.71136181053965,78.26414914120308,3.0615652890338003,10.702908006420063,60.009349646983836,0,2026-09-10 04:10:01
2026-09-09 17:10:00,CNC-03,H,299.457475977402,314.30894500644257,2054.220324298492,36.664177973888016,180.57092718429195,3.0454096988069006,14.103616737466117,51.39657271335069,0,2026-09-10 04:10:01
2026-09-09 06:23:00,CNC-02,M,295.9182385762577,311.2438083068375,2063.139838318158,39.068193810533394,176.459440739356,3.184294513430168,15.099401138094768,,0,2026-09-10 04:10:01
2026-09-09 22:59:00,CNC-02,M,298.3630133220442,311.08629249168064,2652.598926668645,15.396351473679797,217.56622196582944,3.90757555221304,7.662752976229315,52.986508976799406,0,2026-09-10 04:10:01
2026-09-09 22:02:02,CNC-01,L,300.1206704069744,312.2395997096675,2548.856865233272,19.186161499289252,8.699301557877117,3.0303284175055163,8.918598663005156,52.89441738282166,0,2026-09-10 04:10:01
2026-09-09 13:07:00,CNC-03,H,302.8412796939928,310.7410917462535,1306.4030259246745,51.630309841992634,87.16451026691162,1.9554771948267988,12.540684850632237,41.19406693795605,1,2026-09-10 04:10:01
2026-09-09 10:27:00,CNC-03,H,296.1111022933331,309.7141801244492,1222.1712594640362,51.76697982695901,102.95545148937103,1.9951405068605232,11.89504485608298,57.89713263374267,0,2026-09-10 04:10:01
2026-09-09 09:19:00,CNC-02,M,296.289221518975,311.24955330055826,1622.4227950871186,46.314491949650304,183.66827860564965,2.7309491224566247,13.948488233241479,,0,2026-09-10 04:10:01
2026-09-09 08:57:00,CNC-01,L,296.31726910313495,311.56297357562534,1521.7174446709726,51.44195470122347,186.85698810135165,2.84657694579325,14.64311568295453,59.173628646177384,0,2026-09-10 04:10:01
2026-09-09 19:28:00,CNC-01,L,300.83245368848657,314.2249187989416,2258.6564349469345,25.826103572661413,60.048303501943316,2.8277863506760514,11.14424429434274,51.050514623844286,0,2026-09-10 04:10:01
2026-09-09 05:18:00,CNC-01,L,296.4809527793933,310.2040335749617,2219.378116328439,27.199267733049705,106.25402935110101,2.9805600087650927,11.205642371372814,58.30979848610322,0,2026-09-10 04:10:01
2026-09-10 00:44:00,CNC-03,H,299.06207450818164,312.68789534842483,2767.8956776717973,20.68676402433031,222.156848407817,4.022811950675638,10.478686304027832,53.272269003786995,0,2026-09-10 04:10:01
2026-09-09 13:51:00,CNC-02,M,297.2494532221524,311.33372702027447,1278.3658419309097,50.934899632177235,182.03028825732505,2.277004096208672,12.16774562184269,58.07542016761307,0,2026-09-10 04:10:01
2026-09-09 06:20:00,CNC-03,H,296.03116004662087,310.8732729998692,1945.3497709270114,37.51238234940771,183.7520248978929,3.0109778889330743,13.625087307792194,59.7064464793342,0,2026-09-10 04:10:01
2026-09-09 05:52:00,CNC-03,H,296.0227249977122,310.30177497005843,1821.030694445964,37.99291810066337,146.33171429346024,2.728277152998772,12.88792907318502,60.698370775418425,0,2026-09-10 04:10:01
2026-09-09 20:59:00,CNC-01,L,300.4284673756684,313.5277834938484,2500.0414705028347,21.901071777022608,167.4835428696352,3.546470143481173,10.179392123883003,53.369908119659684,0,2026-09-10 04:10:01
2026-09-09 16:39:00,CNC-02,M,298.9750361334973,314.0500935830024,1862.022839990042,41.50749221489224,188.06438871232564,2.961581409152008,14.391663587517119,52.145369254744004,0,2026-09-10 04:10:01
2026-09-09 20:37:00,CNC-02,M,298.909861022639,312.0284964427074,2504.5679327302632,21.82566659041906,60.307582714537396,3.123728853947525,10.339917641283737,52.85703119910806,0,2026-09-10 04:10:01
2026-09-09 05:35:00,CNC-02,M,295.8598817493974,309.96683370825133,1988.9464989424434,33.69106374321048,112.54007042012725,2.709576140342016,12.768765179056498,56.86640056047456,0,2026-09-10 04:10:01
2026-09-09 06:21:00,CNC-03,H,295.8851353337425,311.1599334464371,1923.2836677127316,41.28671608430898,185.13629907525734,2.952978974505768,14.798643299011745,60.03393584880923,0,2026-09-10 04:10:01
2026-09-10 00:04:00,CNC-01,L,299.35784756140333,310.3088420234245,2760.8168587390037,9.176044399081938,138.4766849231473,3.5073172307225953,4.901861450217963,54.51691348318625,1,2026-09-10 04:10:01
2026-09-09 11:50:00,CNC-01,L,296.4571881698849,309.8762921614589,1291.608983638946,50.315952432440916,36.48889568100685,1.8643014802311138,12.101205161325487,55.828267913698234,0,2026-09-10 04:10:01
2026-09-10 03:31:00,CNC-02,M,295.98224576510205,308.88572678318945,,20.951946375286592,41.68808970200029,3.0912314172223048,9.896127553392219,57.05519974352026,0,2026-09-10 04:10:01
2026-09-09 12:38:00,CNC-02,M,296.7732126422427,,1389.8955754016404,52.01544298582243,66.75579407389938,2.0713869207750575,13.39835766788747,60.281937478434415,0,2026-09-10 04:10:01
2026-09-09 07:00:00,CNC-02,M,301.52535374938026,310.2253601936078,1728.8340940483715,40.113120955452096,227.67249795308047,3.28270738340722,12.834113072043865,55.129389864985754,0,2026-09-10 04:10:01
2026-09-09 14:20:00,CNC-01,L,298.11426916294397,312.12237256312187,1521.758767240678,45.701448298524575,60.84894879342031,2.1728285263098623,13.030827077838632,54.723184583869504,0,2026-09-10 04:10:01
2026-09-09 13:07:00,CNC-02,M,297.0851510723414,311.15010489482177,1379.8357084644542,47.90134578576425,112.76383040852068,2.093183480687472,12.5838082832404,55.80256037538337,0,2026-09-10 04:10:01
2026-09-09 12:58:00,CNC-02,M,296.8659223502961,311.2556814800304,1343.925867971928,50.419198355892725,98.51307933734732,2.039871301901425,12.564754401673936,54.64489761892726,0,2026-09-10 04:10:01
2026-09-09 05:44:00,CNC-01,L,296.57683396048753,311.30171571825656,2235.693698868656,32.51019058129953,139.6922324559979,3.0227072708975165,13.552872066757617,54.688974839942446,0,2026-09-10 04:10:01
2026-09-09 19:00:00,CNC-03,H,299.7593967138339,313.1977540318162,2222.166608510664,27.753870437586766,88.06128904100686,2.7582741894035503,11.493793229583744,51.896403806810966,0,2026-09-10 04:10:01
2026-09-09 07:52:00,CNC-03,H,295.5857597957787,9517.092689000676,1878.8387215037694,37.2161776906941,89.44778511303076,2.6080223922435883,13.026132099176277,59.78997011524611,0,2026-09-10 04:10:01
2026-09-09 07:10:00,CNC-01,L,296.55721413652725,310.9558758742046,1805.897236297964,43.22955022559804,29.626446962971496,2.411543350313086,0.0,56.594077559206454,0,2026-09-10 04:10:01
2026-09-09 15:11:00,CNC-02,M,24.829646332016125,38.775153768412906,1641.946970834496,39.850154844996005,59.30588834638729,2.272404811696254,12.496094197263954,52.665081436323966,0,2026-09-10 04:10:01
2026-09-09 15:16:00,CNC-02,M,24.8943656602263,39.32681952356512,1579.7760207962294,46.54150848331247,66.79845146222887,2.188835996532819,13.965838469046846,53.37842166478973,0,2026-09-10 04:10:01
2026-09-10 00:37:00,CNC-03,H,299.179493290473,312.605443845896,2682.1070865938927,20.06470941623892,214.61006434440557,3.8353789732013452,10.063103156614781,52.13827722451132,0,2026-09-10 04:10:01
2026-09-10 03:13:00,CNC-01,L,24.947268918065618,38.69626369036274,2419.388252751105,27.125611572349058,106.80562092424462,3.1057922631630612,11.939751919272107,56.07298985408861,0,2026-09-10 04:10:01
2026-09-09 14:21:00,CNC-03,H,298.27255583314155,312.963942106278,1531.762437061385,46.383115576503926,203.1829916971163,2.798197744475944,13.212615455370331,58.00573722473213,0,2026-09-10 04:10:01
2026-09-09 05:36:00,CNC-02,M,296.4878310609855,310.9210016378528,2221.126962052792,32.51738494166474,113.83103257512266,3.0260641736007945,13.748074706532014,55.36325372598737,0,2026-09-10 04:10:01
2026-09-10 02:02:00,CNC-01,L,,311.0891637513628,2549.3233867231256,20.035942406940617,27.37179608907469,3.148880585320337,9.435031828292397,53.131418659180824,0,2026-09-10 04:10:01
2026-09-09 17:12:00,CNC-02,M,298.356627612945,312.4825643804975,1909.554916463723,36.50413238457582,15.292442421781644,2.4764064072938097,12.927219536777962,50.69050788225069,0,2026-09-10 04:10:01
2026-09-09 05:27:00,CNC-01,L,296.67392115747606,310.2401379785738,2071.2556919515328,30.092044258537236,117.7431701097589,2.756543517277793,11.861614098290495,54.372212883096985,0,2026-09-10 04:10:01
2026-09-09 04:27:00,CNC-02,M,296.53590298664903,309.1679410140738,2409.54014471639,22.570931963052438,26.306954943100905,3.0276821368799167,9.852212272855796,55.27251294646236,0,2026-09-10 04:10:01
2026-09-09 19:05:39,CNC-03,H,299.41024113151934,313.696639920499,2393.3961670408803,29.28190032318288,94.34964894006879,2.954896414732422,12.90820699722211,50.64709283111439,0,2026-09-10 04:10:01
2026-09-09 04:25:00,CNC-02,M,296.7719021541467,310.60416090661386,2250.1485548532037,30.91332131049952,23.908603302714152,2.750619275306484,13.096546806869243,59.52770198681059,0,2026-09-10 04:10:01
2026-09-09 07:43:00,CNC-03,H,295.65145007885104,309.66388218936885,1724.5821859666603,40.97924137221719,76.2905963057822,2.3526550969243814,13.130368196915276,53.96261687785655,0,2026-09-10 04:10:01
2026-09-09 06:19:00,CNC-02,M,296.04657578290215,9548.35193765338,1851.6731652089297,37.820616252971604,170.99354188668912,2.8859690173749852,13.074188881992947,55.709320536421004,0,2026-09-10 04:10:01
2026-09-10 00:56:00,CNC-01,L,298.58275984818283,310.8990531290671,2703.8294926347457,16.252992558430808,194.31602462056347,3.9760807722218354,8.208374509856425,52.41075272424945,0,2026-09-10 04:10:01
2026-09-10 02:10:00,CNC-03,H,25.374915642249846,37.39438818186301,2691.8161164134503,16.50352269667834,45.719892197360636,3.233301461144623,8.124801661069625,55.87540660662597,0,2026-09-10 04:10:01
2026-09-09 05:50:00,CNC-03,H,296.0319540115435,310.29516327898403,2002.424599183895,34.03859974121424,143.58211140089531,2.796782434007964,12.803970130032408,58.47356707634925,0,2026-09-10 04:10:01
2026-09-09 13:33:00,CNC-02,M,297.1309980064342,311.2576552271974,1333.4697620707973,50.51369306446077,153.73841991093548,2.314936846241248,12.359922720103809,55.30591055888104,0,2026-09-10 04:10:01
2026-09-09 12:25:00,CNC-03,H,297.06121050385667,310.9307573387543,1406.1409182822829,49.80342870257047,20.6872867451083,2.0668318595561956,13.102195169168825,55.21673143524693,0,2026-09-10 04:10:01
2026-09-09 09:27:00,CNC-02,M,296.0987721859936,310.9506522549346,1439.0127689161975,51.8109550880787,196.05082196344532,2.618767503248113,13.936237704701105,59.296867031588306,0,2026-09-10 04:10:01
2026-09-10 03:11:00,CNC-03,H,24.411305886363095,37.78337942805001,2499.947702312092,23.569205012927238,114.42445028326816,3.1775083832892035,10.760484507750482,55.49877415950615,0,2026-09-10 04:10:01
2026-09-09 06:13:00,CNC-03,H,295.761007514594,310.4626032148353,2083.2727932634057,35.533022690723016,174.23045119690246,3.002591669569526,14.102589344865184,65.50065264127751,0,2026-09-10 04:10:01
2026-09-09 13:38:54,CNC-01,L,297.4586750762933,312.6549452461153,1422.208372892688,54.5066678174226,210.82700904985336,2.979398606277216,14.666165807456467,55.581631962122806,1,2026-09-10 04:10:01
2026-09-09 16:16:00,CNC-01,L,299.2389957859633,313.1830945284083,1626.5662474891103,41.76062260389304,35.089436360016805,2.28555661958155,12.70807596193965,50.71546733514907,0,2026-09-10 04:10:01
2026-09-09 23:26:00,CNC-03,H,299.5514690817549,312.43197404425,2777.8932565036484,18.26756811931359,139.2756311779231,3.5242913138497953,9.5232366044528,51.30613215223324,0,2026-09-10 04:10:01
2026-09-09 14:38:00,CNC-02,M,298.036367734571,312.12010084658573,1374.9238683518524,53.10778588479461,9.281288936909169,2.01542884836994,13.545553940416465,55.36243736118983,0,2026-09-10 04:10:01
2026-09-09 22:27:00,CNC-03,H,299.39929665322694,311.3632695301462,2678.0769264728624,15.80095346613952,76.38756435945136,3.1370175364813107,7.917560982785675,53.375415648204836,0,2026-09-10 04:10:01
2026-09-09 15:18:00,CNC-01,L,25.535478182077327,40.33165323347214,1670.8279250061153,47.22177006076677,149.44600509256097,2.557701472853842,14.914792684035636,55.90847355540061,0,2026-09-10 04:10:01
2026-09-09 19:22:00,CNC-01,L,300.42102669857593,313.7662710627796,2413.734081293185,26.183571335960558,52.69951062243566,3.0073829893807082,11.975555242467717,50.547952484457504,0,2026-09-10 04:10:01
2026-09-09 06:19:00,CNC-03,H,295.90043127551576,310.597243128409,1967.8628022126563,36.904847309296585,182.3943402841414,3.091127352252349,13.516664705087148,59.71768517468649,0,2026-09-10 04:10:01
2026-09-09 05:04:00,CNC-02,M,296.52443277121785,309.6647042498202,2199.372026191302,25.905133787057455,72.66836112108078,2.871715706634363,10.793570860116914,53.00981063911457,0,2026-09-10 04:10:01
2026-09-09 22:21:00,CNC-03,H,299.4466661566673,312.82350796034234,2437.0535409554427,24.35192092228332,69.78847571521665,3.09456390321891,11.157499921816052,50.938178896246036,0,2026-09-10 04:10:01
2026-09-10 01:23:00,CNC-02,M,297.1841174909289,310.26619464475436,2576.6437984876197,19.475310897328704,147.083923488041,3.3890033287801824,9.500084436649626,55.88925970235668,0,2026-09-10 04:10:01
2026-09-09 21:59:00,CNC-02,M,298.5608978663257,311.43259247482223,2796.736495458445,16.081725960802896,152.46129435848798,3.4503542194687498,8.573497968334866,50.40879574434303,0,2026-09-10 04:10:01
2026-09-09 11:25:00,CNC-03,H,296.55683362256536,311.5221878797466,1482.4043254319427,52.423039202344995,194.7005751839116,2.6310002571521593,14.666755323579087,55.772505519825934,0,2026-09-10 04:10:01
2026-09-09 06:47:00,CNC-03,H,295.6431087720225,311.90452294722377,1951.2559082270986,47.853143414769335,220.75951474394535,3.148459827381615,17.53569762386712,58.62381853486702,1,2026-09-10 04:10:01
2026-09-10 03:30:00,CNC-02,M,295.7911275509968,308.76472975892176,2511.448652292177,20.94056197093039,40.541419327493145,2.9135377261522826,9.87861108705132,61.66023877654116,0,2026-09-10 04:10:01
2026-09-09 11:14:00,CNC-02,M,296.2505147191059,310.5575170720959,1358.3145844855767,50.12442035561223,144.59613102977553,2.2587248570228984,12.763252881944792,56.30228382812565,0,2026-09-10 04:10:01
2026-09-09 11:29:00,CNC-03,H,296.8503966635913,311.54333114826363,1462.3200109717518,49.832756555087315,201.0596862845956,2.650586622315095,13.530302160756353,53.71144100158617,0,2026-09-10 04:10:01
2026-09-09 20:45:00,CNC-03,H,299.8846443251786,313.3686444322438,2653.310576522478,21.129753407017567,214.39631308915497,3.819366004675602,10.697537691757088,51.574896082754705,0,2026-09-10 04:10:01
2026-09-09 07:45:00,CNC-01,L,296.4369536406241,310.78784077628046,1737.3617488976367,43.7359053463707,80.01212417172005,2.4169357212782687,14.1935838296586,57.4460448111734,0,2026-09-10 04:10:01
2026-09-09 05:26:00,CNC-02,M,296.1815045286724,310.39816675838006,2208.1151947492785,32.57010976843055,,2.895337860801166,13.555588177494492,52.76926632021767,0,2026-09-10 04:10:01
2026-09-09 08:46:00,CNC-02,M,296.245376364914,311.271154372409,1546.4443798513073,48.26045802750335,133.52556457245134,2.3619693194013345,14.01842669788708,58.02726951059151,0,2026-09-10 04:10:01
2026-09-10 00:07:00,CNC-01,L,299.6702588284056,311.57788133486656,2755.6086304348905,14.821882819099423,141.64567585240505,3.5147592937225998,7.821827047546715,51.94171503738868,0,2026-09-10 04:10:01
2026-09-09 14:40:00,CNC-01,L,5194.099693526621,312.55907416526793,1601.182288619513,44.63233966219393,91.60644614806405,2.267878281662891,13.278120728987675,46.63954525743545,0,2026-09-10 04:10:01
2026-09-10 00:45:00,CNC-01,L,298.93222816153974,310.87240173685814,2796.481796422657,13.306928832449088,182.53335920111834,3.9030769388615174,6.773388493387011,51.561538655251404,0,2026-09-10 04:10:01
2026-09-10 00:36:00,CNC-02,M,297.4848315801483,310.8087703728131,2558.713404224357,21.200859010347717,96.83945030275898,3.23723367974888,10.085489296659315,57.864748798038754,0,2026-09-10 04:10:01
2026-09-10 02:42:00,CNC-01,L,25.183914849958228,38.44737576181484,2589.2605085319847,23.323971177912007,71.38659861122724,3.256862840336983,11.26722692739815,54.41271760451014,0,2026-09-10 04:10:01
2026-09-10 01:04:00,CNC-03,H,299.0201935207805,311.74051946149973,2654.090157666052,16.179124828272826,243.74433441329904,4.042956313666252,8.011190195309547,60.30357343372984,0,2026-09-10 04:10:01
2026-09-09 23:20:00,CNC-01,L,299.84085268019976,311.76030871164716,2783.247400669866,14.740886013554203,91.74684628495437,3.2921785968685,7.449913877902416,53.93509429088957,0,2026-09-10 04:10:01
2026-09-09 20:21:00,CNC-01,L,300.4950520274222,313.44383869143564,2474.5371780618966,21.225018087943937,123.40758443191379,3.2695068424833598,9.549855715913724,47.704856053536176,0,2026-09-10 04:10:01
2026-09-09 13:13:00,CNC-01,L,297.24510399439174,311.78389027902364,1340.6391905333885,52.91272622666312,168.17101207844235,2.4278739963180462,13.358350785120408,55.660901370819296,0,2026-09-10 04:10:01
2026-09-09 08:53:00,CNC-03,H,295.54782784165343,310.12505524644587,1567.914540782385,45.665158775671706,180.44360671668693,2.615763162111953,13.621299849339728,58.76107851315324,0,2026-09-10 04:10:01
2026-09-10 00:40:00,CNC-03,H,298.9981741057553,312.3398495498085,2654.851835274715,19.348196694995096,217.83007871998728,3.8663480521911535,9.650742012485688,49.89561185090329,0,2026-09-10 04:10:01
2026-09-09 08:42:00,CNC-01,L,296.32805258789193,311.42253877570346,1650.0361267355208,46.973143229527814,164.08463744333574,2.7292086747953825,14.428406589913301,58.8538021598158,0,2026-09-10 04:10:01
2026-09-10 02:17:00,CNC-02,M,23.281918430788267,36.322884872324096,2540.6255564173034,17.810330337558355,206.15128491180863,3.649586231673287,8.578392090091372,58.97617106926599,0,2026-09-10 04:10:01
2026-09-10 01:46:00,CNC-03,H,298.31137824356176,309.3231581061249,2676.2269813107227,12.013055260527775,19.580061769428713,3.1854465099150255,6.0299337076829955,52.43212845863131,1,2026-09-10 04:10:01
2026-09-09 07:26:00,CNC-03,H,295.7127656574285,309.49014106443195,1842.97117572229,35.99696790779337,51.75980008649975,,12.348108429586574,56.02829671024308,0,2026-09-10 04:10:01
2026-09-09 04:22:00,CNC-01,L,297.01145426802407,309.734927240171,2239.371135274582,24.230164352278884,35.9875293137337,2.834254905526612,10.098507064605203,51.94520588554748,0,2026-09-10 04:10:01
2026-09-09 17:40:00,CNC-01,L,300.02592135376534,314.60435361089185,1995.7073078963629,36.548090441962806,152.909538877026,2.9711945195225873,13.433921641515997,48.171723092908735,0,2026-09-10 04:10:01
2026-09-09 17:40:00,CNC-02,M,298.8881270413589,313.5636457358588,1985.9318725748483,38.219499925866984,53.592846060728775,2.6044161195345255,14.31239004629675,52.436670163340736,0,2026-09-10 04:10:01
2026-09-09 19:45:00,CNC-03,H,299.85188474930504,314.59863139655846,2321.2437714112502,31.0023677466566,143.78440903719715,3.0574842101561712,13.276602938217103,49.142159460602905,0,2026-09-10 04:10:01
2026-09-09 11:23:00,CNC-01,L,296.4909697901355,311.75218448158284,1430.4839069754203,52.49544852590962,221.8648838120037,3.2315687649850178,14.243639795931426,59.6611752904227,1,2026-09-10 04:10:01
2026-09-09 05:22:00,CNC-01,L,296.54053834552286,309.8578966315135,2256.92964184384,26.595392022793167,111.31865326446612,2.967843997283339,11.017749089575943,61.34805039359124,0,2026-09-10 04:10:01
2026-09-09 13:02:00,CNC-01,L,297.4930718567453,312.1296601415297,1436.442628995392,51.057043918531136,150.70621094728432,2.4113310762299203,13.495840446099669,55.75530686354264,0,2026-09-10 04:10:01
2026-09-10 00:25:00,CNC-02,M,297.75870952469404,309.99602437929957,2651.16962624587,15.758916270452115,84.98614613368935,3.252943654918541,8.099041874040097,57.711666075805816,0,2026-09-10 04:10:01
2026-09-09 11:16:43,CNC-02,M,295.957401274103,310.25864781883837,1304.6370051365259,53.51705784320138,150.88898880336689,2.23332886843446,375.0169866496882,54.6651619151909,0,2026-09-10 04:10:01
2026-09-09 16:30:00,CNC-03,H,299.0845618377111,313.2607948711777,1702.7558927970983,40.043908830777696,124.17327772794287,2.483777340194823,12.528302529474868,55.484595472343436,0,2026-09-10 04:10:01
2026-09-09 07:41:00,CNC-01,L,296.2461926499793,311.2786972467194,1723.826427010769,45.749022093669666,74.25590301475698,2.3230544330869822,14.861616546068921,58.28085528986845,0,2026-09-10 04:10:01
2026-09-09 11:51:00,CNC-02,M,296.28741128732923,311.4369404747382,1376.39198492215,57.42201821691094,203.3261588122097,2.6975448245551235,14.497203480708574,55.642562133122404,0,2026-09-10 04:10:01
2026-09-09 13:50:00,CNC-01,L,297.5579146353165,311.43869807964967,1393.543300011704,51.23837087601668,14.155865241360543,2.123736023879227,13.424187641063625,53.015662729832144,0,2026-09-10 04:10:01
2026-09-09 11:49:00,CNC-01,L,296.5787117583656,310.75849956554333,1364.8578680661396,53.5873671412196,34.90021147127665,1.9931894835202286,13.709555157489847,59.61028630379778,0,2026-09-10 04:10:01
2026-09-09 15:08:00,CNC-03,H,25.519032719182974,39.68681547146781,1669.081907888166,44.83518461820688,3.0092651431266972,2.3298139796779824,14.040415937489328,49.14931960354536,0,2026-09-10 04:10:01
2026-09-09 21:09:00,CNC-02,M,298.74538721556365,311.8399529714786,2559.188526681715,21.043645318920795,96.81824448143733,3.0966356516553946,9.963603499547009,55.58786076076598,0,2026-09-10 04:10:01
2026-09-10 03:28:11,CNC-02,M,295.7907103169423,308.1414505409907,2452.6191976350906,18.89557889854791,39.412954508538206,2.9786493786983894,8.855716429440932,54.306707169522646,0,2026-09-10 04:10:01
2026-09-09 23:23:00,CNC-03,H,299.5787610440844,312.3368553734309,2510.0131752888333,19.89630589216726,136.12686122092958,3.116580102639956,9.428869131346213,54.52133318406758,0,2026-09-10 04:10:01
2026-09-09 05:09:00,CNC-02,M,296.55609015618256,310.22731455171083,2074.230871592289,30.918530578844567,79.01854597711673,2.7622317343027145,12.027544235655002,59.695061733577454,0,2026-09-10 04:10:01
2026-09-09 14:13:00,CNC-01,L,298.17203253420473,312.20192504850576,1365.243699829791,51.80254958522324,50.05797776785745,2.029397950237768,13.344533902942118,59.62285126286645,0,2026-09-10 04:10:01
2026-09-09 17:22:00,CNC-03,H,299.3272828393959,314.33712793742507,1784.9823922569872,41.7122908737662,197.1628196123147,2.9232323643820144,13.618455263446002,52.02714546806279,0,2026-09-10 04:10:01
2026-09-10 00:31:47,CNC-02,M,297.5853817593299,310.4636768075874,2624.7861856863465,19.79649860794791,92.49860911171362,3.239890370260234,9.850241636746768,54.097421420352326,0,2026-09-10 04:10:01
2026-09-09 12:15:00,CNC-01,L,296.59451919275415,310.6224577255251,1369.874394173156,51.33427094358245,76.1108699065574,2.0398594845455658,13.20944206358626,53.752442491038934,0,2026-09-10 04:10:01
2026-09-10 02:49:00,CNC-01,L,25.214389199226616,37.92540629282246,2523.6036307227305,21.572870026387314,79.32733238708302,3.2486305927646706,10.024464421639816,57.58347282153741,0,2026-09-10 04:10:01
2026-09-09 07:52:00,CNC-01,L,296.72480047867026,310.83544203335276,1668.0355553084678,41.54325453285402,90.14458985662192,2.3831979683399545,12.905452019615758,56.6653716513066,0,2026-09-10 04:10:01
2026-09-09 18:59:00,CNC-03,H,299.4899393011963,313.37910599797453,2305.9540630039432,30.035207170700875,86.83611976350696,3.0386196985319254,13.098332348977682,47.751887689936154,0,2026-09-10 04:10:01
2026-09-10 02:49:00,CNC-03,H,24.53429682239232,37.47514276161485,2415.312615290877,22.912011332446447,89.36288761733745,3.051668410462802,10.390220744444584,52.86590356374926,0,2026-09-10 04:10:01
2026-09-09 12:16:00,CNC-03,H,297.01070816311807,311.2123323626575,1431.426391786793,52.72894627896279,6.38661167742355,2.067828909590496,14.107787633046327,58.089990666395735,0,2026-09-10 04:10:01
2026-09-09 08:01:00,CNC-03,H,295.6259835357713,310.8374692933275,1778.2604864486977,46.93672143874839,102.48168584131108,2.456559237771151,15.654996442551454,60.36252683421826,0,2026-09-10 04:10:01
2026-09-10 04:04:00,CNC-02,M,295.89908602408633,309.518657983808,2437.493604282745,23.863260052233645,80.60749142711045,3.063795933721703,10.936940471236628,61.63636437060396,0,2026-09-10 04:10:01
2026-09-09 15:31:00,CNC-03,H,25.36769957562825,38.9719040390828,1691.7796970718032,39.36251508414678,37.66495743271027,2.242149024432231,12.448492177313792,56.05969903531907,0,2026-09-10 04:10:01
2026-09-09 15:02:00,CNC-03,H,25.435865826903807,40.592347052354285,1543.2663364576335,49.09583473363982,266.20305315681964,3.481815161624539,14.073969817196476,54.04787772076601,1,2026-09-10 04:10:01
2026-09-10 03:35:00,CNC-02,M,,308.97167136526963,2478.7980997115383,20.908875223597253,46.36969310858454,3.0288430900364958,9.430427139134668,54.46771966402429,0,2026-09-10 04:10:01
2026-09-09 21:04:00,CNC-03,H,300.07209835553476,313.97974537771086,2449.2955413748246,24.42620351107113,235.80149657968497,3.847465024207766,11.150092985281512,51.34142534400292,0,2026-09-10 04:10:01
2026-09-09 16:26:00,CNC-03,H,298.9673800106919,313.89152894826026,1719.611000494263,46.40945247047338,118.40054895975322,2.42387276753736,14.900438728161399,53.481071846752506,0,2026-09-10 04:10:01
2026-09-09 08:54:00,CNC-01,L,296.2885299623235,311.0359423557207,1602.9644055204833,46.00458938246042,182.3742107279353,2.8439379122637733,13.729862275818974,62.5894114377029,0,2026-09-10 04:10:01
2026-09-09 12:14:28,CNC-02,M,296.4906546950966,310.18745572239635,1423.2123382090742,45.29805236449774,28.66806228484148,2.0344732396654472,12.224538094836518,60.972735273012894,0,2026-09-10 04:10:01
2026-09-09 09:23:00,CNC-03,H,295.9667150166119,309.5473289121224,1549.1382305901705,43.70817851745333,3.066474917988355,2.2787418917165447,12.693154888007998,54.854774510849026,0,2026-09-10 04:10:01
2026-09-09 06:18:00,CNC-03,H,296.182727936601,310.96021050691934,2023.6731735697263,37.94737805207918,181.03845919051417,2.912783260131249,14.325811689967692,57.572952517262976,0,2026-09-10 04:10:01
2026-09-09 12:25:00,CNC-02,M,296.3506915730071,310.2097314295522,1388.0652056124857,48.97848014170525,46.141808732986526,2.0680826351347243,12.631680493717875,60.00720707351866,0,2026-09-10 04:10:01
2026-09-09 16:31:00,CNC-03,H,299.13162474544856,313.9524479756655,1747.8887659283887,41.40361327181373,125.60905092533075,2.4735217014513182,13.519079573679704,46.34987460661355,0,2026-09-10 04:10:01
2026-09-10 01:32:00,CNC-01,L,298.5035890390471,312.42495416788154,2782.759182812927,22.135253727474844,233.13543668599746,4.490177492968137,11.612604736945535,54.66416289139286,0,2026-09-10 04:10:01
2026-09-09 15:39:00,CNC-02,M,24.91473502928477,40.03719771319396,1738.7377012480906,44.895278568033014,101.18952244933449,2.480213275867307,14.736902310868008,54.06011968377222,0,2026-09-10 04:10:01
2026-09-09 19:55:00,CNC-02,M,298.83604047212003,311.6628350709277,2542.793269519804,20.660616138392808,10.762484878577999,3.20121028305394,9.885078283403793,56.57375362778304,0,2026-09-10 04:10:01
2026-09-09 12:29:00,CNC-03,H,297.2509796101709,311.3312487075946,1390.0901590922163,52.3622153997062,27.087286745108305,2.0047993027609374,13.824264104570721,56.00618089592129,0,2026-09-10 04:10:01
2026-09-09 20:37:00,CNC-01,L,300.6146100170912,314.15700055590344,2507.5581530123836,23.569309826654383,142.13814160462096,3.3647620018425246,10.981376368754141,48.640249054658575,0,2026-09-10 04:10:01
2026-09-09 12:55:00,CNC-02,M,296.57552940855675,310.8117834245185,1441.5894584827713,50.567813342381626,93.73215480767723,2.101710786278648,13.809209811038023,57.77461301605676,0,2026-09-10 04:10:01
2026-09-09 05:59:00,CNC-03,H,296.1549821130207,310.76020207580723,2176.0077265203286,34.5090287111462,155.4662262995961,2.980674776236575,14.095533704112347,57.97252755910802,0,2026-09-10 04:10:01
2026-09-09 12:42:00,CNC-03,H,297.3308133678459,310.57211303709306,1282.353735352,50.01588744424499,47.68275797777067,2.0572774342765037,12.419595888243109,60.161821373070396,0,2026-09-10 04:10:01
2026-09-09 07:12:00,CNC-03,H,295.80365610378726,309.9459014196722,1836.1409697352499,39.557409003230745,31.95245458474406,2.5647132838087003,13.561390962429865,60.62990745879785,0,2026-09-10 04:10:01
2026-09-09 04:15:00,CNC-02,M,296.6813095028173,309.1993689755505,2384.0554396316716,22.508797160246065,11.635669731841745,2.8526208758017955,10.085814682002923,57.71939237656729,0,2026-09-10 04:10:01
2026-09-09 06:38:00,CNC-03,H,295.48241105546686,310.4010665868821,1747.3937092216308,42.81177568528199,208.3804096622106,2.935097335419273,13.881977287553582,61.870704456913906,0,2026-09-10 04:10:01
2026-09-09 20:35:00,CNC-01,L,300.6750050234841,314.24748379336194,2421.9693968016636,25.527545396066504,139.86137275583695,3.1711147555945542,11.613446638213416,53.45467211541198,0,2026-09-10 04:10:01
2026-09-09 17:06:00,CNC-02,M,298.69040532253786,312.3166652528091,1955.564751710792,33.64184386692021,6.974971784276363,2.614455210101458,12.282984482348331,55.71956339552222,0,2026-09-10 04:10:01
2026-09-09 05:43:00,CNC-02,M,296.0356017617413,310.5402369659948,2060.9325324688484,35.642852361233565,122.94114445480162,2.8038975490377935,13.536090911535753,57.25088362090068,0,2026-09-10 04:10:01
2026-09-09 17:17:00,CNC-02,M,298.691690136351,312.12814745353376,1895.5436153207581,32.39283621347477,22.266540749042232,2.504904904297466,11.681948649108504,52.79305977524049,0,2026-09-10 04:10:01
2026-09-10 01:47:00,CNC-01,L,298.62658109704927,311.19112108045084,2555.3576605385138,19.93763402341436,10.966769832192798,3.062050315847381,9.582719248796957,52.10622040593424,0,2026-09-10 04:10:01
2026-09-09 04:19:00,CNC-03,H,296.73481303318556,309.9414826498968,2419.4877178892934,0.0,28.53755601604423,2.959510515627637,11.107811520776558,53.518597262851536,0,2026-09-10 04:10:01
2026-09-09 15:04:00,CNC-01,L,25.48163296830512,39.841236422884094,1596.1837883259786,45.72801401219459,128.19248101019372,2.5115463671873197,13.574715829566768,53.98377859605868,0,2026-09-10 04:10:01
2026-09-09 22:41:00,CNC-03,H,299.4543977901354,311.33396573681347,2700.057333239254,14.634731047181921,91.47226170405354,3.359461716311084,7.335586889009494,52.54932758546327,0,2026-09-10 04:10:01
2026-09-10 02:42:00,CNC-02,M,22.871997898533948,36.92668405689818,2545.132713686869,23.59330701517467,234.32459477077356,4.169133805932961,11.005414254163565,61.36809587974308,0,2026-09-10 04:10:01
2026-09-09 20:49:00,CNC-01,L,300.4482668407505,313.23013328269127,2445.5679833085787,20.831015503094104,155.87657566872107,3.34485825970692,9.711951215849874,46.27431950857494,0,2026-09-10 04:10:01
2026-09-10 00:42:00,CNC-01,L,298.89856342483984,312.1322247890835,2525.484879322333,21.240309886757228,179.35312152607767,3.5986852691767512,9.83915153854416,55.03322111943262,0,2026-09-10 04:10:01
2026-09-09 08:41:00,CNC-02,M,295.94003559915126,310.33299576211397,1593.8833551825358,45.61030222625052,125.95765793269926,2.392206433976497,13.351797932932358,60.20551986741008,0,2026-09-10 04:10:01
2026-09-09 19:18:23,CNC-01,L,300.5728939380989,313.68178016387253,2320.7159297341495,26.12362754815669,46.512878643172414,27.641356678604915,11.380235185605779,50.824673783369064,0,2026-09-10 04:10:01
2026-09-09 16:45:00,CNC-01,L,304.8829448848739,313.51494860041635,1747.7562455172335,44.22428100316342,76.77523532613728,2.3768165831578463,14.419631077098723,39.87626093018724,0,2026-09-10 04:10:01
2026-09-09 08:14:00,CNC-03,H,295.4800136254726,309.9480015060633,1588.6101795449815,46.07232491859952,121.6978314581099,2.348678913979288,13.701371710935174,60.625704003577695,0,2026-09-10 04:10:01
2026-09-09 17:55:00,CNC-01,L,299.6496477238479,314.6786210778641,2148.942723890269,35.57952943684331,173.0264882995843,3.2959058212998755,14.178012993069824,50.293568781500284,0,2026-09-10 04:10:01
2026-09-09 20:25:00,CNC-03,H,300.0002349588122,313.6049737347097,2497.0796833089767,22.957782358345867,191.295278782455,3.5920109265532156,10.855518849946053,52.517717057680024,0,2026-09-10 04:10:01
2026-09-10 03:10:00,CNC-03,H,25.006261765618376,38.8679030034192,2490.595312691926,26.069736820841623,113.27730588019413,3.1117994184994284,12.210829829569926,58.46114727319601,0,2026-09-10 04:10:01
2026-09-09 14:23:00,CNC-03,H,298.306811355747,312.9523656130854,1507.452239789327,48.15225856310049,206.26359021434337,2.685602371580162,13.574196206838154,54.268600196202925,0,2026-09-10 04:10:01
2026-09-09 12:21:00,CNC-02,M,296.753991330647,310.66758338876997,1438.2549230253328,47.884839581071624,39.792844374546334,2.1031303401745434,12.828198680449509,55.449909973394824,0,2026-09-10 04:10:01
2026-09-09 14:59:00,CNC-03,H,25.420728356932955,0.0,1574.9758421324698,50.36371990974576,261.602226809609,3.44553738975323,14.758804832472888,55.60252164929811,1,2026-09-10 04:10:01
2026-09-09 17:08:00,CNC-02,M,298.7203418520703,312.03908620462886,1951.3010431752998,31.621739621383252,9.75775210995848,2.615856866282789,11.49376284950694,49.63875407851927,0,2026-09-10 04:10:01
2026-09-09 04:27:00,CNC-03,H,296.79805142191617,0.0,2241.00072301686,24.633440899192642,38.2604657881831,2.7653428335958017,10.445116408657746,55.631263885075874,0,2026-09-10 04:10:01
2026-09-10 01:39:00,CNC-03,H,298.629993197878,310.0898007905746,2693.8602138493006,14.1624780359228,11.841963234927247,3.2841448500250796,7.0140615387771295,52.66044585336732,0,2026-09-10 04:10:01
2026-09-09 09:09:00,CNC-02,M,296.25567671607666,310.8541925589627,1589.3943590181511,43.68790851699784,168.30565048873476,2.617228086035262,13.074179719400583,57.03980372971583,0,2026-09-10 04:10:01
2026-09-09 13:05:00,CNC-01,L,297.3891439445002,312.2966025908652,1454.0065889481186,54.31691256763754,155.49421046287551,2.5323029988949846,14.71156049197369,56.757638528736514,0,2026-09-10 04:10:01
2026-09-10 03:39:50,CNC-01,L,298.06980701490517,311.04407309680994,2470.4036959669725,20.62507492159811,139.5605128105301,32.600297438917906,9.600359927618511,55.93852273644699,0,2026-09-10 04:10:01
2026-09-09 16:24:00,CNC-01,L,304.6091176733408,312.4913282080818,1762.9079274095106,38.24046130764598,46.58132135705131,2.438894412251057,12.621969412670119,42.36654673292755,0,2026-09-10 04:10:01
2026-09-09 10:33:00,CNC-01,L,296.4934092975413,311.3155572952893,1445.4918496972198,51.75616769456838,142.77879395101752,2.2945506690082302,13.700821843409752,55.911801697806965,0,2026-09-10 04:10:01
2026-09-10 03:50:00,CNC-03,H,297.06505425971574,311.0614926559932,2473.8428489347693,26.137263026591278,159.92889975925544,3.2504791506992277,12.13587301671591,60.43939710393281,0,2026-09-10 04:10:01
2026-09-09 04:53:00,CNC-03,H,296.8138935162369,310.17751142745084,2313.1050943132227,,70.47334189124362,2.912407170889732,11.246824791277904,60.503117134226635,0,2026-09-10 04:10:01
2026-09-09 11:23:40,CNC-03,H,296.4774474683629,311.4890274495154,1523.4202232032883,47.55283958828456,193.13830383098647,2.6943800853582287,13.558512826093786,55.9961852057016,0,2026-09-10 04:10:01
2026-09-09 21:39:00,CNC-03,H,299.8603146896693,312.2293597643829,2602.298369746354,18.413244374321547,23.563432567192955,3.253521991206414,8.943200228634662,54.294290179951666,0,2026-09-10 04:10:01
2026-09-09 18:06:00,CNC-03,H,299.64282420540223,313.35944351674885,2053.377506914814,35.45496765585344,18.65022116511029,25.862018731510222,13.704591495742358,49.227366765261166,0,2026-09-10 04:10:01
2026-09-09 06:10:00,CNC-03,H,295.68477502347207,310.2153833053454,1933.4688561902467,37.23598264072125,170.231450105963,2.871528397865576,13.495564413419313,52.86929895012951,0,2026-09-10 04:10:01
2026-09-10 03:32:00,CNC-01,L,298.25042895072437,311.1492110695917,2623.9947930689846,19.918817194203267,129.0791430131364,3.334049621967295,9.607384915009895,55.081992953394156,0,2026-09-10 04:10:01
2026-09-09 14:40:00,CNC-03,H,298.2855907383133,313.1790588883963,1478.7418576515029,49.692492785924145,232.60801651760107,2.935359349179514,13.852479598702597,52.53992091935084,0,2026-09-10 04:10:01
2026-09-09 13:16:00,CNC-02,M,297.0707714879952,311.7111663323662,1436.3838849692122,50.73822737961709,127.01926324478065,22.930068852830857,13.74722216309445,58.887476517553175,0,2026-09-10 04:10:01
2026-09-09 08:19:00,CNC-01,L,296.3630459750858,311.0678455818331,1683.2476885152894,45.27059861274627,129.93467200506197,2.4982571144863,14.212301479368191,61.00050737972758,0,2026-09-10 04:10:01
2026-09-10 01:50:00,CNC-02,M,296.946686587339,310.4327777619667,2572.101443961973,20.913272049880504,176.40088759929188,3.460424746222963,10.187480735146627,57.66645066199233,0,2026-09-10 04:10:01
2026-09-10 00:20:00,CNC-01,L,299.2371247478209,312.6763113389184,2699.8655772579204,20.44249201991792,155.5972176640872,3.5254571492371314,10.508152654518986,49.917527303561066,0,2026-09-10 04:10:01
2026-09-10 02:56:00,CNC-01,L,24.938720913621978,37.89566243898054,,21.273714126706988,87.28303372834604,3.224082529686912,10.182043975129076,55.57217850385676,0,2026-09-10 04:10:01
2026-09-09 05:02:00,CNC-02,M,296.4835681437908,310.09797622201205,2288.6610671196613,28.66687459836544,70.14844406305862,2.9489396467519198,12.283738647482556,57.80067884111473,0,2026-09-10 04:10:01
2026-09-10 01:30:00,CNC-03,H,298.8057522381661,310.1092107325791,2804.8507765921804,11.595625803867406,2.1096636242366986,3.2721838214927135,5.966878927470504,57.09019403926306,1,2026-09-10 04:10:01
2026-09-09 09:07:00,CNC-01,L,296.51241613703365,310.46871276664916,1508.4498923199812,47.14099422723484,9.102434642535043,2.135528202169071,13.443849042125178,55.95036111332113,0,2026-09-10 04:10:01
2026-09-09 16:17:00,CNC-01,L,299.36783361834983,313.9800214112041,1822.0237494830426,43.970364043100666,36.53004545549863,2.3275901605795997,14.77728983463387,48.266756118017305,0,2026-09-10 04:10:01
2026-09-10 01:32:00,CNC-02,M,297.0460063153767,310.00791188422306,2638.208421394763,18.153944821613763,156.97424108216268,3.5301632251888453,8.897300127172596,55.33890125068709,0,2026-09-10 04:10:01
2026-09-09 21:10:00,CNC-03,H,299.8776022782655,313.8697425537547,2572.4814282707052,23.87446389446017,242.53440652978753,4.040530070443875,11.23659688381575,54.75462295270475,0,2026-09-10 04:10:01
2026-09-09 12:48:00,CNC-02,M,297.0299606020628,311.71488682549,1406.163524090986,54.0005134274221,82.62563160827948,2.0343172067621658,14.347545975112688,56.054099429882385,0,2026-09-10 04:10:01
2026-09-09 16:18:00,CNC-02,M,298.72403321575246,313.9968940028568,1918.5232648426422,40.32544235580888,158.17870742664124,2.7318737507480066,14.554778354963892,54.88394084963123,0,2026-09-10 04:10:01
2026-09-09 09:09:00,CNC-03,H,295.74913377027286,310.75426662494414,1518.2456688188627,51.4775398017368,204.93041656124564,2.7189844517726995,14.723053900532555,52.90647943272478,0,2026-09-10 04:10:01
2026-09-10 00:08:00,CNC-03,H,299.46737048446585,312.38293126882775,2666.422989215755,19.221051622118793,183.84878126835275,3.6099233016770174,9.452328091635618,52.76512739130334,0,2026-09-10 04:10:01
2026-09-10 01:39:00,CNC-02,M,297.1758824610617,310.0496732462233,2718.915532607337,16.507329942510726,164.60139567448692,3.5485199492853043,8.37241793139198,61.73149479842086,0,2026-09-10 04:10:01
2026-09-09 19:36:00,CNC-01,L,300.8461196883632,314.15839364388114,2348.174085948107,25.437410143420173,69.81752972099785,2.9146071197095083,11.341615494813926,48.4395137586862,0,2026-09-10 04:10:01
2026-09-09 23:51:55,CNC-01,L,299.2608987063001,311.52909137320063,2717.851525298469,16.584054905629333,124.75053450079747,3.420848307903909,8.223628711958066,56.416244969060386,0,2026-09-10 04:10:01
2026-09-10 03:02:00,CNC-01,L,25.281208530772346,37.756739234223176,2667.8195389454004,18.105754646776912,94.17221892506235,3.2601810312717934,9.126354850927406,53.31495917963491,0,2026-09-10 04:10:01
2026-09-09 18:00:00,CNC-03,H,299.6067833065661,312.9948675995905,1969.4657706179455,33.04343249259809,10.735754696183175,2.5284943111982603,12.129489805574917,51.604286991959945,0,2026-09-10 04:10:01
2026-09-09 06:25:00,CNC-01,L,296.3321663704762,311.4488390784345,1908.198134934383,40.160450615129285,,3.2418834547421103,14.386047194094797,60.71257150376712,0,2026-09-10 04:10:01
2026-09-09 20:45:00,CNC-01,L,300.3679727650378,313.55670387582177,2539.96119960563,20.856018676156516,151.41787676299663,3.4421427279281938,9.955875412881053,53.72444115679435,0,2026-09-10 04:10:01
2026-09-09 08:55:00,CNC-03,H,295.7191176067175,310.6198402778397,1548.137612746223,46.92805270166527,183.52118372331924,2.539032379722648,13.599896470795972,57.362182277549984,0,2026-09-10 04:10:01
2026-09-09 04:35:00,CNC-01,L,296.9955019259438,310.7903983222118,2268.8770108403264,29.92653759048482,51.89451677899237,2.7526747893202246,12.834633934149478,57.84767163335268,0,2026-09-10 04:10:01
2026-09-09 07:13:00,CNC-01,L,296.1062562320411,309.2656438010223,1807.7622237573078,34.50670741921722,33.85135881728979,2.3859783713988647,11.658961367062851,57.82202744587245,0,2026-09-10 04:10:01
2026-09-09 17:42:00,CNC-01,L,299.93275550755095,314.709995182035,1812.3213805187597,41.57923091773995,155.65336032694202,2.891215856487845,13.982259626960944,50.337939417351286,0,2026-09-10 04:10:01
2026-09-09 20:57:00,CNC-02,M,298.84260064938553,312.682615305843,2509.8783889205674,24.23300574322263,83.19976131615076,29.089638423156867,11.403108313438713,54.85935287403426,0,2026-09-10 04:10:01
2026-09-09 04:19:00,CNC-02,M,296.66374818595784,310.20824326718684,2358.066752228514,27.105133437431174,16.55776657651112,2.940344312445128,11.765386398543036,56.542974698680894,0,2026-09-10 04:10:01
2026-09-09 21:04:00,CNC-01,L,,313.82189486381435,2626.9037508178376,21.27178649356594,173.0999876224879,3.7022160294123734,10.603979830977616,48.61427905485474,0,2026-09-10 04:10:01
2026-09-09 17:39:00,CNC-02,M,298.8900955652984,312.50947487141616,1832.555642083292,34.74429630502373,52.2344455510047,2.5560973069445927,12.192320031158633,56.52252406396575,0,2026-09-10 04:10:01
2026-09-09 12:21:00,CNC-03,H,296.96250490691006,310.4367852016836,1316.045147237754,48.17755190827123,14.337525850283866,2.0091081643568645,11.654948057196446,63.918323763615795,0,2026-09-10 04:10:01
2026-09-09 19:50:00,CNC-01,L,300.7275262540262,314.00803716267654,2402.4143428159136,24.043194130931063,86.8345359449679,2.987461655423937,11.124788225290704,48.24075652467956,0,2026-09-10 04:10:01
2026-09-09 13:49:00,CNC-01,L,297.6552721461602,311.4831530809612,1359.609037238999,51.24257513900809,12.561921390717181,2.1069532753201683,12.930123781535272,55.1333140151196,0,2026-09-10 04:10:01
2026-09-09 12:09:00,CNC-02,M,296.33968017536193,309.93417702232836,1367.6404065543172,47.525335518396396,20.71586461482806,1.9289174817604846,12.150648868552102,58.96955564678444,0,2026-09-10 04:10:01
2026-09-09 20:46:00,CNC-02,M,298.81831589282496,311.55803057089884,2578.380794970976,19.54831783316152,70.64366871572129,3.2260903968535426,9.441408468855599,52.23910198398019,0,2026-09-10 04:10:01
2026-09-09 19:43:00,CNC-03,H,299.5495460188104,313.4740160086046,2311.7931502373663,28.28332986082534,141.3544567351888,3.1201890733783926,12.379486167192303,47.576388257260035,0,2026-09-10 04:10:01
2026-09-09 21:04:00,CNC-02,M,298.91709055472916,312.2328730868837,2433.9361480644707,23.874129040149253,91.14547876617743,3.000678824644363,10.82814932305384,52.024154053415245,0,2026-09-10 04:10:01
2026-09-10 02:04:00,CNC-03,H,298.34326358614777,310.6426121559921,2511.1546977855883,18.866665705688703,39.16996563785541,3.0557188185273914,9.048954854740456,54.56432961627228,0,2026-09-10 04:10:01
2026-09-10 00:01:00,CNC-01,L,299.1661471777046,311.6575517321574,2722.806792926515,17.137411280032385,135.358103276152,33.83835418963731,8.75096330270247,,0,2026-09-10 04:10:01
2026-09-09 10:04:00,CNC-01,L,296.4956040074487,311.02105346588365,19642.50425000763,48.81850796071453,97.04775974384181,2.2769280415093434,13.931892361136331,,0,2026-09-10 04:10:01
2026-09-09 17:10:00,CNC-01,L,299.85365602459296,314.25259320735785,1800.6184882937355,40.53907674188781,111.72770728775562,2.585586789028137,13.882739079460233,52.15051200823135,0,2026-09-10 04:10:01
2026-09-09 14:45:00,CNC-03,H,298.08954364261103,313.24911462906465,1622.8575689032507,47.108171357611425,240.35975811120028,3.282731810014483,14.407638707037119,55.731227071569926,0,2026-09-10 04:10:01
2026-09-10 00:27:00,CNC-02,M,297.61735024521533,310.3345712317014,2663.2482855276057,18.25055418911975,87.11896174534236,3.195416952525954,9.168973871077922,58.19989968972295,0,2026-09-10 04:10:01
2026-09-09 13:08:00,CNC-03,H,302.859613326384,310.82094345847577,1263.876376848321,55.9635996167189,88.76451026691161,2.0133059419549513,13.213395213539473,49.56382372210554,1,2026-09-10 04:10:01
2026-09-09 21:03:00,CNC-03,H,299.72253807839064,312.97269375250664,2618.591601750117,18.930593096387952,234.66514439945135,3.973740038691472,8.967865396666795,54.10790547451201,0,2026-09-10 04:10:01
2026-09-09 14:48:00,CNC-02,M,297.74206251416086,311.8640868434555,1565.0400644394454,46.54791420539411,24.52914947242493,19.451185584171917,13.507051881542317,51.862947530655305,0,2026-09-10 04:10:01
2026-09-09 05:35:00,CNC-03,H,296.21009851610546,310.63347668420937,2076.965802777124,35.087380412732344,123.99623601483425,2.729108794483489,13.780328083046825,57.130727817077315,0,2026-09-10 04:10:01
2026-09-10 02:48:00,CNC-03,H,24.540286958034244,36.986890572214406,2626.413311558472,18.306621706509322,88.18471743043689,,9.128847335191594,52.525807923059546,0,2026-09-10 04:10:01
2026-09-10 01:58:00,CNC-01,L,298.5777637675727,309.7191872213506,2776.7617154035634,12.05203005262125,22.995622051536383,3.2906695010094107,6.500159534255202,53.54569756696668,0,2026-09-10 04:10:01
2026-09-10 01:56:00,CNC-03,H,298.46833603681904,309.7761011256772,2605.549953267698,14.01422445313,30.417474215337815,3.082765115801115,6.662779502066192,56.81412513385915,0,2026-09-10 04:10:01
2026-09-10 02:32:00,CNC-01,L,25.245576704442442,36.48203261351546,2660.8232756361654,13.271470871350004,60.25181601823725,3.2181026326924047,6.636537311357526,60.438905989881555,0,2026-09-10 04:10:01
2026-09-10 00:42:00,CNC-02,M,297.689607406776,309.81004212036845,2693.5820749142863,13.758377575850554,103.23309407898257,3.3100158591251927,6.939355040904639,56.89606655294261,0,2026-09-10 04:10:01
2026-09-09 11:42:00,CNC-01,L,296.33215446095164,310.3682282938518,1467.6767654022922,49.12851234432152,23.71200266706039,2.1247178387203447,13.593649599529744,62.310131886064326,0,2026-09-10 04:10:01
2026-09-09 07:24:00,CNC-02,M,301.30580028634824,308.9068833874105,1833.4815640789593,36.15437927705201,12.73830374625481,,12.387327290480792,49.01268886468352,0,2026-09-10 04:10:01
2026-09-09 15:02:00,CNC-01,L,25.370578777798016,40.07414249373306,1540.545521477589,47.779472228510556,125.1470555489143,2.294152481395441,13.82829769599265,57.182966469613106,0,2026-09-10 04:10:01
2026-09-09 06:43:00,CNC-03,H,295.6807669454045,311.10045899767834,1878.5020402903663,43.1657298793011,215.1970760688168,3.209780814779144,14.969544541768746,59.34468681933735,0,2026-09-10 04:10:01
2026-09-09 08:23:00,CNC-03,H,295.7045234348801,309.967708706387,1652.450854068794,42.35299071114243,135.08115870311656,2.383517652935791,12.86757326843563,58.50414442965797,0,2026-09-10 04:10:01
2026-09-09 05:07:00,CNC-02,M,296.19693156844465,309.7206983228866,2279.0628337196854,26.717202148430427,76.43645854677766,27.984299684526725,11.497566301584161,0.0,0,2026-09-10 04:10:01
2026-09-09 17:35:00,CNC-01,L,299.9482230621663,314.90351556861236,1827.529047750022,43.381693216307625,146.17028897381584,2.725662617827223,14.97817857657,51.74235353359278,0,2026-09-10 04:10:01
2026-09-10 03:08:00,CNC-03,H,24.404773037713483,37.344052656245594,2496.3752996922644,21.62189664593679,111.07260318296781,3.189873643403755,10.01779816570057,55.969776545661865,0,2026-09-10 04:10:01
2026-09-09 23:45:00,CNC-02,M,298.0917006591722,309.42344016753657,2631.128723495414,12.910421587666825,42.45588135534514,3.2705050147418624,6.305643459334793,55.17606964444648,0,2026-09-10 04:10:01
2026-09-09 20:53:00,CNC-03,H,299.78978126630625,314.860469607918,2513.575841993719,0.0,223.49265464437116,3.784076640745314,14.106549427996558,49.04225003150586,0,2026-09-10 04:10:01
2026-09-10 03:38:00,CNC-02,M,295.9941755345391,309.24968003473873,2301.2283485943803,25.864453253705655,49.86629007213247,2.8840183877817025,10.887262426912374,55.41513780624133,0,2026-09-10 04:10:01
2026-09-10 01:00:00,CNC-03,H,298.94238486186055,312.58035301682247,2661.402201558036,20.714400793633146,239.43928770859793,4.038040715256445,10.467343843863533,0.0,0,2026-09-10 04:10:01
2026-09-09 08:12:00,CNC-03,H,295.8182516273251,309.72155976307175,1645.9146013233094,41.54295224652975,118.69432863206906,2.3727452982164783,12.77091685610886,61.695475420358264,0,2026-09-10 04:10:01
2026-09-09 18:52:00,CNC-01,L,300.6001328137154,313.83832360330837,2226.7047687183262,28.252005297733763,15.322622779528333,2.9496135872906497,11.84153983614053,50.880574596871554,0,2026-09-10 04:10:01
2026-09-09 23:37:00,CNC-01,L,299.3921999620473,311.99688608008574,2604.840363907478,18.945396910851294,109.89743060153283,32.249050843374334,9.122176335897105,50.9324024268878,0,2026-09-10 04:10:01
2026-09-09 08:51:00,CNC-03,H,295.6702722166736,309.8906497007207,1505.3532411834317,44.85030136071915,177.40015019886195,2.5415363632933268,12.554120380771447,59.600115470020924,0,2026-09-10 04:10:01
2026-09-09 08:08:00,CNC-03,H,295.25120937288824,309.41796365538215,1530.7059505609102,47.10303046966829,112.86453133352013,2.2283796209814195,13.413353351305004,58.069178817821495,0,2026-09-10 04:10:01
2026-09-09 17:20:00,CNC-03,H,299.29624988893835,313.94018759212094,2048.573188590228,34.86498141544416,194.40092123484396,31.020285157258122,13.344151084181872,54.81392071837432,0,2026-09-10 04:10:01
2026-09-09 05:55:00,CNC-02,M,295.8029149723505,309.8092004429671,1988.7829818263926,33.11510429453518,138.7792920611244,2.7646014115285618,12.329838449741802,55.62103226592015,0,2026-09-10 04:10:01
2026-09-09 09:31:00,CNC-03,H,295.6645921392981,309.547159153491,1536.7134657868855,46.80303152749937,15.450071476424629,2.1453586079102176,13.202597996411757,57.684619987297495,0,2026-09-10 04:10:01
2026-09-09 06:28:00,CNC-03,H,295.8449803039895,310.48090338717793,1907.3026022057068,37.818184876703185,194.59705928916173,3.003095954416432,13.749539208291374,61.55386257921223,0,2026-09-10 04:10:01
2026-09-09 16:37:00,CNC-01,L,304.7630718946283,313.03376264098114,1633.0417394374304,44.79191485755926,65.37544024243022,2.3274327098958523,13.594019203476071,41.2653324228737,0,2026-09-10 04:10:01
2026-09-09 20:53:00,CNC-02,M,298.83400551837315,311.45267277631336,2508.679541550697,19.37312594277543,78.6852022624601,3.089655049128015,8.908863634806192,52.18260019493465,0,2026-09-10 04:10:01
2026-09-10 00:25:00,CNC-01,L,298.8652631248408,311.87094396855065,2670.203021586168,19.38940037330006,160.9989393209747,3.5706698485565385,9.866844951971467,50.82032849133482,0,2026-09-10 04:10:01
2026-09-09 07:49:00,CNC-01,L,296.42476627994733,310.6888918544058,1745.3498538935685,41.84458684902149,85.72336199953571,2.3126180567804044,13.695667572941918,57.33396307301051,0,2026-09-10 04:10:01
2026-09-09 04:49:00,CNC-02,M,296.5040087672468,310.03587548377357,2193.5266358767612,29.06213902958055,53.58911066110016,2.861728719771878,11.877991970471319,56.816984580527965,0,2026-09-10 04:10:01
2026-09-09 17:15:00,CNC-01,L,299.6530640256902,314.6897359145052,1813.3966969618605,44.85675652253172,118.65980247270645,2.608202668459936,15.3639347393152,54.89562787247311,0,2026-09-10 04:10:01
2026-09-09 07:30:00,CNC-03,H,295.55068602511756,309.0618956406239,1832.9049570510406,35.38418096108813,57.50005359429471,2.366481946918591,12.016454047113585,61.48063964562065,0,2026-09-10 04:10:01
2026-09-09 07:27:50,CNC-02,M,301.4403613204568,309.15357101012984,1798.7101815189098,39.15785577674747,17.02203712436785,2.3651700399162836,13.360632978104544,49.53663508318297,0,2026-09-10 04:10:01
2026-09-09 11:48:00,CNC-03,H,296.9327926171412,312.78703958955225,1459.0595301240655,59.271262470990166,231.2820981959549,2.931124209987644,,55.44571237315362,1,2026-09-10 04:10:01
2026-09-10 03:57:00,CNC-03,H,297.15679199554154,311.10205715948837,30166.117095892692,27.474150179550755,168.28515037686986,3.217291067210025,12.033195946150306,61.04410581131429,0,2026-09-10 04:10:01
2026-09-09 15:53:00,CNC-01,L,26.149496421053072,39.9112751999013,1700.4218971072132,41.24241494978753,1.460109440226112,2.3580293164491875,13.064547962419105,53.033081427639374,0,2026-09-10 04:10:01
2026-09-09 08:21:00,CNC-01,L,296.46604526177526,311.20220605093823,1804.3368181643766,41.9282356875754,132.87555276291877,2.7248397052876077,14.015745270311317,59.042205584981765,0,2026-09-10 04:10:01
2026-09-09 20:55:00,CNC-01,L,300.53594714693634,314.84052311362103,2472.7443592716845,28.13434152493935,162.8893924566264,3.521394177893759,13.338564465664751,48.40980717155755,0,2026-09-10 04:10:01
2026-09-10 01:37:00,CNC-02,M,296.7955261167027,310.09462003008747,2599.203925083,20.170164510659838,162.43556391645626,3.5025866085737856,9.764338950784925,54.714350854571364,0,2026-09-10 04:10:01
2026-09-09 12:18:00,CNC-02,M,296.4204249461065,310.23382638534264,1334.0491946809925,51.501026457179734,35.051154178489384,1.9935506965957976,12.789893225720581,57.22344633698058,0,2026-09-10 04:10:01
2026-09-09 19:06:00,CNC-03,H,299.53475268682666,313.21932922629156,2356.697356563405,27.641544360524648,95.57492221259129,2.9220150072074005,12.225673908537297,49.74589998872009,0,2026-09-10 04:10:01
2026-09-09 13:44:00,CNC-03,H,303.3007939775408,311.48434383266965,1580.4527047160536,44.355643559982155,145.51896387273956,2.4794759229807557,13.271960275703815,47.58764746645251,0,2026-09-10 04:10:01
2026-09-09 11:22:00,CNC-01,L,296.7099463005477,312.12311291602595,1339.6114842117415,56.94901560159377,220.26488381200372,2.9948619557096885,14.170690372386627,53.37898578579923,1,2026-09-10 04:10:01
2026-09-09 11:58:00,CNC-03,H,297.0496895931308,312.2654233423503,1407.075189888025,53.13237543020432,247.2316697972103,3.038870673500206,14.175305300570404,56.47455009026874,1,2026-09-10 04:10:01
2026-09-10 00:00:00,CNC-03,H,299.39887647859865,312.11387312701396,2716.8026430293676,17.57338824365703,175.44139988473364,3.5713874421164022,8.88555108094274,51.73877148283308,0,2026-09-10 04:10:01
2026-09-09 13:52:00,CNC-02,M,297.1826649965167,312.2659968771814,1360.9866971233314,56.66166071055646,183.63028825732505,2.3776171621451425,14.341335642293014,55.98950551972293,0,2026-09-10 04:10:01
2026-09-09 04:16:00,CNC-01,L,297.0933994415068,310.449330759258,2277.0752378370867,26.762235837572042,28.720181173715613,2.9083259757029927,11.58575312915141,53.06802342126657,0,2026-09-10 04:10:01
2026-09-09 12:18:00,CNC-03,H,296.9928726892294,310.6950757806105,1419.8433841058004,48.56425117514135,9.547227170510611,2.152274395917138,12.770564889100402,54.95655179278834,0,2026-09-10 04:10:01
2026-09-09 07:53:00,CNC-03,H,295.420896206026,309.942555409264,1721.8249978190365,43.59285458385671,90.92112176195955,2.35909045318622,14.01421704762168,62.58666665895461,0,2026-09-10 04:10:01
2026-09-09 22:53:00,CNC-01,L,299.85273252374196,312.4974655518577,2565.8290820470643,20.254547064708486,62.90502278940562,3.1941729431036965,9.632677688004456,54.92088151362356,0,2026-09-10 04:10:01
2026-09-09 11:40:00,CNC-03,H,296.6219018111951,311.1345652603037,1412.7023031663348,49.91796206558274,218.55709696158644,2.6972230105583743,13.320332939834127,57.431225773693285,0,2026-09-10 04:10:01
2026-09-09 09:05:00,CNC-01,L,296.63773202490995,310.5156221093497,1602.4724027772813,44.84597884888974,6.0361513503384545,2.193014664003507,13.4237102689793,53.219406974628974,0,2026-09-10 04:10:01
2026-09-09 20:28:00,CNC-02,M,298.8182069966212,311.23935098175434,2455.537168475566,19.089610795940118,49.90407877807462,2.939669597813157,8.716446270514766,51.387441707428444,0,2026-09-10 04:10:01
2026-09-09 09:11:00,CNC-03,H,295.9450374341241,311.1896663978501,1678.312012278036,46.2729285906688,207.88826664985282,2.8656221436444014,14.725209488218024,55.58016216965958,0,2026-09-10 04:10:01
2026-09-09 14:44:00,CNC-01,L,298.41522761814605,312.4410181578058,1368.8279586973401,51.54436830778345,97.7888497482209,2.1729290944410597,13.202709994110682,55.50793488488185,0,2026-09-10 04:10:01
2026-09-09 12:50:00,CNC-01,L,297.15318518530626,312.12430950040124,1531.6836160704229,51.365224155883176,131.76359217580696,2.489326105265631,14.694988399589132,54.98803467510234,0,2026-09-10 04:10:01
2026-09-09 22:56:00,CNC-03,H,299.78149718242474,311.70958668267315,2724.420895045782,15.065626984917017,107.3184552083368,3.3308437233325603,7.7040791639955435,52.253840144062856,0,2026-09-10 04:10:01
2026-09-09 20:39:00,CNC-02,M,298.86188336713695,312.7610132440437,2449.421873084347,27.130730892673398,62.627808099858804,2.9583352480862617,12.483816966988025,51.892252299704744,0,2026-09-10 04:10:01
2026-09-09 23:15:00,CNC-02,M,298.2390323350842,309.1264923060971,2831.657491047559,10.301272925809412,10.572768716068024,3.3127990293325507,5.602075901619737,57.96901051713245,1,2026-09-10 04:10:01
2026-09-09 20:58:00,CNC-03,H,299.8138299088633,313.93112904712433,2540.8102473028694,25.123607076638717,229.17133662646128,3.838043196198643,11.798017466524858,51.205298290131736,0,2026-09-10 04:10:01
2026-09-09 23:43:00,CNC-02,M,298.14415236844735,309.7296340223955,2725.0269091520977,11.957110204858473,40.34789416475493,3.298752226800027,5.737909483356039,54.38529668460801,1,2026-09-10 04:10:01
2026-09-09 13:41:00,CNC-01,L,297.7845626639427,311.67745803111086,1327.518247102405,54.406596821936795,0.0,2.002078140796307,13.346488533904276,59.05811321760298,0,2026-09-10 04:10:01
2026-09-09 08:51:00,CNC-01,L,296.1398487988667,311.19020890325413,1416.7453912823805,54.87501021574186,177.78558451274347,2.5692955799518504,14.544741291386021,62.78128205483887,0,2026-09-10 04:10:01
2026-09-09 11:57:00,CNC-03,H,296.84207133707025,312.17180708107384,1353.9345648487579,57.79079038742895,245.64372021285945,3.0388731219412843,14.517878237525132,55.53113029861487,1,2026-09-10 04:10:01
2026-09-10 03:12:00,CNC-01,L,24.773081522971268,38.5234038856928,2442.6979599888264,26.9037771963639,105.64054441223715,3.1187735313871356,12.279437854631489,56.20908039591357,0,2026-09-10 04:10:01
2026-09-09 14:50:00,CNC-01,L,298.3532737661124,312.69098184426315,1543.6739172925718,46.421114884348185,106.92074993678935,2.16283998348722,13.443637257337286,52.580066608675054,0,2026-09-10 04:10:01
2026-09-10 02:36:00,CNC-01,L,25.30825747659088,37.69911706039318,2603.8315626731496,19.05612545973962,64.62309511851664,3.1547053370098666,9.293561629913922,52.062458130179735,0,2026-09-10 04:10:01
2026-09-09 11:30:00,CNC-02,M,295.95035218935624,310.6425503961696,1436.108994961288,49.81913580822927,169.95920891096452,2.440268610892087,13.297389016108834,59.09829068316341,0,2026-09-10 04:10:01
2026-09-09 13:39:00,CNC-02,M,297.2743455316501,311.98581749963154,1429.0574639912309,48.86445062124713,163.0854927323304,2.3779878037813003,12.98707851872536,55.4539961863094,0,2026-09-10 04:10:01
2026-09-09 05:28:00,CNC-01,L,296.4910002573604,310.24301346810904,2244.817988116388,28.588934039976774,118.98528071518169,3.0262714018613157,11.822943596205073,57.92678179542032,0,2026-09-10 04:10:01
2026-09-09 08:10:00,CNC-03,H,295.646703738416,310.0918318090809,1780.1183360803423,41.28545194593937,115.73701217585516,2.5022030488504456,14.010740127745224,58.44247230586825,0,2026-09-10 04:10:01
2026-09-10 02:24:00,CNC-02,M,23.308145680389316,37.59809490994138,2399.5875885440287,26.050779963795502,214.0650111177081,3.7512271711591954,11.648565206560926,55.33059777512381,0,2026-09-10 04:10:01
2026-09-09 05:37:00,CNC-01,L,296.2539866450538,309.8328806195108,2139.4165391816605,29.534843489721176,130.65923989060477,2.9537466128563548,11.827787613949159,61.288857335000536,0,2026-09-10 04:10:01
2026-09-09 07:23:58,CNC-03,H,295.8418089478885,309.72919754858646,1833.4781628778721,38.65145482961255,50.352745253881146,2.4703928389356307,13.281359501954922,60.708798584506305,0,2026-09-10 04:10:01
2026-09-09 21:18:00,CNC-01,L,,312.76222646079987,2693.2273007999675,15.014008571878522,188.9757487695137,3.8334562943365063,7.578165546849703,46.5777574143113,0,2026-09-10 04:10:01
2026-09-10 02:35:00,CNC-02,M,23.239476884426892,37.64758253460525,2607.4549940597585,23.122241692009577,226.39371571439307,4.130142207068283,11.18686450113731,55.30009852016279,0,2026-09-10 04:10:01
2026-09-09 19:20:00,CNC-03,H,299.70901964660663,312.89793233874997,2270.3060085748234,26.123787527841625,113.08839466996,2.9260128611856535,11.075449509892664,52.337897146188524,0,2026-09-10 04:10:01
2026-09-09 19:42:00,CNC-02,M,299.06962318612455,313.2536099352156,2222.319540352715,29.108035702942278,209.76610110757287,3.4712224929562177,12.167156646462834,57.05136366109439,0,2026-09-10 04:10:01
2026-09-10 00:47:00,CNC-02,M,297.38640537983423,309.5903251812298,2768.0288570356392,13.868499421308945,108.4907716776595,3.375165457002679,7.193713934209205,53.6110864345943,0,2026-09-10 04:10:01
2026-09-09 20:31:00,CNC-03,H,299.76319891716463,313.448596725182,2552.5824733739432,23.48305220451611,198.2235258118073,3.5600070021906167,11.094374234453843,,0,2026-09-10 04:10:01
2026-09-09 18:50:00,CNC-01,L,300.6403634339796,313.82016318976787,2236.400280873614,27.206433025975116,12.806801813158122,2.8631266547536964,11.392121464676887,51.58787320184978,0,2026-09-10 04:10:01
2026-09-09 21:39:00,CNC-01,L,300.25530729724363,313.9137948849416,2600.3602306626058,21.99151688066958,,4.100730678272693,10.502233199915562,50.49347509655562,0,2026-09-10 04:10:01
2026-09-10 02:28:00,CNC-03,H,25.20411263185383,37.0987384024516,2646.0393879067637,16.102203551800564,65.78642156411414,3.1746292285016193,8.01649842869179,60.13900777409469,0,2026-09-10 04:10:01
2026-09-10 02:02:00,CNC-02,M,296.6924104918704,310.5973103156761,2404.550360470543,24.7298978901232,189.5780094660745,3.59339835607373,11.184645970787438,58.108021805662766,0,2026-09-10 04:10:01
2026-09-09 05:17:00,CNC-02,M,296.3790521102571,310.3583871060655,2260.8355398044905,28.744401568201756,89.17388721082992,2.8888760827091926,12.091094545251345,58.31080743965475,0,2026-09-10 04:10:01
2026-09-09 07:19:00,CNC-02,M,301.23376225602277,308.690344741966,1849.324795575736,36.266533671472615,5.622897502996367,23.71351099125378,12.452939817422898,47.70142570025223,0,2026-09-10 04:10:01
2026-09-09 08:58:00,CNC-01,L,296.26541994709976,311.5673380300592,1612.4106856888334,49.02554609108316,188.37690170960812,2.9432210886484347,14.744501348951996,54.19146533471951,0,2026-09-10 04:10:01
2026-09-09 10:01:00,CNC-01,L,296.23328551580903,310.41584459712755,1399.7566752224297,48.51410965073867,92.32334159507018,2.140368439356602,12.703784479983167,59.08247511542312,0,2026-09-10 04:10:01
2026-09-09 23:22:00,CNC-03,H,299.4026411388041,311.6356320407432,2839.862858585531,15.511348565695224,135.02628100131324,34.55166039357373,8.293745484633293,53.978271772143714,0,2026-09-10 04:10:01
2026-09-09 05:40:00,CNC-01,L,296.4766985886072,310.22078535751507,2058.4953356037363,29.69491843764441,134.50430442719232,2.9561750425717155,11.627178924732897,58.21121659977189,0,2026-09-10 04:10:01
2026-09-09 09:26:00,CNC-01,L,296.0244941889376,310.23686369324747,1587.7346202681447,46.95281617007468,38.15567965826781,2.1963456553264513,14.09069736841307,59.32874175492411,0,2026-09-10 04:10:01
2026-09-09 22:51:00,CNC-03,H,299.59604545767274,311.21146265991695,2740.461414745941,13.190112760692848,102.07545467105673,3.194243403238593,6.863451524804255,52.05181658384028,0,2026-09-10 04:10:01
2026-09-09 05:33:00,CNC-03,H,296.40674369512294,310.18704277002405,2143.6590540709467,30.020786449638894,121.39099108013379,2.8424845384340567,12.151654176635114,54.514833091104094,0,2026-09-10 04:10:01
2026-09-09 06:53:00,CNC-02,M,301.4542502409032,311.1106438465626,1883.0315404134144,43.92765652153389,217.84793356081204,3.284277123400392,15.576770438909927,46.785689846164594,0,2026-09-10 04:10:01
2026-09-09 23:56:00,CNC-03,H,299.19893256078694,311.27398396907466,2695.9555996411973,14.49985154757836,171.19596221973325,3.637929992527867,7.4360827238441125,55.283374292550135,0,2026-09-10 04:10:01
2026-09-09 19:12:00,CNC-03,H,299.8140107737646,314.1758498591156,2392.5718430743777,30.300678370055948,103.12762670649899,3.012622426792838,13.626048994474909,52.3343490152707,0,2026-09-10 04:10:01
2026-09-09 15:48:00,CNC-03,H,25.743162919409997,40.22613421121605,1681.0734793171155,45.28588642520104,62.92455978735952,2.270516092686257,14.361695517654438,49.12183782017938,0,2026-09-10 04:10:01
2026-09-09 06:43:00,CNC-01,L,296.6027302181677,311.28028607379264,1828.3090663700477,38.559114974796984,0.0,3.4144916794632203,13.131683539671172,59.01725675641911,0,2026-09-10 04:10:01
2026-09-09 22:30:00,CNC-01,L,300.05662550049726,311.52320261140943,2661.3056788001654,14.428490463840026,37.997149766543764,3.2189261439817054,7.340088458181613,51.07934840800904,0,2026-09-10 04:10:01
2026-09-09 13:19:00,CNC-03,H,302.81231412202436,310.54339685549394,1414.2748862947158,47.606791301892784,106.21463534484054,2.1805582091053712,12.615002556933916,40.63682380672266,0,2026-09-10 04:10:01
2026-09-09 07:03:00,CNC-01,L,296.17724118833195,309.8015045856686,1880.5004855555817,34.81045872965191,19.57968160299785,2.533040361428973,12.209651602998782,55.67396117291694,0,2026-09-10 04:10:01
2026-09-10 02:47:00,CNC-03,H,24.639593651742587,37.00583192076874,2550.719999159995,18.55033780337248,87.05959133035986,30.04830962542483,8.830170514501125,53.98520595374391,0,2026-09-10 04:10:01
2026-09-09 15:12:00,CNC-01,L,25.42967502662941,40.12869714490358,1662.135661541697,46.71536228346314,140.36995924112676,2.549745964951205,14.698636172100983,57.54573966139163,0,2026-09-10 04:10:01
2026-09-10 02:18:00,CNC-01,L,25.245876193413096,36.571309202853286,2629.1872334352556,12.639447362192307,44.75721745194912,3.180069152744326,6.3090173571595916,58.35750306068584,1,2026-09-10 04:10:01
2026-09-09 19:37:00,CNC-01,L,300.4984942857927,313.96331482360944,2258.893615919816,27.468373135510415,71.04388173002084,2.8640006225269925,11.696897284461073,49.35758730799148,0,2026-09-10 04:10:01
2026-09-09 06:48:00,CNC-02,M,295.8296816104072,311.4181448001743,1899.936259645216,40.88801248841201,210.90600390171312,3.224052187795504,14.49702994244823,60.434750182216625,0,2026-09-10 04:10:01
2026-09-09 20:33:00,CNC-02,M,298.88533109786607,312.1758078137657,2430.253651123147,23.33990923999755,55.72501333102649,3.03347946725172,10.674904414407147,54.147771940695755,0,2026-09-10 04:10:01
2026-09-09 21:13:00,CNC-02,M,298.8382660250623,312.2595506972662,2536.7054742263713,21.18477149026956,101.30612461939688,3.279304896271493,10.301476337981642,56.8931872835632,0,2026-09-10 04:10:01
2026-09-09 06:04:00,CNC-02,M,296.05588170546025,310.25269873600405,1974.4526818597938,33.8015749450444,150.78995285667048,2.8640037460834478,12.636832549651292,64.2468608063549,0,2026-09-10 04:10:01
2026-09-09 17:47:00,CNC-03,H,299.59907147392806,314.847504475516,1992.6469474509138,38.45564729319722,230.97247713749238,3.4089079333033956,14.45210542213935,52.8901895410166,0,2026-09-10 04:10:01
2026-09-09 20:24:00,CNC-01,L,300.5868481010153,314.4979479668951,2284.291970533965,28.17023557866541,127.04491650871832,3.080224943466073,11.767484951109282,47.6602020703328,0,2026-09-10 04:10:01
2026-09-09 11:56:00,CNC-01,L,296.5636892584906,311.0206296762229,1474.5508171301572,53.04695394252472,45.928427160418636,2.137982165584196,14.626896538929042,59.792580180118605,0,2026-09-10 04:10:01
2026-09-09 05:28:00,CNC-02,M,296.3286156172552,310.0902751982006,2139.6967308416993,30.70428947650207,103.2924955100946,2.8061951020930147,12.43552569600061,66.60715014710559,0,2026-09-10 04:10:01
2026-09-09 16:37:00,CNC-02,M,298.83810263404627,,1821.1599759194478,43.127650026354296,185.2578383719466,2.956913225043756,14.903296481425656,55.73160161127879,0,2026-09-10 04:10:01
2026-09-09 15:23:00,CNC-02,M,24.785193202808045,39.336755048971156,1619.6024667294066,45.230333488823874,77.34413226355399,2.26683180612176,13.665715987516293,49.22353783488687,0,2026-09-10 04:10:01
2026-09-09 14:49:00,CNC-02,M,297.6572115733748,311.7897271622387,1379.3598866189216,50.06169969352544,26.098877145248764,2.09390968259201,13.128972793408453,53.78014025741664,0,2026-09-10 04:10:01
2026-09-09 16:03:00,CNC-02,M,298.4514577086155,313.480566653736,1806.669564382752,43.04620547454056,136.61811151078595,2.5111021359450585,14.423718856571945,58.42488744456086,0,2026-09-10 04:10:01
2026-09-09 09:51:00,CNC-02,M,296.140079678411,309.5128408752781,1348.1592791513376,46.943881654658874,13.99354742666056,2.0215403954039424,11.675933344187577,54.5230047400444,0,2026-09-10 04:10:01
2026-09-09 06:05:00,CNC-03,H,296.09703144999594,310.89676436906524,2036.569744339006,36.536584461217565,163.46526909496788,2.913976871903829,14.163570997282866,63.62479130531666,0,2026-09-10 04:10:01
2026-09-09 04:20:00,CNC-01,L,296.7439352362151,310.043579627894,2333.5015333656406,26.055103354234397,33.5635030099488,2.933708256666674,11.330010410324274,58.984351904558594,0,2026-09-10 04:10:01
2026-09-09 15:21:00,CNC-03,H,25.699045756044143,39.84863496489959,1583.1267547123666,47.32456180819294,22.813525418196164,2.107618861942602,13.908633964940707,52.119835838703764,0,2026-09-10 04:10:01
2026-09-09 17:55:00,CNC-03,H,299.6615366497607,312.8591346184982,2023.8452405714856,31.513653470132606,4.0702892019739405,2.5103042854541604,11.984435141953417,54.72432977076414,0,2026-09-10 04:10:01
2026-09-09 14:39:00,CNC-01,L,298.2451973599321,312.40512832550803,1633.7732900777366,43.55400143916089,90.08839489430166,2.466656701075709,13.240016759169205,56.36793581395225,0,2026-09-10 04:10:01
2026-09-09 09:12:00,CNC-03,H,295.5989430936573,310.56448493780533,1646.9175899226673,46.09998410031919,209.36738135265543,2.7898251683502453,14.08195385493436,53.09862114628224,0,2026-09-10 04:10:01
2026-09-10 03:26:00,CNC-01,L,297.8904965104419,311.3410818504881,2431.7174015950964,24.02280986859345,122.11714384787334,3.1913415385229316,10.750185410388259,56.97544118973611,0,2026-09-10 04:10:01
2026-09-09 08:26:00,CNC-01,L,296.06536867272854,310.17311802219564,1647.7791483427657,41.10169763949095,140.28831089168528,2.6276573846253,12.455903772044573,57.05917459335471,0,2026-09-10 04:10:01
2026-09-09 17:07:00,CNC-03,H,299.3466372840172,314.0222577397192,2028.963522236714,37.162007519787885,176.45036215025686,2.937042224405583,13.989044611102889,46.217160476894485,0,2026-09-10 04:10:01
2026-09-09 22:12:00,CNC-01,L,300.3627512493392,312.67479955048157,2630.382535305546,18.53351628537657,18.43875228949792,3.1206915107926383,9.148107707828384,54.84187674703771,0,2026-09-10 04:10:01
2026-09-09 19:33:00,CNC-01,L,300.7610834815354,314.3027624882825,2233.0947855190066,28.411764818399266,66.08671873261076,2.7321047966331635,11.875674251682733,51.75116552070964,0,2026-09-10 04:10:01
2026-09-10 03:36:00,CNC-01,L,298.0033926382693,311.88277824168347,2429.3478608911587,25.883611995830037,133.74410692701255,3.1693816444724927,12.149336748831372,55.37056185623247,0,2026-09-10 04:10:01
2026-09-09 05:30:00,CNC-03,H,296.24840725315954,310.31295325576224,2014.2372630392656,34.371293789292515,117.48569195655287,2.7724075493709783,12.755723231835027,59.2248040056722,0,2026-09-10 04:10:01
2026-09-09 05:23:20,CNC-02,M,296.24949431898057,310.7607229798798,2203.3919173944,34.607001913514225,98.19186126777895,2.819297992531226,14.19675292881705,57.16252238412919,0,2026-09-10 04:10:01
2026-09-09 17:16:00,CNC-01,L,299.8117451550186,314.68508516989385,1993.071054212253,39.69281742084072,120.0289277271351,2.7128432438864065,14.931705889781597,48.393877537361696,0,2026-09-10 04:10:01
2026-09-09 23:27:00,CNC-03,H,299.3512355141055,313.0922102515473,2698.610182305113,22.032124866491763,140.34933035422011,3.423187044234797,11.08017287708227,54.89974695106521,0,2026-09-10 04:10:01
2026-09-09 04:14:00,CNC-02,M,296.6900534613935,310.145081454343,2286.37893498591,28.02351428055139,10.440510574603408,2.8769032404803614,11.914933303179254,63.09175193757147,0,2026-09-10 04:10:01
2026-09-09 06:37:00,CNC-02,M,295.9648913182668,311.11407323687166,1857.0906004188137,41.549040895767995,195.51712533809587,3.1868869755241627,14.578966622842776,58.35712519602622,0,2026-09-10 04:10:01
2026-09-09 07:23:00,CNC-01,L,296.22350582405335,310.2729773679901,1685.6156031451594,42.21418265267769,48.205799569245045,2.2864056389694607,13.32437322522622,55.16301110169752,0,2026-09-10 04:10:01
2026-09-09 10:18:00,CNC-02,M,296.0795853600619,310.48681529299466,1471.507889767191,50.934571474539446,56.16701541130717,2.1557657731498545,14.00486957047737,59.59968585745764,0,2026-09-10 04:10:01
2026-09-10 00:15:00,CNC-03,H,299.3608727115004,,2716.019989875585,15.403409744103133,191.26208215240803,3.675220032603625,7.841234756568419,48.344233307880124,0,2026-09-10 04:10:01
2026-09-10 00:20:00,CNC-03,H,299.31456951121913,312.5539575765662,2798.2807757699593,18.755306861378628,196.5961644510891,3.890716224422089,9.856598071570398,54.02556856248826,0,2026-09-10 04:10:01
2026-09-09 16:09:37,CNC-03,H,298.95840935704643,313.35722225186163,1714.490870768222,42.17144219855578,93.72495569909731,2.3917711118049088,13.650679892454026,51.710413413528094,0,2026-09-10 04:10:01
2026-09-09 08:18:00,CNC-02,M,301.599272089752,310.14365257965306,1690.1635729593993,44.85662566130259,91.60985312730281,2.3505867531371774,14.270302018748644,49.01024064212925,0,2026-09-10 04:10:01
2026-09-09 12:32:00,CNC-01,L,297.2415755730364,312.0149251359335,1446.96226903024,55.10985696261702,103.06248031147908,2.2270197072574747,14.996440151607652,54.84269683517208,0,2026-09-10 04:10:01
2026-09-09 22:26:00,CNC-03,H,299.77044416811077,312.15711588886126,2497.269437620951,20.051177788754167,75.30906151539064,3.1073679347742615,9.426141497663469,53.8420212383457,0,2026-09-10 04:10:01
2026-09-09 14:53:00,CNC-03,H,298.28111696655833,314.0503628809928,1636.9463967004453,51.39801837928642,252.5230774089438,3.3380376250504584,15.539459201875813,53.64226027845633,0,2026-09-10 04:10:01
2026-09-10 00:33:00,CNC-03,H,299.0852454239358,312.9145050630631,2789.567165284934,21.546567713760034,210.41085810420566,3.9578506199050287,11.16214617873517,53.102745717786455,0,2026-09-10 04:10:01
2026-09-09 13:22:00,CNC-02,M,296.9606782029882,311.4420367307451,1398.3826688609545,50.82371210401209,136.5213793175984,2.2888014283272113,13.451518816376554,58.515655716213644,0,2026-09-10 04:10:01
2026-09-09 18:53:00,CNC-02,M,298.9893404661615,313.31920319722957,2246.944345877544,29.525260683546847,149.24363557430914,0.0,12.579786024553528,52.561744848586244,0,2026-09-10 04:10:01
2026-09-09 08:50:00,CNC-03,H,295.7994798445724,310.6790587187538,1442.1401223946705,53.35735852948489,175.90049305688635,2.4947612643211174,14.314492049786683,61.96447509044896,0,2026-09-10 04:10:01
2026-09-09 09:04:00,CNC-01,L,296.19395301730617,309.22825819460354,1618.3089996963101,37.295091813938754,4.541481862160177,2.3043037029615934,11.295561505397231,58.33502044309886,0,2026-09-10 04:10:01
2026-09-09 17:32:00,CNC-02,M,298.9661957267955,312.65605740409376,2147.4078333095845,30.416503631567466,42.68853115877834,2.789828095746826,12.1521896767652,50.15144792758293,0,2026-09-10 04:10:01
2026-09-09 17:46:00,CNC-01,L,300.28994620231447,315.1637722458035,1976.5060066263961,39.1515895356896,161.0068268678429,3.019321555773823,14.307087970788512,51.31840401751086,0,2026-09-10 04:10:01
2026-09-09 14:08:00,CNC-01,L,297.9197433104895,311.72360080568006,1414.7259149644037,50.84735107293904,42.26625880621224,2.1196745849729606,13.426805302662379,55.080179680424926,0,2026-09-10 04:10:01
2026-09-09 13:27:00,CNC-01,L,297.7525207397315,312.6529293908373,1493.2639640302377,49.474822231917386,190.32881732241876,2.901593164604351,14.047745040506408,54.03490031574243,0,2026-09-10 04:10:01
2026-09-09 08:17:00,CNC-03,H,295.55857264373765,310.2007928581766,1580.510381278567,46.34765262145032,126.1922915165745,2.3545411972805517,13.820963123788962,58.3456043530399,0,2026-09-10 04:10:01
2026-09-09 08:54:00,CNC-03,H,295.8020903454664,311.07953002385807,1490.886991858603,54.064012350613154,181.99850500634716,2.4751391563505374,14.9934882821466,56.93270622725193,0,2026-09-10 04:10:01
2026-09-09 19:41:00,CNC-02,M,298.9141130205856,313.2465125895534,2350.062618457701,27.376035173358893,208.54480535748402,3.679175442704177,12.085939227794377,55.644536564575766,0,2026-09-10 04:10:01
2026-09-09 21:05:00,CNC-01,L,300.6463590395625,313.7323674878058,2491.063403703786,20.94809220740971,174.24093285815817,3.647331425673242,9.531563695720996,45.6370039839973,0,2026-09-10 04:10:01
2026-09-09 11:56:00,CNC-03,H,296.75913731921435,311.87382882598484,1371.1931301584639,55.312855155199955,244.04372021285945,3.135389077385068,14.069175845936492,56.99925052705758,1,2026-09-10 04:10:01
2026-09-09 17:35:00,CNC-02,M,298.74009066563127,313.0928005707455,1778.9622061396888,41.49814697033949,46.820352129533966,2.4018767053383048,13.999751384808864,53.246965926301684,0,2026-09-10 04:10:01
2026-09-09 22:09:22,CNC-02,M,298.56923117083585,311.08115611067427,2634.3260067815413,15.911848393959147,162.38754348958972,3.5423519641451704,7.804114049372197,56.20426774506644,0,2026-09-10 04:10:01
2026-09-09 06:21:41,CNC-01,L,296.34193175460365,311.096902123946,2029.9198535550963,36.611316693745664,191.58763232727208,3.459764967863035,14.006262759324967,57.087683604305674,0,2026-09-10 04:10:01
2026-09-10 00:31:00,CNC-01,L,299.1611561946661,311.9109105524957,2568.8287779633847,19.07155996335446,167.5277993029125,3.6280715186405432,9.140212884733044,55.59193677574198,0,2026-09-10 04:10:01
2026-09-09 13:45:00,CNC-02,M,297.00039985927924,312.03168684785874,1513.9907467210721,51.94511226490656,172.55009816375483,2.612548326040022,14.509839240565716,54.09993970205925,0,2026-09-10 04:10:01
2026-09-09 21:06:00,CNC-01,L,300.4205325116685,313.41117852520205,2594.0046669672815,18.68006356984709,175.36665305354188,3.6909717785822758,,54.090501764331684,0,2026-09-10 04:10:01
2026-09-09 19:04:00,CNC-03,H,299.8000619913942,313.45365771529515,2188.3561544576332,29.288002987402376,93.12959848626342,2.7925067477928858,11.883149713666562,53.22096836975092,0,2026-09-10 04:10:01
2026-09-09 12:55:00,CNC-03,H,302.6915970603479,310.5501341351263,1393.888531549675,50.51776315588911,68.12741222574547,2.162390822536068,13.137140956636253,45.61687935343977,0,2026-09-10 04:10:01
2026-09-09 15:33:00,CNC-01,L,25.732331840645543,40.472365770699696,1777.7850441346793,41.21776746576506,171.88653568339112,28.604997181894436,13.652008390199038,52.21163526234979,0,2026-09-10 04:10:01
2026-09-09 20:29:00,CNC-03,H,299.65322444617806,313.22005874484415,2531.613450972626,23.263360279082804,195.92356140544152,3.686814086617622,11.054872891931918,56.06985339789314,0,2026-09-10 04:10:01
2026-09-10 03:47:00,CNC-02,M,295.6354455395729,308.97161743820095,2330.7163396991705,24.384272307123663,60.39200165482699,2.872922158232541,10.813388068678277,60.558965208104425,0,2026-09-10 04:10:01
2026-09-10 00:40:00,CNC-01,L,298.95487403189077,312.39149301097984,2663.7583619709117,21.279775757375305,177.18919474321387,3.798097016894186,10.673202121815937,55.116400730201676,0,2026-09-10 04:10:01
2026-09-10 00:19:00,CNC-03,H,299.44749872229005,313.6691601102773,2572.489430403772,26.082515883539592,195.5661644510891,34.351397388276084,12.317417146588072,54.86980592091701,0,2026-09-10 04:10:01
2026-09-10 03:34:00,CNC-01,L,297.9522685148719,311.52533494528797,2326.6024196826256,26.282203243650613,131.38407971029002,3.078809204578314,11.564341792754586,54.3619955774658,0,2026-09-10 04:10:01
2026-09-09 05:15:00,CNC-03,H,296.5142864852906,310.12506833916217,2255.2302897974387,27.98976076915477,98.16421473973557,2.8854619135671684,11.688940270041027,57.60684443184675,0,2026-09-10 04:10:01
2026-09-09 07:27:00,CNC-03,H,295.30914885445407,309.3816007053145,1837.4918406738457,38.84011006945408,53.1834774024673,2.421593619445012,13.481399584656739,60.141846715076724,0,2026-09-10 04:10:01
2026-09-10 03:07:00,CNC-02,M,22.607196864142907,35.334766297209,2388.0137156331257,21.998658000141198,13.686261126243789,2.957193553634061,9.66616347548656,54.53487791040073,0,2026-09-10 04:10:01
2026-09-09 23:34:00,CNC-03,H,299.05168449172356,311.3518629752836,2805.6894366237507,15.366507075926915,147.7544546638323,3.5068027245412647,8.168639521814475,51.224748892476455,0,2026-09-10 04:10:01
2026-09-09 21:14:00,CNC-02,M,,312.24439607122633,2403.725858663683,23.756574678181853,102.48132885467356,3.124980513775125,10.688707724143926,54.28685160441813,0,2026-09-10 04:10:01
2026-09-09 04:16:00,CNC-03,H,296.5500783727766,308.61904806087125,2423.4161846819343,20.32656175643018,24.882041838854704,3.055103117121455,9.380337290242423,56.79349215191235,0,2026-09-10 04:10:01
2026-09-10 00:41:00,CNC-01,L,298.98084500874927,311.7384949967363,2680.006873174657,,178.24674595175574,3.7503420864662234,9.03145384041766,49.25934165092228,0,2026-09-10 04:10:01
2026-09-10 03:43:00,CNC-01,L,298.02584142329755,311.6594295422193,2333.7282581615727,26.38273886546036,142.02477932287314,3.158093707238253,11.858396169683067,57.15026188752188,0,2026-09-10 04:10:01
2026-09-09 06:31:00,CNC-03,H,295.7309473246765,310.6378023657277,1963.1802744345887,38.360392129221204,198.66531558936504,3.0024770998619896,14.421474548134748,55.177859791326014,0,2026-09-10 04:10:01
2026-09-09 22:44:00,CNC-01,L,299.60001201864907,311.6670832154701,2574.2193794602704,17.979017209407715,53.24153203628916,3.216634765775706,8.82178789254481,52.146264565866744,0,2026-09-10 04:10:01
2026-09-09 07:49:00,CNC-03,H,295.54006488610787,309.1570701431947,1776.3598614000607,35.872054267988055,85.1326290443744,2.460843356736592,11.97793842208284,53.31647171867824,0,2026-09-10 04:10:01
2026-09-09 13:12:00,CNC-01,L,297.5087481181921,312.09943157059246,1375.9675817917837,51.73713858641189,166.57101207844235,2.5250903233991098,13.246508378708471,52.057210723289884,0,2026-09-10 04:10:01
2026-09-09 22:52:00,CNC-03,H,299.87172117753164,312.05705936163474,2753.133365299106,16.454427058835776,103.12689433091603,3.166122457659329,8.545900777597751,51.913746902724654,0,2026-09-10 04:10:01
2026-09-10 00:38:00,CNC-03,H,299.244221030418,311.9945533457814,2900.0,15.7609568801342,215.64006434440557,4.0551778534651595,8.533330925209247,55.14230997818721,0,2026-09-10 04:10:01
2026-09-09 04:42:00,CNC-01,L,296.60290087812365,310.1815142316617,2131.7944943060647,31.159622639331698,60.643272941149874,2.708764144207203,12.419002249285422,57.60410614633875,0,2026-09-10 04:10:01
2026-09-10 01:16:00,CNC-02,M,297.37096517114867,310.8672236948874,2731.4296489446656,19.872599406863667,139.42379631576142,3.384391097291411,9.970239484937386,57.924757046324025,0,2026-09-10 04:10:01
2026-09-10 00:28:00,CNC-03,H,299.2522113327337,311.29838568639826,2793.2546385739506,12.019965154854603,205.15500438841607,3.8531550933057335,6.293464715514263,52.282454154744336,0,2026-09-10 04:10:01
2026-09-09 23:29:00,CNC-03,H,299.54770724533887,311.7912209620205,2673.999673145316,15.742971589963634,142.49824616723558,3.334829276975039,7.908811945051517,55.564050925285656,0,2026-09-10 04:10:01
2026-09-09 07:04:00,CNC-02,M,301.3636414330368,310.2200353637304,,40.986125137121235,233.33803978022317,3.332630358236041,13.373587147496405,47.42733072153811,0,2026-09-10 04:10:01
2026-09-09 16:49:00,CNC-03,H,299.16772734955936,313.6262610336805,1744.2781644023423,42.37935512054757,151.29499508739588,2.577341024101577,13.85005984130179,55.570121822186564,0,2026-09-10 04:10:01
2026-09-09 14:00:00,CNC-03,H,303.4214455957845,311.52369970759867,1402.1363735484672,47.294289849442556,170.57612293126957,2.414166103566651,12.281763006080293,43.45462802695864,0,2026-09-10 04:10:01
2026-09-10 03:35:00,CNC-01,L,298.1230556302706,311.7141419133478,2344.134949271693,26.613360801845303,132.58090790193108,3.1394374831027,11.684396913681807,53.69369384809065,0,2026-09-10 04:10:01
2026-09-09 05:25:00,CNC-01,L,296.73357002649516,311.16947671421036,2064.0185480357395,35.02791720141314,115.20426573073777,2.693406615476496,13.355814606088568,58.881118215674334,0,2026-09-10 04:10:01
2026-09-10 01:29:29,CNC-02,M,297.49753399187347,311.2798492410266,2629.2308993467323,21.81308768678408,152.5350976353187,3.4677469068431455,10.701708018086094,55.585204961349994,0,2026-09-10 04:10:01
2026-09-10 03:23:00,CNC-01,L,298.148151586636,311.5593199477249,2301.1749782597717,24.907690509000034,118.59237405679704,3.087999000288295,10.723096403258522,55.72641213890779,0,2026-09-10 04:10:01
2026-09-09 11:53:00,CNC-01,L,296.51690459157055,310.7450414611457,1486.843809159846,49.401604159337204,41.23807014939469,2.075287855542674,13.803563983437751,59.93371238660187,0,2026-09-10 04:10:01
2026-09-10 02:09:00,CNC-02,M,23.64882677608142,36.82602651361708,2602.1199814214065,18.527176803672187,197.18669024132754,3.760533524123968,9.034150573758957,59.584310002486966,0,2026-09-10 04:10:01
2026-09-10 03:14:00,CNC-01,L,25.01562218361579,38.593100849918414,2448.237395992235,,107.98624521966067,3.1212092456777327,11.649976599470413,58.9917760507514,0,2026-09-10 04:10:01
2026-09-10 00:04:00,CNC-02,M,297.8025083875797,309.9135974131077,2627.456580638677,15.770340016828701,62.688970810536006,3.1595516328396513,7.557742956593323,56.29679595599951,0,2026-09-10 04:10:01
2026-09-09 05:15:00,CNC-01,L,296.5458035665724,309.8146234028472,2249.6191124475463,26.484438780875657,102.42447145131311,2.942038000162088,10.974322655720362,60.054379913701595,0,2026-09-10 04:10:01
2026-09-09 15:53:00,CNC-02,M,25.278324756454424,40.48324229279007,1800.272063169433,45.85629837807069,121.99878920373351,2.5948390632859084,15.26699213443623,52.457949108735214,0,2026-09-10 04:10:01
2026-09-09 19:22:00,CNC-03,H,299.6315530027174,313.50267700422205,2111.1294508151514,31.338069051877824,115.60995702982466,2.870409093827695,12.294364746618333,55.04927068182113,0,2026-09-10 04:10:01
2026-09-10 02:54:00,CNC-02,M,23.114890104593314,36.85486599542543,2530.572872385326,21.123190305642172,247.80946884684417,4.288773731000107,9.725401515274966,57.75279531501409,0,2026-09-10 04:10:01
2026-09-10 03:47:00,CNC-01,L,298.0919668508854,311.7487342777204,2420.01114939051,24.636608150284516,146.75192319517507,3.2894669322595154,11.249093832518241,56.696609299711476,0,2026-09-10 04:10:01
2026-09-09 04:23:00,CNC-03,H,296.7554777628809,309.69656948192863,2186.7115140537053,27.582664638286623,33.364687029744836,2.7740797308057292,11.530943027122518,54.74160513335937,0,2026-09-10 04:10:01
2026-09-10 00:27:00,CNC-01,L,299.0341166822018,311.56429849001773,2598.392804431433,16.78139690557679,163.17454253226333,3.6667318042388253,8.044415207577172,52.95888731055191,0,2026-09-10 04:10:01
2026-09-09 16:14:00,CNC-03,H,298.89223451889336,313.51334437691327,1778.97816556378,42.94880259888641,101.03287299160728,2.389907287316114,14.156444403171156,54.23707316297542,0,2026-09-10 04:10:01
2026-09-09 04:24:00,CNC-03,H,297.0855886233758,310.23675343143685,2287.0833965802617,25.737460072463843,34.606077267512546,2.907180467015705,10.87836640428774,55.603746669138545,0,2026-09-10 04:10:01
2026-09-09 07:01:00,CNC-03,H,295.6140479672031,309.43688801976805,1919.9658536436486,36.23227326175939,16.54143628117919,2.438140677444231,12.944928320345143,61.334855224027976,0,2026-09-10 04:10:01
2026-09-10 03:25:00,CNC-03,H,297.5276416312942,310.45946874177525,2474.763669331837,20.279243846570843,130.51021772326462,3.0939379802851263,9.545839557738208,59.49382379460671,0,2026-09-10 04:10:01
2026-09-09 09:32:00,CNC-01,L,296.20473508382764,310.3293013962116,1621.997772711013,44.46047086194564,47.33340114317767,2.362742775512227,13.221521678690236,59.1817945976483,0,2026-09-10 04:10:01
2026-09-09 07:51:00,CNC-03,H,295.58717110833845,309.48395934159595,1622.9660261366034,41.168933782879684,88.05702218997081,2.305846957173264,12.336338473586387,56.73552572422244,0,2026-09-10 04:10:01
2026-09-09 10:33:00,CNC-03,H,295.9504973379336,310.33710821267056,1458.9493181883147,49.9542548196734,112.39525555156501,2.244460178042824,13.66499243405603,56.58692187770656,0,2026-09-10 04:10:01
2026-09-10 03:58:00,CNC-01,L,298.0909801626844,312.7732665307891,2337.531220178223,30.31721877181949,159.91024083756244,3.3135037814513817,13.395635573335483,55.04494015218078,0,2026-09-10 04:10:01
2026-09-10 03:34:00,CNC-02,M,296.0996881512696,309.28009270512035,2418.930081550931,21.445120479965674,45.22397765021051,3.115160965366654,9.707854421513547,56.38432659118115,0,2026-09-10 04:10:01
2026-09-09 13:37:00,CNC-03,H,303.3344774487752,311.11291152013223,1288.2981637055295,50.54060547281494,134.59676215364186,2.1936063440671756,12.195079896625195,48.243408787580876,1,2026-09-10 04:10:01
2026-09-09 05:20:00,CNC-01,L,296.57895873047806,310.61337742171986,2132.6599025447367,31.093125601697018,108.7941605071182,2.8545465260118412,12.55262798993795,56.89994049255242,0,2026-09-10 04:10:01
2026-09-10 02:57:00,CNC-03,H,24.584274142444315,37.03635739660814,2412.5088989644482,20.053305921281762,98.50874038741335,3.150993531220401,8.954970035791707,57.33224762872394,0,2026-09-10 04:10:01
2026-09-09 15:42:00,CNC-01,L,25.803896723710807,40.942824766091576,1542.6541484062896,50.456259087081364,185.2900149239205,2.842436251178672,14.267892941639934,51.09468819436781,0,2026-09-10 04:10:01
2026-09-10 02:51:00,CNC-02,M,22.816072114086353,36.73525534526959,2551.074298247954,22.090900343931757,244.45822416296872,4.23159833351003,10.429771301676059,56.318609600883946,0,2026-09-10 04:10:01
2026-09-10 01:23:00,CNC-03,H,298.6737551226424,311.8071718927804,2755.6511979068105,17.73338138051133,264.2396395549894,4.532429958592056,9.33958104238985,58.77755471510999,0,2026-09-10 04:10:01
2026-09-09 23:12:00,CNC-01,L,299.86874789583226,312.45280695387777,2557.478894002562,20.607083649799506,83.25508868452283,3.0938666005899798,10.050071294184688,51.691195125602015,0,2026-09-10 04:10:01
2026-09-09 05:43:00,CNC-01,L,296.56716839552934,310.96402693718846,2080.0941857707185,33.730453831717476,138.41398834776783,2.933094760155754,13.297228984038886,58.58884268814558,0,2026-09-10 04:10:01
2026-09-09 15:32:09,CNC-02,M,24.881524677676964,39.32871143452388,1583.4626263513908,46.88938595922252,92.31352415803396,2.2894510526530274,13.733248611971026,53.05676825898198,0,2026-09-10 04:10:01
2026-09-09 16:30:00,CNC-01,L,304.9270925168571,313.32227367554873,1904.0752769608357,40.58717422111435,55.17274842057645,2.5168407837990983,14.466699839022885,38.99921411138434,0,2026-09-10 04:10:01
2026-09-09 08:11:00,CNC-03,H,295.50206417868617,310.29159024557566,1810.6911584907912,42.070822236257854,117.20036196584518,2.5443007557915323,14.12967469364676,59.05197334471363,0,2026-09-10 04:10:01
2026-09-09 11:35:00,CNC-01,L,296.5191350044749,310.0014290433194,1389.4613630504969,48.60843070652947,12.614752533855214,2.11212618565436,12.33266457596553,56.166566324173864,0,2026-09-10 04:10:01
2026-09-09 13:40:00,CNC-03,H,303.2942930722367,311.63994768982013,1522.2710835615976,47.245126502661975,139.29132269567182,2.2994932692858163,13.332458180967576,44.58065300859664,0,2026-09-10 04:10:01
2026-09-09 14:46:00,CNC-02,M,297.5918365481579,311.24172851678236,1640.8828558437203,38.59674668046018,21.42890903223714,2.381963094748643,11.840947239250514,56.089258308411075,0,2026-09-10 04:10:01
2026-09-09 08:47:00,CNC-01,L,296.13792681334166,311.63945217579766,1544.086788560245,52.798032334556,171.66362434640968,2.755673352222188,15.083425589170742,54.768937973496115,0,2026-09-10 04:10:01
2026-09-09 20:57:00,CNC-03,H,299.40759643553105,313.42519561565643,2521.7661681929385,24.168691076973815,228.03484494954415,3.853988732313561,11.34129577037387,51.3559483997191,0,2026-09-10 04:10:01
2026-09-09 16:51:00,CNC-01,L,304.9904242988269,313.0478484624245,1837.812890398184,39.08687505143649,85.19048066222982,2.5705466298419934,13.514899624651738,41.53294543388941,0,2026-09-10 04:10:01
2026-09-09 12:10:14,CNC-01,L,296.9679883377133,311.2229038062623,1392.024356121036,51.789683724881485,69.71713377587072,1.974776037944867,13.56300099882066,61.06003963181175,0,2026-09-10 04:10:01
2026-09-09 19:15:55,CNC-03,H,299.6274207813909,313.7246216190338,2248.129203957152,30.050357661198326,106.85786526898829,2.927960092343187,12.56464175076498,52.7030646328093,0,2026-09-10 04:10:01
2026-09-09 07:47:00,CNC-01,L,296.17671604776336,310.21655691552337,1719.811173789546,40.75969514843507,82.8563083166685,2.464249209056778,13.187392331762057,59.77940695072746,0,2026-09-10 04:10:01
2026-09-09 04:57:00,CNC-03,H,296.5446334624842,310.60951856189024,2113.8537619478293,33.76691985101323,75.53267511795535,2.7049692093977065,13.388157539248848,56.19757975538655,0,2026-09-10 04:10:01
2026-09-09 14:14:00,CNC-03,H,303.84999394199497,312.78011045810445,1518.5147532263813,49.39282613600814,192.2458688248932,2.6399084000745607,14.023182761734464,46.476323290293415,0,2026-09-10 04:10:01
2026-09-09 18:03:00,CNC-03,H,299.70236746783155,313.6044709210738,2082.3174326241724,34.07299043207873,14.661191215248964,0.0,13.011946205185554,52.592366389169314,0,2026-09-10 04:10:01
2026-09-09 05:45:00,CNC-03,H,296.0865278174996,310.0488835589465,2054.8886092233224,31.869018015304746,136.9882171898223,2.8418638650869776,12.378558781327788,59.74438933180579,0,2026-09-10 04:10:01
2026-09-09 12:27:00,CNC-01,L,297.29921493771565,311.0478911835154,1301.7372300090508,48.837839340212696,95.07929710481095,2.042289705044164,11.754086408957932,60.08983708189646,0,2026-09-10 04:10:01
2026-09-10 01:40:00,CNC-03,H,298.56664697580914,310.7301924694187,2470.7198868111823,19.81454054432422,12.991725249397671,3.1770529427330962,9.280628843965708,56.04618378261738,0,2026-09-10 04:10:01
2026-09-09 07:55:00,CNC-03,H,295.58954392585593,310.08028882154974,1741.2231728137078,43.5570027743136,93.79812595819077,2.314829646518389,14.204646970794178,55.69452287218714,0,2026-09-10 04:10:01
2026-09-09 22:38:14,CNC-01,L,299.7879922223071,311.6682647586356,2624.927096373029,15.588477438498517,47.75444581364571,3.210295945381038,7.609227025355817,48.95930275963247,0,2026-09-10 04:10:01
2026-09-09 06:59:00,CNC-02,M,301.42947183268075,310.43652260656194,1756.7944566863544,41.75051120945854,226.2332323228039,3.227812111916585,13.628519664527253,48.62126000271496,0,2026-09-10 04:10:01
2026-09-09 23:40:00,CNC-01,L,299.28159299736035,312.08527808666315,2684.467868237903,19.44901738512216,113.08237321106745,32.61569393671608,9.924644295912081,50.86343135222999,0,2026-09-10 04:10:01
2026-09-10 00:52:00,CNC-01,L,298.7625265040959,311.41550587513575,2667.2718000054524,16.89622307233209,190.00396624173297,3.8115204892276684,8.592297492749745,51.747313433050465,0,2026-09-10 04:10:01
2026-09-09 22:48:00,CNC-02,M,298.8965074368344,312.09952834763124,2679.11629641789,17.814967829037634,205.81228180529607,3.824357784260374,9.127716003532916,56.163554080039,0,2026-09-10 04:10:01
2026-09-09 06:26:00,CNC-01,L,296.33232680945144,311.5772736109557,2031.3582358891135,38.054744002816776,195.69749350348363,3.402735896327753,14.347136309449656,60.46727501782249,0,2026-09-10 04:10:01
2026-09-10 04:08:00,CNC-02,M,295.6433681175364,308.7641397820762,2305.2516153165693,22.816799650781704,85.42484026834937,2.931006475819489,9.463107042413684,57.610928712440526,0,2026-09-10 04:10:01
2026-09-09 15:31:00,CNC-02,M,25.113552666088708,39.566856721279635,1546.8078926311243,47.759170203046324,89.28400320409791,2.3163960855361374,13.660780382752417,51.243610900741764,0,2026-09-10 04:10:01
2026-09-09 08:05:00,CNC-02,M,301.4457519041316,309.62317900110463,1704.5202081226294,41.65651833855209,72.49346436000666,2.5016094480196664,13.229625212094934,48.28428696560551,0,2026-09-10 04:10:01
2026-09-10 04:06:00,CNC-03,H,297.10816165601545,311.2098500180058,2373.0465435338056,27.289865965791435,179.06633445711853,3.3224850241431194,12.19128108203201,55.65221576908887,0,2026-09-10 04:10:01
2026-09-09 16:59:00,CNC-02,M,298.8922530602678,313.8349203272885,1685.5011516321968,44.24451354894818,216.6580238248357,3.152520774044726,13.935135822801984,52.77642276236254,0,2026-09-10 04:10:01
2026-09-09 16:04:00,CNC-01,L,299.0934052395461,313.2474219051358,1817.8603561977477,41.24317325447189,17.556748587653836,,14.14206150075843,52.721394579438076,0,2026-09-10 04:10:01
2026-09-09 11:39:00,CNC-01,L,296.5711793716559,310.1610388394481,1335.5379493534292,52.17138656659449,18.93887339676652,2.0775210841435974,12.906115605261261,55.602337661542016,0,2026-09-10 04:10:01
2026-09-09 14:58:00,CNC-02,M,24.92272557393511,38.83233003065686,1518.0058755890525,44.597073812969484,39.72050899826552,2.0766592025005557,12.578068999787325,55.36231277220534,0,2026-09-10 04:10:01
2026-09-09 06:30:00,CNC-01,L,296.4353490178148,311.1828208942312,1860.330434486267,39.72666121394387,201.18845066012432,3.2597244592089876,13.70000584360193,54.906185222538824,0,2026-09-10 04:10:01
2026-09-09 17:45:00,CNC-03,H,299.54955853386184,314.7326700757952,1942.9328343316245,38.568522060574416,228.3157300322606,3.358802771729528,14.051448702809042,59.80593796843414,0,2026-09-10 04:10:01
2026-09-10 02:04:00,CNC-02,M,296.7311219450907,310.64169719365555,2574.3664206367257,22.08316142360136,191.8237348454533,3.6259241815935646,10.74710178009478,60.14480159941856,0,2026-09-10 04:10:01
2026-09-09 20:54:00,CNC-01,L,300.15632257072434,314.0436371320154,,27.475956331664342,161.7301519594005,3.254318273523314,11.852493698699766,51.08956301579249,0,2026-09-10 04:10:01
2026-09-09 13:09:00,CNC-02,M,297.09656484746665,311.0812236281576,1394.5199719525385,46.350897687442156,115.92074342904998,2.1631404067029414,11.906716700605315,59.13542329479138,0,2026-09-10 04:10:01
2026-09-09 14:50:00,CNC-02,M,297.8591848883718,311.7716437588834,1524.2662383979582,45.22601239752886,27.59860235203139,2.1782924007204167,12.913939272496604,60.33517891028834,0,2026-09-10 04:10:01
2026-09-10 00:18:00,CNC-01,L,299.21698163375225,312.3812744641923,2701.920497811275,20.064600960745878,153.4700001069542,3.48595427396561,10.24298505954524,56.300743806435946,0,2026-09-10 04:10:01
2026-09-10 02:38:57,CNC-03,H,24.644960353275167,37.71777032213191,2555.23725385165,22.641111418234576,78.13378331459691,3.121954905557154,10.918472011680844,57.64630012831847,0,2026-09-10 04:10:01
2026-09-10 02:20:00,CNC-01,L,25.081263471109025,37.15985321459806,2702.1772038484733,17.897866840725875,46.90682111653002,3.16583539684021,8.770508485110232,51.833037024525154,0,2026-09-10 04:10:01
2026-09-09 10:12:00,CNC-01,L,296.1418432679517,310.44089468575413,1501.073538903997,48.373505014886426,109.6113437775257,2.3016086431754714,13.61616746671049,59.09339143016613,0,2026-09-10 04:10:01
2026-09-10 01:05:00,CNC-03,H,298.9444589469592,313.0642508805307,2677.0910852958377,23.367033751874537,244.82725897990184,4.074684276312482,11.605677048640963,46.90257269689541,0,2026-09-10 04:10:01
2026-09-09 20:51:00,CNC-03,H,299.4834773695317,312.54033579282867,2465.209472173666,21.671865727629005,221.16452737705131,3.634044862379825,9.984273191122922,55.3382196285405,0,2026-09-10 04:10:01
2026-09-09 14:20:00,CNC-02,M,297.4166458863094,312.2208421497469,1292.9416560240056,53.485718224410704,227.28433622801728,28.505204733321648,12.84081249613566,56.757512151890516,1,2026-09-10 04:10:01
2026-09-09 09:20:00,CNC-01,L,,309.5901188348569,1577.8085659693095,41.35128226248926,28.936800382925785,21.87705500842518,12.155397409831213,54.555469468101194,0,2026-09-10 04:10:01
2026-09-09 13:25:00,CNC-02,M,297.1181697468239,311.62716065174004,1454.4028399975268,48.78409979284256,141.28168452271711,2.268679184275621,13.228104208218245,55.57359994953326,0,2026-09-10 04:10:01
2026-09-09 11:25:00,CNC-01,L,296.5213128497389,311.7462933319131,1421.994566696655,54.02224874948665,225.04364618262733,3.091478496506499,14.473831597359341,58.774573036250544,1,2026-09-10 04:10:01
2026-09-09 08:47:00,CNC-02,M,296.3014265784003,311.32164206184075,1662.3999977216274,45.97220534535844,135.0089892610581,2.528274723863524,14.46942442928279,58.82969677394801,0,2026-09-10 04:10:01
2026-09-09 05:33:00,CNC-02,M,296.26812106874956,310.41701520125906,2018.7935221187881,34.74915914291421,109.86956392559061,2.6499037704334265,13.214185401280435,60.14254963534547,0,2026-09-10 04:10:01
2026-09-09 04:16:00,CNC-02,M,296.8763934975733,309.8986903886726,2194.541736246995,27.20231539627295,12.880462930788513,2.770290601266663,11.154693540411586,56.1134573176623,0,2026-09-10 04:10:01
2026-09-09 15:40:00,CNC-03,H,25.66527773913009,39.39040604954437,1713.2493516215634,41.07006531143673,51.106065698342476,2.37571005894709,13.10951418928699,47.92736575904691,0,2026-09-10 04:10:01
2026-09-09 06:51:00,CNC-02,M,301.35279480727206,310.349468336798,1906.1566769713124,38.5251244298145,215.0602442646631,3.3081696853552116,13.607974705471502,46.36883091867722,0,2026-09-10 04:10:01
2026-09-09 19:24:00,CNC-02,M,299.1823598751448,313.75847564631863,2249.112812579678,29.477201701620295,187.87163991006094,32.670594692442805,12.577147167411765,52.5264260658458,0,2026-09-10 04:10:01
2026-09-09 05:03:00,CNC-01,L,296.4621332967525,310.04225082422766,2191.648608408219,29.961833725015047,87.13405865864372,2.8807414979398547,11.822948613632512,56.00259411757997,0,2026-09-10 04:10:01
2026-09-09 11:33:10,CNC-03,H,296.59536629899026,311.1655423177526,1367.4450749641355,51.50189084282437,205.85590412470907,2.618189855950582,13.248212198038626,60.38420980735154,0,2026-09-10 04:10:01
2026-09-09 10:31:00,CNC-01,L,296.391383884794,310.9296669147554,1325.934154656657,54.6002541304923,139.58603233052216,2.258336162138978,13.427715158201137,59.77549755696997,0,2026-09-10 04:10:01
2026-09-09 16:48:00,CNC-03,H,299.26124280318743,313.6602644942808,1834.7641716737676,37.94226460142235,149.85403312314668,2.6225027225073885,13.234587949235634,48.90673549237511,0,2026-09-10 04:10:01
2026-09-09 07:07:00,CNC-02,M,301.3604668762705,310.5493541416441,1849.729057291183,41.28858040604919,237.54435405629437,3.532065830416262,14.281681080388266,51.31972856520623,0,2026-09-10 04:10:01
2026-09-10 03:04:00,CNC-03,H,24.460737685966876,37.631906195861006,2577.909444929887,22.569584055358927,106.47700933899253,3.1165824105510196,11.111480128945175,55.5903803611731,0,2026-09-10 04:10:01
2026-09-09 04:45:00,CNC-03,H,296.90933667317825,310.70620231127185,2241.5994825975336,29.789083589686918,60.46505478261947,2.799383338489267,12.55787517427128,58.84716047865982,0,2026-09-10 04:10:01
2026-09-10 03:42:00,CNC-01,L,297.8451307557593,312.1942071035786,2165.573215105624,32.20237233333134,140.83288493076918,2.987457877513652,13.224493685503727,54.63410016223058,0,2026-09-10 04:10:01
2026-09-09 15:35:00,CNC-02,M,25.110334753622567,39.39335862009091,1778.2911958211284,40.46528855402669,95.26489537249768,2.4685772648969757,13.24967150777145,55.15523544161032,0,2026-09-10 04:10:01
2026-09-09 23:27:00,CNC-02,M,298.2362648574832,309.8491140298002,2797.7269767467856,13.358965798637737,23.345568058067247,3.2690745799686174,6.959092063255939,51.9330189336564,0,2026-09-10 04:10:01
2026-09-09 06:05:00,CNC-01,L,296.3679413712477,310.8626086313596,1944.2549510180068,34.85220968286276,167.34723529876723,3.020009000658019,12.717917603660313,59.3720700526883,0,2026-09-10 04:10:01
2026-09-09 11:34:00,CNC-02,M,296.4612747720482,310.7455575166064,1311.7944842134627,51.36300942446958,176.33817954351844,2.4475359357137596,12.903434357458142,59.47153764655374,0,2026-09-10 04:10:01
2026-09-09 23:00:00,CNC-01,L,299.92057028985016,311.8525222070222,2611.6168558215527,16.285570710179357,70.39043044774743,3.2435036171577445,7.615438819065052,46.16733528114903,0,2026-09-10 04:10:01
2026-09-09 06:36:00,CNC-01,L,296.6704958092703,312.24733233503053,1893.1988705697481,44.468619808338445,209.2259415743222,3.37263864191536,15.542161276904698,58.955336404639084,0,2026-09-10 04:10:01
2026-09-10 01:29:00,CNC-02,M,297.12567277604956,310.8414978379464,2502.5298420905433,23.11663974006796,153.68918174988394,3.3854796279679626,10.742334051219332,56.0550909549696,0,2026-09-10 04:10:01
2026-09-09 14:00:00,CNC-02,M,297.59388423712954,,1428.3654519926527,53.259467882286884,196.18130902804467,2.7713794986877702,14.308235972638386,54.97103914849378,0,2026-09-10 04:10:01
2026-09-09 14:02:00,CNC-02,M,297.17021022622436,312.2496233324294,1390.8729830323023,55.26449566884366,199.35209167523064,2.749219250912149,14.589101151859312,60.09101613562442,0,2026-09-10 04:10:01
2026-09-09 17:00:00,CNC-01,L,299.82016350095074,314.03013198763244,1801.3985622720738,38.772864852081376,97.81643473450988,2.5894846817382895,12.89611340063812,50.76930403652456,0,2026-09-10 04:10:01
2026-09-09 12:57:00,CNC-02,M,297.303319744371,311.659993969068,1395.0791759726173,50.75063161199433,96.92360262687426,2.1160273302850787,12.915951720648167,59.63810540719249,0,2026-09-10 04:10:01
2026-09-10 02:25:00,CNC-01,L,25.102141845998972,36.750750527706714,2607.7550697141082,14.62539208634939,52.49737118730246,3.063387484442824,7.028477308398947,58.344786282318694,0,2026-09-10 04:10:01
2026-09-09 18:48:00,CNC-01,L,300.56818418150624,313.70458504092835,2179.222033935972,28.900310209256556,10.282639578077198,2.8256365503732623,11.515104806908193,47.31348471910515,0,2026-09-10 04:10:01
2026-09-09 16:51:00,CNC-03,H,299.336981505885,313.7772066971812,1833.4638658607284,38.843050809959244,154.11456065184274,2.7004629122786974,13.423856534625315,54.86387973513105,0,2026-09-10 04:10:01
2026-09-09 09:52:00,CNC-03,H,295.69168421520465,309.24042319679864,1553.0606273598057,42.48457672472675,48.168618878030166,2.100683799712776,12.087047533304778,59.90901287807275,0,2026-09-10 04:10:01
2026-09-10 04:00:00,CNC-01,L,297.81211136119236,311.4141701919138,2269.0937877253664,25.41727787548031,162.34068753819943,3.2245488098563797,10.65336142247686,54.02682330998025,0,2026-09-10 04:10:01
2026-09-10 02:59:00,CNC-03,H,24.5422043373037,38.085031729111506,2453.2617316708097,24.696093891362427,100.8101346966456,2.969009119875828,11.381168963202633,54.729761527473094,0,2026-09-10 04:10:01
2026-09-09 17:37:00,CNC-01,L,299.8866087594927,313.95636357581463,2107.1271775005707,31.985529679487254,148.81645412826083,29.969911729045517,12.283472540842476,50.52949063125878,0,2026-09-10 04:10:01
2026-09-09 07:21:00,CNC-03,H,295.5711578041822,309.56694576035454,1798.511431408661,39.392877667978475,44.5941586451967,2.407086283519285,13.245919032159437,59.38070955968974,0,2026-09-10 04:10:01
2026-09-09 12:15:00,CNC-02,M,296.41249810884426,310.45386113145577,1406.488458848622,52.035994539069975,30.26806228484148,2.114905331187295,13.95339582395957,57.926680519745155,0,2026-09-10 04:10:01
2026-09-09 19:35:00,CNC-03,H,300.04652194775065,314.44765632040935,2289.3652348411974,31.83896661833549,131.5572234715096,3.057793068095934,13.627264113277601,49.06622310815245,0,2026-09-10 04:10:01
2026-09-09 15:41:00,CNC-01,L,25.91599844005799,40.51817515193005,1615.7922021918616,45.72140752388487,183.76731915049214,2.8466204422518264,13.917932304303504,47.89072632650448,0,2026-09-10 04:10:01
2026-09-09 13:31:00,CNC-01,L,297.5613829376254,312.4564196325781,1368.7431686617622,54.13094223851589,196.6386711036703,2.7986671775635212,13.730366906098546,55.671302537206834,0,2026-09-10 04:10:01
2026-09-10 03:56:00,CNC-03,H,296.9181211934869,310.77532577458356,2337.568739499943,28.16440700919058,167.09145057315015,3.197218881343907,12.357749888117025,58.636780328327475,0,2026-09-10 04:10:01
2026-09-09 04:59:00,CNC-02,M,296.52251859714266,310.137161759301,2120.2854827844667,30.925303442099246,66.30970813617735,2.746076750944784,12.238724212760243,57.87522168514171,0,2026-09-10 04:10:01
2026-09-09 11:27:00,CNC-01,L,296.1172471133265,310.0500386935916,1419.048873238608,49.46399722736284,0.0,2.1032890538529814,12.787466682761396,60.95246901018379,0,2026-09-10 04:10:01
2026-09-09 19:57:00,CNC-02,M,299.11788085465037,312.5990980799221,2430.2104344851728,25.06066755064457,13.17983075949249,2.9929413956625845,11.655644944368365,51.370634312718614,0,2026-09-10 04:10:01
2026-09-10 01:57:00,CNC-01,L,298.54145446781354,309.68310373146585,2643.288249385574,13.437464097979111,21.944231057313047,3.303744978044864,6.631485939323372,51.64386978623954,0,2026-09-10 04:10:01
2026-09-09 13:27:00,CNC-03,H,303.339564151709,311.76083179844596,1418.0380412429927,51.821722639430455,118.83078043811183,2.174687196469644,13.743080341499853,46.138709000850746,0,2026-09-10 04:10:01
2026-09-09 06:08:00,CNC-02,M,296.23441464930914,310.636900889123,1923.0397749486983,36.42334723906514,156.0773974724377,2.814949384987692,13.344289774597385,53.65526145724104,0,2026-09-10 04:10:01
2026-09-09 19:18:00,CNC-03,H,299.35329567660494,313.2321853153553,2178.7244595898833,31.547975512297413,110.60113284483499,2.868603916688221,12.900847181049947,53.822688485072035,0,2026-09-10 04:10:01
2026-09-09 15:37:00,CNC-03,H,25.37990969390711,39.3119458247902,1715.2481002142022,40.41285868312833,46.56151648865121,2.327866007330333,13.01289446590023,57.47883506256928,0,2026-09-10 04:10:01
2026-09-09 07:02:00,CNC-02,M,301.172196235733,310.1781688041934,1802.8627994059793,41.530235916905596,230.53740259900877,3.328169247581134,14.004273792750597,52.01157809149921,0,2026-09-10 04:10:01
2026-09-09 07:55:00,CNC-02,M,301.4505063063909,309.35344302486624,1798.168117251075,36.85796990809034,57.80792789489625,2.475246639636704,12.496732284031697,47.02102683464401,0,2026-09-10 04:10:01
2026-09-09 18:06:00,CNC-02,M,298.98767014925966,313.4730380941423,1936.2198578750977,37.47520900293509,88.63072067444439,2.5928215121446536,13.366993253293387,55.582405611629625,0,2026-09-10 04:10:01
2026-09-10 02:37:00,CNC-02,M,23.03536010968378,36.87598691483885,2473.4054568303704,22.870568769945827,228.68840825975235,3.9569951305293367,10.390818399415236,59.17412942631743,0,2026-09-10 04:10:01
2026-09-09 22:18:00,CNC-02,M,298.5426775543531,311.7956750290747,2565.2589789206254,20.343546826689032,173.23786033302386,3.575782146392853,9.784072088640094,51.162558041438984,0,2026-09-10 04:10:01
2026-09-10 02:54:00,CNC-01,L,25.028695118463247,37.92500765603796,2579.2422565407433,20.53131305938215,84.97700270855535,3.131096122434654,9.935420555857256,50.702950674807646,0,2026-09-10 04:10:01
2026-09-09 21:06:00,CNC-03,H,299.7554120518914,313.93105383354,2431.9308116691755,26.327922001801458,238.0360670595239,3.887970380344801,11.858921197317867,56.00153983449413,0,2026-09-10 04:10:01
2026-09-10 03:12:00,CNC-02,M,22.634733756520916,35.4390311023468,2432.593813163016,22.081383736376377,19.558794328097125,2.8977095360590197,10.034117681826283,61.56291369829189,0,2026-09-10 04:10:01
2026-09-09 06:17:00,CNC-01,L,296.4256042659556,311.3351379934166,1994.5997066923558,37.87369422432998,,3.158382297299835,13.82869556900109,56.46887913898733,0,2026-09-10 04:10:01
2026-09-09 20:45:00,CNC-02,M,298.8619198499391,311.4582403368298,2406.0913770254915,20.500531202702636,69.51843570024683,2.966723004186079,9.3501927018883,49.24498179442592,0,2026-09-10 04:10:01
2026-09-09 17:31:00,CNC-03,H,299.15628923277455,314.3541509693617,2041.509392538135,38.7760784944096,209.44384571698632,3.2273388868910633,15.034509747998397,51.29307768217626,0,2026-09-10 04:10:01
2026-09-09 13:33:00,CNC-03,H,303.15052718796767,311.73556575787933,1453.8728273502736,50.85545007736734,128.2773716813763,2.167144777369636,13.91860614340883,44.673349618752155,0,2026-09-10 04:10:01
2026-09-09 22:39:00,CNC-02,M,298.540436768884,311.77494869698154,2572.9445590592554,18.893770917730407,196.09299976074348,3.8376387617635634,8.820452814490991,,0,2026-09-10 04:10:01
2026-09-09 04:48:00,CNC-03,H,296.6897895337694,310.5384277213569,2262.578680886261,29.429981237597634,64.24341516880673,2.9785276855779266,12.642139007807403,57.84886629315433,0,2026-09-10 04:10:01
2026-09-09 17:34:00,CNC-03,H,299.21062762659824,314.35012395623113,1897.5926851539455,39.15635207256986,213.50605324208092,3.1684269265526543,13.89395132906903,50.844611214537196,0,2026-09-10 04:10:01
2026-09-09 10:23:00,CNC-03,H,296.2028045240563,310.2421455289131,1461.3986753934244,47.55349857171143,96.69216109109459,2.2525233335234347,12.994960394633896,57.92560746748686,0,2026-09-10 04:10:01
2026-09-09 19:23:00,CNC-03,H,299.70393544076205,313.5277203984198,2321.4385083574025,28.238909023623567,116.82442854285564,3.017965059934518,12.243558096264238,51.4427028185023,0,2026-09-10 04:10:01
2026-09-09 22:42:00,CNC-02,M,298.58863683459276,311.59606428918175,2782.7519931536413,16.902137888373762,199.3174486439615,3.973878934308593,8.86040176219051,49.27529060863989,0,2026-09-10 04:10:01
2026-09-10 03:49:00,CNC-01,L,298.17807700953455,312.0984860417828,2369.9760930891,25.88118835528567,149.14335634884992,3.2678282361438575,11.316936869502165,57.78190895663663,0,2026-09-10 04:10:01
2026-09-09 06:02:00,CNC-01,L,296.02489817966347,310.55732506376916,2105.927768012483,33.582378492348596,163.31086851943408,3.056782153309691,13.387534194434702,56.97217043905042,0,2026-09-10 04:10:01
2026-09-09 16:58:00,CNC-03,H,299.386092357743,313.9982385813693,1732.9533539092906,40.47247670054173,163.98044424279277,2.776580468757956,13.07586991348729,49.78562932575364,0,2026-09-10 04:10:01
2026-09-09 14:37:00,CNC-01,L,298.43078591242266,312.76883681042773,1531.7209427026198,47.478411108665185,87.04368702556592,2.2163219323252057,13.764697556130773,52.439595267848524,0,2026-09-10 04:10:01
2026-09-09 09:15:00,CNC-01,L,296.13244880320644,310.2375844598649,1570.542767950163,46.83259175668681,21.228700596836543,2.2477795463793524,13.887947050993152,57.137969682953745,0,2026-09-10 04:10:01
2026-09-09 09:32:00,CNC-02,M,296.0786756563915,311.3524646833969,1540.360820372825,50.87696007146575,203.79191809323345,2.903758069344385,14.701783035753389,60.07116160344407,0,2026-09-10 04:10:01
2026-09-10 03:27:00,CNC-03,H,297.38334877718745,309.89807477095064,2375.6404403904207,20.473761517303526,132.84950887673384,3.1324702907421975,8.985815540063637,60.68391932786726,0,2026-09-10 04:10:01
2026-09-09 09:55:20,CNC-02,M,296.25411537360026,310.03002235539464,1487.405319537356,45.786882702722956,20.238681126260474,2.2290632631782463,12.896611951113838,58.33105343019664,0,2026-09-10 04:10:01
2026-09-09 05:38:00,CNC-01,L,296.6162348701387,311.09458892247955,2173.7801132896966,34.53616301526919,131.94350029457746,2.9454406049171955,14.160726354821257,53.83311289326323,0,2026-09-10 04:10:01
2026-09-09 17:05:00,CNC-01,L,299.7211749211498,314.33767713007137,1919.9719564127006,39.07419182391123,104.74646515393444,2.6581816213673726,14.108720775572676,49.56822838520891,0,2026-09-10 04:10:01
2026-09-09 09:07:00,CNC-02,M,296.0029332313071,310.7216857284558,1628.2464214973547,45.04890374135338,165.32157724785964,2.5355669411253556,13.809352442488015,55.672698263202946,0,2026-09-10 04:10:01
2026-09-10 00:21:00,CNC-01,L,299.3246810458892,313.01549352310377,2576.1502798959887,,156.71662149723767,3.489412769176678,11.057116716274365,51.442392785113384,0,2026-09-10 04:10:01
2026-09-09 16:56:00,CNC-02,M,298.94738962764006,314.00198638135095,1886.9703341830377,39.74999918283098,212.3776956249793,3.277523129249237,14.26873269200286,54.5849711147021,0,2026-09-10 04:10:01
2026-09-09 05:23:00,CNC-02,M,296.31166544390254,310.32923566681467,2125.6092992941744,31.870077367663395,96.88844496083433,2.7614287690131745,12.605763139588857,61.776329593700815,0,2026-09-10 04:10:01
2026-09-10 01:53:00,CNC-03,H,298.3291594066041,9545.086654043287,2621.2277165889,17.714193800812073,27.19540175381922,3.153880638397176,8.666040839112535,57.88613416271627,0,2026-09-10 04:10:01
2026-09-09 05:17:00,CNC-03,H,296.37542386132077,310.3408984180599,2126.993051754581,31.8821496293306,100.72008728457577,2.801667348464606,12.645200380998194,59.0302731893077,0,2026-09-10 04:10:01
2026-09-09 06:34:00,CNC-03,H,295.9087352464937,310.98446667311714,1981.1437385355266,39.712574382519996,202.79221002229372,3.0530128069442073,14.792550503776981,61.32942645087536,0,2026-09-10 04:10:01
2026-09-10 00:32:00,CNC-03,H,299.0686491067313,312.4427908918522,2728.595937257188,19.96269071137946,209.38085810420566,3.856314448016174,9.815762864414285,50.28876346986881,0,2026-09-10 04:10:01
2026-09-09 09:24:00,CNC-03,H,295.9348634150572,310.0211832605312,1471.5161563390964,50.15766205788414,4.608099546186173,2.0448033191210615,13.678135622042042,56.71792403671302,0,2026-09-10 04:10:01
2026-09-09 13:46:00,CNC-03,H,303.39200050710707,312.0333851691948,1557.607417423528,48.47279816469813,148.60240752726654,2.354862451246514,14.19223903477834,46.33235500797173,0,2026-09-10 04:10:01
2026-09-09 23:55:00,CNC-03,H,299.5723197318858,312.8097371833862,2671.4153010356913,19.988527132783254,170.15763813400213,3.5534757551956107,9.884414720498091,50.04342550191765,0,2026-09-10 04:10:01
2026-09-09 19:14:00,CNC-02,M,299.20998703775695,313.58391178404696,2393.2097694420218,27.81155322524986,175.4618926353754,3.353841954661934,12.736566341149128,54.25996792148665,0,2026-09-10 04:10:01
2026-09-09 11:34:00,CNC-03,H,296.58356367232767,311.5937211166002,1438.1765987567874,53.2634807111673,209.02864078756224,2.7269130537633703,14.250812628739581,55.821566167317165,0,2026-09-10 04:10:01
2026-09-09 11:19:00,CNC-02,M,296.17177865942216,310.8125833276716,1372.4938056442331,51.83504359433108,152.48043633006301,2.2872353850147813,13.280432563809647,59.80442308967104,0,2026-09-10 04:10:01
2026-09-09 13:26:00,CNC-03,H,302.71627111624866,310.59750561192993,1356.073207047465,50.59242480385996,117.24040746728097,2.111820265842827,12.927025758456143,46.20796498969407,1,2026-09-10 04:10:01
2026-09-09 14:55:00,CNC-03,H,25.28888043036011,40.39880463813023,1517.4634051425219,49.795941320549275,255.57422649363704,3.3374050619367073,13.847186906352556,53.14881883797748,0,2026-09-10 04:10:01
2026-09-09 17:45:00,CNC-01,L,300.2032583378175,314.440530348997,1967.5390640476878,34.47081785048412,159.6468794852351,,12.740336565949999,52.00656142825826,0,2026-09-10 04:10:01
2026-09-09 23:07:00,CNC-01,L,299.80681228900136,311.9050224596425,2632.72663493582,16.74122242078975,77.8334082058992,3.198542017953066,8.141205726878216,46.29111807715396,0,2026-09-10 04:10:01
2026-09-10 03:54:00,CNC-03,H,296.9753436519894,310.93556794321404,2277.799915941559,28.173282571735523,164.69963747483567,3.1965660313589668,11.984149967396583,54.911818992163596,0,2026-09-10 04:10:01
2026-09-09 20:32:00,CNC-02,M,299.04399121788816,311.2645333606742,2572.9553115073904,17.5822058976616,54.546253889203754,3.1078886572479587,8.66924862427821,57.98164202852152,0,2026-09-10 04:10:01
2026-09-09 12:52:00,CNC-03,H,302.89041591744837,,1401.4573523290123,47.268662701701615,63.37867542431681,1.9772143568651745,12.355171438904279,45.43118224077679,0,2026-09-10 04:10:01
2026-09-09 14:02:00,CNC-01,L,297.8184407278111,311.7653554672466,1544.7934352808738,45.12246155947652,32.814042471335405,2.2427520687173668,12.750839463574739,57.195084177959416,0,2026-09-10 04:10:01
2026-09-09 07:18:00,CNC-01,L,296.3166192154302,310.82761505629617,1862.266681350012,40.57346093865024,40.96521949796663,2.430230404666785,14.236955859042492,57.21430764357618,0,2026-09-10 04:10:01
2026-09-10 01:33:00,CNC-02,M,297.0271480628775,309.65829782697136,2695.0031554991288,16.240441222555535,158.0423373657055,3.504883783696911,7.900355719775442,53.914392375081015,0,2026-09-10 04:10:01
2026-09-10 02:48:00,CNC-02,M,23.159872657321273,38.15780784762046,2563.6186270170306,26.370799708282004,241.11918838174446,4.122400027060833,12.80276261236834,57.11501308458043,0,2026-09-10 04:10:01
2026-09-09 22:17:00,CNC-02,M,298.5364447714546,312.34737770263223,2631.8464961326467,23.025781857861247,172.13731868669856,3.7112942334482075,11.19148829759888,51.38576094422163,0,2026-09-10 04:10:01
2026-09-09 06:17:00,CNC-03,H,295.96049595792164,310.60454920625887,1925.7134484885798,38.56282731594664,179.68196763942865,2.981794644419639,13.775399696482301,60.581630964034744,0,2026-09-10 04:10:01
2026-09-09 22:41:00,CNC-01,L,299.8198923892783,312.93217109912905,2497.7738946821232,22.820440476554197,50.0006826107129,3.049254261121983,10.837418243895602,49.42757430044502,0,2026-09-10 04:10:01
2026-09-10 01:53:00,CNC-02,M,296.86261196102635,310.9016981429016,2490.774862192687,22.99076428761153,179.65735412081673,3.657740259057342,10.515644593088936,58.73804052627105,0,2026-09-10 04:10:01
2026-09-10 03:15:00,CNC-03,H,297.5331439361119,311.0891352067224,2526.780439070064,24.892249705143158,118.91131939414133,3.3135417676126617,11.71883426050351,59.25928848238216,0,2026-09-10 04:10:01
2026-09-09 19:31:00,CNC-03,H,299.67004889403626,313.2772261142782,2291.5497851273503,26.14664088705407,126.69325025332175,2.842685399805929,11.215901451209367,50.95379968246663,0,2026-09-10 04:10:01
2026-09-09 14:46:00,CNC-01,L,298.202864823495,312.7804151923351,1570.9387305038385,47.65670549512426,100.85212197440447,2.263075034522626,14.014314257380242,57.359162176539044,0,2026-09-10 04:10:01
2026-09-09 22:27:00,CNC-01,L,299.96145016567124,311.384337696272,2790.603815666771,13.373251547584637,34.804926724693075,3.3813728617425847,7.064007940178346,50.361001225862225,0,2026-09-10 04:10:01
2026-09-10 00:52:00,CNC-03,H,298.92905715512427,311.8567332352639,2659.5337227642526,17.489653966710126,230.659167232877,3.9973020971357647,8.854670164821169,51.157027543872815,0,2026-09-10 04:10:01
2026-09-10 01:07:00,CNC-01,L,298.9433284990735,312.70829106312647,2563.0697308998206,23.434461726234687,206.26561291790512,3.926371899767367,11.306294443736515,53.37529986895403,0,2026-09-10 04:10:01
2026-09-09 15:07:00,CNC-03,H,25.489060373991833,39.489331157703305,1526.4753294863106,48.2988025190763,1.5127433284328229,2.1610082541683946,13.92690548729274,53.02586874993447,0,2026-09-10 04:10:01
2026-09-09 11:20:00,CNC-02,M,296.0073817568369,310.570526118435,1464.5398343141135,49.971138235967615,154.05480489698277,2.3433150851844236,13.81094139648824,60.81747620797128,0,2026-09-10 04:10:01
2026-09-09 14:12:00,CNC-01,L,297.88916429397756,311.760166678718,1388.7070254022517,50.69747226316341,48.45797776785745,2.1214497980908757,13.229396163858047,55.41669097884511,0,2026-09-10 04:10:01
2026-09-09 14:05:00,CNC-02,M,297.60664788091714,312.71254012458826,1487.1117594641355,51.04949852895009,203.96505746189897,2.7708340539789056,13.991089168169552,55.75405322792541,1,2026-09-10 04:10:01
2026-09-10 00:15:00,CNC-02,M,297.9502294676854,310.4108198287228,2688.2901248870376,17.503037803239494,74.38644344594347,3.29523822136449,8.89128138672543,53.14535359276449,0,2026-09-10 04:10:01
2026-09-09 08:55:00,CNC-02,M,295.9602469779633,310.4615079585742,1382.0129865860392,52.48794838998309,147.17659660168573,2.253911388482752,13.439975777999885,62.48293887197876,0,2026-09-10 04:10:01
2026-09-09 06:13:00,CNC-01,L,296.5647387267418,310.81439869057266,1996.0462860465157,33.18736908044763,178.04841452272157,31.060684428817115,12.317851014369289,59.152556337334545,0,2026-09-10 04:10:01
2026-09-09 14:28:00,CNC-01,L,298.2313416123348,312.4624445681344,1446.3692335077399,51.787879259635346,73.10263899882281,2.155636650571654,14.100968228849755,53.680268295367796,0,2026-09-10 04:10:01
2026-09-09 12:28:00,CNC-02,M,296.7073731635623,310.61935832214954,1508.7089393859526,46.45887599440146,50.891408266168234,2.086750118767668,12.996416833196777,59.89929216788683,0,2026-09-10 04:10:01
2026-09-09 07:15:00,CNC-03,H,295.84362599181003,309.5638763629142,1847.811688032028,37.74417770531571,36.09804596469828,2.501939371857338,13.069351258349327,56.39236935417987,0,2026-09-10 04:10:01
2026-09-09 18:09:00,CNC-02,M,298.8051775482767,312.99784573561095,2006.6176854032583,33.69593294502419,92.62490959147668,2.6295589675438706,12.633126607422271,53.1716318411077,0,2026-09-10 04:10:01
2026-09-09 16:37:00,CNC-03,H,299.3972440151844,313.89279118529896,1762.4972134971285,40.73049018556925,134.17491732135485,2.509519717149066,13.498286559327108,53.483393532092734,0,2026-09-10 04:10:01
2026-09-09 15:51:00,CNC-01,L,25.835043385648646,40.86319802916512,1670.930759116805,46.436492658301184,198.50147892202764,3.0324053434124836,14.565475990011509,52.10576271061895,0,2026-09-10 04:10:01
2026-09-09 06:09:00,CNC-03,H,295.89156269407823,310.1534002808795,2004.6024618437987,34.88359670390631,168.8467639097063,2.9284011522119626,13.060766929780407,60.459538565596496,0,2026-09-10 04:10:01
2026-09-09 20:56:00,CNC-02,M,298.9494134152079,310.82546501234526,2635.020360506864,15.251325901172745,82.0456117867832,3.242372365836649,7.78610202892056,52.846881863675016,0,2026-09-10 04:10:01
2026-09-09 08:36:00,CNC-03,H,295.83089886112356,310.4875638747624,1579.5693877529466,46.72544924930877,154.62356243527026,2.5477464915057215,13.66483872121425,56.74850059019792,0,2026-09-10 04:10:01
2026-09-09 08:58:00,CNC-03,H,295.8911435849962,311.0818988291121,1518.1852162734936,52.145424744496125,188.00840393420802,2.5995398029263885,14.841075391110804,56.47935808082971,0,2026-09-10 04:10:01
2026-09-09 22:02:00,CNC-01,L,300.2942928820288,311.0605031521937,2674.6206097639924,12.504882830999872,7.580041375677501,3.1871715016402304,6.478502536005503,47.82962277182393,0,2026-09-10 04:10:01
2026-09-10 02:03:00,CNC-02,M,296.94562698557627,310.8280684829081,2637.0115904620284,21.893661290610492,190.69443090788408,35.917617925879384,10.722443001006566,59.75331521594869,0,2026-09-10 04:10:01
2026-09-10 01:18:00,CNC-02,M,297.1789408325406,310.29093701325854,2647.8432758734216,18.088782170424405,141.60860194523946,3.4385961805472953,8.977848654638295,55.50637970796256,0,2026-09-10 04:10:01
2026-09-10 02:46:00,CNC-01,L,25.200427697200098,37.62557434485302,2596.298727617566,18.91151990906055,75.94654600245546,3.1698989758607263,9.237663779243444,58.71456525190899,0,2026-09-10 04:10:01
2026-09-09 07:36:00,CNC-02,M,301.35331957720774,309.1063447461116,1743.0784208599896,38.30225654658915,30.079256597055995,2.3254106109372596,12.520458134935748,48.412733847532,0,2026-09-10 04:10:01
2026-09-10 03:00:00,CNC-03,H,24.806663999078182,37.87930607316298,2370.9122564279705,23.61264358580524,101.99355892115113,3.0530507639461755,10.61126568304398,54.37438991635204,0,2026-09-10 04:10:01
2026-09-09 22:44:00,CNC-02,M,298.5300361425324,311.1064660782923,2544.2261860743674,15.998299798586935,201.48265785947652,3.7586633544345336,7.449741344667158,57.49135120840644,0,2026-09-10 04:10:01
2026-09-10 03:23:00,CNC-03,H,297.6290500402304,311.0693264656113,2465.228593531801,24.318905599212684,128.2121691135606,3.2186413797330387,10.920060070510067,58.51824522483431,0,2026-09-10 04:10:01
2026-09-10 03:48:00,CNC-01,L,298.0992005005005,311.5219086022172,2478.4452186654944,22.98433653565662,147.94587965932007,32.46724197103568,10.741072583003119,56.87405590064583,0,2026-09-10 04:10:01
2026-09-09 19:15:00,CNC-02,M,299.0631775392344,313.7492715421074,2006.7607308169477,36.00814780746977,176.76793437791636,3.033582361329423,13.408094070078054,56.93037883191719,0,2026-09-10 04:10:01
2026-09-10 01:51:00,CNC-01,L,298.5127811203984,309.8535390690991,2726.2473153196916,13.371532528887235,15.306704939554265,3.3837134157556603,6.901478668473859,55.600069099039395,0,2026-09-10 04:10:01
2026-09-09 21:01:00,CNC-01,L,300.1934853534961,312.9669715956703,2574.334123699757,18.594599629080463,169.69270776965087,36.15605414572077,8.99725193865865,53.764680732089346,0,2026-09-10 04:10:01
2026-09-09 18:01:00,CNC-02,M,299.08097847839167,313.6472437401553,2213.656125129195,33.785637394774554,81.8634981304456,2.904410085298375,14.162737975970513,50.368046706874715,0,2026-09-10 04:10:01
2026-09-09 22:18:00,CNC-03,H,299.60283982048804,311.59523318054573,2671.424433141884,16.608494160525343,,3.2573543240810925,8.440390770960702,48.63604460819949,0,2026-09-10 04:10:01
2026-09-09 22:57:00,CNC-03,H,299.3231782927329,312.0462544304619,2598.723148104474,18.51088342706085,108.42017308376286,3.235987612426992,8.957014147559518,53.121967617390624,0,2026-09-10 04:10:01
2026-09-09 13:01:00,CNC-01,L,297.2381004373672,311.7605636011712,1396.2736630655193,50.8336610748265,149.1399694889408,2.330126586397385,13.667996494216954,60.76105765497324,0,2026-09-10 04:10:01
2026-09-09 11:23:00,CNC-03,H,296.8788785943073,311.872706155393,1360.9036735666452,54.79577843293184,191.59810330483677,2.405084775677247,13.875669986984178,58.264000829747246,0,2026-09-10 04:10:01
2026-09-09 13:34:00,CNC-02,M,297.4541203651269,311.99904294874614,1461.2627937221428,48.49298009160925,155.29583320969385,2.380658587188623,13.428537427784192,58.724941179834715,0,2026-09-10 04:10:01
2026-09-09 16:59:00,CNC-03,H,299.3661997854162,313.57073257172294,1858.9274915666313,35.89620109822621,165.34755643843775,2.705834148900248,12.413124646824867,54.20908573034766,0,2026-09-10 04:10:01
2026-09-09 15:54:00,CNC-01,L,25.8960243765697,39.833506845707745,1773.0164850700169,40.63011918443138,2.9011809986126136,2.4138972114607795,13.643221315861638,52.20521677234525,0,2026-09-10 04:10:01
2026-09-09 05:53:00,CNC-02,M,296.05731235638495,309.56509123578866,2129.5749851464425,28.122895263819895,136.09717999873075,2.898485018969942,11.41432760265033,62.064158307308695,0,2026-09-10 04:10:01
2026-09-09 21:46:00,CNC-01,L,300.12791048938817,313.9514745436938,2625.790917003123,22.19158313991206,220.33007212359382,4.160773973629992,10.799190209826948,50.35069886718519,0,2026-09-10 04:10:01
2026-09-09 18:05:00,CNC-02,M,299.1530242558791,313.7305331374217,1932.5087951192331,37.77004111879283,87.27809511405435,2.561618228557071,13.248115700449224,57.35441392270937,0,2026-09-10 04:10:01
2026-09-09 12:17:00,CNC-03,H,297.03253297365956,310.8789593375052,1479.7328856938525,48.45066395209389,7.957798632241533,2.1789859104304523,13.24327229852174,54.67997548906169,0,2026-09-10 04:10:01
2026-09-10 00:13:00,CNC-01,L,299.5124376330561,312.7138439979134,2677.9487458437447,20.751716914728465,148.03621209234916,3.553328400233687,10.260203623159743,51.913786255990665,0,2026-09-10 04:10:01
2026-09-10 01:57:00,CNC-03,H,298.1890006568295,310.27026340217503,2711.930293832197,17.421286720878832,31.4964833478597,3.2574412499791414,8.733939938649307,55.575667426928895,0,2026-09-10 04:10:01
2026-09-09 23:08:00,CNC-01,L,299.464774639534,312.45877926073723,2667.1742746209898,20.099508449010756,78.94509228368517,3.178595801028402,10.290122575443164,50.255425189191264,0,2026-09-10 04:10:01
2026-09-09 10:10:00,CNC-02,M,296.1651851479451,310.1088751677316,1373.8199713123267,50.701418205989164,43.7096507556091,2.021545158431401,12.871170531868701,59.46201042276737,0,2026-09-10 04:10:01
2026-09-09 16:00:00,CNC-01,L,25.997944393907233,39.15827945136891,1659.9530588921546,37.509670261344546,11.719350873379419,2.283765000654791,11.740823065134057,53.69230459491756,0,2026-09-10 04:10:01
2026-09-10 03:02:00,CNC-03,H,24.601045410703307,37.72585159757432,2699.596626798116,21.005589799683012,104.21979902971545,3.279024263631426,10.702828927457654,46.82417772855082,0,2026-09-10 04:10:01
2026-09-09 10:23:00,CNC-01,L,296.1257397108677,310.96803356261927,1423.8882100875473,54.06343796928382,126.92663522301595,2.33859137786055,14.466687037120199,56.00599886393822,0,2026-09-10 04:10:01
2026-09-09 11:26:00,CNC-01,L,296.258248672022,311.05185243931504,1367.9341896539856,53.03671231562744,226.64364618262732,3.184710014562399,13.554077633162075,59.99280939779897,1,2026-09-10 04:10:01
2026-09-09 04:47:00,CNC-02,M,296.5273454066315,309.8436262793972,2183.303107798713,28.82629012263186,51.077826509688904,2.7944266305722922,11.91836330895088,56.43595429868119,0,2026-09-10 04:10:01
2026-09-09 12:19:00,CNC-03,H,297.2264311924801,310.89150850723,1369.1203648950132,49.04367343133737,11.141309842029523,1.9170952477662433,12.59466712541407,56.84147969351842,0,2026-09-10 04:10:01
2026-09-09 04:26:00,CNC-01,L,296.7352416506318,310.01620428756604,2412.518374399201,25.69250501302957,40.85623039721701,3.064860297135887,11.51542764896699,57.88597743789914,0,2026-09-10 04:10:01
2026-09-09 16:27:00,CNC-02,M,298.63333054472645,313.4642828999509,1859.5528193941875,38.93534087794696,170.98085632938486,2.856053143018848,13.424411775123446,52.14757948228351,0,2026-09-10 04:10:01
2026-09-09 09:58:00,CNC-03,H,295.95209838799474,310.1806129729509,1466.9899126597684,51.160904603477356,57.49006786884052,2.124733456619769,14.052910266764265,59.61553595835449,0,2026-09-10 04:10:01
2026-09-09 14:47:00,CNC-01,L,298.3000804836848,313.0592801392817,1617.0294826607985,47.40426363331242,102.35954565690439,2.299324783757831,14.324961263745882,56.43360893807426,0,2026-09-10 04:10:01
2026-09-10 01:39:00,CNC-01,L,298.5089210160822,310.5378930827694,2676.08018993504,16.6163079518564,2.1662956656419015,3.16795809569746,8.18437448324742,54.91018502863979,0,2026-09-10 04:10:01
2026-09-10 02:46:00,CNC-02,M,22.919836974285772,36.66788477050585,2617.4132523270123,19.971899928737525,238.8484867324002,4.2529350844538545,9.943526632560081,59.78682655965954,0,2026-09-10 04:10:01
2026-09-09 19:40:00,CNC-01,L,300.66941201161967,314.1659264144835,2456.612039309824,26.213209432401133,74.69031428900075,3.1300540034536066,11.970395631420388,50.0227847610082,0,2026-09-10 04:10:01
2026-09-09 06:16:00,CNC-02,M,296.3408089432434,310.68867216978475,1915.6365444144071,37.08092370543235,166.92231132694135,2.8759196867090484,13.396100210302894,63.35547215008364,0,2026-09-10 04:10:01
2026-09-09 14:12:00,CNC-02,M,297.59405176769496,313.1647395087517,1730.3979508827251,45.10270562989702,214.86628645621195,3.202453832155593,14.623019931864286,51.948709768521105,0,2026-09-10 04:10:01
2026-09-09 20:44:00,CNC-03,H,299.8974400877863,313.26429592107735,2485.560753109912,21.98500634503863,213.30550902825377,3.709104317102312,10.080938572110895,53.04684276248289,0,2026-09-10 04:10:01
2026-09-09 16:46:00,CNC-02,M,298.8016508990113,314.30948936418287,1873.841359221306,41.62001584503909,198.12753437016042,3.1689296032957617,14.550809810080075,55.59590155976265,0,2026-09-10 04:10:01
2026-09-09 09:10:00,CNC-02,M,295.9890634566501,310.18845519980925,1520.6852956581565,45.35996964877468,169.8555043096744,2.5118698044461394,13.089722201681044,61.29939333149886,0,2026-09-10 04:10:01
2026-09-09 12:58:00,CNC-03,H,302.98750366976213,310.78043990757067,1305.3345545410834,54.1309459497008,72.85921579246236,1.9102441207835466,13.260733573991951,47.06483248437968,1,2026-09-10 04:10:01
2026-09-09 08:18:00,CNC-01,L,296.04776654465525,310.42302989042486,1589.0552062183033,45.54086175248472,128.4730268057403,2.5084290683445247,13.451122711182558,64.9695369687764,0,2026-09-10 04:10:01
2026-09-09 08:20:00,CNC-01,L,296.1455232203396,310.5298804300708,1616.7642233427532,43.94052538285891,131.42250003468982,2.4933715374601895,13.32589633158577,56.159766192452786,0,2026-09-10 04:10:01
2026-09-10 04:02:35,CNC-03,H,297.00315520252025,311.36565838057993,2301.9859600667937,29.816323596824077,174.2744210897946,3.229009652288757,12.961610864665545,56.09994816789841,0,2026-09-10 04:10:01
2026-09-09 08:02:37,CNC-03,H,295.74531455737207,310.8035833119764,1705.6222529694262,46.26723463997447,103.96428590410932,2.3996584944428427,423.4099284419173,62.584044927911656,0,2026-09-10 04:10:01
2026-09-09 05:04:00,CNC-01,L,296.50889007676165,310.5323390506221,2173.7143611922725,30.51053437492201,88.4123238736191,2.871813707618934,12.537608249644864,54.2559807310081,0,2026-09-10 04:10:01
2026-09-09 07:06:00,CNC-03,H,295.73849589317996,309.2490436111104,1752.0433947638599,36.74059713765391,23.63595125770817,2.265950933634216,12.21015402343509,,0,2026-09-10 04:10:01
2026-09-09 15:57:00,CNC-01,L,25.91679085823114,38.96698204299935,1556.3310498707438,41.63064655294754,7.272863900038912,2.262079995558145,11.950484053424674,55.91301086987063,0,2026-09-10 04:10:01
2026-09-09 13:14:00,CNC-01,L,297.53039751311735,312.2782906402097,1389.5366158707243,54.28098571610265,169.76554762340737,2.503457480490297,14.05198065561264,57.206341531341145,0,2026-09-10 04:10:01
2026-09-10 01:04:00,CNC-02,M,297.3128856469292,310.3711476620463,2858.556109510808,18.124932304047547,126.48063085357055,3.6347330651200487,9.670628281205511,58.163984138003,0,2026-09-10 04:10:01
2026-09-09 16:12:00,CNC-01,L,299.5955744772417,313.9562809093188,1758.0014407957183,43.634047278420624,29.275642595747513,2.32003405458814,14.32826657159157,52.274565834939835,0,2026-09-10 04:10:01
2026-09-09 13:11:00,CNC-01,L,297.33931266120885,311.900911211862,1451.3891046362842,50.109312117498575,164.97758831933868,2.5057411951671886,13.545643138642793,59.00883157758982,0,2026-09-10 04:10:01
2026-09-09 17:29:00,CNC-03,H,299.3286043995014,314.5597092408857,1961.190108492517,39.77166297527328,206.71359040149483,3.1024672743295683,14.447871378984217,53.98534974657261,0,2026-09-10 04:10:01
2026-09-09 14:17:00,CNC-02,M,297.5017562490549,312.4535975081635,1495.8206344960367,49.34376832371024,222.59799237314672,2.985017483153335,13.804380146878223,54.83450786547097,0,2026-09-10 04:10:01
2026-09-09 05:55:00,CNC-03,H,296.1789031419411,311.455716941429,2050.0689649600477,39.361805279924354,150.24006776983768,2.958152980620087,14.819656764284476,56.15913968640069,0,2026-09-10 04:10:01
2026-09-09 16:16:00,CNC-02,M,298.5894910446382,313.5591409134875,1679.0583094798603,46.428248661844066,155.35294672716594,2.646102729562079,14.639366730238928,53.16120339895462,0,2026-09-10 04:10:01
2026-09-09 08:37:00,CNC-02,M,296.33704864521246,310.6392445568521,1585.0484267554589,45.82598290335094,119.949562095427,2.303545570510859,13.73827336595752,57.59230295975773,0,2026-09-10 04:10:01
2026-09-09 13:04:00,CNC-01,L,297.20546154818186,9572.734185230745,1343.2737908261793,50.90967910757819,153.9062109472843,2.326905829080081,12.688389814673046,55.189036097383294,0,2026-09-10 04:10:01
2026-09-10 03:55:00,CNC-02,M,295.5779217762444,309.3561943402016,2314.875028715711,27.18916218423902,69.93541200926018,3.0059583338366025,11.79233626785841,58.23354856997675,0,2026-09-10 04:10:01
2026-09-09 09:29:00,CNC-02,M,,311.2539029310467,1537.3592295383896,49.508628699288515,199.15375569055072,2.7934532287539855,14.25024089565181,56.71225507218556,0,2026-09-10 04:10:01
2026-09-09 11:18:00,CNC-03,H,296.33669721364873,311.503924366715,1394.907519478564,56.170243828147,183.66456540062148,2.506107528381444,14.860802711657493,63.3667909827482,0,2026-09-10 04:10:01
2026-09-09 20:55:00,CNC-02,M,298.78392629731354,311.92200919608973,2417.4111666987546,22.8606739601275,80.9782424863894,2.95699278346986,10.375815849383969,49.23064329478787,0,2026-09-10 04:10:01
2026-09-09 19:20:00,CNC-02,M,298.9487015661522,312.9303993149603,2241.099142435091,27.722736791443953,182.89085807261208,3.292357823215279,11.605699964981127,49.474895592805325,0,2026-09-10 04:10:01
2026-09-09 15:47:00,CNC-03,H,25.496080654326818,39.380123497089585,1700.3188304026198,42.43059198129011,61.44148228991233,2.4159271432512837,13.482709489015368,54.85176914505554,0,2026-09-10 04:10:01
2026-09-09 16:21:00,CNC-02,M,298.2829127312058,313.26683464717695,1719.9700898945994,42.78346509208161,162.454231149867,2.6253732312239935,13.604381992064571,60.25848066965669,0,2026-09-10 04:10:01
2026-09-09 15:07:00,CNC-01,L,25.292975030016237,40.35685474931654,1667.5787698959575,45.533084771180114,132.7677063019026,2.5615105075986198,14.123066819677426,55.60073435288676,0,2026-09-10 04:10:01
2026-09-09 12:05:00,CNC-03,H,297.20133134638263,312.72595169157694,1580.2869422164629,52.057903586971236,258.31740923468203,3.4403713001991494,15.340242941725723,59.07112204832975,1,2026-09-10 04:10:01
2026-09-09 11:44:00,CNC-02,M,295.91555252400263,310.7409195632486,1416.4825498505736,52.180454489623244,192.20468246508673,2.747418879797757,13.894668898623038,60.058933482486886,0,2026-09-10 04:10:01
2026-09-09 17:37:00,CNC-02,M,298.78644082484806,312.4968325040362,2027.7232053612722,32.060674100331276,49.49097851112997,2.6380593190358046,12.166227147685104,55.773263709046134,0,2026-09-10 04:10:01
2026-09-09 15:15:00,CNC-03,H,25.099469149530364,38.914050033815215,1649.1323817532661,42.65991634826933,13.657209958528526,2.3375041380263086,13.201412531542019,56.89746288463892,0,2026-09-10 04:10:01
2026-09-09 13:35:00,CNC-01,L,297.74674420897514,312.71937369816897,1461.163415904626,52.62059609221558,202.96643361123662,2.8760379967240386,14.1616445375383,56.57325376950956,0,2026-09-10 04:10:01
2026-09-09 19:56:00,CNC-03,H,300.05361250415154,314.1506596493775,2351.534254981975,28.288747092020248,157.06834886400952,3.1008032672908015,12.482722751604658,52.26797216207249,0,2026-09-10 04:10:01
2026-09-09 06:45:00,CNC-03,H,295.6789424429894,310.82565772037924,1888.1046602903236,40.9395762178221,217.90828485864685,3.2199207996464168,14.504361974789214,59.431925734216044,0,2026-09-10 04:10:01
2026-09-10 03:15:00,CNC-02,M,295.83565669973973,309.0060912028156,2324.0420039823025,24.434400589203943,23.09869441050519,2.8999456952173728,10.61911214698669,59.903558156039395,0,2026-09-10 04:10:01
2026-09-09 19:58:00,CNC-02,M,298.87915641384654,311.74663377951373,2367.6079623935734,21.841959209830588,14.379395841693308,2.8993144822069605,9.791473807646112,53.46241464235477,0,2026-09-10 04:10:01
2026-09-09 18:52:00,CNC-03,H,299.5316809262662,313.2634507663713,2062.3766323793748,30.844751840522942,77.97020870348354,2.8192282404226,12.022013477077614,51.60783698774714,0,2026-09-10 04:10:01
2026-09-09 05:01:00,CNC-01,L,296.641598797674,310.423595332999,2143.9871066683927,30.018567349442797,84.6270583882844,2.7882344989074763,12.10593727692665,57.09530011299158,0,2026-09-10 04:10:01
2026-09-09 06:54:00,CNC-03,H,295.865608812266,308.9311687195278,1947.7955696878,31.73353741221278,6.823959945305955,2.535145457189742,11.675906388602188,60.754531276684894,0,2026-09-10 04:10:01
2026-09-10 04:00:00,CNC-03,H,297.341664361248,311.6605388118824,2372.8214134804834,29.85152330053287,171.8849817274644,3.264159980522216,13.111972724533194,57.664472480120146,0,2026-09-10 04:10:01
2026-09-09 19:46:00,CNC-03,H,299.69888362564586,313.3835798593762,,26.851489051155802,145.02256538972844,30.73284236327166,11.704962075478768,49.64977861279304,0,2026-09-10 04:10:01
2026-09-09 22:54:00,CNC-03,H,,312.0223330653936,2652.39571422411,17.882568877914974,105.2301829959326,3.1595940293404032,8.710330841685378,50.87089407748176,0,2026-09-10 04:10:01
2026-09-09 20:23:00,CNC-01,L,300.7566219158461,314.8162582123962,2379.5065827685744,28.17803740252552,125.8297872867503,3.0773486164546133,12.764671180330163,49.8071427628142,0,2026-09-10 04:10:01
2026-09-09 22:11:00,CNC-02,M,298.56185520642094,311.842196632273,2593.041015872242,19.206730171326313,165.61063701498185,3.503571011728729,9.395406849690985,53.734679202929286,0,2026-09-10 04:10:01
2026-09-09 09:08:00,CNC-01,L,296.3594628536929,309.74671329162703,1598.5836950018106,41.6164778460794,10.590807023453879,2.0797637921419376,12.674117310827558,59.75240370322854,0,2026-09-10 04:10:01
2026-09-09 09:13:00,CNC-01,L,296.5980677597458,310.1843055331192,1599.0008835991996,43.77339798079966,18.178021554399496,2.3005609867242445,12.976760340760483,58.49286211890053,0,2026-09-10 04:10:01
2026-09-09 13:55:00,CNC-03,H,303.33367739366554,311.4012985215827,1404.3802923039698,47.01788597654554,162.7021739592525,2.3177326962942226,12.411499146311403,47.59217324850659,0,2026-09-10 04:10:01
2026-09-09 21:51:00,CNC-01,L,300.35764624190074,313.23253847839163,2690.48066513619,17.483424404161333,225.892415820916,4.411706830656638,8.680905330026393,56.64468929030676,0,2026-09-10 04:10:01
2026-09-10 01:15:00,CNC-01,L,298.6668933651246,311.8842006571226,2676.3385496631627,18.76022830273526,214.73798997826506,4.110760710912381,9.526318548890105,54.89212330236094,0,2026-09-10 04:10:01
2026-09-10 03:59:00,CNC-01,L,298.08680015465995,312.7005865423429,2392.166293079142,30.1389559200897,161.12890230557954,32.82795483976075,13.279517280200407,52.10254718095086,0,2026-09-10 04:10:01
2026-09-09 19:20:00,CNC-01,L,300.6757166974155,313.5331604221103,2370.3132129041906,23.39547127216631,50.252733598656185,2.8947434995043118,10.46048185804456,51.642624374308035,0,2026-09-10 04:10:01
2026-09-09 13:50:00,CNC-02,M,297.08917653438016,312.2334148652634,1493.595480172935,50.431173355590175,180.43028825732506,2.589907299485284,14.384934899743232,56.165478880700554,0,2026-09-10 04:10:01
2026-09-09 04:38:00,CNC-02,M,296.60512042933595,309.8928077894366,2306.239113913197,26.126339415702773,39.903691433332085,2.8600180581667902,11.307976259723844,58.37405955934306,0,2026-09-10 04:10:01
2026-09-09 05:08:00,CNC-03,H,296.62290619484804,309.5577440319446,2162.1921404218706,25.80616993672967,89.16561822430867,2.7622931834059608,10.728023984941707,58.623522393061904,0,2026-09-10 04:10:01
2026-09-09 20:16:00,CNC-02,M,299.2129432207993,312.3816366477045,2325.016994001725,24.708887619469824,35.81422959637086,2.8938213569915607,10.718965052575127,46.47056055348082,0,2026-09-10 04:10:01
2026-09-09 04:50:00,CNC-03,H,296.60989394272724,309.5871791169417,2298.5174227915204,24.633454813570424,66.76575402421919,2.8247188271916905,10.50689934194679,56.75711880381305,0,2026-09-10 04:10:01
2026-09-09 07:14:00,CNC-03,H,295.4848395529064,309.52228854991955,1894.3386751915389,331.32427905601486,34.72504339768965,2.5281104617099985,13.755824852837565,62.08700982920965,0,2026-09-10 04:10:01
2026-09-10 03:18:58,CNC-03,H,297.45531825063193,311.06449949638983,0.0,24.523047456228962,122.35920272026605,3.284837818713858,11.708301836302546,52.89847621383826,0,2026-09-10 04:10:01
2026-09-10 01:25:00,CNC-03,H,298.5381178283479,312.15944988323724,2668.0317165345054,20.789709643292422,266.41307583690696,4.378682971620264,10.325398557861213,53.79602581493377,0,2026-09-10 04:10:01
2026-09-09 13:21:00,CNC-02,M,296.9734281408221,311.8223136053199,1386.3542551821447,54.35338110981989,134.9213793175984,2.19134188473412,14.357229461318493,58.839008000927066,0,2026-09-10 04:10:01
2026-09-09 05:45:00,CNC-01,L,296.5509576008078,311.41571334618817,1985.6813973226833,39.261246814897,141.04188834276664,2.993876136003157,14.542495845547522,53.93260064112444,0,2026-09-10 04:10:01
2026-09-09 12:43:00,CNC-02,M,296.42525465322143,310.54113362994957,1339.911107834973,50.300564383398275,74.6650414484433,2.0303848332596237,12.646245803709553,60.652445249449826,0,2026-09-10 04:10:01
2026-09-10 00:29:00,CNC-03,H,299.3597053817551,311.3741529904085,2749.8464052080094,,206.19708392763917,3.784016315693432,6.3969797929771355,52.66307637858682,0,2026-09-10 04:10:01
2026-09-09 07:23:00,CNC-02,M,301.2948576076253,308.78643948664796,1788.9124360463823,37.749503888217134,11.298751998850733,2.5203457069816446,12.507225630084491,51.28883685516785,0,2026-09-10 04:10:01
2026-09-09 22:50:00,CNC-01,L,299.8528593288245,311.75439069624053,2717.4332697880996,16.103350355660936,59.67775731349407,3.281185182962937,8.225183904138394,50.21563145369,0,2026-09-10 04:10:01
2026-09-09 06:37:00,CNC-03,H,295.58335598381643,310.54710480248286,1840.81902120904,40.430212183545486,206.94552137493534,2.9410569686150394,13.997307882824233,55.55412539719406,0,2026-09-10 04:10:01
2026-09-10 02:43:00,CNC-02,M,22.811899093334375,37.03583108980553,2457.2113995432783,23.481360624491355,235.47597995868128,3.980794455670005,10.677117088522738,60.05573650680709,0,2026-09-10 04:10:01
2026-09-10 02:45:00,CNC-01,L,25.494313614990233,38.48798449138462,2442.440093536154,23.326506633258813,74.82841772713816,2.970910493078997,10.608537188268707,55.311225305626856,0,2026-09-10 04:10:01
2026-09-09 22:32:00,CNC-01,L,299.9216453720994,311.7913905624842,2661.081555742212,16.31639033412969,40.16917959287776,3.1749402280749597,8.059044477355378,58.678254909210374,0,2026-09-10 04:10:01
2026-09-09 16:28:00,CNC-02,M,298.87782872347356,313.5786739031813,1939.1943537084358,36.977386866293294,172.3708968729809,2.9209684736616697,13.174163936953002,52.055580365559045,0,2026-09-10 04:10:01
2026-09-09 21:40:00,CNC-01,L,300.4956698670862,314.133123420054,2555.870348799275,21.528435552146355,213.6924744844,4.167856016917606,10.437825657267748,47.41514675588033,0,2026-09-10 04:10:01
2026-09-09 18:02:00,CNC-02,M,298.8062778858649,312.7660382149012,1898.7786266388832,36.04020823272319,83.23493607265122,2.6546859516106394,12.692299698067988,50.999174506303646,0,2026-09-10 04:10:01
2026-09-09 04:14:00,CNC-01,L,296.9123600790536,310.3711757483457,2287.54229450502,27.349145371533822,26.2630622635743,2.8654358066865737,11.509386452579678,57.44089229735501,0,2026-09-10 04:10:01
2026-09-10 00:59:00,CNC-03,H,299.05516590723107,312.068095609839,2555.8056531918774,17.310050443969974,238.36993684432431,4.01549567237535,8.2290529757343,55.68943218319878,0,2026-09-10 04:10:01
2026-09-09 07:24:00,CNC-03,H,295.6613030050878,309.89350362757455,1878.8089252962345,40.043520826279476,48.93033221652124,2.534002713530087,14.263189616049887,63.457457783503955,0,2026-09-10 04:10:01
2026-09-09 17:54:00,CNC-03,H,299.889595813142,313.6720168619548,2009.2132490862737,35.51589329131637,2.716415362532504,2.616757709286225,13.36864509953166,46.7299220649619,0,2026-09-10 04:10:01
2026-09-09 12:35:00,CNC-03,H,297.2362800334438,311.31509314194716,1362.0760595682198,54.823789312152215,36.584808833922956,2.0537955332963715,14.003416798279117,52.78243972220915,0,2026-09-10 04:10:01
2026-09-10 02:22:00,CNC-02,M,23.41081013243695,37.20780630271042,2658.3683633148003,20.722891782886837,211.7398441437815,3.9073783061100076,10.622633710263058,57.99759501542331,0,2026-09-10 04:10:01
2026-09-10 00:34:00,CNC-01,L,299.0813650013584,311.78397584411573,2641.5113705655203,17.561104971828772,170.72856520547555,3.615513660082774,8.580372130688632,53.435892280455754,0,2026-09-10 04:10:01
2026-09-09 16:14:30,CNC-02,M,298.733022892818,313.4364639052296,1928.780728924759,38.23513637228126,152.476041086256,2.7686616658447045,13.840692088702253,58.835038075013365,0,2026-09-10 04:10:01
2026-09-09 18:48:00,CNC-02,M,298.72340561480434,313.3896732411996,2332.497981041729,30.303268939367467,142.96127981548716,3.0654573336842716,13.005473308346177,56.04023908282164,0,2026-09-10 04:10:01
2026-09-09 13:55:00,CNC-02,M,297.07434923079387,312.5175573903077,1429.5656782239669,55.547706516209466,188.34350296542647,2.6478459403724512,14.518100934600891,59.111639394880015,0,2026-09-10 04:10:01
2026-09-09 22:02:00,CNC-02,M,298.74080614844445,312.4256139645444,2609.2750970993857,22.044657110453592,155.7406808517388,3.5507793474850082,10.765697099815421,51.66017548579984,0,2026-09-10 04:10:01
2026-09-10 00:24:00,CNC-03,H,299.15441534533426,312.57918726059154,2788.872491060816,19.65573403887225,200.89477721160634,3.922758631704793,10.353837303269332,53.87406058621222,0,2026-09-10 04:10:01
2026-09-09 13:00:00,CNC-01,L,297.1922919760363,311.8754250226435,1554.4449527106244,49.02155731054358,147.5532214814616,2.5915557841271313,14.205898327768516,56.9183622535149,0,2026-09-10 04:10:01
2026-09-09 08:07:00,CNC-01,L,296.576919118532,311.0101368936909,1603.740223425336,46.00898117499133,112.29579299145925,2.3752485126847205,13.862225362054561,60.623839803811435,0,2026-09-10 04:10:01
2026-09-10 01:12:00,CNC-03,H,298.9862031733111,312.48547800575074,2719.306089958081,20.724761272966624,252.35347103269422,4.253132110215081,10.410731840029053,55.3007134321377,0,2026-09-10 04:10:01
2026-09-09 06:34:00,CNC-02,M,296.0607133558407,310.8064812191704,2062.801211720423,35.431601779573235,191.40899172015347,3.175568045261285,13.69453520545615,63.26733148428909,0,2026-09-10 04:10:01
2026-09-09 22:24:00,CNC-01,L,299.9090130154799,311.6816934494917,2591.496436160371,15.490915249843793,31.605832849588936,31.30699597797591,7.78575374658622,51.25548910490758,0,2026-09-10 04:10:01
2026-09-10 02:48:00,CNC-01,L,25.004224520916978,38.03428662300564,2556.3295365027748,21.9046075155269,78.18386567406488,3.1182696651102564,10.742389281004048,57.90036527874237,0,2026-09-10 04:10:01
2026-09-09 17:14:58,CNC-02,M,298.7742696217814,312.6900559140764,1836.81048138643,37.45878622151152,18.104736211797963,2.4237514665053825,12.642817671721925,51.55052302362459,0,2026-09-10 04:10:01
2026-09-09 18:55:00,CNC-02,M,298.68619248947886,313.1503360787616,2064.5810680694417,32.80831200083551,151.819908484756,2.887659877363852,12.81671617552336,50.957483116219194,0,2026-09-10 04:10:01
2026-09-09 14:42:00,CNC-01,L,298.3697511067697,312.5448295103976,1507.0975238856279,46.16724773947492,94.6401563282303,2.330160405306621,13.125252600190173,57.08647950101814,0,2026-09-10 04:10:01
2026-09-09 22:31:00,CNC-01,L,299.9725007745872,311.6876522183898,2587.496824138783,15.491280831342685,39.103739782547535,3.143059006232533,7.463532160245655,53.11938450232565,0,2026-09-10 04:10:01
2026-09-09 15:12:00,CNC-03,H,25.330497859021307,39.085988198309735,1487.7914489401055,45.659776992584305,9.095069104201759,2.1746837904835106,13.020958856971424,58.59945464883439,0,2026-09-10 04:10:01
2026-09-09 22:47:00,CNC-02,M,298.4526826693229,312.7001663012544,2592.7978004134193,23.937145066012096,204.74582166734643,3.7263302093251265,11.537658425202677,54.959976018266886,0,2026-09-10 04:10:01
2026-09-09 20:39:00,CNC-01,L,300.47533735518334,313.2160648739142,2415.3306155119826,20.595433206401722,144.45616236295155,31.551463511957724,9.333183607116116,51.21697625376979,0,2026-09-10 04:10:01
2026-09-10 00:02:00,CNC-03,H,299.2721625533331,311.9786835506908,2732.445891246653,17.217816826196866,177.55646832285515,36.51405872130574,8.794639728747523,56.31298157162507,0,2026-09-10 04:10:01
2026-09-09 12:34:00,CNC-01,L,296.96860900202665,311.6195061045595,1424.09396919443,54.58913996683558,106.23787213774256,2.1132901059776756,14.70213209330108,57.46693451596318,0,2026-09-10 04:10:01
2026-09-09 08:27:00,CNC-03,H,5149.037892018517,310.46329972901253,1726.507318774275,43.972888110238216,141.0493821936981,2.5005716797114212,14.334656255980093,61.45526443078156,0,2026-09-10 04:10:01
2026-09-09 13:28:31,CNC-03,H,303.0713274053179,311.23098910858965,1376.365736931591,51.360586222037256,120.43074072243175,2.1890551733269707,13.084512256820515,44.53423918616829,1,2026-09-10 04:10:01
2026-09-09 09:54:32,CNC-01,L,296.0109701200219,310.13887992970257,1460.9261291968935,47.85066852793586,84.53922379469599,2.2208479386415756,12.996453710058978,57.9455974420866,0,2026-09-10 04:10:01
2026-09-09 15:27:00,CNC-02,M,25.205279192538057,39.90979210865453,1658.8803430757628,45.5194822724765,,2.332124351001823,14.14267704187842,49.405077976326346,0,2026-09-10 04:10:01
2026-09-09 15:08:00,CNC-01,L,25.447532767098664,39.976529818401445,1518.8455689072819,48.02226560108086,134.3069909307977,2.415919655964993,13.617436728381966,54.62575755318554,0,2026-09-10 04:10:01
2026-09-09 23:57:00,CNC-02,M,298.143230625465,309.7335424214173,2747.8718103632023,12.933315483734843,55.1463040355465,3.2421195845892523,6.993996352530973,55.117860331377614,0,2026-09-10 04:10:01
2026-09-09 15:33:00,CNC-03,H,25.379962213052693,39.50556866739828,1584.0872931569309,45.95150851107888,40.65943500347587,2.3753527657639424,13.563467215825103,52.733106472208064,0,2026-09-10 04:10:01
2026-09-09 08:22:00,CNC-01,L,296.2555392253782,311.16419747538475,1758.1905792409348,44.05143639037038,134.32464366812937,2.596032930070034,14.7520002278442,59.238831577798365,0,2026-09-10 04:10:01
2026-09-10 02:44:00,CNC-01,L,25.097452194231323,37.7592878749698,2505.773007157338,20.691491468513092,73.64222808069324,3.0474280828661584,9.72376815034578,51.80073239019645,0,2026-09-10 04:10:01
2026-09-09 14:38:00,CNC-01,L,298.3255437687679,312.6575398990102,1520.2733653439946,47.84127684565502,88.58096570700324,2.115984438386675,13.457058629557817,54.31244958521721,0,2026-09-10 04:10:01
2026-09-09 21:52:00,CNC-01,L,300.34557023606436,313.806526772942,2527.3740914377386,22.086316912753542,227.02067696379845,4.256132364983203,10.380887788984351,50.675196955911396,0,2026-09-10 04:10:01
2026-09-10 04:05:00,CNC-02,M,295.82284423378303,309.81345257920304,2357.3272812336413,27.712180666897602,81.8086684094077,2.9791440909386173,12.059265352863502,60.375451721367554,0,2026-09-10 04:10:01
2026-09-10 00:36:00,CNC-03,H,299.048570546394,310.5763214051408,2760.1339716363996,11.1441023239425,213.54673327119596,3.850884922491625,5.835793598566723,50.99251375649613,1,2026-09-10 04:10:01
2026-09-10 00:48:00,CNC-03,H,298.9247721176826,311.90240057716403,2737.9706292881338,17.103158482464455,226.34731277190411,4.136756123884076,8.849013701817187,51.93900967097254,0,2026-09-10 04:10:01
2026-09-09 07:43:00,CNC-01,L,295.99348439939905,310.9982874636956,1848.4068336093528,43.02049615077104,77.11575847949052,25.08869412231669,14.865519314444892,55.51220732451709,0,2026-09-10 04:10:01
2026-09-09 14:39:00,CNC-02,M,297.8528005301933,311.8482507641869,1460.9262930620332,47.7015081155459,10.829477126491815,2.0329665847819025,12.984854641383107,59.06433013642224,0,2026-09-10 04:10:01
2026-09-10 01:07:00,CNC-03,H,298.9305183113932,312.6268200371148,2818.298350695712,20.89789465579487,246.96336737874316,4.361474186446248,11.120140747850185,52.87299329062968,0,2026-09-10 04:10:01
2026-09-10 03:07:00,CNC-01,L,24.736882531138065,37.563652003705556,2479.203258242359,21.17830728991833,99.84521043338158,3.100946573203386,9.879817835321845,62.393714097328036,0,2026-09-10 04:10:01
2026-09-10 03:36:00,CNC-02,M,296.05786880179863,308.86653321713726,2428.1732041161254,20.70240114144818,47.543614785921555,3.03086808525434,9.526295315353766,54.72848470828332,0,2026-09-10 04:10:01
2026-09-09 23:03:00,CNC-03,H,299.52818341975836,312.02345765604736,2645.9287477943885,17.999854811482358,114.87559218485158,3.2431202799860976,8.818365577633044,57.64366162281087,0,2026-09-10 04:10:01
2026-09-09 04:48:00,CNC-02,M,296.5060623251455,309.96521851695246,2169.7914278566823,30.16929483420651,52.35225704735246,2.7529922164380523,12.173877785418128,58.52965503346842,0,2026-09-10 04:10:01
2026-09-09 20:21:00,CNC-02,M,299.09143673538983,312.3103356647722,2508.5262521344316,22.6996355497214,41.65117984816614,3.057317864632478,10.669259467237275,48.33453159935881,0,2026-09-10 04:10:01
2026-09-09 17:15:00,CNC-02,M,298.7955274521336,312.57237189390594,1772.08100992119,39.43310376663628,19.49729135635313,2.3658315025179384,13.090460015294553,51.589710545513576,0,2026-09-10 04:10:01
2026-09-10 01:27:00,CNC-01,L,298.6915415412607,311.53765490760054,2714.7151680509332,16.967397184917882,227.5936964930775,4.435523732367352,8.455910648007954,54.34517393692951,0,2026-09-10 04:10:01
2026-09-09 20:44:00,CNC-02,M,299.09995792074113,312.97940462257264,2417.373584452007,26.203777904971755,68.36711737860573,3.005557674958847,11.922962383098355,50.16850824608985,0,2026-09-10 04:10:01
2026-09-09 20:55:00,CNC-03,H,299.9547960816458,314.15788696187116,2384.5329007853807,26.721850059369935,225.8003254259802,3.7058513576351864,11.78627027418742,49.73259984953422,0,2026-09-10 04:10:01
2026-09-10 03:31:00,CNC-01,L,298.06986805373623,311.9837559824205,2433.9230770069144,26.801415318218435,127.96174986661113,3.2516433310225805,12.216633318989265,53.35001843804608,0,2026-09-10 04:10:01
2026-09-09 14:21:40,CNC-01,L,298.37017395552743,312.72657551960265,1581.1383404596131,46.89653808911709,65.37087117906428,2.2044750357530183,13.798129629174282,54.69657943632229,0,2026-09-10 04:10:01
2026-09-09 19:44:00,CNC-01,L,300.87675816035755,314.62685652450807,2245.4581740800186,28.559193328357665,79.57503006449788,2.8966466266704307,11.854177825850662,53.41785995711156,0,2026-09-10 04:10:01
2026-09-10 02:51:00,CNC-03,H,24.81787556227539,37.94500476955983,2619.4384033296014,21.220437679657202,91.646683720757,3.176760831684326,10.531861427509472,48.929552155047546,0,2026-09-10 04:10:01
2026-09-09 07:31:00,CNC-03,H,295.75119915289224,0.0,1635.2742186084927,43.9400974962817,58.98255321072956,2.2523015647533846,13.504286012994486,55.23533916346057,0,2026-09-10 04:10:01
2026-09-09 11:20:00,CNC-01,L,296.5073178656574,311.2770992987724,1321.95529569399,54.140098147713374,217.07377081985877,2.9591413170410976,13.152622115604483,56.61745250668067,1,2026-09-10 04:10:01
2026-09-09 05:52:00,CNC-01,L,296.512294027387,311.0454700995482,1963.5479901216718,36.93560424963141,150.23236668090564,2.91196948238841,13.662860915441506,56.97739961398984,0,2026-09-10 04:10:01
2026-09-09 21:06:00,CNC-02,M,298.41973811941926,312.6812575365721,2541.2523615568048,26.654954388425505,93.44416527769438,3.1952534057310036,,58.77064455917229,0,2026-09-10 04:10:01
2026-09-09 07:22:00,CNC-01,L,296.2765524434526,310.17117178955823,1765.0787337897898,39.41712963018515,46.7342753886433,2.4118515332777144,12.942104167273797,58.05822876369695,0,2026-09-10 04:10:01
2026-09-09 07:40:00,CNC-01,L,296.2271909917924,310.97084636322313,1763.7088009205495,44.552566698751555,72.8024673106285,2.323728808653416,14.431276450092112,58.12132153730991,0,2026-09-10 04:10:01
2026-09-09 10:08:00,CNC-03,H,295.8208961810638,309.56205243444464,1329.4118082108985,49.15183032922065,73.24908195833244,1.9194241755442678,12.294708822407685,56.88009487002253,0,2026-09-10 04:10:01
2026-09-09 08:45:00,CNC-03,H,295.718862630667,310.86360450809764,1473.1585810529805,54.11045021433142,168.35700346375407,2.3820730421670175,15.090776874414866,59.137219982677536,0,2026-09-10 04:10:01
2026-09-09 22:06:50,CNC-02,M,298.64871884694554,311.0724629557646,2595.5388363771135,16.945630581831956,160.15543293340224,3.4849566539626715,8.172330191735947,54.79952361666076,0,2026-09-10 04:10:01
2026-09-09 14:48:00,CNC-03,H,298.2157990954542,313.46096483784373,1600.2471927518397,47.30459207274179,244.9293051836203,3.169585739644769,14.231401595711429,55.256958321414544,0,2026-09-10 04:10:01
2026-09-09 09:55:00,CNC-01,L,296.09127382019705,310.1737572565298,1463.0953780337031,47.69804877898702,82.97918220554983,2.1348240331776216,13.141007357645895,55.52673033722083,0,2026-09-10 04:10:01
2026-09-10 00:50:00,CNC-03,H,299.310771367158,312.3621879167627,2688.86736937453,19.154964096320988,228.50138398288635,3.972799234752775,9.31461622066397,47.265630287280146,0,2026-09-10 04:10:01
2026-09-09 11:54:00,CNC-03,H,296.76568045436426,311.7041971750134,1307.725249485929,56.56580221615617,240.84372021285947,53.325774799692304,13.483527416863497,55.27236222341633,1,2026-09-10 04:10:01
2026-09-09 14:12:00,CNC-03,H,303.72988995305946,312.76060437687823,1548.517129149679,47.89883611325635,189.15538535181557,2.611719042856952,13.751719484213003,46.26419128838038,0,2026-09-10 04:10:01
2026-09-09 22:19:00,CNC-01,L,,311.9903033484685,2567.9574985696854,16.000006742225967,25.994819260800828,3.1230982590780423,7.352921547255966,57.25504320913524,0,2026-09-10 04:10:01
2026-09-09 08:50:00,CNC-01,L,296.495143928525,311.64245110345826,1575.1502220273712,51.39062593104091,176.22796625756942,2.8102093561733246,15.145970474230184,55.38157149910457,0,2026-09-10 04:10:01
2026-09-09 05:49:00,CNC-02,M,296.1784348511149,310.2033372978124,2031.3441278011148,32.34691869495816,130.89881296325342,2.861790143796973,12.10530768525729,55.692676188774996,0,2026-09-10 04:10:01
2026-09-09 12:39:00,CNC-01,L,297.2647332244468,311.45835660049846,1367.9349235116365,49.10945650872006,114.23787213774253,2.081820858556338,12.558793742084,52.836691903258036,0,2026-09-10 04:10:01
2026-09-09 16:33:00,CNC-03,H,298.95722225172887,313.75934096673114,1763.77957096525,43.46038400765764,128.433517061687,2.5266780374854267,14.383002698375805,50.291741455212545,0,2026-09-10 04:10:01
2026-09-09 05:49:00,CNC-03,H,296.14716858868195,310.41828983929054,1979.8821700374235,36.66198163341407,142.25891828642347,2.793216088490459,13.640780005554209,62.02868269090635,0,2026-09-10 04:10:01
2026-09-09 07:10:24,CNC-02,M,301.4755217221772,310.92701240660926,1846.9685096069918,43.15581426161787,241.84451940764782,3.6575445128962802,14.969150723541611,50.14934645301033,0,2026-09-10 04:10:01
2026-09-09 08:42:00,CNC-03,H,295.73065975001646,311.04460940985473,1697.1662558879732,49.54891046445011,163.77865026682244,2.6270213156212305,15.895266189815286,57.275856865620575,0,2026-09-10 04:10:01
2026-09-10 03:39:00,CNC-03,H,297.48379857288586,310.2423700141561,2382.000810491468,21.441309500411315,146.98752508504725,3.093229230205348,9.48656334114837,56.131009838832014,0,2026-09-10 04:10:01
2026-09-09 17:02:00,CNC-02,M,298.8463160064115,312.4725123425146,1797.402663027349,37.108919234828136,1.4215244957860191,2.4386909418869998,12.610009116141335,53.78380910158813,0,2026-09-10 04:10:01
2026-09-10 03:39:00,CNC-02,M,295.87571159854633,308.1578881080095,2563.2935597277296,17.19424037430585,50.98820609968927,3.089677430907665,8.24219160229888,59.926431721444956,0,2026-09-10 04:10:01
2026-09-09 17:44:00,CNC-03,H,299.29550476531915,314.2401901524135,1925.3774421661153,38.25436209458937,226.95924585040007,3.273607677074648,13.494537200956165,54.45749874605725,0,2026-09-10 04:10:01
2026-09-09 15:45:00,CNC-03,H,25.54158458728176,40.13770143881845,1649.8159769324102,48.04475899736596,58.51058784203178,2.422161735200783,14.811282375123286,49.97502537650013,0,2026-09-10 04:10:01
2026-09-09 08:44:00,CNC-01,L,296.10368993014987,310.90974319075343,1603.0742986064663,48.70227766101651,167.09732167954192,2.7322093093769135,14.52200585191911,58.8757068379702,0,2026-09-10 04:10:01
2026-09-09 16:00:00,CNC-02,M,25.356329473753988,39.90996553673614,1702.4372875159852,42.271740923750485,132.31828613043658,2.554781300096131,13.37670685137373,55.61580060030793,0,2026-09-10 04:10:01
2026-09-09 08:42:00,CNC-02,M,295.971203493462,310.46736902465744,1461.8039707600867,49.45867611371004,127.50055310235723,2.3486497841739005,13.376993979012743,58.21418206333496,0,2026-09-10 04:10:01
2026-09-09 22:09:00,CNC-02,M,298.8351999067387,312.23665478953586,2748.6989913366315,18.618117668000092,163.43807160298184,3.5216139118118153,9.46970491754761,49.95647261396125,0,2026-09-10 04:10:01
2026-09-10 03:11:00,CNC-02,M,22.952147371886554,35.70660621392142,2380.8212404342153,21.07393628364084,18.397746848066177,2.975311991942663,9.427705626180536,58.86344560808878,0,2026-09-10 04:10:01
2026-09-09 05:00:00,CNC-01,L,296.6618055632592,310.46631343926606,2092.228297683023,31.955818886023913,83.33141269413606,2.729171803144308,12.763244929964115,60.220202110997505,0,2026-09-10 04:10:01
2026-09-10 00:14:00,CNC-01,L,299.27174475871834,312.96052070922224,2614.635467029294,23.23923127812508,149.15856531162714,3.493168306581429,11.047653427145534,57.26197787369496,0,2026-09-10 04:10:01
2026-09-10 01:08:00,CNC-01,L,298.48548222973335,311.46202596074266,2710.385258370064,17.656148551326215,207.34201270861246,3.992633517018879,8.989147493763062,55.74127217610968,0,2026-09-10 04:10:01
2026-09-09 16:04:00,CNC-02,M,298.328310610215,313.07961051517265,1682.6692032431188,42.6615463719364,138.08114954833047,2.472248567317521,13.474151732977258,52.23537984427286,0,2026-09-10 04:10:01
2026-09-09 13:16:00,CNC-03,H,302.8516532993698,311.279700275935,1481.868719599481,48.944595753340444,101.4376088932131,2.1706395061179244,13.574392348449924,46.19078591015833,0,2026-09-10 04:10:01
2026-09-10 00:19:00,CNC-01,L,299.38962345231425,312.5821435596939,2659.9789614386295,20.294041457150563,154.53447119268347,3.518352596087368,9.86763148018697,50.020471965543955,0,2026-09-10 04:10:01
2026-09-09 10:07:00,CNC-02,M,296.05351412115874,309.5587244718712,1229.783813446911,50.53793208286187,39.0070022634336,1.9583132991462648,11.65926140438276,60.79838435295422,0,2026-09-10 04:10:01
2026-09-09 20:29:00,CNC-01,L,300.9508710461889,314.6064640707835,2361.9502282793574,,132.86324145367666,3.2443746135790463,11.156959248564174,47.83098419464291,0,2026-09-10 04:10:01
2026-09-10 03:18:00,CNC-01,L,298.04692148690515,312.1384589743708,2153.1009370388165,32.4443440528097,112.78698047637691,2.9090577146966163,12.97594016064516,55.74266219770366,0,2026-09-10 04:10:01
2026-09-09 12:00:00,CNC-01,L,296.86003635680174,310.6074481921129,1334.711825000592,52.04264606343118,52.25823994224746,1.9337869316429768,13.01643626323794,56.441911651761394,0,2026-09-10 04:10:01
2026-09-09 14:31:00,CNC-03,H,298.16670120577953,313.138595549773,1416.0901117355208,52.00977396038155,218.71270830584504,2.809942660398496,13.872018224767958,55.817363687701565,0,2026-09-10 04:10:01
2026-09-09 07:20:00,CNC-02,M,301.0837117954886,308.95385968065585,1719.3512608014273,40.52249873601857,7.068220810931539,2.292298076703242,12.91764306813231,50.924250806795655,0,2026-09-10 04:10:01
2026-09-10 02:07:00,CNC-02,M,296.83690643135185,310.13924617149166,2734.392625714399,17.341858495902876,195.0167153173249,3.862824820699208,9.126615826770575,53.210209149026916,0,2026-09-10 04:10:01
2026-09-09 05:31:00,CNC-02,M,296.44381216570616,310.38076298729635,2004.348252348339,32.13893783120006,107.22727623325089,2.599658276628957,12.172717943434765,60.34339558393027,0,2026-09-10 04:10:01
2026-09-09 18:50:00,CNC-03,H,299.70784743386827,313.39887829020273,2114.869573922308,31.093952150023338,75.4043682619797,2.7307849757378975,12.373905035885102,55.189598364939926,0,2026-09-10 04:10:01
2026-09-10 00:26:00,CNC-03,H,299.2143721977645,313.24572556451477,2693.8516721586516,23.34315940803651,203.01397554160923,3.7294054407351123,11.888713670875791,48.98917826184932,0,2026-09-10 04:10:01
2026-09-09 05:36:00,CNC-03,H,296.1350299291502,310.31419128219983,2091.0204519170916,33.76728782113201,125.31562139303294,2.726798867776748,13.250487494764952,58.282927113391004,0,2026-09-10 04:10:01
2026-09-09 13:53:00,CNC-03,H,303.74791196583976,312.41209632852764,1417.4553301924816,53.71609677977384,159.57726009150036,2.353519594102969,14.461206447661683,48.17097041470861,0,2026-09-10 04:10:01
2026-09-10 00:00:00,CNC-02,M,297.7200653290415,310.3343923923033,2552.0140535719174,18.530704829089544,58.38721196281698,3.1220474681816874,8.83292038503673,51.85170021595551,0,2026-09-10 04:10:01
2026-09-09 22:46:00,CNC-03,H,299.4470665969647,312.05306380018067,2672.9835828985215,18.3553757815187,96.8236116516202,3.3174833016444114,9.34028916318887,52.83727132877424,0,2026-09-10 04:10:01
2026-09-09 13:34:00,CNC-01,L,297.50371857569706,312.57590730574094,1403.3908755738162,54.13772288223317,201.3678779400423,2.887922505326593,14.234416317684541,54.866173633813816,0,2026-09-10 04:10:01
2026-09-10 02:49:00,CNC-02,M,22.898401706001323,36.744752944370305,2624.921817137778,21.099383322889647,242.19112473167007,4.354237732609547,10.510163862526833,56.442074197835225,0,2026-09-10 04:10:01
2026-09-10 00:50:00,CNC-02,M,297.15976603899355,308.9624359639755,2786.186105245011,12.022208021673157,111.65694643558095,3.389004553142912,6.64032495243583,57.06075944915324,0,2026-09-10 04:10:01
2026-09-09 06:41:00,CNC-01,L,296.5875464947174,311.8168918364247,1908.5070352940459,40.377606730879506,216.15700990014432,3.5647112821754843,14.213654725608363,60.617184580646935,0,2026-09-10 04:10:01
2026-09-09 07:04:00,CNC-01,L,296.2817943332022,309.98684111757706,1730.422016261263,38.27664058002249,21.005056252569318,2.378058489953139,12.7475817593877,57.60837753462619,0,2026-09-10 04:10:01
2026-09-09 10:16:00,CNC-02,M,295.8809494019288,309.6593866620965,1386.5131167081192,48.712547632209585,52.997909900498065,2.127069884467841,12.322899677620413,60.104107769271565,0,2026-09-10 04:10:01
2026-09-09 14:47:00,CNC-03,H,298.6767577227878,313.85218607496887,1558.3794291715933,49.846839786061466,243.4115924219062,3.258830241268926,14.64375085033693,52.51908636070624,0,2026-09-10 04:10:01
2026-09-09 16:50:00,CNC-02,M,298.85557568201017,314.1364158773908,1778.5996675928102,42.92407792238376,203.8102260680339,29.479109443935688,14.35157603696842,49.06860201706971,0,2026-09-10 04:10:01
2026-09-10 02:16:00,CNC-01,L,25.164459402614057,37.23804247688577,2694.5423799902533,16.740740637061965,42.606071954132105,32.33198159923065,8.419984902032265,55.79058320776182,0,2026-09-10 04:10:01
2026-09-09 04:42:00,CNC-02,M,296.84637556684544,310.2062577193571,29546.83012119458,27.401070179328222,44.83764366018903,2.795420310124319,11.643854144268987,54.174023133778064,0,2026-09-10 04:10:01
2026-09-10 03:39:00,CNC-01,L,298.19243328605626,311.72650738218977,2431.420829159958,25.166688677648704,137.23748830202658,3.2184224999387996,11.40388501745257,55.45584331124331,0,2026-09-10 04:10:01
2026-09-10 01:43:00,CNC-03,H,298.42998866529047,310.8512512934481,2593.9273561264727,19.437415297623616,16.24914534355754,,9.285982942162834,50.00577522987781,0,2026-09-10 04:10:01
2026-09-09 08:35:00,CNC-02,M,296.26283474671106,310.57532620975206,1574.1438599230924,46.73829852693343,116.93084668766906,2.411765828313557,13.857074188495718,55.1556664969382,0,2026-09-10 04:10:01
2026-09-09 04:31:00,CNC-02,M,296.57333278424403,308.9694824680666,2308.588623799465,21.7475478517226,31.18050533992394,2.8178226888393216,9.308273818292955,52.22036442108015,0,2026-09-10 04:10:01
2026-09-09 19:39:00,CNC-02,M,298.804095085944,313.5959775554376,2419.9413678393325,27.771704789371984,206.15251593406313,,12.638339525792334,53.19063409770464,0,2026-09-10 04:10:01
2026-09-09 08:30:00,CNC-01,L,296.2373815312791,311.0310383131826,1662.0186352678518,45.706506229324155,146.16886595648782,2.5786695793598766,14.405802386645517,61.768096560381046,0,2026-09-10 04:10:01
2026-09-09 11:19:38,CNC-02,M,295.8454441122035,,1332.1984191362021,52.33669538112061,155.65480489698277,2.2990525778587485,13.131376393829877,57.6563884124202,0,2026-09-10 04:10:01
2026-09-09 08:01:00,CNC-02,M,301.6222289139017,309.9987464133102,1744.375832663918,42.016472336116344,66.67957433460737,2.4521367569355257,13.540083649851203,49.294879355596315,0,2026-09-10 04:10:01
2026-09-09 22:07:00,CNC-03,H,300.01558411606203,312.98851568027567,2343.6290287171664,25.54956974919666,54.56750071668548,2.8802749756539594,11.504956920562865,48.50819398240791,0,2026-09-10 04:10:01
2026-09-09 20:20:00,CNC-02,M,298.71679101937804,312.1927088778506,2458.363692394528,23.920704500724565,40.490088342321336,2.9013242403093606,10.715968380224954,54.83736951246924,0,2026-09-10 04:10:01
2026-09-09 23:35:00,CNC-01,L,299.38892418134884,311.9325301702211,2702.0098579564715,18.48328018530189,0.0,3.3700813939796452,9.348423528970695,51.14669051484416,0,2026-09-10 04:10:01
2026-09-09 12:11:00,CNC-03,H,297.27432182586915,312.107210148337,1403.8391244194736,50.362892573222105,267.85655543403567,3.3533036849049047,13.10947056982805,55.29710709186996,1,2026-09-10 04:10:01
2026-09-09 12:50:00,CNC-02,M,296.77973680167077,311.1510890296417,1405.2918882933589,49.01672498759898,85.78791746994811,2.0115037907347713,12.887654302446265,53.73765805972419,0,2026-09-10 04:10:01
2026-09-09 23:43:00,CNC-03,H,299.52458016064855,311.32434475840387,2821.3540469843815,12.879588702346659,157.51188570747425,3.5983819147054175,7.019763960661828,57.9336279965227,0,2026-09-10 04:10:01
2026-09-09 15:46:00,CNC-03,H,25.579706329313012,40.2272245618272,22681.738747736417,44.33228042838341,59.97109590847096,2.3055157627497773,14.64986209903883,50.26713635250623,0,2026-09-10 04:10:01
2026-09-09 19:31:00,CNC-01,L,300.4552003130586,313.9453804899263,2358.113711638349,27.0409214978858,63.64667838834873,2.9264966994298756,12.027422516129088,51.363036154417934,0,2026-09-10 04:10:01
2026-09-09 20:41:00,CNC-03,H,299.8864539335403,313.2780235370152,2444.8532952270098,23.350941291727775,209.91955729937504,3.585637037781679,10.635578390727392,51.84179385767091,0,2026-09-10 04:10:01
2026-09-09 15:28:00,CNC-02,M,24.782905167340573,39.716116516271086,1744.4254468251802,45.1292616003246,84.81423073786605,2.48641958650781,14.544252381090665,53.08559436711457,0,2026-09-10 04:10:01
2026-09-10 03:14:00,CNC-02,M,22.714467519854338,35.54810958452492,2392.2826285585907,21.71681260605139,21.90313076300187,2.9753263467673934,9.494508338863396,59.41230778003209,0,2026-09-10 04:10:01
2026-09-09 06:06:00,CNC-03,H,296.1109764658062,310.1327089756934,2182.54926428353,29.854332456301595,164.7665628209983,2.9386802305612876,12.176894268557506,54.30759986311004,0,2026-09-10 04:10:01
2026-09-10 00:03:00,CNC-03,H,299.4535081341521,311.85666485384235,2783.937635843781,15.35511670628145,178.58646832285515,3.70980146362204,,51.97681101350831,0,2026-09-10 04:10:01
2026-09-09 13:15:00,CNC-01,L,297.4464609135883,312.19873163183735,1387.8423541625837,53.642802847504925,171.36186619033896,2.5190237537562763,13.853254673436394,51.45114679658133,0,2026-09-10 04:10:01
2026-09-09 23:07:00,CNC-02,M,298.47462930280443,310.74493867938446,2656.2974060494953,16.620538616697143,2.09336903509483,3.1529500007963978,8.192897568674503,53.43433709803966,0,2026-09-10 04:10:01
2026-09-09 13:18:00,CNC-03,H,303.2951126281891,311.8615044741451,1363.8875328355489,53.4301946402964,104.63760889321308,2.1259728969779017,13.354435582363285,40.835285136049315,1,2026-09-10 04:10:01
2026-09-09 22:04:00,CNC-02,M,298.85128986020004,312.4802601572848,2663.205074319278,21.36560220258463,157.93753525215118,3.5704006731040594,10.542595086337144,53.185472487917785,0,2026-09-10 04:10:01
2026-09-09 23:41:00,CNC-02,M,298.341467211818,310.39417537235664,2606.948582484172,16.05039774498647,38.20190362303285,3.1789407442605313,7.765580759828506,51.801272000149595,0,2026-09-10 04:10:01
2026-09-09 07:46:00,CNC-02,M,301.39413687148374,309.70757658701456,1633.5867107794672,46.283382614602075,44.65598900477977,2.276260109253425,14.257919871136869,49.88123393908948,0,2026-09-10 04:10:01
2026-09-09 15:20:00,CNC-01,L,25.41171434332648,40.97028668008471,1633.6809354847032,50.661303251675875,152.45962830001932,2.55688631041781,15.306036020905458,59.31946937602092,0,2026-09-10 04:10:01
2026-09-09 20:40:00,CNC-02,M,298.87766377846805,311.70367052415537,2468.939593105356,21.25091228235996,63.80121657440684,2.9492032314824534,9.994095844904582,56.21897584594403,0,2026-09-10 04:10:01
2026-09-09 21:59:49,CNC-03,H,299.7823907035678,311.4858181569256,2616.875210880776,15.16062306432319,47.904075004972505,3.1145078891603037,7.158792530246558,47.6772597302715,0,2026-09-10 04:10:01
2026-09-09 07:20:00,CNC-03,H,295.5518648619721,309.05140048792487,1695.5087907197021,38.20796227314683,43.17418943426399,2.3068901577871177,12.033222659577767,54.9509436269417,0,2026-09-10 04:10:01
2026-09-09 05:10:00,CNC-02,M,296.3866720542839,309.6565812891425,2114.151948085818,29.084587319315816,80.3066914693569,2.792182197274379,11.352153795696896,62.447341555740806,0,2026-09-10 04:10:01
2026-09-09 20:15:00,CNC-02,M,298.89547500884504,312.31285963661816,2485.878339464147,25.383688446850968,34.59580980748017,3.02280834280945,11.756554232335949,49.853794412911505,0,2026-09-10 04:10:01
2026-09-09 04:50:00,CNC-01,L,296.90280964462585,310.1246351260468,2241.227691648815,27.455346641683434,70.67609563219045,2.90221348325091,11.40466437597419,,0,2026-09-10 04:10:01
2026-09-09 15:35:00,CNC-01,L,25.933149641362775,40.77546242305954,1568.3623253852934,48.56010362403742,174.88086460718065,2.746911728937041,14.37751577291448,52.46112105404702,0,2026-09-10 04:10:01
2026-09-09 04:10:00,CNC-02,M,296.8704136106712,310.03234781849284,2520.9188398846295,24.01103286174616,5.614787995389431,3.106846871024703,11.396534165117062,53.648235802311056,0,2026-09-10 04:10:01
2026-09-09 19:51:00,CNC-01,L,300.86510137875456,313.62808055205517,2424.8899118228233,22.87403231361871,88.0018026164529,29.660579507069034,10.331855721291149,53.80036526595007,0,2026-09-10 04:10:01
2026-09-09 08:59:00,CNC-03,H,295.8092015852436,310.79465534126234,1570.9061303639085,48.66378787944245,189.54736251318621,2.7299113161404853,14.563773600341824,62.720621566139464,0,2026-09-10 04:10:01
2026-09-10 03:37:00,CNC-03,H,297.17287484214467,310.5504857412685,2526.4909114334296,23.636685290934636,144.6275934227343,3.3070904431791606,11.134410385565968,55.76318742724206,0,2026-09-10 04:10:01
2026-09-10 02:12:00,CNC-02,M,23.67200145325711,37.391148473934834,2448.369102365125,21.417595126392435,200.58695862582272,3.7829705078788103,9.597642169051761,58.780749621347745,0,2026-09-10 04:10:01
2026-09-09 10:00:00,CNC-03,H,295.99521389061204,310.2360273993321,1476.304159370963,50.730755204462255,60.62496100245525,2.10332846027255,14.040141255684278,59.064790877930186,0,2026-09-10 04:10:01
2026-09-09 18:58:00,CNC-03,H,299.61488211629415,313.16706417144513,2121.1226237119163,29.76421129900947,85.58647429465887,2.871743645000733,11.820942990735988,51.30749543112621,0,2026-09-10 04:10:01
2026-09-09 11:32:00,CNC-01,L,296.32972337607634,309.9905142384838,1594.1846584754592,43.51713116786926,7.814752533855214,2.3119434373729004,12.988078504458711,56.52058220441277,0,2026-09-10 04:10:01
2026-09-10 00:35:00,CNC-02,M,297.4475834669754,309.7396475504193,2733.9268994111185,15.722216700016467,95.72770597809084,3.330282620818837,8.173258391331116,54.35088072941506,0,2026-09-10 04:10:01
2026-09-09 11:55:00,CNC-02,M,296.5425287996803,311.5088328933871,1329.0054506723613,54.35513268481323,209.6704922141608,2.674558127158468,13.309782864300784,53.23733455758098,0,2026-09-10 04:10:01
2026-09-09 17:25:00,CNC-03,H,299.37122666541694,314.18502724244905,1984.5779430734572,38.68523036520872,201.2876918838985,3.068734321225067,14.509433650576785,49.03400729642602,0,2026-09-10 04:10:01
2026-09-09 07:12:00,CNC-02,M,301.3218378664791,310.0979905272564,1813.6710875651104,39.92963072945297,244.63566317827792,3.5861034481208,13.539348104726747,48.20248949671468,0,2026-09-10 04:10:01
2026-09-09 19:07:00,CNC-01,L,300.6901595800194,313.3677382630723,2324.075894858203,24.501626749226006,34.11992036543687,2.7465777681398467,10.842609443044644,49.03517808077456,0,2026-09-10 04:10:01
2026-09-10 00:57:00,CNC-03,H,,313.5017790523248,2633.168633509173,25.240772963062067,236.11741796424974,3.8865329826103587,12.365106236496938,55.517937006769515,0,2026-09-10 04:10:01
2026-09-09 08:00:51,CNC-02,M,301.4986047272022,309.90583362801783,1664.1859452656304,44.57742538591967,65.2059628901752,2.1776196959820937,13.725466313081867,50.26508712758159,0,2026-09-10 04:10:01
2026-09-09 14:01:00,CNC-03,H,303.24097561888107,311.60288925322953,1398.4178938760087,,172.1333134795684,2.471039592373494,13.006984103672645,45.569273567969105,0,2026-09-10 04:10:01
2026-09-09 21:07:00,CNC-01,L,300.34534889503385,313.2355661226809,2572.045471210255,19.47042625369297,176.49263219121576,3.5945086234374877,9.220469492442033,43.121350679212405,0,2026-09-10 04:10:01
2026-09-09 15:56:00,CNC-03,H,25.946556731932958,40.4150350503499,1738.832616965234,43.04906387516437,74.8263912986511,2.3327973066048635,14.102200631024232,57.0449083070014,0,2026-09-10 04:10:01
2026-09-09 19:31:00,CNC-02,M,299.00541069322185,313.45960171499087,29568.71316250614,28.861077753890406,196.27970061785203,3.40401752714085,12.12841729002097,54.27690452878685,0,2026-09-10 04:10:01
2026-09-10 02:11:00,CNC-03,H,25.21286208612787,37.838364314878675,2529.006929016043,21.585554231037733,46.84834219538824,3.108520328778486,10.227765250693349,56.44112395916399,0,2026-09-10 04:10:01
2026-09-09 14:27:00,CNC-01,L,298.42731179546485,312.7087959647825,1524.644648458964,47.95587650848179,71.54861917713868,2.1885704423218812,13.66447975656268,47.22518547573999,0,2026-09-10 04:10:01
2026-09-09 22:06:00,CNC-03,H,299.8650503987414,311.02483907431434,2673.587182633054,13.431418110900239,53.40160343563172,3.291146069633699,6.60830984849998,51.53180264354324,0,2026-09-10 04:10:01
2026-09-09 08:20:00,CNC-03,H,295.49913914914555,310.1870626067347,1634.386513783145,45.78581414184432,130.6784093892131,2.3759334396795735,14.076391450773817,56.175559511712024,0,2026-09-10 04:10:01
2026-09-09 04:51:00,CNC-03,H,296.8099824437344,309.84321452005395,2381.7072390424482,22.782129719311957,67.9876241655598,2.867657410955739,9.939947672340585,53.233965540914845,0,2026-09-10 04:10:01
2026-09-10 02:26:00,CNC-03,H,25.07348782061365,36.89571104565408,2803.9973227239625,15.553433595083082,63.6256484003451,3.2962032339214646,7.86941876661152,55.57728918574329,0,2026-09-10 04:10:01
2026-09-09 06:32:00,CNC-03,H,295.81486049155393,310.8240270753782,1835.4874298297136,41.45199370688267,200.04802069080864,29.677483587940955,14.118568779808456,60.845598257915626,0,2026-09-10 04:10:01
2026-09-09 16:06:00,CNC-01,L,298.9334917258816,312.4781234343823,1702.1160537099524,39.01562106179138,20.477014698644652,2.2281384868186827,12.602242794387895,55.02066013302763,0,2026-09-10 04:10:01
2026-09-10 02:47:00,CNC-01,L,25.02197501082452,37.98365395664604,2551.3778171449876,21.80244287542542,77.06434851760928,3.10473719517721,10.263301398564282,50.77672205467034,0,2026-09-10 04:10:01
2026-09-09 15:00:00,CNC-02,M,24.804410234306943,38.44257670808605,1589.872074178619,40.716655793078054,42.75671054573969,2.4098262340161125,12.196840224062926,57.91305501241886,0,2026-09-10 04:10:01
2026-09-09 07:34:00,CNC-02,M,301.5251038052129,309.29123101803935,1821.3245184431503,37.96376269279338,27.21369751372744,2.4182838413946905,12.569846606909177,51.07968945014061,0,2026-09-10 04:10:01
2026-09-09 23:06:00,CNC-03,H,299.5451481445787,312.77646815115185,2693.16981653203,20.712940228042154,118.05982791465095,3.3763589992439513,10.396179405220279,53.58569090448928,0,2026-09-10 04:10:01
2026-09-09 17:33:00,CNC-01,L,299.7370245222767,313.73840785156017,1961.0738706332547,34.95832797149559,143.39456577060014,2.8103649270180755,12.593885410559965,49.811861283542854,0,2026-09-10 04:10:01
2026-09-10 03:44:00,CNC-03,H,297.3819634051445,310.8062040354851,2388.4537567449693,25.4129414150436,152.8718774427427,3.205820257051452,11.47600624219895,55.70203650164023,0,2026-09-10 04:10:01
2026-09-09 17:05:00,CNC-02,M,298.58207501220056,312.81998353577,1797.631436841775,41.62648043626936,5.6262459889619905,2.3425710636776618,13.705847421182124,55.79964783934225,0,2026-09-10 04:10:01
2026-09-09 22:58:00,CNC-01,L,299.7481297731994,312.13548843341783,2653.233833334757,17.7080887719942,68.26065105383108,3.2237378142349336,8.96102461393884,51.10498054028571,0,2026-09-10 04:10:01
2026-09-09 11:36:00,CNC-03,H,296.58345995726506,311.8857873565635,1541.4171638337734,50.27626093190569,212.178508334809,2.8657541940976197,14.418138768875357,56.182960859205885,0,2026-09-10 04:10:01
2026-09-09 06:24:00,CNC-01,L,296.50183296301566,311.4937419127198,1942.7927950865828,37.67307309481531,192.96516559291032,3.264478864223044,13.80216496680737,54.81261642640841,0,2026-09-10 04:10:01
2026-09-09 18:47:00,CNC-03,H,299.5536775193061,313.2032250167869,2151.917490220841,31.007682052007905,71.55290192932239,2.8316950145193465,12.622349778153541,53.79971409997726,0,2026-09-10 04:10:01
2026-09-09 04:20:49,CNC-03,H,296.7171917513964,309.6667427322428,2422.459865280237,23.7685775085063,32.08710612680421,2.910299013961041,10.928870048490404,55.68895430489929,0,2026-09-10 04:10:01
2026-09-09 12:40:00,CNC-03,H,,310.4626337878181,1398.1868500088933,45.48592195549004,44.48892029040764,2.1627175341283422,11.915226081893705,60.35214314059378,0,2026-09-10 04:10:01
2026-09-09 15:14:00,CNC-03,H,25.394666319227213,38.71552582161826,1436.1377809043165,46.22269642205259,12.15521404103152,2.158314988049481,12.201484146693304,51.031640168792265,0,2026-09-10 04:10:01
2026-09-09 17:48:00,CNC-02,M,299.19136262784673,313.3228346776536,1867.5684978815386,37.1105242744684,64.41758011767283,2.580917985100096,13.098832994533254,55.50310917436743,0,2026-09-10 04:10:01
2026-09-09 16:22:00,CNC-01,L,304.78278531489985,312.1500198151794,1708.6195021999445,38.87680280662096,43.76772206554495,2.267720764522725,12.329734441500747,40.41133904101156,0,2026-09-10 04:10:01
2026-09-09 19:11:00,CNC-01,L,300.8560819647211,314.1540467136272,2330.4868166106985,26.006142208094484,39.05556163243202,2.891458577008656,11.59969101353774,53.71127303637781,0,2026-09-10 04:10:01
2026-09-09 04:12:00,CNC-03,H,296.8264451839602,310.29670058672,2492.3295172543462,26.26854977820458,20.11931358736374,3.07383533349474,12.21117870479093,61.03765374440452,0,2026-09-10 04:10:01
2026-09-10 03:53:00,CNC-01,L,297.78514818156094,311.5318227425672,2312.5819959933638,,153.9790080477425,3.315970668764789,11.52684288890281,55.63928080623452,0,2026-09-10 04:10:01
2026-09-09 04:49:00,CNC-03,H,296.74589265763,310.47553400611963,2220.4910765909394,29.45217149979768,65.52129984469049,2.924497999669411,12.282094885412878,53.85255532970679,0,2026-09-10 04:10:01
2026-09-09 09:11:00,CNC-02,M,296.10809944243766,311.0108796054249,1397.1337390627593,53.57858048909673,171.41286185735095,2.415579539209174,13.918070370426848,57.24927380519833,0,2026-09-10 04:10:01
2026-09-09 22:04:00,CNC-01,L,300.4898218871361,311.5251600141784,2581.6676692682986,14.381599873721811,9.795203990430654,3.2105357843806055,7.0161610462102155,56.19276970377481,0,2026-09-10 04:10:01
2026-09-09 18:04:00,CNC-02,M,299.18808124351443,313.483189713468,1932.548192949829,36.45583248324946,85.9253050157471,2.5351567653160374,13.489745667386627,51.39934745932101,0,2026-09-10 04:10:01
2026-09-09 17:07:00,CNC-01,L,299.6689826863177,313.75721800292814,1764.6650434605228,39.03380669549238,107.54496084645184,2.457790458930082,12.927448446550711,50.798406142096084,0,2026-09-10 04:10:01
2026-09-09 10:09:00,CNC-01,L,296.20239891576364,310.58468921657703,1490.383679665477,48.73200122817066,104.85042107875631,2.3060118189206253,13.73409025858741,57.976083011587896,0,2026-09-10 04:10:01
2026-09-09 11:42:00,CNC-03,H,296.7259097850851,311.5798873662184,1320.474324954269,53.688881331061324,221.73899111081343,2.5956275823186092,13.420722346106693,53.93791417786606,0,2026-09-10 04:10:01
2026-09-10 00:47:29,CNC-02,M,297.71504561435336,310.2853034484796,2643.463038036811,15.816947448401875,109.58859897705258,31.49097538943438,7.896532865092951,58.32427489768917,0,2026-09-10 04:10:01
2026-09-09 21:50:00,CNC-01,L,300.0533655114725,312.85505907191407,2594.3108739334352,16.685132323286016,224.83233633412934,4.253893066668312,8.197834995538324,50.04550802659013,0,2026-09-10 04:10:01
2026-09-09 13:38:00,CNC-02,M,297.2410545216892,312.0069254298788,,47.174961824518824,161.51063707333793,2.4115498999262646,13.772248132807587,56.98731390946707,0,2026-09-10 04:10:01
2026-09-09 16:05:00,CNC-02,M,298.3889127379538,313.07787085430465,1744.2751327063963,42.60797133314764,139.50394522114993,2.568125422798186,13.688151863722023,49.56213258239543,0,2026-09-10 04:10:01
2026-09-09 16:49:00,CNC-02,M,298.80549538296054,313.3817497024003,1902.2753382609997,35.38396374468065,202.3730184929381,3.217028263486055,12.684636853220114,49.61627870575445,0,2026-09-10 04:10:01
2026-09-09 11:30:00,CNC-01,L,296.59620416324196,310.56117746939447,1350.5747736640926,53.31024387310464,4.7239896687579055,2.123427370840177,13.175819389022207,55.84958052425307,0,2026-09-10 04:10:01
2026-09-10 03:52:00,CNC-01,L,297.7566235682949,311.204188443484,2455.8592398860496,23.510648389165972,152.76358750568514,3.391127489808152,10.679158239533782,55.99079991958876,0,2026-09-10 04:10:01
2026-09-09 12:02:00,CNC-03,H,297.0636577208744,312.2537946267163,1433.5060346343016,52.363531301652515,253.58754070607122,3.1586498868243127,14.204671707291293,55.173627929277764,1,2026-09-10 04:10:01
2026-09-09 05:18:00,CNC-02,M,296.12471518012273,309.7956263240667,2174.631968834865,28.66048008097237,90.44477518010146,2.8320120089897176,11.554077859194987,61.697062824574814,0,2026-09-10 04:10:01
2026-09-09 15:03:00,CNC-02,M,24.894113548472887,38.65721174929081,1349.2587367137457,49.06908278452592,47.38742382161379,1.9947625459645228,12.315040578879005,49.50334526625419,0,2026-09-10 04:10:01
2026-09-10 00:12:00,CNC-01,L,299.36154919443294,312.16147311831656,2624.430648473447,18.34208038600152,146.9744108893616,3.397721182892437,9.104830741578995,52.67054026673125,0,2026-09-10 04:10:01
2026-09-09 17:04:00,CNC-02,M,298.8809776519202,312.75180313491046,1869.1711584088762,36.90909277744962,4.175799492479605,2.5073432681951373,12.824826304081748,52.45701527850154,0,2026-09-10 04:10:01
2026-09-10 01:11:00,CNC-01,L,298.4511214941702,311.5020476178238,2710.6220261170733,17.28229896945689,210.48397278795775,4.187524481357764,8.42528711703516,57.89263522180217,0,2026-09-10 04:10:01
2026-09-09 17:47:00,CNC-02,M,299.06728432265623,312.985077802763,1975.928735175325,31.63870779795984,63.02441590582951,2.607938718586366,11.734090260566347,53.7346505177662,0,2026-09-10 04:10:01
2026-09-09 16:29:00,CNC-02,M,298.40143345959257,313.64087294803784,1612.575012850386,46.74595814125547,173.8420326605747,2.638079898951009,14.08513628394234,54.90628194641252,0,2026-09-10 04:10:01
2026-09-09 05:02:00,CNC-01,L,296.63176223896755,309.93326003785967,2283.9782814730447,26.983665270414594,85.86331404893438,2.9898782098751373,11.649005676876856,56.0490707461075,0,2026-09-10 04:10:01
2026-09-09 15:04:00,CNC-03,H,25.338099770225654,40.491907060658036,1570.35404039085,47.69741537661216,269.27527553297614,3.490178568666317,13.838655795566632,53.00562556082364,0,2026-09-10 04:10:01
2026-09-09 23:54:00,CNC-01,L,299.36013347345505,312.6282490483833,2611.008493680968,21.885080290552942,127.9174981174068,3.328223381247185,10.90513375156271,50.12087597498788,0,2026-09-10 04:10:01
2026-09-09 08:06:00,CNC-01,L,296.32209436668717,310.5550211781758,1755.2559128604712,40.110907487050326,110.80213434960969,2.522271114248011,13.11103648759423,56.89182515074727,0,2026-09-10 04:10:01
2026-09-09 16:36:00,CNC-01,L,304.8580154266973,312.5935325252969,1687.7604312411975,,63.89800300508509,2.358051112268338,12.727179282316595,43.003359655343566,0,2026-09-10 04:10:01
2026-09-09 14:22:00,CNC-03,H,297.9824358026033,312.742451248145,1544.950321601577,46.62017964335237,204.71340634147984,2.760936341978079,13.41738614605066,56.29946446328468,0,2026-09-10 04:10:01
2026-09-09 22:46:00,CNC-02,M,298.5916368806792,311.53424461502834,2690.6652657176305,16.002411214734764,203.63537529863117,3.7778453805356826,8.143334969923558,56.29259482322722,0,2026-09-10 04:10:01
2026-09-09 07:44:00,CNC-02,M,301.5921730371852,309.5994337297397,1727.3296601961106,41.47423528551955,41.68478569329363,2.3807282255957576,13.349210115678224,46.72718717782834,0,2026-09-10 04:10:01
2026-09-09 12:09:00,CNC-03,H,296.7912737809364,312.4240821281728,1456.4551705394588,55.113313135274346,264.6725742628819,3.2267429414703046,14.964484237332004,56.323569346091766,1,2026-09-10 04:10:01
2026-09-09 19:09:00,CNC-01,L,300.41907251173245,313.7956680614648,2195.7844686775425,27.482760420516332,36.629456496781074,2.736919734229077,11.075675202056217,47.29945562115036,0,2026-09-10 04:10:01
2026-09-09 09:00:00,CNC-03,H,295.70115849752193,310.64530591629034,1509.6750573928718,49.90372012992381,191.09330591284208,2.640912737621238,14.337687253670087,61.9075083161897,0,2026-09-10 04:10:01
2026-09-09 06:41:00,CNC-03,H,295.71194335166354,311.27739658211283,1953.3644965639207,43.267001012885,212.43931592481215,3.1858143804122694,15.876251145188807,59.20036876032762,0,2026-09-10 04:10:01
2026-09-09 21:12:00,CNC-01,L,300.38972677245454,313.70414001039927,2495.5559942740556,21.49002381365319,182.16891750950867,35.96650965154219,9.78973243519424,53.96762283607207,0,2026-09-10 04:10:01
2026-09-09 23:44:00,CNC-03,H,299.60416556357916,311.6971620779202,2719.612224993523,14.625027815321763,158.57782340632093,3.6392764362627172,7.3571512234568255,53.624974228110524,0,2026-09-10 04:10:01
2026-09-09 11:19:00,CNC-03,H,296.87265131513533,312.118050200945,1405.1386953699816,58.05704622096327,185.26456540062148,2.44037536368433,15.37494528356688,57.33285422561393,0,2026-09-10 04:10:01
2026-09-09 17:08:00,CNC-01,L,299.85401461561224,314.49120364541847,1759.066054472427,44.31252288006766,108.99476132035983,2.6275504815164195,14.566520071756186,53.20693295172735,0,2026-09-10 04:10:01
2026-09-10 02:57:00,CNC-02,M,23.004876729963485,35.42311166845576,2431.370084386165,19.836136216284032,2.2889909424226857,3.0392080469454164,8.832056719258327,61.81400499315632,0,2026-09-10 04:10:01
2026-09-09 16:42:00,CNC-01,L,304.91481912278834,312.72644710402307,1754.8043250870987,38.24790006188924,72.46213235243847,2.3726898696079037,,41.55043986503638,0,2026-09-10 04:10:01
2026-09-09 10:13:00,CNC-02,M,296.0504651660728,309.9452511172066,1465.548856023053,47.559823276045684,48.33823404430689,2.0756238533220985,13.10145129450969,58.77458931323001,0,2026-09-10 04:10:01
2026-09-09 20:17:00,CNC-01,L,300.78612223118864,314.4784610434749,2331.85219801524,27.29258838659878,118.79079688810006,3.0548391212165154,11.789968200720566,50.68951022802121,0,2026-09-10 04:10:01
2026-09-09 12:47:00,CNC-02,M,296.75059019247635,310.9179747702024,,50.28558741441569,81.03914238713752,2.2000855138044417,13.21162724228569,55.44379585642822,0,2026-09-10 04:10:01
2026-09-10 00:44:00,CNC-02,M,297.6792602552013,309.7759904959223,2661.075140622358,15.733315593770888,105.37119824577321,3.3104438849578024,7.721097788535578,50.59751747278487,0,2026-09-10 04:10:01
2026-09-09 05:47:00,CNC-02,M,296.13032460941,310.4373306118231,1912.54577456866,36.93127210072072,128.28446038531555,2.6368894613231957,13.173495252955878,59.11205239816331,0,2026-09-10 04:10:01
2026-09-10 00:56:00,CNC-02,M,297.59196633824905,310.22835771230365,2783.5281596540267,15.997875322778668,117.99200688669315,3.3850082879031147,8.472068130763457,59.060640112099804,0,2026-09-10 04:10:01
2026-09-10 04:07:00,CNC-01,L,298.1628509805334,312.58424447583525,2249.2272716197594,30.33226058982218,170.76377877814227,3.290138160371901,12.616438260534162,58.534191658622674,0,2026-09-10 04:10:01
2026-09-10 03:29:00,CNC-03,H,297.58805142462745,311.017323175364,2398.434900126474,25.725715966523165,135.21572629604384,3.1332462950413804,11.643297183164911,57.62922832800349,0,2026-09-10 04:10:01
2026-09-09 15:58:00,CNC-01,L,25.965966679236658,39.59577462161184,1541.001250202266,45.423315235116924,8.807430032287531,2.1721582474714545,13.328960074457799,53.233540194925155,0,2026-09-10 04:10:01
2026-09-09 06:29:00,CNC-01,L,296.2024797348779,310.78637902954523,1833.3373985982307,38.52313440135623,199.7858807611435,3.161337796480723,13.277390770887575,58.32556121275034,0,2026-09-10 04:10:01
2026-09-10 01:59:00,CNC-02,M,296.9483191867687,310.1748282879461,2696.1141958825706,19.049794036146146,186.21692602227455,3.6983719971236555,9.534124123022165,60.28542334165891,0,2026-09-10 04:10:01
2026-09-09 22:17:00,CNC-01,L,299.97180399854545,312.2860149856867,2809.5189891800937,,23.81270180933049,3.318605312661022,9.863049288621497,51.74594005083486,0,2026-09-10 04:10:01
2026-09-09 13:10:00,CNC-03,H,302.988948031191,311.54235837730755,1372.052975272794,53.90604911780863,91.92194554324047,2.1340237385556082,13.796352478580205,45.882641019919724,1,2026-09-10 04:10:01
2026-09-09 11:52:00,CNC-02,M,296.410482339094,311.5556336271821,1408.7691940266193,53.31148825164421,204.89022686862705,2.7096071899748084,14.305482759180991,56.34373312403732,0,2026-09-10 04:10:01
2026-09-09 09:52:00,CNC-02,M,296.30837845928045,309.6780799619126,1519.2099885149578,43.40247690949171,15.533610724752338,2.123623943905217,12.337250757089851,58.402548180027516,0,2026-09-10 04:10:01
2026-09-09 12:40:00,CNC-01,L,297.30093663818053,311.65403616345515,1423.086095275771,50.14983380873475,115.83787213774252,2.231622899232116,13.29947384310311,55.4472955615188,0,2026-09-10 04:10:01
2026-09-09 21:41:00,CNC-03,H,300.09720582192307,311.804384566606,2567.0912395472146,16.278025261323393,25.832027958662742,3.0104633676951322,7.754089656256519,46.48373586614098,0,2026-09-10 04:10:01
2026-09-09 14:11:00,CNC-02,M,297.49392404525406,312.22199679089374,1286.1350703458938,53.49701214226975,213.3936741503983,2.7434870600621677,12.923360398054783,57.438956803066986,0,2026-09-10 04:10:01
2026-09-09 21:15:00,CNC-02,M,298.7358376979706,311.20876216719523,2700.1932067798784,16.66778131020093,103.53621777844792,3.3291195856427316,8.573188340014987,49.76365053538328,0,2026-09-10 04:10:01
2026-09-09 15:19:00,CNC-03,H,25.303136587863378,39.443093966238564,1421.1453877958365,51.22995806247896,19.73786678990943,2.071333732060677,13.930176573703635,52.75931015084137,0,2026-09-10 04:10:01
2026-09-09 05:06:00,CNC-03,H,296.56419468186556,310.63915825760614,2097.346256747852,33.54871634386357,86.63067512430841,2.736739268348874,13.038196948536463,57.65762914358438,0,2026-09-10 04:10:01
2026-09-10 03:07:00,CNC-03,H,24.602751278372523,37.227770394210665,2551.3769387375723,19.960872766132955,109.93315347952291,3.2011029057203357,9.855313350418736,56.593389751278735,0,2026-09-10 04:10:01
2026-09-09 12:05:22,CNC-02,M,296.1956663424513,311.0522203432229,1465.953729751699,53.855760050657125,12.721407895085507,2.2041185830139787,14.613468458363554,57.929802790110614,0,2026-09-10 04:10:01
2026-09-09 14:52:00,CNC-01,L,298.48855237314604,313.62261859301077,1577.6910990525655,52.73369137759295,109.97210203724896,2.399658974868629,15.325909502496577,55.16603727529926,0,2026-09-10 04:10:01
2026-09-09 13:25:00,CNC-03,H,303.1549461520255,311.701540566435,1472.8893813163681,51.26766919619192,115.6532294737281,2.2682835051822057,14.015298786042097,46.415666339399166,0,2026-09-10 04:10:01
2026-09-09 11:50:00,CNC-03,H,296.8710017227457,312.17228464691954,1447.069808899993,54.42825616317301,234.48209819595488,2.855096324070929,14.842732027894685,59.113685285554375,0,2026-09-10 04:10:01
2026-09-09 19:34:00,CNC-02,M,,313.69875842717755,2230.810490368874,30.57717237008444,199.96840804283096,3.43095570911794,13.029445199548691,55.421768838225375,0,2026-09-10 04:10:01
2026-09-09 04:34:00,CNC-02,M,296.9669380102322,310.0902448610093,2290.292411295453,26.956195745287822,34.94310765031166,2.860541823969805,11.427340662469593,51.17253114476085,0,2026-09-10 04:10:01
2026-09-09 09:30:00,CNC-03,H,295.4964338100268,308.82271264123153,1438.8867935017245,45.55687349002551,13.925796149108086,2.167964910670549,12.41590527271584,66.21798841843203,0,2026-09-10 04:10:01
2026-09-09 21:03:00,CNC-01,L,300.1429724577705,313.54958435024014,2373.1117543648443,24.513166385114783,171.9721828915272,3.3527719227512165,10.931736002399106,55.66462906019166,0,2026-09-10 04:10:01
2026-09-09 20:51:00,CNC-01,L,300.34037510806974,313.73084049298086,2560.3174281965407,22.562477376061782,158.2165512353962,3.5393853475999073,10.960798410196702,49.911284142618435,0,2026-09-10 04:10:01
2026-09-09 13:38:00,CNC-01,L,297.5998465006421,313.03751057409875,1427.5492542920815,54.48740381807163,207.71337710397432,2.9373225696709895,14.710180112436191,57.60670279035263,1,2026-09-10 04:10:01
2026-09-09 06:06:00,CNC-02,M,296.1114760851332,310.42375033551605,1979.4197867429307,34.668027071072885,153.44448243453365,2.9320102676328164,13.007949972366571,56.379636767985765,0,2026-09-10 04:10:01
2026-09-10 00:29:00,CNC-01,L,299.104067517905,312.5365524426906,2627.0631010849925,21.520015112252366,165.33153682735406,3.6365650942107153,10.566813043868093,60.837894706099114,0,2026-09-10 04:10:01
2026-09-09 04:25:00,CNC-03,H,296.9280183922216,310.0373876815652,2246.7202733332406,26.31180144742167,35.82037220036069,2.760644303223595,10.731492674542272,58.752570017919275,0,2026-09-10 04:10:01
2026-09-10 02:52:00,CNC-01,L,24.99428769796407,37.51921969542684,2457.4849746754257,20.915393294151144,82.73831784293456,3.109908779168764,9.561466911339046,51.8296113800898,0,2026-09-10 04:10:01
2026-09-10 02:38:00,CNC-02,M,23.036292866303995,37.04955273042708,2576.19126295944,20.707514583829635,229.80299656559885,4.053615044304382,9.91417922923989,58.34203220538111,0,2026-09-10 04:10:01
2026-09-09 13:03:00,CNC-02,M,296.8145078910743,311.0696722753989,1368.1611175398987,51.453719918804126,106.44842199834943,2.0602356411306393,13.005315561420396,56.96593084324249,0,2026-09-10 04:10:01
2026-09-09 23:59:00,CNC-03,H,299.37942984533265,312.3693497676002,2738.607218377187,18.120546155060634,174.37987261023355,3.572259133169249,9.334265097581588,55.36137301573955,0,2026-09-10 04:10:01
2026-09-09 14:15:00,CNC-01,L,298.05130757114506,312.2676158644742,1494.7871453419805,48.099815944177735,53.12731098352853,2.192653872618612,13.569031585557154,58.802046617889324,0,2026-09-10 04:10:01
2026-09-09 09:25:14,CNC-01,L,296.4723523579017,310.4995815219757,1576.2883833512606,,35.06098825679591,2.2699027746743123,13.656282591825759,57.62437359152534,0,2026-09-10 04:10:01
2026-09-10 02:58:00,CNC-02,M,22.72650953041017,35.29442787248263,2510.2655127415405,19.691802145092037,3.4125826055621307,3.107865461373738,9.389148605796793,57.96531727522034,0,2026-09-10 04:10:01
2026-09-09 06:20:00,CNC-02,M,296.04330117119065,311.2354587628406,1857.6629574018639,43.35399816771937,172.41405020406668,2.912514750315123,15.140082863258312,59.71186006773459,0,2026-09-10 04:10:01
2026-09-09 16:07:00,CNC-01,L,299.40333683890157,312.43112602146596,1706.4154426134594,35.35015358952267,21.943578385802617,2.347438189738602,11.272398001551238,51.47441336259109,0,2026-09-10 04:10:01
2026-09-09 18:49:00,CNC-02,M,298.8937098131695,312.91688473733905,2143.662157864195,29.31408515345895,144.24454528536572,2.9861864323709115,11.85612062082089,54.355199405121766,0,2026-09-10 04:10:01
2026-09-10 02:31:00,CNC-01,L,25.34422056592058,37.81617248493092,2563.8180219402707,20.14652132323526,59.185170325812884,3.106726545362922,9.927196014165467,55.59767370368635,0,2026-09-10 04:10:01
2026-09-09 14:06:00,CNC-03,H,303.5023910996486,312.9458445156176,1461.7886239877878,54.39189029305541,179.86741926233594,2.5082785682020825,14.644962287935211,44.30913231961319,0,2026-09-10 04:10:01
2026-09-09 06:27:00,CNC-01,L,296.2171799979363,310.42859899528014,2022.2361991867797,31.39198056478689,197.01231537591374,3.373791882368627,12.101409404021677,56.66430889143714,0,2026-09-10 04:10:01
2026-09-09 14:26:00,CNC-02,M,297.3705117592991,312.2425622654095,1450.975062242524,49.93279533149319,236.5733079461386,3.1372102590959967,13.664508454579343,54.14517681939495,0,2026-09-10 04:10:01
2026-09-09 05:40:00,CNC-03,H,296.0528581041275,309.90968313858633,2070.760200523199,30.307361825025087,130.5231270950195,2.783982215554309,11.816449140435804,58.870737896424174,0,2026-09-10 04:10:01
2026-09-09 12:59:00,CNC-02,M,296.93659773506033,311.58547454355505,1409.2568429471771,53.72015073579686,100.10433261891801,2.072393612790561,14.297513007514379,58.34784284909011,0,2026-09-10 04:10:01
2026-09-09 22:15:00,CNC-03,H,299.84624075152,311.922168812391,2620.30991363172,17.430904533231505,63.1760244724533,3.10247804973019,8.420775568112504,50.234392187195006,0,2026-09-10 04:10:01
2026-09-09 12:26:00,CNC-01,L,297.06083844209803,311.1513181653576,1388.3217569428914,50.33116765419111,93.47929710481095,2.0635350118314966,13.348248710152697,57.45892999607924,0,2026-09-10 04:10:01
2026-09-09 09:24:00,CNC-02,M,296.01288609732916,310.48817036413493,1457.903515617129,47.59254993828696,191.42205843081976,26.825229823523465,12.918379080765328,63.860260924424196,0,2026-09-10 04:10:01
2026-09-10 02:09:00,CNC-01,L,25.406673085609157,36.54232257801442,2598.468464487331,12.989912101672747,34.95236501790609,3.0661467030077993,6.425912576961799,54.35062328575713,0,2026-09-10 04:10:01
2026-09-09 22:40:00,CNC-01,L,299.46627082064185,311.62788699979336,2488.1884270150526,19.61153041844418,48.87157157837058,3.121382406257844,8.984302114048143,54.21978544905402,0,2026-09-10 04:10:01
2026-09-09 08:07:00,CNC-03,H,295.5026370266708,310.25610207571606,1614.17436479973,46.550409991437085,111.3468802180989,2.2745269795847998,14.06394847898179,58.11781654699184,0,2026-09-10 04:10:01
2026-09-09 08:32:00,CNC-02,M,296.13992168739617,310.49358203872254,1611.3620674046376,45.19071371343256,112.39402741213502,2.34727759081714,13.630589884718926,61.24982066558151,0,2026-09-10 04:10:01
2026-09-09 20:17:00,CNC-03,H,299.9703099833179,314.12207052862857,2471.0993245277527,26.958008079226797,181.9786078778974,3.348830851950223,12.618154801722076,51.668540667954446,0,2026-09-10 04:10:01
2026-09-09 12:41:00,CNC-02,M,296.9872898466518,311.55682646290927,1369.3216575672311,52.944533451695484,71.493130213522,2.0525887044899678,13.46096052229683,56.644185414485364,0,2026-09-10 04:10:01
2026-09-09 23:49:00,CNC-02,M,297.7863186812523,309.5987834990716,2747.2402809532496,14.470990065725642,46.659758143244694,3.2058908000022543,7.3898119348800275,56.69837742321957,0,2026-09-10 04:10:01
2026-09-09 05:43:00,CNC-03,H,295.8717536621181,309.286112154566,2158.04029875219,27.17636367282209,134.42367742319914,2.922362929779316,11.275768483412179,60.0865405729149,0,2026-09-10 04:10:01
2026-09-10 00:16:00,CNC-02,M,297.620008162554,309.854724283659,2753.717555860372,15.25784843034291,75.42679731243146,3.3715694030177104,7.991177271790905,54.58272376889232,0,2026-09-10 04:10:01
2026-09-09 08:05:00,CNC-03,H,295.6019274374232,309.9859133957886,1732.5327250987234,41.674786796673715,108.37599064998662,2.5172092330472733,13.552279168076065,59.175813157621185,0,2026-09-10 04:10:01
2026-09-09 23:25:00,CNC-01,L,299.51439270236096,311.95095460992275,2685.2933150629,18.254327072172707,97.08159569397377,3.334464192976429,8.88960549339381,52.236141373535844,0,2026-09-10 04:10:01
2026-09-10 00:14:00,CNC-02,M,297.8009784511042,310.68187527123575,2605.638285390952,20.00429642908116,73.31806368407966,3.1625176170786142,9.745422010223004,55.66766051799691,0,2026-09-10 04:10:01
2026-09-10 04:07:00,CNC-02,M,295.8443303213958,309.64230653812325,2448.005547557377,23.977953774538644,84.21927708245914,3.0056146749770574,11.035666916333938,60.490277727112556,0,2026-09-10 04:10:01
2026-09-09 17:19:00,CNC-01,L,299.80186580653174,313.6129688823968,2014.314023375828,32.55200334912687,124.18197274047081,2.847929346783397,12.514350436793015,56.88479901110671,0,2026-09-10 04:10:01
2026-09-09 16:02:00,CNC-03,H,298.82221179998925,313.56672237287177,1683.1642252155557,45.9155669038474,83.577612485746,2.288659882706114,14.550006529650966,51.96825003162477,0,2026-09-10 04:10:01
2026-09-09 21:16:00,CNC-03,H,299.98104731405243,313.82453391093895,2610.2658131855765,23.564147273317012,249.26811109037672,4.153034235480226,11.571712216478671,53.644686125787636,0,2026-09-10 04:10:01
2026-09-09 17:59:00,CNC-01,L,300.0068480603147,314.5886821534074,2064.656950747943,35.55580336417058,178.42151976519028,3.0843672748887947,13.811684584158316,50.212910740259,0,2026-09-10 04:10:01
2026-09-09 23:09:00,CNC-01,L,299.3787863254455,311.1005898330519,2696.850368950862,14.523893864071836,80.0031262913187,3.129794560308835,7.286754385888501,47.37606486695332,0,2026-09-10 04:10:01
2026-09-09 12:00:00,CNC-03,H,296.912795184911,311.99432113015,1420.4604507141687,52.46268608757242,250.41321979133767,2.96745548063249,14.039888602742995,57.486531072999284,1,2026-09-10 04:10:01
2026-09-09 10:29:00,CNC-03,H,296.13935577339646,,1589.7187966991441,46.9681711316818,106.08878032009405,2.3456053703863304,13.81570810720475,57.4158658738063,0,2026-09-10 04:10:01
2026-09-09 22:06:00,CNC-01,L,300.31734528136735,312.11685593337273,2597.0285285544896,16.64014980205637,11.955576005369506,30.96066260615442,8.032790092740136,49.821876145368925,0,2026-09-10 04:10:01
2026-09-10 02:22:00,CNC-01,L,25.475726087253122,37.43923487431374,2561.304296816806,16.70739537100839,49.08582257821678,3.1594434735155175,8.006527146408928,53.20262592217899,0,2026-09-10 04:10:01
2026-09-09 19:25:00,CNC-01,L,300.44560599688197,313.5185499031579,2282.7931465601355,25.690948515343372,56.36518376738222,2.8678622577938007,11.051026845661212,51.450618048198706,0,2026-09-10 04:10:01
2026-09-09 04:28:00,CNC-02,M,296.76519043441135,309.3239821289358,2278.1731849957428,22.98841492728544,27.53771556482733,2.9632776041261097,9.764983583743717,57.05020360895392,0,2026-09-10 04:10:01
2026-09-09 05:48:00,CNC-01,L,296.3402280917107,310.58599729942324,2117.1233809075543,32.76159033351725,144.92703151995994,2.9775612925770742,12.944870233689548,55.51923283238268,0,2026-09-10 04:10:01
2026-09-10 03:38:00,CNC-03,H,297.4838133134472,311.1491897857908,2385.9846475785153,26.764568036609717,145.82543107165304,3.0554317484454883,11.969173167529732,56.551596231086364,0,2026-09-10 04:10:01
2026-09-09 16:34:00,CNC-01,L,304.9032118292363,312.8236961115976,1741.8069177299938,40.96830931000099,61.007679999554526,2.4120006238360214,13.311586124370228,40.64464604925645,0,2026-09-10 04:10:01
2026-09-09 14:13:00,CNC-02,M,297.7362861112558,312.65174462724843,1331.7527297961424,54.4220187492876,216.436741353595,2.816745366614572,13.73260409955624,58.168808280266674,0,2026-09-10 04:10:01
2026-09-09 04:32:00,CNC-01,L,296.935572174404,310.75795635922,2241.2111603423814,30.929981692608084,48.190892497043684,2.769909047524798,12.806339600265686,55.657492227429884,0,2026-09-10 04:10:01
2026-09-09 06:33:00,CNC-01,L,296.3601814753537,310.8368007779492,1985.4811071895656,35.09955508553047,205.187536730319,3.4054468808587908,13.02176084660306,56.45249285634844,0,2026-09-10 04:10:01
2026-09-10 00:14:00,CNC-03,H,299.37195312295677,312.36680167541135,2710.6686845299464,18.257376785364517,190.20500597259687,3.5813120697552963,9.45059886132833,52.02260036939011,0,2026-09-10 04:10:01
2026-09-09 16:12:00,CNC-03,H,298.7051365605546,313.0642661977162,1677.2371558960253,44.41585377820037,98.14203733592223,2.365151900905207,14.011136594648528,53.7828924225205,0,2026-09-10 04:10:01
2026-09-09 16:05:00,CNC-01,L,299.2995563815307,312.998874002293,1666.1637513097467,41.04432110151057,19.001550503991623,2.2974970942405823,13.039628228176166,54.29514082255201,0,2026-09-10 04:10:01
2026-09-09 19:48:00,CNC-03,H,299.7419406060683,314.14598130920416,2325.000888210757,29.831703683469115,147.46736187579063,3.1106451155262733,12.795248698322341,51.5768204550985,0,2026-09-10 04:10:01
2026-09-09 05:56:00,CNC-02,M,296.091019027838,310.8679433151159,1965.279993852903,38.289761747585885,140.1326413005228,2.8444782814243124,14.082684234173314,53.67189607886192,0,2026-09-10 04:10:01
2026-09-10 01:50:00,CNC-01,L,298.48216495313244,309.7548735582566,2673.7276132443076,13.28117833309477,14.229368811747376,31.811022730210013,6.824107946113112,53.032319713434276,0,2026-09-10 04:10:01
2026-09-09 06:26:00,CNC-03,H,295.9949810032759,310.71183866493936,1954.993742013521,38.82356356404409,191.90581845565515,3.0278416328223257,14.111825133376867,55.80769929596178,0,2026-09-10 04:10:01
2026-09-09 09:59:00,CNC-02,M,296.11671425431655,309.96666718922194,1452.4074328626104,46.51520425934765,26.47038849938976,2.0763028975564657,12.7293187256081,57.86638505653372,0,2026-09-10 04:10:01
2026-09-09 16:47:00,CNC-02,M,298.70698586855247,314.1093354933962,1728.5926375433207,44.49280086346303,199.56630820522776,3.017274314474024,14.262450405126554,51.351559523894,0,2026-09-10 04:10:01
2026-09-09 06:41:00,CNC-02,M,296.0171964822784,311.35125018662995,1914.3702907543102,40.66440434217992,201.05293460620933,3.1209216801325916,14.53081365434627,59.01301058890809,0,2026-09-10 04:10:01
2026-09-10 02:15:00,CNC-03,H,25.12548137284773,37.362012041252626,2540.0007306983443,20.32609903072663,51.216928266995076,3.0769883748952647,9.79559989367473,56.67458235668407,0,2026-09-10 04:10:01
2026-09-09 20:47:00,CNC-03,H,299.9580951074031,313.5641322835246,2679.459778073953,20.960893164682588,216.6251383967545,3.8429433075409656,10.25228295804351,55.23441062015025,0,2026-09-10 04:10:01
2026-09-09 19:13:00,CNC-01,L,300.69925861122545,313.4720493105522,2243.716316224345,24.46211334255981,41.508691077459574,2.735655552842108,10.348471671019723,49.790967651969304,0,2026-09-10 04:10:01
2026-09-09 22:45:00,CNC-02,M,298.52754544926813,312.5011975853254,2544.3670138152534,22.006801997557208,202.5853252576818,3.6039469509121824,10.464612242961564,56.3534829517938,0,2026-09-10 04:10:01
2026-09-09 14:22:35,CNC-02,M,297.5227891600668,312.8408778901258,1689.8995934401441,44.39074662787568,233.47330079887448,3.292346562255186,14.171367261986518,55.4297631364304,0,2026-09-10 04:10:01
2026-09-09 18:52:00,CNC-02,M,299.0068838998512,313.191108108733,2214.295667528889,28.641024123211157,147.97728831669568,2.954157795072503,11.724188271647758,56.097085537363085,0,2026-09-10 04:10:01
2026-09-09 06:08:00,CNC-03,H,295.89169733929634,310.3510624174427,1897.1888497237048,36.141718568372475,167.48661271551396,2.830788029362918,12.855938128403773,58.638279502908084,0,2026-09-10 04:10:01
2026-09-09 11:30:00,CNC-03,H,296.54304046308187,311.1824561998488,1290.9256325990896,54.47573832031721,202.6596862845956,2.546577774239372,12.953984748281796,56.42384787920959,0,2026-09-10 04:10:01
2026-09-09 05:52:00,CNC-02,M,296.06313605446036,310.45635976402576,1995.5029481691947,35.59368277152045,134.8305617504903,2.779496715219587,13.419068244499247,60.40200001446888,0,2026-09-10 04:10:01
2026-09-09 04:13:00,CNC-02,M,296.9954036377992,309.77266560391706,2427.5306236765127,23.335114141543052,9.216165654562154,3.0320283568295197,10.772950791442335,57.52008416771687,0,2026-09-10 04:10:01
2026-09-09 05:14:00,CNC-01,L,296.70361446171563,310.2940773867224,2273.9213171879746,28.060790363672943,101.17602988061587,3.0041023004262226,11.890523799608705,56.03278565877717,0,2026-09-10 04:10:01
2026-09-10 03:06:00,CNC-03,H,24.747074853115294,37.691343067720936,2556.880765683706,20.858465246703464,108.81008025405062,3.155681350062377,10.039474117603081,54.5458196294589,0,2026-09-10 04:10:01
2026-09-10 02:31:00,CNC-03,H,25.191538807026348,38.31093354236117,2498.5215363068673,23.60329772127524,69.21022410374543,2.9825579161626443,10.749750879405763,53.2569980160672,0,2026-09-10 04:10:01
2026-09-09 15:09:00,CNC-03,H,25.27504465811097,38.84902464718101,1711.8345898591829,39.109419538658095,4.479810300446003,2.34572821176897,12.645932114414236,55.0493170159997,0,2026-09-10 04:10:01
2026-09-09 15:54:00,CNC-03,H,25.67820387353396,39.881444750576634,,45.99467586559821,71.84569467533407,2.3673360772514633,13.883956431771562,54.5598658900156,0,2026-09-10 04:10:01
2026-09-09 12:43:00,CNC-01,L,297.0035513384309,311.4994049752797,1406.2361041944298,51.73794116005167,120.59398987295076,2.131013037464068,13.420660204508524,56.224965392014674,0,2026-09-10 04:10:01
2026-09-10 01:37:00,CNC-01,L,298.4781783954075,310.33806890737617,2528.2149779996175,18.053168233146277,0.0,3.0642119496172366,8.573232601141271,53.267317151641635,0,2026-09-10 04:10:01
2026-09-09 13:44:00,CNC-01,L,297.8157733614913,311.4075312512772,1502.5571040527118,43.83664102927542,4.677943005287997,2.1885878905062004,12.561756020656363,57.93881765886978,0,2026-09-10 04:10:01
2026-09-09 14:30:00,CNC-02,M,297.87972055118405,313.4766233768122,1464.2955933213107,53.67541542550153,242.76757734495206,3.2766841620782827,,56.21958227525474,1,2026-09-10 04:10:01
2026-09-09 15:52:00,CNC-03,H,25.41331396013601,39.47125502781165,1660.4379195577071,41.93261548335448,68.79844689694627,2.324635336431966,12.725466824535017,58.1756527878088,0,2026-09-10 04:10:01
2026-09-10 01:36:00,CNC-03,H,298.6025383763647,310.49054589619976,2705.342203580421,16.839594324317233,8.636938396660344,3.24828161769931,8.604766230937658,54.261523446254735,0,2026-09-10 04:10:01
2026-09-09 06:49:00,CNC-01,L,296.2824008493792,309.2973511965429,1954.017616850317,31.296504849874545,0.0,2.5469474069463343,11.33586913577086,60.58296346460026,0,2026-09-10 04:10:01
2026-09-09 13:29:00,CNC-01,L,297.49906116865094,312.5205774417023,1469.6987161641325,51.092129455831135,193.43867110367032,2.8622066655154286,14.075751856226502,54.70559608748708,0,2026-09-10 04:10:01
2026-09-09 16:27:00,CNC-01,L,304.92942621978256,312.7152122849257,1745.0009363446406,38.8476927489981,50.92677169957624,2.435224850259004,12.480329885748278,40.11460311175055,0,2026-09-10 04:10:01
2026-09-09 11:54:00,CNC-01,L,296.40196054287566,309.9328017338012,1420.929419205094,46.94283384471398,42.78871217424068,2.000452685813551,12.501297270276066,56.922788035458126,0,2026-09-10 04:10:01
2026-09-09 10:01:00,CNC-02,M,296.0815345772336,309.94256849196455,1516.8943593379145,46.190539212195375,29.559766332484866,2.1074615702010706,13.168702046491777,58.999567628747705,0,2026-09-10 04:10:01
2026-09-10 03:45:40,CNC-03,H,297.2440187546158,310.59571684071005,2534.7254393233816,22.023480900654786,153.99452867696752,3.2895470198588397,10.283134667359633,57.17095026369631,0,2026-09-10 04:10:01
2026-09-09 07:12:00,CNC-01,L,296.63494436197163,310.33103499768447,1896.632055337609,35.23449853074392,32.44073201791611,2.4934432598751557,12.536917336022702,58.26787460795615,0,2026-09-10 04:10:01
2026-09-09 20:42:00,CNC-01,L,300.6329804777491,314.6229380165458,2412.102679934256,27.406727458705536,,3.231595332817907,12.257054406188463,50.52121873141993,0,2026-09-10 04:10:01
2026-09-09 16:20:00,CNC-01,L,304.6718733333763,312.6986977444206,1751.381222532879,39.90175102332796,40.83420137423852,2.36233499415825,13.244855210384717,45.6515730352979,0,2026-09-10 04:10:01
2026-09-09 06:29:00,CNC-03,H,296.0087847054053,311.1678830485531,1925.527480936422,42.032541544051,195.99112099627402,3.1317908869878774,14.914354354155837,56.93559882435856,0,2026-09-10 04:10:01
2026-09-10 03:36:00,CNC-03,H,297.41605390117604,310.618137284122,2434.0446401166673,21.84759957876977,143.48539417555887,30.815020749596968,10.003056959310014,53.23332724429999,0,2026-09-10 04:10:01
2026-09-09 19:40:00,CNC-02,M,298.9905462251526,313.40851094908425,2410.9688034506057,27.129849897261774,207.3379358121693,3.7600533615086067,12.312894403393058,54.63871078208853,0,2026-09-10 04:10:01
2026-09-09 20:57:00,CNC-01,L,300.5290976637519,314.1972668362667,2525.8052396886574,23.95719276301825,165.1839746256866,3.4715632781734214,11.180955371315862,52.32353377698128,0,2026-09-10 04:10:01
2026-09-09 22:28:00,CNC-02,M,298.65487297031706,312.42464095102906,2628.454575174427,20.5864973471422,184.0976072945625,3.6025306895914717,10.384302609069394,53.927513666629565,0,2026-09-10 04:10:01
2026-09-09 19:29:00,CNC-01,L,300.4836548023189,312.87418778744694,2378.4719088507345,20.22132916722293,61.2412407603687,2.9211080342593507,8.972182103521298,49.44095934342354,0,2026-09-10 04:10:01
2026-09-09 17:00:00,CNC-03,H,299.0592920085319,314.21530143708696,1955.849013390458,39.94915726985961,166.74601386194539,2.876480971559874,14.674405306800065,47.62036570373495,0,2026-09-10 04:10:01
2026-09-09 15:23:00,CNC-03,H,25.41539154820964,38.876401919242824,1649.0050828313665,40.38039818123718,25.739793731237953,2.3841843760837285,12.303738902624826,56.943735109578,0,2026-09-10 04:10:01
2026-09-09 17:59:00,CNC-02,M,298.8653880879236,313.1470916523781,2017.7785938287352,34.61208107446019,79.26029391748085,2.814825574386337,13.117918232583241,55.669059767138236,0,2026-09-10 04:10:01
2026-09-09 18:09:00,CNC-01,L,300.37391130936174,314.711948699623,2028.4083331336165,33.931779098508244,191.715923235996,3.3779264911174134,12.951433992304052,49.607685252007755,0,2026-09-10 04:10:01
2026-09-09 19:58:00,CNC-03,H,299.84651161175765,313.24237249028243,2504.657799960097,22.218280814529077,159.460179338033,3.2537473830735495,10.460049622130295,53.170201429363765,0,2026-09-10 04:10:01
2026-09-09 07:17:53,CNC-01,L,296.73227391346313,310.53531923517244,1734.1252975691953,39.38741817269862,42.39605027446745,2.2346394720261293,12.79516484412051,56.493930919194064,0,2026-09-10 04:10:01
2026-09-09 22:37:00,CNC-03,H,299.72362465153043,312.0104924252328,2727.2598969592073,17.116286450281592,87.1782715035746,3.2528268154897786,8.593293148252197,50.15971401254229,0,2026-09-10 04:10:01
2026-09-10 01:17:30,CNC-03,H,298.6820154819176,312.80195352517234,2649.8328899703624,23.868644164298416,259.98767535128525,4.351442452899587,11.764707056598528,49.739149593736194,0,2026-09-10 04:10:01
2026-09-09 06:48:00,CNC-03,H,296.03228515791017,311.13674927476933,1993.162086664176,39.692436174407966,222.12351765684141,3.3557638170782442,14.666987283733913,56.914901515030955,0,2026-09-10 04:10:01
2026-09-09 12:26:00,CNC-03,H,296.9073215185702,310.27851988773534,1351.337469462267,46.797648736661195,22.2872867451083,2.0891939983310683,12.039670538151977,50.15765609670406,0,2026-09-10 04:10:01
2026-09-09 05:06:44,CNC-01,L,296.7295948382083,310.2376824583334,2383.4839854105453,26.39854186133401,90.91721165043164,3.0433901064142472,11.878185694796636,57.18368135856988,0,2026-09-10 04:10:01
2026-09-10 01:41:00,CNC-03,H,298.75551000788744,309.89717976090793,2511.2824690938933,13.131873449788591,14.11407618052006,3.021742456630965,6.381111593069974,56.49285297734697,1,2026-09-10 04:10:01
2026-09-09 04:56:00,CNC-02,M,296.5265894876613,309.8941272448665,2153.0119683328317,28.9768300513172,62.512911542338244,2.8059460155818083,11.60095065103612,56.46731289688674,0,2026-09-10 04:10:01
2026-09-09 16:23:00,CNC-02,M,298.4008642313671,313.83827673839954,1776.1069923829962,44.388805459277116,165.33613494138316,2.7724514937387177,14.723716269096142,56.68075024911427,0,2026-09-10 04:10:01
2026-09-09 19:04:00,CNC-01,L,300.2512328937183,313.60076222873965,2150.9353733347502,28.889702996637844,30.409645675837957,2.6875914634205897,11.830828553937272,53.98568053733477,0,2026-09-10 04:10:01
2026-09-09 04:48:00,CNC-01,L,296.7760430526522,309.94930765268026,2336.6242305425662,25.616535954403762,68.10924629435303,2.9928027668344894,11.325813997759386,57.48103682515514,0,2026-09-10 04:10:01
2026-09-09 23:25:00,CNC-02,M,298.3240576965033,309.5376276776477,2759.844110465989,11.21759377962236,21.22824813419377,3.3635275162930447,5.557669229112885,52.71018484019213,1,2026-09-10 04:10:01
2026-09-09 10:14:00,CNC-03,H,295.8181028914824,310.0925563579241,1495.065469233974,48.243928751561604,82.61810507855384,2.205921508583138,13.25470900012183,52.68515795223175,0,2026-09-10 04:10:01
2026-09-09 05:13:00,CNC-02,M,296.3957857953478,310.19586011730354,2119.148594779041,30.280045993227045,84.11958963067167,2.7808864663006907,12.095685359028028,59.13192324439637,0,2026-09-10 04:10:01
2026-09-09 08:02:00,CNC-01,L,296.09428820416275,310.5085265723161,1690.7260632360521,43.617031521989475,104.89153807412538,2.4003023440880593,13.623088068470771,56.29649183673836,0,2026-09-10 04:10:01
2026-09-09 05:30:00,CNC-01,L,296.66587729498883,310.2617090361246,2168.353227825749,27.13646477939138,121.57734867608582,2.781417768704103,10.994834272956446,56.00334863926808,0,2026-09-10 04:10:01
2026-09-09 23:38:00,CNC-02,M,298.11117347374187,310.1747480914013,2747.482113595379,14.81491664559775,34.977153383232746,3.2518535904932153,7.4798142469405215,52.702584112913165,0,2026-09-10 04:10:01
2026-09-09 05:37:00,CNC-03,H,296.2633721234849,309.7650799015393,2051.606652066712,30.270211984849038,126.6119199950339,2.784755525748915,11.752124847121594,59.32481914833637,0,2026-09-10 04:10:01
2026-09-09 08:16:00,CNC-03,H,295.3010509204994,310.31391508222555,1729.4444317816312,45.51607041030139,124.7156488942635,2.47781972557361,14.382911817569939,63.30259248110123,0,2026-09-10 04:10:01
2026-09-09 08:10:00,CNC-01,L,296.2058877560308,310.6886755538622,1592.2236132646306,46.3985716515843,116.72021968335218,2.3122996804139992,13.87061005814594,55.40895194611042,0,2026-09-10 04:10:01
2026-09-09 16:26:00,CNC-02,M,298.3533920599146,313.1475205879495,1759.7547964781256,41.45563895954529,169.6023261325534,27.14899141799019,13.534261945251096,59.33967864594266,0,2026-09-10 04:10:01
2026-09-10 00:11:00,CNC-01,L,299.11955205630255,312.42965666125843,2627.197298995355,21.778226226952043,145.8780209955652,3.4775673804116405,10.734198978905265,51.6807879344883,0,2026-09-10 04:10:01
2026-09-10 03:52:00,CNC-02,M,295.7216518395595,309.5087112396769,2307.6662313604847,26.80771448976477,66.30549423460539,2.868276799617833,11.420612898397033,59.0702410539975,0,2026-09-10 04:10:01
2026-09-09 10:26:00,CNC-03,H,296.1506475468516,310.40060543056444,1410.4438075239955,52.47695814022234,101.35545148937103,2.0559741525693407,13.874998835590416,58.9998158161266,0,2026-09-10 04:10:01
2026-09-10 02:03:00,CNC-01,L,298.3927373089858,310.10962244376833,2766.5930168827413,14.995474013458283,28.423614713640557,3.200950547098154,7.620783005692145,53.96519179275923,0,2026-09-10 04:10:01
2026-09-09 10:04:00,CNC-03,H,295.84394399355176,309.6589423150212,1428.508413229796,46.37948574808415,66.94693487746804,2.1092800266266036,12.130917464252047,61.14648003254077,0,2026-09-10 04:10:01
2026-09-09 20:33:00,CNC-03,H,299.8454311189841,313.8784711970901,2510.885975462733,25.267173906558952,200.57473939772603,3.4732126921607676,11.87908758420601,50.190578664654915,0,2026-09-10 04:10:01
2026-09-09 13:28:43,CNC-03,H,303.15154284054336,311.6056501150635,1379.9667584588701,52.205782628019776,123.59826534863787,2.122841904110073,13.308605829601248,45.65663589386767,1,2026-09-10 04:10:01
2026-09-09 06:50:00,CNC-02,M,296.0528692550291,311.2112017210578,2001.4567148711387,38.39888401237332,213.66880364816845,3.293392636648736,14.60641485474382,56.16570711886969,0,2026-09-10 04:10:01
2026-09-09 13:16:00,CNC-01,L,297.45409518711045,311.78363809835093,1281.8809701159096,54.22236747832544,172.96186619033895,2.514100124835327,12.951496242479312,57.956081988380404,0,2026-09-10 04:10:01
2026-09-09 15:29:00,CNC-03,H,25.213045465312064,38.55841233746668,1638.3609846689012,39.095732973680725,34.726821371132644,2.32730565895023,11.805051288328922,53.57767621818605,0,2026-09-10 04:10:01
2026-09-09 12:53:00,CNC-02,M,296.9510370978211,311.3554931971518,1331.6239338259365,54.07558133764577,90.55984569793925,2.0388561726502243,13.227953327162533,59.60534482340779,0,2026-09-10 04:10:01
2026-09-09 23:00:00,CNC-02,M,298.34055274179184,311.2461787796754,2687.7851546129323,16.324745888074627,218.65518915145904,4.0234488768664525,8.353680875527719,55.562508377574666,0,2026-09-10 04:10:01
2026-09-10 03:30:00,CNC-01,L,298.0872873838875,311.64036890002586,2410.796608786846,25.255598536244886,126.77397813083391,3.2445652034240253,11.503595463530853,58.43444045673307,0,2026-09-10 04:10:01
2026-09-09 20:14:00,CNC-03,H,299.89746172745214,313.9672449259541,2292.758275647764,29.961369075772566,178.4735230812939,3.1742377569626656,12.803011409672964,51.58990375059795,0,2026-09-10 04:10:01
2026-09-09 14:34:00,CNC-01,L,297.9076785489053,312.3021754574,1508.773836337418,49.09347719516587,82.41412386168774,2.256990751787048,14.11458183108513,55.82455025520988,0,2026-09-10 04:10:01
2026-09-09 06:09:00,CNC-02,M,295.9948741499573,310.30072254656756,1922.0595175423975,36.889805953733465,157.45848659705612,2.849009949939587,13.367878846883555,54.16677957459445,0,2026-09-10 04:10:01
2026-09-09 14:52:00,CNC-03,H,298.5644948621449,313.9436432894072,1654.7683906758605,46.44777575840712,251.03254809377339,3.389878056883127,14.15685296476157,55.2680573007555,0,2026-09-10 04:10:01
2026-09-10 00:51:00,CNC-01,L,298.63078704350454,312.1455007375336,2659.0026636920234,21.158437525992678,188.92960915839905,3.8938222563926828,10.43562767135704,55.24288328554725,0,2026-09-10 04:10:01
2026-09-10 00:52:28,CNC-02,M,297.28645017070124,310.15472886201695,2708.8133432606187,18.03412418924026,112.71787006153913,3.3673100383654635,9.183162561254969,56.81691470517381,0,2026-09-10 04:10:01
2026-09-09 23:14:00,CNC-01,L,299.61505709522964,311.3029510856839,2648.6276110762774,,85.39627214254114,3.2217618444897598,7.704055966469728,53.9839813909625,0,2026-09-10 04:10:01
2026-09-09 19:01:00,CNC-02,M,299.25187404152916,313.61873073352734,2338.2873527030038,28.822328800167714,159.2771283668147,3.1733247891871277,12.516568389039657,54.85973542569971,0,2026-09-10 04:10:01
2026-09-10 03:01:00,CNC-02,M,23.00211125085241,36.014510598235574,2425.682618367252,23.633656922438053,6.841075949453434,3.0338302685522907,10.740074133755037,59.56716541762011,0,2026-09-10 04:10:01
2026-09-09 19:17:00,CNC-03,H,299.7384982046019,312.30736158396576,2346.5094345964817,20.61871891935164,109.33213457138305,2.9827156484485156,9.166863375113223,47.96246607616251,0,2026-09-10 04:10:01
2026-09-09 13:28:00,CNC-02,M,297.1557318632815,311.8799963369397,1416.4359376445111,51.765730932787164,145.99069166098442,2.2212555175587987,13.771101036463438,53.152929002817864,0,2026-09-10 04:10:01
2026-09-09 04:44:00,CNC-02,M,296.57247017625986,310.21513148446286,2146.3811443763047,30.424581105262348,47.36297255598695,2.809133492200904,12.069651316462398,52.867348345287965,0,2026-09-10 04:10:01
2026-09-09 08:43:00,CNC-03,H,295.66268011957055,310.0084007504444,1570.7206057346782,44.29718235761739,165.28549075616553,2.4505667464231404,13.070199171616428,62.353300363832034,0,2026-09-10 04:10:01
2026-09-09 17:53:00,CNC-02,M,299.15416315060565,313.2786211331382,2017.877464561682,34.18634383063167,71.17814474052138,2.6696219429319656,13.093389358883853,52.442094372729194,0,2026-09-10 04:10:01
2026-09-09 14:18:00,CNC-01,L,298.11182861549554,311.9711938627498,1487.8016523161355,46.26019248026273,57.78180328344294,2.2871497935379375,13.159074801985625,54.3307724106148,0,2026-09-10 04:10:01
2026-09-09 07:24:00,CNC-01,L,296.4395199224744,311.2138525509594,1869.006858532073,43.11926791042683,49.629401160106056,2.561223433785097,15.230678009272607,58.481116102935054,0,2026-09-10 04:10:01
2026-09-09 12:56:00,CNC-03,H,302.8992924778341,310.85206795940724,1395.7139349412564,49.28854862691241,69.69491152713137,2.1249865252014235,12.997066201131013,46.24105868555291,0,2026-09-10 04:10:01
2026-09-09 23:45:00,CNC-01,L,299.2685425409111,311.795519446933,2675.8311563944253,18.794620203119198,118.39962530142377,3.3481908309356534,9.25493626465387,51.234906269742275,0,2026-09-10 04:10:01
2026-09-10 02:55:00,CNC-01,L,25.064144689074283,37.78066708059316,2448.8153321383875,21.753382091612515,86.1421022109806,3.0734567141819906,9.924493122047425,51.611109151418994,0,2026-09-10 04:10:01
2026-09-09 14:24:37,CNC-01,L,0.0,312.3889046300548,1453.3000825376553,50.458985472246944,68.51495637470056,2.0354277465897566,13.608692538203506,51.82863984690027,0,2026-09-10 04:10:01
2026-09-09 23:00:00,CNC-03,H,299.266731536742,311.75261395166365,2707.6871603324284,18.24857502880114,111.70649767419889,3.3694452778685147,8.987036660815262,55.453108190974135,0,2026-09-10 04:10:01
2026-09-09 22:22:00,CNC-02,M,298.4219160236145,312.71760869448315,2596.5493303590288,25.0383630908467,177.5684635105189,3.574700550349359,12.17311536261857,48.355986826128465,0,2026-09-10 04:10:01
2026-09-09 13:01:00,CNC-02,M,297.0945343408999,311.1746339780363,1317.2628443276883,52.22488092525789,103.28835917787113,2.0918114616139647,12.791223879805019,53.25902859096966,0,2026-09-10 04:10:01
2026-09-09 22:51:00,CNC-01,L,299.67346635652,311.9701548333481,2669.6689822072,17.64028240299059,60.723276268073455,3.3136737449245146,8.712622993888987,54.95702991181329,0,2026-09-10 04:10:01
2026-09-09 23:51:00,CNC-03,H,299.77139733583584,312.2935444223131,2686.881507211405,16.950556511730397,165.92621265952712,3.569372721528259,8.624178388478185,52.41977907938876,0,2026-09-10 04:10:01
2026-09-09 21:07:00,CNC-02,M,298.873163017623,312.1915743181195,2602.365827073276,20.57640776497489,94.55402072439463,31.83971987387678,9.688159598214297,50.64153454931932,0,2026-09-10 04:10:01
2026-09-09 14:10:00,CNC-03,H,303.6856484187985,312.2393296181841,1431.608565787743,51.60324744288969,186.06231002042676,2.541568415750177,13.82104984145578,47.463239461520324,0,2026-09-10 04:10:01
2026-09-09 23:47:00,CNC-01,L,299.46396549306473,311.76053585566086,2739.803554202724,15.744276898246362,120.54252789545399,3.538400707648271,8.09127495528391,50.15454345902364,0,2026-09-10 04:10:01
2026-09-09 11:40:00,CNC-01,L,296.5586034856882,310.34562076086917,1389.072960631963,49.76308644829105,20.538873396766522,2.1004773811612143,12.904448660295294,56.87872637505564,0,2026-09-10 04:10:01
2026-09-10 00:26:00,CNC-02,M,297.6949490337335,309.9776212093635,2665.407691548343,15.209889148698391,86.02608809619883,3.2591596042204958,7.6717058320179845,57.66583904908226,0,2026-09-10 04:10:01
2026-09-10 00:36:00,CNC-01,L,299.20427337745343,312.0198441004974,2657.934350175682,17.689433914967065,172.9056757930807,3.6241650190951114,8.825403902856134,49.98152261045979,0,2026-09-10 04:10:01
2026-09-09 17:58:00,CNC-01,L,300.1825095524124,314.5888224776729,1837.0934481511804,37.931721092641354,177.0797448647309,2.998719841468758,13.02170596537535,50.502634121096534,0,2026-09-10 04:10:01
2026-09-09 19:47:00,CNC-01,L,300.8118043687058,313.4395791680977,2289.323832484264,23.987691031590938,83.21499500176152,2.8408515389810836,10.221286628560565,44.97215902553439,0,2026-09-10 04:10:01
2026-09-09 06:03:00,CNC-01,L,296.30333296754185,311.1649174287846,1975.5186988831288,38.189827209053064,164.66318542091904,3.0094233718741252,13.9956401393042,52.31231735589179,0,2026-09-10 04:10:01
2026-09-09 15:25:00,CNC-01,L,25.676051978362068,40.45636569097911,1600.2358667115536,,159.9292571293821,2.5868078861130193,13.475269278280225,53.89699414196191,0,2026-09-10 04:10:01
2026-09-09 06:33:00,CNC-03,H,295.9196918567894,310.23576539022855,1882.0964722823264,36.630413345672444,201.42283106391127,3.060524510741571,12.829316139318946,57.83824085236166,0,2026-09-10 04:10:01
2026-09-09 15:01:56,CNC-03,H,25.55811689503105,40.38080097478672,1535.9246238155108,47.008262768194584,264.68127070600997,3.3270240050573157,377.42007494005566,52.91477558692505,0,2026-09-10 04:10:01
2026-09-09 20:48:00,CNC-01,L,300.6027480272462,313.1318262104895,2579.815134166081,15.92694604617644,154.7431579416245,34.168107247999316,7.581504488483734,49.26330154834778,0,2026-09-10 04:10:01
2026-09-09 20:29:00,CNC-02,M,298.96060510426975,312.70037874675097,2324.0822854513544,28.260391791713694,51.12245259482708,2.9131479788348105,12.185079607475592,57.05240824272673,0,2026-09-10 04:10:01
2026-09-09 12:17:00,CNC-02,M,296.598010404388,310.6436530978413,1389.9449723174712,52.598943562306,33.45115417848938,2.1299119381011113,13.639080048214488,60.311155590143095,0,2026-09-10 04:10:01
2026-09-10 03:08:00,CNC-01,L,24.929053466350354,38.10103289487745,2526.83788495693,22.25406112171151,100.97434167117754,3.1626955209793737,10.48785591850771,53.996795225100875,0,2026-09-10 04:10:01
2026-09-09 08:08:00,CNC-01,L,296.2841240448906,310.05510656642355,1599.8195662768887,41.13947774186235,113.75771487403168,2.3590569300361897,12.287510321593127,57.544024379519655,0,2026-09-10 04:10:01
2026-09-10 02:32:00,CNC-03,H,24.996090171948254,37.349429111644156,2566.9639920761256,18.59333966198441,70.32325714441667,3.1283959157822196,8.936105224493826,57.12628991792384,0,2026-09-10 04:10:01
2026-09-09 12:37:00,CNC-02,M,296.39902990257985,310.14406154885626,1286.546039784551,50.084211935284884,65.17196209413476,2.015309048874156,12.058758746195023,59.98275206735151,0,2026-09-10 04:10:01
2026-09-09 16:54:00,CNC-01,L,305.02624671325174,313.3093510660078,1867.7205550994029,40.16852350012702,89.32183220544407,2.514701299632196,13.743306278319942,42.6913180179337,0,2026-09-10 04:10:01
2026-09-10 01:36:00,CNC-02,M,297.2671081013159,311.2113971721889,2741.2185273393457,20.995175925432626,161.32836213041278,3.5757246854315143,10.704751621147574,54.63755651242119,0,2026-09-10 04:10:01
2026-09-09 20:14:00,CNC-02,M,299.03905845074553,311.68455498207567,2462.5118008563195,20.56577241159739,33.420740901433184,3.02217576574174,9.675998237077861,49.40946549803295,0,2026-09-10 04:10:01
2026-09-09 12:34:00,CNC-03,H,297.21411128218284,311.27749638378333,1492.730221506792,49.110417711411415,34.98710855225721,2.2602179533647133,13.538330477331595,51.2742635046067,0,2026-09-10 04:10:01
2026-09-10 01:32:00,CNC-03,H,298.78602606297943,310.8741613395083,2555.6849552236085,19.068369131371842,4.291115934749434,3.173905094621274,8.943351477386763,50.054793683863885,0,2026-09-10 04:10:01
2026-09-09 12:33:00,CNC-01,L,297.047487238883,311.41780969584755,1391.896917429622,52.31241904908506,104.64212930457636,2.076106761538404,13.579939899331132,53.82282960384583,0,2026-09-10 04:10:01
2026-09-09 04:12:00,CNC-01,L,297.061420126049,310.17646030395275,2123.023815613398,28.800226834909047,23.858322127867055,2.7173440754849727,11.355052616998918,61.22369365736265,0,2026-09-10 04:10:01
2026-09-09 12:51:00,CNC-01,L,297.4353161762319,311.44000146722624,1456.3197581248057,46.72577392095586,133.32222465048875,2.231538954093651,12.536392944654251,53.09512382522102,0,2026-09-10 04:10:01
2026-09-09 10:34:00,CNC-02,M,296.1228188063601,309.86910096475367,1380.3733841627209,48.413139830292515,81.48867048266844,2.073460315301439,12.783557051088941,57.48575702924329,0,2026-09-10 04:10:01
2026-09-09 23:20:00,CNC-03,H,299.5577325193351,312.61423018597924,2775.6043672011747,18.74707001232278,132.96320932941563,33.86320839700211,,53.28414892977432,0,2026-09-10 04:10:01
2026-09-09 10:02:00,CNC-02,M,296.17320915929497,310.61578092659477,1568.4189920959109,48.037379829401175,31.098570567070244,2.1776651557409563,13.93183199190124,55.67167131166801,0,2026-09-10 04:10:01
2026-09-10 00:15:00,CNC-01,L,299.3188690342736,312.79313544812857,2586.7742315546025,23.01524102487869,150.26570655463505,3.3704346068249253,11.05896701992976,51.11350075783377,0,2026-09-10 04:10:01
2026-09-09 11:54:00,CNC-02,M,296.6665715773786,311.8263480367824,1416.926822985682,53.11164062006987,208.0704922141608,2.800953107251544,13.998021581157948,60.36550532485293,0,2026-09-10 04:10:01
2026-09-10 02:18:00,CNC-03,H,24.892185636777242,37.002762698447384,2647.627971204415,17.950987736624494,54.58400248399725,3.194036738150178,9.011243592705387,53.557769840012305,0,2026-09-10 04:10:01
2026-09-09 11:36:00,CNC-01,L,296.65518410856106,310.81192188027313,1416.6719370495116,51.99439406308233,14.214752533855213,2.039421669208781,13.770369536650524,52.419749673183496,0,2026-09-10 04:10:01
2026-09-09 23:14:00,CNC-03,H,299.5242751728154,312.44054596200215,2590.095905257933,19.490900254648245,126.5814871640879,3.201135802419416,9.37568458838417,52.76925339517619,0,2026-09-10 04:10:01
2026-09-09 21:49:00,CNC-02,M,298.7808701688638,312.64246401494563,2607.856909195988,23.45243223160761,141.4916735458112,3.389988550544937,325.493480701432,54.20155795795592,0,2026-09-10 04:10:01
2026-09-10 02:35:00,CNC-01,L,25.081935634289323,36.72651945827181,2696.406690586086,14.769899413215715,63.513458767893695,3.2137987896686755,7.369602387601309,52.74019632326676,0,2026-09-10 04:10:01
2026-09-09 17:48:00,CNC-01,L,300.1422923721053,315.643895977296,2144.0010842153883,38.50166373999571,163.6493222451392,3.165823069456542,15.510660848379702,48.057392369007026,0,2026-09-10 04:10:01
2026-09-09 14:43:00,CNC-02,M,297.79624686030456,311.7347535071238,1450.7256762299903,48.14107039051289,17.020462870303184,2.1275520354982898,12.749304308268226,55.130876788404784,0,2026-09-10 04:10:01
2026-09-09 05:55:00,CNC-01,L,296.1046801123655,311.0677339443005,1993.8870022658984,38.31787489161535,154.2075112870876,2.93523591367667,14.52127910908254,57.609203505235584,0,2026-09-10 04:10:01
2026-09-09 07:29:00,CNC-02,M,301.26304548170134,309.05899600568875,1730.002015692106,40.65578527316512,19.943967156182744,2.2866391442660525,13.174162453399632,50.73347297806888,0,2026-09-10 04:10:01
2026-09-09 11:48:00,CNC-02,M,296.04627741702103,310.741350257873,1290.4451140930803,54.37823089820435,198.5635351552423,2.536349083044187,13.071673602562285,61.286933242470134,0,2026-09-10 04:10:01
2026-09-09 07:39:03,CNC-03,H,295.5748597642139,309.4054162541308,1770.8057835534064,37.970552318021696,71.97854088458442,2.463439190650366,12.697466267587755,62.408776448008304,0,2026-09-10 04:10:01
2026-09-09 11:57:00,CNC-02,M,296.419224481287,309.9697185268293,1392.38536854086,48.370688313252685,1.6,1.9913581587702842,12.630073453697506,57.66435517108075,0,2026-09-10 04:10:01
2026-09-09 22:12:00,CNC-02,M,0.0,312.03418580834017,2612.5267643303396,20.32448523452626,166.70020497489082,3.4256144087845573,9.774331928021276,51.216345677308695,0,2026-09-10 04:10:01
2026-09-09 06:55:00,CNC-03,H,295.58638715298457,308.5152311278507,2032.5903145657458,27.56880291577409,8.135217085964168,2.5901545987408983,10.443561150756084,56.88939768446532,0,2026-09-10 04:10:01
2026-09-09 21:42:00,CNC-02,M,298.6324279470715,312.1974385628663,2552.0689710682,21.41235406326319,133.72224620580346,3.199876483586327,10.208325422592507,58.36592373691319,0,2026-09-10 04:10:01
2026-09-09 15:39:00,CNC-03,H,25.464356689924273,39.271091984425595,1509.7230364419388,46.3687567364982,49.6458288098671,2.0827598834368906,13.02878146673882,53.987833987160926,0,2026-09-10 04:10:01
2026-09-10 03:24:00,CNC-01,L,298.3051478924117,310.83124848848337,2425.377178721942,20.275142370605785,119.75945993090222,3.148897003776381,9.05452118730082,59.078035998934666,0,2026-09-10 04:10:01
2026-09-09 15:59:00,CNC-02,M,25.47929791732082,40.35344664518783,1687.0968161567098,45.287176701061135,130.86565181160745,2.5823317184196357,14.126887758617428,56.09473016998959,0,2026-09-10 04:10:01
2026-09-09 05:08:00,CNC-02,M,296.3789796009373,310.57191585378956,2182.801873241143,31.959966980315066,77.71222578545829,2.812304172920799,12.998149584196472,61.8434883241025,0,2026-09-10 04:10:01
2026-09-09 16:09:00,CNC-01,L,299.2299272654296,312.4334352975208,1648.4587513504696,37.63320180664742,24.870525775296468,2.3390162131969823,11.444296993234042,50.65654898874487,0,2026-09-10 04:10:01
2026-09-09 09:22:00,CNC-03,H,295.4390479240564,309.39752253527627,1451.3148098609201,47.8494713641813,1.5573611977279271,2.1354008383758907,13.008092377628927,60.54739045343382,0,2026-09-10 04:10:01
2026-09-10 03:09:00,CNC-02,M,22.758526713411243,35.83309896009882,2381.0105923454266,24.409955128100734,16.037359597589276,2.8545366814656092,11.088918646689947,60.22968461047517,0,2026-09-10 04:10:01
2026-09-09 07:02:00,CNC-01,L,296.33360051778203,309.8164944887243,1754.6086769085944,36.863265612697,18.206141204701268,2.448982114341199,12.053647486028805,54.86976608490612,0,2026-09-10 04:10:01
2026-09-09 11:35:00,CNC-02,M,295.9408801124355,310.2768971670391,1310.0472259938715,52.75484361881964,177.93817954351843,2.3648816390301746,12.967014979829337,54.585940526226814,0,2026-09-10 04:10:01
2026-09-09 07:55:00,CNC-01,L,296.41375295970954,310.7150023158288,1703.226438608015,43.111392458158505,94.50512151208288,2.447699471365684,13.911193318091273,57.85940562981322,0,2026-09-10 04:10:01
2026-09-09 11:36:00,CNC-02,M,295.89855491729935,310.53197027256886,1398.1936234015388,49.55532867178039,179.53059357919156,2.4968284473595683,13.137849045162099,57.1119812486191,0,2026-09-10 04:10:01
2026-09-09 20:42:00,CNC-02,M,298.8854241892811,311.4861602164383,2526.1680845195233,20.008596494190154,66.05013891469255,3.056323449276219,9.169504763269694,56.24727996562452,0,2026-09-10 04:10:01
2026-09-10 03:06:45,CNC-02,M,23.166819517820272,34.46100265115706,2528.890631939913,12.146206055019658,12.504441704249723,3.0630785211013998,5.812288960252564,60.533096842387195,1,2026-09-10 04:10:01
2026-09-09 16:27:00,CNC-03,H,299.02030815363685,313.4611208754437,1840.1195680472977,39.582190544119605,119.81676655941331,2.52216346873869,13.629527399794938,55.54755101896701,0,2026-09-10 04:10:01
2026-09-09 08:39:00,CNC-01,L,296.4326737795703,311.88823482656636,1723.375111703697,47.39494489933322,159.58955043554752,2.844357639257881,15.542189883222266,54.957206951453024,0,2026-09-10 04:10:01
2026-09-09 07:38:00,CNC-01,L,296.4280800998373,309.96570897707784,1712.8060664045997,37.1945482246787,69.8411320134527,2.4265178203712834,12.283470122160782,59.78623843055376,0,2026-09-10 04:10:01
2026-09-09 09:06:00,CNC-03,H,295.94378459848474,311.94006057015457,1457.3594570381592,57.91497464666,200.36151929976072,2.528049119547952,15.654722200401226,58.83923048356868,0,2026-09-10 04:10:01
2026-09-09 05:42:55,CNC-02,M,296.3920196664256,310.1189134168689,1958.5817164696732,32.303297390231656,121.63163649828017,2.6817191756089644,11.864369412543118,57.485778580179364,0,2026-09-10 04:10:01
2026-09-09 07:06:00,CNC-01,L,296.4882454461921,310.1277967755464,1722.7961596347998,38.75364757817159,23.822149792885664,2.2915887079693142,12.436241348383822,56.20624217110651,0,2026-09-10 04:10:01
2026-09-09 22:30:00,CNC-03,H,299.72171093993506,311.54823946557934,2557.005775992173,15.652804507351426,79.58962931500866,3.1814136797931987,7.534881835409882,55.723668379965204,0,2026-09-10 04:10:01
2026-09-09 09:54:00,CNC-03,H,295.9625953798546,309.9278631759539,1431.992161176392,49.11103632203853,51.271300628079075,2.0196926622236075,13.054956898022839,62.42752776930482,0,2026-09-10 04:10:01
2026-09-09 04:17:00,CNC-03,H,296.6467619819732,309.9725313000321,2228.0292874835573,27.716566720905767,26.124068808110163,2.8841010040671753,11.487259841951904,60.45501514073026,0,2026-09-10 04:10:01
2026-09-10 01:30:00,CNC-02,M,297.1432913069333,310.59380940976956,2787.9041540258204,19.966639875738807,154.75907367339983,3.563423855635842,10.2583146632476,58.565232829338164,0,2026-09-10 04:10:01
2026-09-09 04:17:00,CNC-01,L,296.64231196969695,309.48019747513905,2240.990861423961,24.52033636562446,29.943565671377804,2.857530605723821,10.317956653894276,55.18239286876824,0,2026-09-10 04:10:01
2026-09-09 22:13:00,CNC-03,H,299.42017565748847,311.3418153459577,2683.9699743025817,15.732676212018553,61.0042721011247,3.257006478230593,8.018545385402554,54.24129759041044,0,2026-09-10 04:10:01
2026-09-09 08:38:00,CNC-01,L,296.4173252545535,311.11723500350394,1505.4431691309433,48.27389318867907,158.13520892208712,2.494282987652013,13.553305543392483,58.38188246579361,0,2026-09-10 04:10:01
2026-09-09 08:56:00,CNC-01,L,296.4910988822557,312.1139278791797,1698.972035077586,48.182456768230665,185.3152841117121,2.955917621333559,15.14710062189272,59.351757011147214,0,2026-09-10 04:10:01
2026-09-09 13:22:00,CNC-03,H,303.02982712162583,311.2016229477586,1352.5386566011337,51.9021415538223,110.95152974019574,2.1693503094240096,13.161308699283474,44.11790778765919,1,2026-09-10 04:10:01
2026-09-10 03:46:00,CNC-03,H,297.3282124474448,311.3103518119163,2432.0512485383715,27.03892499881195,,3.165355122628779,12.367491879449247,59.501502211663635,0,2026-09-10 04:10:01
2026-09-09 05:58:00,CNC-03,H,295.77016116759177,310.3448213274071,2005.7517324481905,36.38214666331317,154.17625181115832,2.7680275269576504,13.517411203661016,55.020644430554654,0,2026-09-10 04:10:01
2026-09-09 12:03:00,CNC-02,M,296.28065173979275,309.7263488941028,1416.0012174054266,45.42944030927461,11.133204941002745,2.1072787489523477,12.084195342425646,55.37148997147338,0,2026-09-10 04:10:01
2026-09-10 03:31:00,CNC-03,H,,311.29013193995536,2458.639884316425,25.158529752953772,137.57771455556076,3.2568014329465664,11.533783996283804,52.90914035361599,0,2026-09-10 04:10:01
2026-09-09 23:49:00,CNC-01,L,299.5478651361197,311.437405981585,2833.7296478823196,14.234713445859771,122.6395445691709,3.538243934987264,7.38749562857752,54.274031163499856,0,2026-09-10 04:10:01
2026-09-09 13:42:00,CNC-03,H,303.2743480828542,312.11133140464506,1422.682422634593,54.17314223183296,142.48157681084976,22.856344929765235,14.482503304027706,46.02472510899331,0,2026-09-10 04:10:01
2026-09-09 23:01:00,CNC-01,L,299.7131012554346,311.93930116568237,2642.5036887570086,18.123716126344366,71.46264463078464,3.302326960386273,9.045562111214586,50.42854762426696,0,2026-09-10 04:10:01
2026-09-09 15:47:00,CNC-02,M,25.156087903442312,40.26654043354051,1722.3450863966157,44.68734208993059,113.10387741393802,2.5129943672901285,14.533967817711906,53.75534351838665,0,2026-09-10 04:10:01
2026-09-09 16:10:00,CNC-03,H,299.0515899512556,313.2354653798494,1685.3559958466021,42.78085336696155,95.18091880495187,2.5357383100870132,13.330953394461089,53.04239210383084,0,2026-09-10 04:10:01
2026-09-10 02:40:00,CNC-01,L,25.178651067961823,37.8158161449615,2660.0560437427653,19.19616569688817,69.10773503133997,3.3026152869946235,9.52357423062292,51.60435032787555,0,2026-09-10 04:10:01
2026-09-10 02:30:00,CNC-01,L,25.01401181185946,36.97608711842793,2598.5579270814083,16.96038969239286,58.05662987542754,3.1592876857568335,8.391339718310084,49.320159135909975,0,2026-09-10 04:10:01
2026-09-09 10:34:00,CNC-01,L,296.1642142052564,311.1675425665635,1364.6048459232716,57.6160871189712,144.3787939510175,2.215631165775346,14.54826301283052,53.973593524946814,0,2026-09-10 04:10:01
2026-09-09 23:21:00,CNC-02,M,298.43325588486346,310.7067307136412,2561.6252021399296,17.28791279085148,16.90550407716555,3.142349973310777,8.490604262093019,55.054487879722316,0,2026-09-10 04:10:01
2026-09-09 22:56:29,CNC-01,L,299.43617773919317,311.0940237566908,2731.1496549281906,14.016813543671944,66.09680283157675,3.2743137269319473,7.06872128029636,55.083980254143796,0,2026-09-10 04:10:01
2026-09-10 00:08:29,CNC-02,M,297.6404373979119,310.27244339761995,2709.331072779517,17.54854613251796,66.9585579870287,3.2957605196466373,9.077652129328218,51.667726550494486,0,2026-09-10 04:10:01
2026-09-09 17:54:00,CNC-01,L,300.0722195017438,315.2276814084581,2098.855892727581,38.068684993354005,171.71539166226975,3.203071572066807,14.996312318967812,49.41191381659731,0,2026-09-10 04:10:01
2026-09-09 08:24:00,CNC-01,L,296.13454588257366,310.40965760619923,1685.522301491127,39.874853900145155,137.33675217464133,2.5328516128509513,12.516989364486468,58.02267280769453,0,2026-09-10 04:10:01
2026-09-09 13:17:00,CNC-03,H,303.0625882211785,311.5496267855266,1412.7489114273978,52.36311023639429,103.03760889321309,2.1375149440713432,14.199547630380625,43.82768667847386,0,2026-09-10 04:10:01
2026-09-09 23:46:00,CNC-01,L,299.49829991372434,312.3888579969294,2706.620071211111,19.93450655129379,119.48328261983761,3.428062459431496,10.036784251367783,51.786234127146535,0,2026-09-10 04:10:01
2026-09-09 15:17:55,CNC-03,H,25.19862042223224,39.51026802190523,1652.8775974540083,46.963048641193815,18.173326141993243,2.243901455327405,14.491724331970609,54.46611776784396,0,2026-09-10 04:10:01
2026-09-09 14:43:00,CNC-01,L,298.29085286722056,9595.133982891177,1400.3780744539479,49.14275225908585,96.20240312684012,2.0562396604348816,12.958349504278667,56.0580639976683,0,2026-09-10 04:10:01
2026-09-10 01:06:00,CNC-03,H,298.9029586636762,311.31713182209063,2734.5416646809153,14.37843102702021,245.88563029825158,4.113590445740265,7.086741121721735,53.91655384564251,0,2026-09-10 04:10:01
2026-09-09 19:10:00,CNC-02,M,298.9428149825386,313.2956303054605,2291.278278305482,29.342752768268006,170.53293095116106,3.2530989602511964,12.356600324393352,49.574290059453496,0,2026-09-10 04:10:01
2026-09-09 23:40:00,CNC-03,H,299.37857547281163,311.6415862805391,2619.387027783483,16.490537769906414,154.28290801700177,3.4111976877868226,8.004407619049044,49.538590648246505,0,2026-09-10 04:10:01
2026-09-10 01:15:00,CNC-03,H,298.95965594219786,312.7554466108133,2595.153296879771,21.479100731212455,255.58537110019216,41.343847929628666,10.343811201788306,55.290411430006685,0,2026-09-10 04:10:01
2026-09-09 07:09:00,CNC-03,H,295.64267328812736,309.81679900324923,1895.7977560799507,41.00714213965679,27.762501867637276,2.5345590567881224,14.266666891322181,60.123133833823765,0,2026-09-10 04:10:01
2026-09-09 14:37:28,CNC-02,M,297.80873852252216,311.97110955213424,1578.1326180848039,47.222692157717205,6.151698864972925,2.1907067325255,13.781150259136165,52.688163617217434,0,2026-09-10 04:10:01
2026-09-09 19:12:00,CNC-01,L,300.6202971235152,313.12431822555595,2362.2150683461227,22.125984574365727,40.264576187796756,2.912840582570868,9.769056137746983,51.56443354225225,0,2026-09-10 04:10:01
2026-09-09 21:02:00,CNC-01,L,300.4295385131054,314.1408752390887,2653.3502103429328,23.09566965202923,170.8029577295495,3.6671620733342567,11.742176192433256,50.24803915646492,0,2026-09-10 04:10:01
2026-09-09 15:58:00,CNC-02,M,25.10194558891061,40.20005830229832,1566.9825112684837,49.112516458348885,129.37031456289492,2.3747790001608737,14.402849395021724,55.28547589501047,0,2026-09-10 04:10:01
2026-09-09 13:48:00,CNC-03,H,303.47645716292425,311.58061631345487,1315.551094206981,52.75559048386709,151.77460186066412,2.2840219595542606,13.0157303064898,43.107367843248866,1,2026-09-10 04:10:01
2026-09-09 14:59:00,CNC-02,M,24.7834709541076,38.753577516658595,1482.1178850742456,47.49104277322413,41.25332101647777,2.1754187308493895,12.854965264998395,55.71039367524083,0,2026-09-10 04:10:01
2026-09-09 13:52:00,CNC-01,L,297.548209047678,311.03816255665424,1554.6619216847284,45.088814651852815,17.257524507981774,2.2342840112416846,12.93986122192845,55.9403080889059,0,2026-09-10 04:10:01
2026-09-09 14:47:00,CNC-02,M,297.7832609281567,312.19989609171404,,50.82261889266772,23.003883537758583,2.27798987922657,14.237948685033542,54.13361752408865,0,2026-09-10 04:10:01
2026-09-09 12:47:00,CNC-03,H,302.70236906412237,310.5215766907306,1566.582099107847,42.54112735274286,55.545898957820256,2.254410181926608,12.484349045400942,46.87290662525678,0,2026-09-10 04:10:01
2026-09-09 17:32:00,CNC-03,H,299.42178411931894,314.09288666198796,1887.58865500558,38.1589762167913,210.8100770464618,3.043011440075332,13.420427189525851,53.64652064085402,0,2026-09-10 04:10:01
2026-09-09 20:26:00,CNC-03,H,299.88374285096216,313.78937077169513,2427.2021831377006,25.921473113463485,192.48145027433554,3.4750967843495033,11.760191412561959,52.827765834463214,0,2026-09-10 04:10:01
2026-09-09 11:29:00,CNC-02,M,295.8944821354384,310.71623962279625,1418.918337710251,52.93896818753937,168.35920891096453,2.477974507106962,13.968693073290646,58.9125475294739,0,2026-09-10 04:10:01
2026-09-09 04:53:00,CNC-02,M,296.57081126700905,310.1975109092503,,30.93525407678639,58.73312145331709,2.67273632714663,11.804665679329975,60.927133048571726,0,2026-09-10 04:10:01
2026-09-09 08:35:00,CNC-01,L,296.4724022760632,311.1547689995433,1681.71867857545,45.19081958126498,153.62200912862804,2.583703862484076,14.36218460362625,56.188302987082174,0,2026-09-10 04:10:01
2026-09-09 14:45:00,CNC-02,M,297.65905448904056,310.54722118224015,1520.4724735917273,38.698659484503246,,2.2404372976167903,10.770388936446396,54.27778383898221,0,2026-09-10 04:10:01
2026-09-09 19:57:00,CNC-03,H,300.00577047084835,313.8991621002741,2270.4134162095656,28.383624904622444,158.31220560248724,3.067524978993308,12.04388245714484,,0,2026-09-10 04:10:01
2026-09-09 15:57:00,CNC-03,H,25.975722288150052,39.9355025886872,1617.6838919946044,43.75821875581221,76.31671766266103,2.302905410843782,13.160052588306387,55.51716686130711,0,2026-09-10 04:10:01
2026-09-09 05:53:00,CNC-01,L,296.2193142818544,310.0432295511784,2242.915071141526,29.074987579478286,151.47760349779008,3.058459862845455,12.102936125018392,58.016362574348086,0,2026-09-10 04:10:01
2026-09-09 13:46:00,CNC-02,M,297.1720949375972,312.67814710913467,1456.861098088903,56.25123359856136,174.12504845207556,2.5192794910186556,15.341887606344326,51.36476845294349,0,2026-09-10 04:10:01
2026-09-09 23:36:00,CNC-02,M,298.2817470757018,310.32333444301196,2757.542486246339,14.52116724586463,32.90594407451876,3.248212119080685,7.5929589550085925,51.31035568817949,0,2026-09-10 04:10:01
2026-09-10 02:29:00,CNC-01,L,25.039464613645862,37.60383799049538,2610.348698322312,19.973960121649004,56.96245806219489,3.2256703430252975,9.789334919209738,54.356096888499586,0,2026-09-10 04:10:01
2026-09-10 01:38:00,CNC-03,H,298.6711098057143,310.85218344463516,2661.0359809832216,18.293745372059764,10.788511207011176,3.213552855721022,9.389655949744695,48.56959729698786,0,2026-09-10 04:10:01
2026-09-09 19:03:00,CNC-03,H,299.82821812842843,313.224729817865,2211.270321831239,26.8071147472675,91.89159765888458,2.763413649573838,10.880012150207913,54.68874780738591,0,2026-09-10 04:10:01
2026-09-09 11:20:00,CNC-03,H,296.63720751898154,311.4929389908034,1427.5793779489536,51.28880860351234,186.83457960907575,2.5166327223334912,13.884384491644619,58.58852684044395,0,2026-09-10 04:10:01
2026-09-09 17:51:47,CNC-02,M,298.8170750105267,313.1559107912268,2083.1681769784304,0.0,69.8376220585729,2.724676238507204,12.997863468510678,54.123072319991195,0,2026-09-10 04:10:01
2026-09-09 21:41:00,CNC-02,M,298.5521867217404,310.06353636965025,2688.2014732513826,11.08761661380341,132.58483686881047,3.519619554214925,5.627906801694454,57.191917418614345,1,2026-09-10 04:10:01
2026-09-09 14:52:00,CNC-02,M,298.16963796813417,312.5180407250466,1608.1691701087307,46.61578238843281,30.629079566427777,2.2570389685718406,13.956536087702144,53.90818605951311,0,2026-09-10 04:10:01
2026-09-09 11:15:00,CNC-01,L,296.59527767884225,310.9978526788347,1370.1699650771934,52.313466685429304,209.1808635316214,2.9218648581807556,13.423397407331521,56.86548016724009,0,2026-09-10 04:10:01
2026-09-09 22:53:00,CNC-03,H,299.55856212192583,312.08427404823544,2816.8647716494484,17.111297066380818,104.15689433091603,3.290371989880949,8.839028654503814,54.86595040983036,0,2026-09-10 04:10:01
2026-09-09 15:55:00,CNC-03,H,25.526071724576866,39.68862702496159,1592.4766282538917,44.42022227185531,73.34884843029143,2.330560249629963,13.22448190674045,53.98439626480251,0,2026-09-10 04:10:01
2026-09-09 08:24:00,CNC-03,H,295.3888484444483,309.7707473729617,1562.0419440317626,47.09029270287499,136.57432209503636,2.384800900242378,13.793517511954231,60.90193291032131,0,2026-09-10 04:10:01
2026-09-09 04:52:00,CNC-01,L,296.66447748821116,309.81589175538187,2263.080166010674,25.972655308181686,73.21455478400689,2.816169691853925,10.673101280227646,58.9424160334885,0,2026-09-10 04:10:01
2026-09-09 17:11:00,CNC-02,M,298.61531788386884,312.67369877951535,1883.4455551806664,36.18149242420752,13.922969153266784,2.492304878231185,12.606021276333715,53.73753302437745,0,2026-09-10 04:10:01
2026-09-09 12:06:00,CNC-01,L,296.719637736688,310.4923733713291,1331.20079682024,51.701891478742034,61.82188788225396,1.9769183496752,12.84969444058249,55.01659646701179,0,2026-09-10 04:10:01
2026-09-09 20:15:00,CNC-03,H,299.8295211194376,313.1638553139412,2508.6100590482697,20.954110118662364,179.61758208272624,3.38300503733452,10.058291520327638,55.24619281633586,0,2026-09-10 04:10:01
2026-09-09 22:35:00,CNC-01,L,299.9367293804832,311.5451882303537,2733.3037883831844,14.241205265979291,43.36683987314228,3.2871081507286286,7.302511655876108,54.144750830172136,0,2026-09-10 04:10:01
2026-09-09 19:27:00,CNC-01,L,300.43809500882173,313.939816869637,2303.728996174701,27.002563239323738,58.82712695461496,2.9405434152503216,11.799148984905289,56.18383781607013,0,2026-09-10 04:10:01
2026-09-09 11:18:00,CNC-01,L,296.2911010275621,311.5485371091138,1421.573604634534,55.90560957582892,213.92191337593428,2.999886992024378,14.768359208463506,58.403826010725645,1,2026-09-10 04:10:01
2026-09-09 04:31:00,CNC-01,L,296.7744178328204,310.0159851189928,2204.919849092116,27.885598509081543,46.9424043744494,2.7548550458298693,11.821793639026193,58.606066780799225,0,2026-09-10 04:10:01
2026-09-09 22:15:00,CNC-02,M,298.66451656216344,311.62895969534156,2638.9853789160534,17.834633328448877,169.99709639424304,3.5516609842423517,8.784784938021359,55.08775261202292,0,2026-09-10 04:10:01
2026-09-10 02:44:00,CNC-02,M,23.004108919891394,37.82983551937673,2400.443591654999,28.17129729831632,236.62935106351426,3.971878717367211,12.677920584036041,55.98802688470944,0,2026-09-10 04:10:01
2026-09-10 03:32:00,CNC-02,M,295.92535235495126,308.3591261297168,2400.2943234751583,19.395276257621624,42.88789016789258,2.9029901409067387,8.521377331101514,59.2957656788106,0,2026-09-10 04:10:01
2026-09-09 12:19:00,CNC-01,L,297.13088917941604,311.4916909994838,1548.5810699787387,47.96836088667368,82.43182916503312,2.2178591195360338,13.913353448927388,58.30418936979154,0,2026-09-10 04:10:01
2026-09-09 19:35:00,CNC-01,L,300.646168842521,314.12163680668533,2192.344894370193,27.63116520239755,68.59673314998734,2.8525741093691113,11.270337443055597,50.18017119990273,0,2026-09-10 04:10:01
2026-09-09 17:11:00,CNC-03,H,299.0809369613024,313.5440764784659,1955.0444090596504,35.88559227550358,181.92860563366202,2.992874405919736,13.412505914505244,56.1056573840338,0,2026-09-10 04:10:01
2026-09-09 22:52:00,CNC-01,L,299.64571851880896,311.5621566918555,2686.3919391466825,15.236739036470953,61.77340019617901,3.1046017070912284,7.7444531657570685,47.50755427708619,0,2026-09-10 04:10:01
2026-09-09 15:01:00,CNC-02,M,24.774939303500446,38.671426030999044,1492.4310200862342,45.88002588648378,44.279246951913606,2.143074460842523,12.663939370156015,55.70075041950789,0,2026-09-10 04:10:01
2026-09-10 04:05:00,CNC-01,L,,311.73740226667127,2423.622963870114,26.166235628662108,168.31438291594412,3.47581984475707,11.853501747994468,50.09168582228154,0,2026-09-10 04:10:01
2026-09-09 12:16:00,CNC-01,L,297.01977850650565,311.07125799458134,1416.2587065756406,49.69070470428485,77.71086990655739,2.0980074845686696,13.254337004863364,54.78293697089799,0,2026-09-10 04:10:01
2026-09-10 03:13:00,CNC-03,H,24.51159225810966,38.04423078728627,2590.350056928574,22.76830740041691,116.66458220223154,3.2212745635640254,11.089582539960954,59.78856253211899,0,2026-09-10 04:10:01
2026-09-10 03:01:00,CNC-03,H,24.774582809085985,36.879991088164275,2554.984074053949,17.158339627088836,103.11255544156171,3.190330763216483,8.162262988177359,57.92293217948488,0,2026-09-10 04:10:01
2026-09-10 00:41:00,CNC-03,H,299.1080440005838,312.207432172979,2590.4969148875657,160.87076121850458,218.94420959034176,3.7884540957604633,8.87830128899047,53.843942240204825,0,2026-09-10 04:10:01
2026-09-09 06:25:00,CNC-03,H,296.0132407483623,9563.704921408202,1985.8235635542433,38.55457148711665,190.53380690815573,3.03978455678834,14.147898817057774,61.50399109600435,0,2026-09-10 04:10:01
2026-09-09 22:42:00,CNC-03,H,299.8259009575168,312.19063736850177,2587.7349586048513,19.187702813728887,92.58158269007433,3.172897642756375,9.258423296608937,52.200535796773266,0,2026-09-10 04:10:01
2026-09-09 21:12:00,CNC-03,H,299.96929161002845,314.0553586848425,2605.8975488323676,23.20926388208222,244.7822054035438,4.131278316984233,11.192819502236775,52.81163024717541,0,2026-09-10 04:10:01
2026-09-09 17:24:42,CNC-02,M,298.7703507989808,312.2968772351819,1986.8292274677813,31.189204837609257,33.17684739887028,2.6998554447434815,327.5282875268508,56.090637850696915,0,2026-09-10 04:10:01
2026-09-09 11:41:00,CNC-03,H,296.675134006484,311.51095665665315,1439.9970613516175,51.658226256777105,,2.8357410250565582,13.763864281207146,56.527853627958905,0,2026-09-10 04:10:01
2026-09-09 11:38:00,CNC-02,M,296.33943976691285,311.0640051788548,1430.5992951535968,50.25398225332787,182.70151256996945,2.5210785669210067,13.427174801983531,55.73582198965928,0,2026-09-10 04:10:01
2026-09-10 02:12:00,CNC-01,L,25.151205029552443,37.322578275243245,2565.94133925286,17.39720476444595,38.23354156601101,3.102108419532424,8.392716975762307,54.61755796092001,0,2026-09-10 04:10:01
2026-09-09 19:19:00,CNC-01,L,300.836408345912,313.9700839015045,2165.6135646020234,26.91144868353273,49.05088000277021,2.7627079043543126,11.014454990174212,51.448282812736714,0,2026-09-10 04:10:01
2026-09-09 15:29:00,CNC-02,M,25.059718727752966,39.283280041794626,1624.5765167335637,43.774867669615105,86.29686724992754,2.239626310594296,13.283861219579178,55.853261398597766,0,2026-09-10 04:10:01
2026-09-09 11:46:00,CNC-02,M,296.05230021998113,310.46502463919495,1355.8091584266824,50.759393711813765,195.3764105337318,2.6679578720181865,13.12611489718112,58.64547244849711,0,2026-09-10 04:10:01
2026-09-09 12:30:00,CNC-02,M,296.6573078065125,311.1908442438011,1482.6014612409201,49.84181990540829,54.047886767113276,2.191373310159355,13.932778662235272,59.724248965417566,0,2026-09-10 04:10:01
2026-09-09 23:22:00,CNC-01,L,299.7730354180095,311.2389000003517,2702.981595559969,12.408887551980943,93.90347118253854,3.270059752160923,6.421507411208549,54.39408204672389,0,2026-09-10 04:10:01
2026-09-09 06:51:00,CNC-03,H,295.5552822460244,309.1636116219144,2027.999121984888,34.48662683926282,2.710754956377652,2.6635120954638003,13.249854571328953,57.445961127637915,0,2026-09-10 04:10:01
2026-09-09 16:35:00,CNC-02,M,298.3670473442516,313.1876050746116,1691.465039386143,43.70288259348112,182.41550388796148,2.8429345115033207,13.72576160123849,56.03732753880087,0,2026-09-10 04:10:01
2026-09-10 01:55:00,CNC-03,H,298.4073923565119,310.4564559534369,2682.6936928007067,16.453393617808157,29.338884154029586,3.3315494584154104,8.280270756787143,57.0064295071036,0,2026-09-10 04:10:01
2026-09-09 11:15:36,CNC-03,H,296.38273494061934,310.94032594329303,1264.750907183752,57.10380798850477,180.50595593561232,2.3106241756008417,13.533336889675338,60.26305522854132,0,2026-09-10 04:10:01
2026-09-10 02:01:00,CNC-01,L,298.40610070020676,309.78323321699924,2588.22727877065,15.025778055861078,26.246893377067934,3.1404839139694802,7.28769715054599,53.42397857704066,0,2026-09-10 04:10:01
2026-09-09 13:48:35,CNC-03,H,303.6082932092531,312.3016742836023,1404.0583139343994,50.861864404005914,153.33496201134906,22.102577293437538,13.205535841071516,44.67326630796085,0,2026-09-10 04:10:01
2026-09-09 08:21:00,CNC-03,H,295.358247220382,309.73716562785387,1726.0076821629686,41.52448167743334,132.14080496230568,2.4319029430381547,13.3436234051613,55.85107066120855,0,2026-09-10 04:10:01
2026-09-09 09:31:00,CNC-01,L,296.21120214173243,310.52240374991266,1514.7488912276992,49.673896337484585,45.82135220070171,2.0542268070894467,14.055978826374002,59.353072633590784,0,2026-09-10 04:10:01
2026-09-09 22:32:00,CNC-02,M,298.54074965221645,311.4308941941286,2628.4372802206954,17.551579921500462,188.45389359999524,3.6847164015442098,8.782858385450488,53.608304701760154,0,2026-09-10 04:10:01
2026-09-09 13:12:00,CNC-03,H,302.89298448735866,310.8812473467399,1309.1066129418884,51.93302633010986,95.11126705458697,2.077137581361489,12.589829409755694,49.42406846400237,1,2026-09-10 04:10:01
2026-09-10 04:05:00,CNC-03,H,297.01966885160215,311.0191702911002,2383.791363981894,26.311304419504875,177.87873567712538,3.398472129623501,12.0083823253181,60.97810563985981,0,2026-09-10 04:10:01
2026-09-09 06:24:00,CNC-03,H,296.02276324648665,311.21438154354394,2067.0923691686417,37.98934962913927,189.18618513604687,3.108991834036184,14.883799252441861,57.55277766497006,0,2026-09-10 04:10:01
2026-09-10 00:37:00,CNC-01,L,299.0724672687823,311.832445704247,2696.770366529128,17.56173173668063,173.9954219282946,3.7235752622416878,8.952296502334411,53.48764236102099,0,2026-09-10 04:10:01
2026-09-09 17:44:00,CNC-01,L,300.19985928547794,314.9223697040255,2095.958275108626,35.13922123720505,158.31645324587512,3.0065370436365413,13.658149662498033,50.00491508056465,0,2026-09-10 04:10:01
2026-09-10 03:44:00,CNC-01,L,298.1223096217629,311.84875967462426,2454.4767846698533,25.264382355753117,143.19855400336186,3.34077261019526,11.482886782667213,54.180427039222,0,2026-09-10 04:10:01
2026-09-09 14:24:00,CNC-01,L,298.21755625443757,311.8244742672555,1427.6656989658597,46.21464916763907,66.9493680602652,2.1230136847278036,12.32148965870042,54.527171461118094,0,2026-09-10 04:10:01
2026-09-09 13:00:00,CNC-03,H,302.8414641840212,310.8807127863935,1329.3734573737136,52.43717477084098,76.04366500206326,2.0077348682925638,12.947992556939537,50.76386271123287,1,2026-09-10 04:10:01
2026-09-09 07:19:00,CNC-03,H,295.93999733709506,310.24076141095,1760.269354965637,42.54865927208396,41.73471496600461,2.364072529450963,14.206245383959127,55.44652997053606,0,2026-09-10 04:10:01
2026-09-09 14:25:00,CNC-02,M,297.50539091103013,313.276929726671,1506.09869077118,55.07564363745817,235.01613404175615,3.133389134669511,15.575316807225589,54.91426942566932,1,2026-09-10 04:10:01
2026-09-09 12:31:00,CNC-03,H,297.33254220563134,310.95712939838444,1350.169763387359,50.05295287801841,30.287286745108307,2.001024726242895,12.560423959356314,55.23952739524591,0,2026-09-10 04:10:01
2026-09-09 19:28:00,CNC-03,H,299.9091675884315,313.7810536609757,2272.693254907477,28.132343735784254,123.04784070159285,2.9554485530413634,12.042234025405666,52.30540930832834,0,2026-09-10 04:10:01
2026-09-09 22:16:00,CNC-02,M,298.9264172251783,311.84458324157015,2773.9048960302944,16.075588807994432,171.0321004796038,3.731259496614163,8.166497433155152,55.18317622358063,0,2026-09-10 04:10:01
2026-09-09 11:50:00,CNC-02,M,296.3275957489761,312.092222379008,1430.5633712658903,57.72992311570154,201.73808446593472,2.6801088171545904,15.370311915925676,58.29465806213274,0,2026-09-10 04:10:01
2026-09-09 16:03:00,CNC-03,H,298.86847553073324,313.04635916827067,1770.7207922612115,41.03082085261019,85.03661336266846,2.474678408093073,13.254284101807439,55.3801872305936,0,2026-09-10 04:10:01
2026-09-09 19:35:00,CNC-02,M,299.09374854023565,313.96061968248586,2242.8878060183724,31.358465231057448,201.22095787505734,3.5335371620982,12.979980514148375,47.970232077727744,0,2026-09-10 04:10:01
2026-09-09 17:54:00,CNC-02,M,299.12568258888757,312.97338060879474,1964.517165607136,33.14766263957269,72.51888481420902,2.5510079090950084,12.135627401206804,49.771002930231454,0,2026-09-10 04:10:01
2026-09-09 12:30:00,CNC-03,H,296.9794706440869,310.61763077659765,1371.9962763890385,51.38293567999414,28.687286745108306,1.9453314474926366,12.944182946490976,57.68514633647438,0,2026-09-10 04:10:01
2026-09-09 23:05:00,CNC-03,H,299.8015725124377,312.3162294796,2791.143752561525,17.13820412097602,116.97162670967163,3.46862090010475,9.02780204208169,48.428280294563955,0,2026-09-10 04:10:01
2026-09-10 01:17:00,CNC-03,H,298.7484492753701,312.4681494651985,2498.588310395709,21.616039908756434,257.8174950742364,4.114080024974573,10.073911126428516,52.73015679489106,0,2026-09-10 04:10:01
2026-09-09 21:14:00,CNC-01,L,300.32489838872044,313.95327629075115,2447.0800042395144,24.48088034605999,184.52837461092102,3.6972388320249516,11.022789105210112,,0,2026-09-10 04:10:01
2026-09-09 23:34:00,CNC-01,L,299.3908894233771,310.8187816342312,2805.697237384391,12.141751941353151,106.60532859780174,3.3473724831379674,6.229319405656384,54.677533245738566,0,2026-09-10 04:10:01
2026-09-09 04:30:00,CNC-03,H,297.03682868985004,309.90517702981873,2269.500879284932,25.175907909525467,41.929081132808285,2.863567262466653,10.716346704751249,53.90093432503624,0,2026-09-10 04:10:01
2026-09-09 09:04:00,CNC-03,H,295.87596589470905,310.35084111577805,1450.2486912178492,47.06458460901416,197.23497225600033,2.6505940473072744,12.7551739746985,58.655317683795,0,2026-09-10 04:10:01
2026-09-09 13:59:00,CNC-02,M,297.37709918896246,312.45875403598905,1513.103339265744,50.14531630133043,194.59927566703678,2.708670461732072,14.14614211152682,56.94596356345781,0,2026-09-10 04:10:01
2026-09-09 20:39:00,CNC-03,H,299.38041124132167,313.7459171433993,2370.6942864179828,26.86434346104109,207.59234561890344,3.457830094322199,11.908868178978166,50.06181434523307,0,2026-09-10 04:10:01
2026-09-09 21:45:11,CNC-03,H,299.8948215618566,312.1507073507246,2657.361060381496,17.918089002477927,31.28666386169178,3.137167012230558,8.750232242057843,54.170137820282264,0,2026-09-10 04:10:01
2026-09-09 04:21:00,CNC-03,H,296.7014171038259,309.4633362196426,2459.233334906201,22.380613406801263,30.86880662980931,2.9274335100904114,10.090456136619258,56.09595221216314,0,2026-09-10 04:10:01
2026-09-09 16:38:00,CNC-03,H,299.26672290848796,314.10007316883843,1620.7760275670132,46.60322429268305,135.6445034327487,2.4158609357811374,13.928735636396006,57.775373966593165,0,2026-09-10 04:10:01
2026-09-09 07:45:00,CNC-03,H,295.50678464479716,309.49095278152544,1605.0930367898802,43.428509423890944,79.23846137310336,2.3405345253193066,12.992661677836207,60.0102647385153,0,2026-09-10 04:10:01
2026-09-09 11:51:00,CNC-01,L,296.9073108754068,310.4777275574736,1379.9241429502301,49.08858212783938,38.08889568100685,2.0366616760246727,12.631548156779413,60.410874685997044,0,2026-09-10 04:10:01
2026-09-09 04:14:00,CNC-03,H,296.9324288738133,309.3575162438731,2361.3368923652547,21.63771521356964,22.505767745695454,27.56837597782617,,56.46748276774526,0,2026-09-10 04:10:01
2026-09-09 21:49:00,CNC-01,L,300.37858620085274,314.4642500431847,2518.375919846301,24.715727785648976,223.74416662345652,4.230573967756449,11.580427314991121,52.590559556114776,0,2026-09-10 04:10:01
2026-09-09 17:56:00,CNC-01,L,299.9859464686331,314.8981216308899,2022.3613113593676,36.99185797448482,174.35482473523504,3.0805284630517207,14.213589013039364,53.85323717409795,0,2026-09-10 04:10:01
2026-09-10 01:51:00,CNC-03,H,298.3135994955792,310.9276557713494,2553.954561691281,21.009071160526133,25.08160722610586,3.0700361936572973,10.250843842483013,54.64154475673744,0,2026-09-10 04:10:01
2026-09-10 02:50:00,CNC-02,M,22.871981355965318,37.00156851353512,2590.3970550363974,22.59129813327432,243.31853906438627,4.461169845944166,11.143830694422386,57.88129997502843,0,2026-09-10 04:10:01
2026-09-09 06:35:00,CNC-03,H,295.7326937544997,310.58553738444476,1875.5072474089145,38.36979321476763,204.16701110691167,3.012969690358141,13.410365412960141,58.24879196556454,0,2026-09-10 04:10:01
2026-09-09 07:30:00,CNC-02,M,301.2342272789468,309.11340851078256,1769.6937639830244,41.52676804303664,21.39474306366936,23.52113417664287,13.786360091351328,48.01498811367859,0,2026-09-10 04:10:01
2026-09-09 08:33:00,CNC-01,L,296.11006736147533,310.5632431891636,1736.1690717741549,41.59579369394507,150.7246128370743,2.764805512589158,13.46196461699445,58.530703698298154,0,2026-09-10 04:10:01
2026-09-09 22:26:00,CNC-02,M,298.6814047886413,312.1014477627995,2612.820875899111,20.100071070739293,181.94114720859335,3.656257928703885,9.542764089983526,54.76135722615098,0,2026-09-10 04:10:01
2026-09-10 03:35:00,CNC-03,H,297.4634556681346,310.37411586471876,2427.5291380494327,21.294473321898145,142.32081400465697,3.227061958212018,9.87287595523405,52.07073828391531,0,2026-09-10 04:10:01
2026-09-09 12:45:09,CNC-03,H,,310.90728831861696,1324.9916129146084,49.698224123759935,50.85805614847512,2.0444347122900606,12.288703097062475,58.64453469647297,0,2026-09-10 04:10:01
2026-09-09 04:21:00,CNC-02,M,296.84990110800356,309.32310046372385,2219.899851030032,23.338284392742754,18.984875578490026,2.9070995452119663,9.893263542654067,59.04357471092675,0,2026-09-10 04:10:01
2026-09-09 17:43:00,CNC-01,L,299.87037041086757,314.02261458506973,1979.646811375871,34.37076581583162,156.98988830044237,2.9317489457227914,12.78484153497543,54.134033965595556,0,2026-09-10 04:10:01
2026-09-09 10:35:00,CNC-02,M,296.0225317103246,310.3640934663068,1442.6134675186174,50.153304894392676,83.06983947712527,2.0183793216605688,13.727525599154847,61.14475061127347,0,2026-09-10 04:10:01
2026-09-09 17:40:00,CNC-03,H,299.5869966803666,314.62907884602174,1998.336018290165,37.46192040013512,221.53024497336898,3.411979543108074,13.912756648361793,52.74774915440728,0,2026-09-10 04:10:01
2026-09-10 02:10:00,CNC-01,L,25.184702824733222,37.51908224945896,2657.7899677846185,18.152526099899926,36.04063422206894,3.1035374802861084,9.054092241992594,53.88657171475657,0,2026-09-10 04:10:01
2026-09-09 12:22:00,CNC-02,M,296.52151346334614,310.5318492064895,1402.7093940371942,49.16438754024018,41.37140919061774,2.0846775385395233,12.822066022609235,57.94325981727165,0,2026-09-10 04:10:01
2026-09-09 20:32:00,CNC-01,L,300.6010063441786,313.8796549406406,2463.3249884429692,23.633071870610785,136.368231654933,3.297033073167932,11.020606060645731,57.44324408067656,0,2026-09-10 04:10:01
2026-09-10 02:21:00,CNC-02,M,23.567938450594056,37.071142766557045,2670.8269445070905,20.870080539747654,210.62647651377134,3.947257453792871,10.42163071868534,60.6133786389867,0,2026-09-10 04:10:01
2026-09-09 08:34:00,CNC-01,L,296.28745982969195,310.6969913564424,1852.0142318881421,39.25390211376953,152.1431316351979,2.806658231286913,13.569963102701992,60.24963136212136,0,2026-09-10 04:10:01
2026-09-09 17:01:00,CNC-02,M,298.8086390324591,312.0265036031426,2194.103231736422,27.044673034934675,0.0,28.235708368726872,11.108077303642666,54.49074878742081,0,2026-09-10 04:10:01
2026-09-09 13:42:00,CNC-02,M,297.5766247720675,313.21469772383455,1438.0268585903714,56.49431360431166,167.86340442680455,2.5170674835729363,15.102893571174864,54.22135183091256,0,2026-09-10 04:10:01
2026-09-10 03:05:00,CNC-03,H,24.476496941318032,37.99983944569311,2375.069390390616,26.01693215399679,107.66454337469874,3.148179004535584,11.591327529932295,52.78939392498111,0,2026-09-10 04:10:01
2026-09-09 06:07:00,CNC-02,M,295.99484720226184,309.8424025371067,2068.7818016122474,29.351579699512534,154.74408158990417,3.0523990951165088,11.376321512249397,58.33124236756352,0,2026-09-10 04:10:01
2026-09-09 06:42:00,CNC-01,L,296.4043539712024,311.56361389963473,1976.8632111753452,39.77280392961201,217.50639670616536,0.0,14.777433778337198,61.84555373595847,0,2026-09-10 04:10:01
2026-09-09 14:46:00,CNC-03,H,298.27245520511025,313.56602452111423,1459.8018501190245,52.78245417439289,241.88280072317522,3.058640099036413,14.416636975413862,56.87090942880233,0,2026-09-10 04:10:01
2026-09-10 03:55:12,CNC-01,L,298.24434854952347,311.7315094880229,2464.059911056303,23.219257137544805,157.50447636405073,3.4915201208413,10.890439925787424,60.01006016591402,0,2026-09-10 04:10:01
2026-09-09 21:48:00,CNC-01,L,300.4787862776141,313.6252045241345,2500.893950099952,20.644474392602614,222.6335423513125,4.084196796123258,9.878800708929052,50.483777667256135,0,2026-09-10 04:10:01
2026-09-10 03:42:00,CNC-03,H,297.159565065972,310.6430474336124,2522.157400186727,23.478160178477506,150.50901278155183,3.336002685886095,10.93204528138838,58.459489669980336,0,2026-09-10 04:10:01
2026-09-09 17:42:00,CNC-02,M,298.89406428161976,312.85255817745565,2006.122144678963,34.56705272744026,1970.7839398801539,2.6805291160943763,12.874099164407037,54.55755409513642,0,2026-09-10 04:10:01
2026-09-10 02:09:00,CNC-03,H,25.35973461593136,37.828745008313604,2623.2822418153337,18.924578535391944,44.64500738921581,3.156827686289458,9.263438999354753,55.661390599569,0,2026-09-10 04:10:01
2026-09-10 01:37:00,CNC-03,H,298.5249481066703,309.6559746328356,2604.766934656786,14.474431467863441,9.707896942883405,3.156979850949716,7.263620686334601,53.285780165827425,0,2026-09-10 04:10:01
2026-09-09 13:32:00,CNC-02,M,297.2174206381891,311.9537006419818,1584.016354500572,44.669264385028015,152.18160803800598,2.516638271724242,13.266138125987158,56.913372355520835,0,2026-09-10 04:10:01
2026-09-09 07:35:52,CNC-02,M,301.23376130357644,308.5500199005538,1732.6669606523626,36.426251128594814,28.62913708605253,2.3962104602911767,11.915619642829158,48.018154991366686,0,2026-09-10 04:10:01
2026-09-09 23:34:00,CNC-02,M,297.97716669591273,310.08294586940696,2750.9598389529274,14.911581791935957,30.784185810295945,3.256817317288055,7.589509528849417,57.02358979916816,0,2026-09-10 04:10:01
2026-09-09 09:09:00,CNC-01,L,296.4756602564054,310.123412027274,1765.8775839994582,40.122935635818756,12.06781962563632,2.465500897155546,13.025060303737465,53.9331972269359,0,2026-09-10 04:10:01
2026-09-09 08:38:00,CNC-02,M,296.2863618397366,310.3772083794786,1578.8221690805274,43.88735162203594,121.47184491769583,2.4266638222255676,12.946571099396833,61.295942295233004,0,2026-09-10 04:10:01
2026-09-09 09:56:00,CNC-02,M,296.3133887458387,310.6809741114261,1445.5992260737717,52.282018323023024,21.789217443647527,2.030317283146721,14.09270704064312,57.49619896481173,0,2026-09-10 04:10:01
2026-09-09 09:23:13,CNC-01,L,296.4661056460099,311.0470331981882,1639.1367435681868,48.35690429676372,31.975091308972516,2.3349635935314246,14.840748166927689,56.30134470394317,0,2026-09-10 04:10:01
2026-09-10 02:15:00,CNC-01,L,25.349337702381376,37.82933625511885,2464.722299243332,21.3859241912453,41.549531875034795,3.06583621347345,9.725096155806561,54.29320201376764,0,2026-09-10 04:10:01
2026-09-09 23:48:00,CNC-01,L,299.44823488007825,312.58515770932695,2803.8499309036324,19.386681242722307,121.6095445691709,3.497394923180978,10.046027233098943,45.93073445986909,0,2026-09-10 04:10:01
2026-09-09 21:50:00,CNC-03,H,299.7274049645841,311.7296556071136,2599.0190317068627,18.247912894056682,35.76173330333071,3.2270514719516035,9.122790383550369,55.27942718524,0,2026-09-10 04:10:01
2026-09-09 09:32:00,CNC-03,H,295.7746184815789,309.4229931203106,1360.6016556956554,48.036388635316975,17.033609996150435,2.0634037639805887,12.270335346123806,51.55516536350866,0,2026-09-10 04:10:01
2026-09-09 20:56:00,CNC-03,H,300.0529510832787,314.21539247916996,2582.574205960316,24.725706481423227,226.91485950007646,3.8945182092246298,11.974631092410082,51.40228709525165,0,2026-09-10 04:10:01
2026-09-09 13:19:00,CNC-01,L,297.5767096066493,311.7789606230246,1371.4844756225461,47.441152104310106,177.70600825621108,2.496517410479814,12.210811456667477,58.3029287744415,0,2026-09-10 04:10:01
2026-09-09 23:57:00,CNC-03,H,299.37881163793224,312.8412263551087,2664.8813561913,20.762589552892358,172.29294735526116,3.574107460695975,10.197076127885357,52.42661871029206,0,2026-09-10 04:10:01
2026-09-10 02:17:00,CNC-01,L,25.32233017745591,37.42236670048197,2766.193728665234,16.69247852654675,43.67066902337697,3.417263133809473,8.783512517561888,52.781959597224635,0,2026-09-10 04:10:01
2026-09-09 04:50:00,CNC-02,M,296.5631239710507,309.99358701194126,2147.7633285117577,30.794829998488183,54.82583143518967,2.7552072538193557,12.234222986671869,58.814283558236255,0,2026-09-10 04:10:01
2026-09-09 17:09:00,CNC-01,L,299.7607069922734,313.5917308099956,2003.9781981454191,32.48822585581699,110.32834590877778,2.828739578197306,12.214103207700605,53.35368107731907,0,2026-09-10 04:10:01
2026-09-09 14:54:00,CNC-01,L,298.3918487022563,313.03779518859034,1656.9764947827848,46.756053797478025,113.02408481663923,2.406170962411028,14.497882128052435,53.40794447764185,0,2026-09-10 04:10:01
2026-09-09 09:23:00,CNC-02,M,296.1838442990789,311.30462163119864,1464.7334173922468,51.68184254543953,189.86560313700662,2.7166506230442167,14.10977048036189,60.58409591646759,0,2026-09-10 04:10:01
2026-09-09 07:21:00,CNC-01,L,296.33878159249053,310.0852374447753,1740.1036897830224,39.695858637948064,45.31555286774433,2.3147131957613962,12.80375818460125,61.0221284124601,0,2026-09-10 04:10:01
2026-09-09 06:43:00,CNC-02,M,296.13041522538185,310.69020199532036,1744.2464913911056,41.10557519613902,203.92753385934694,3.1030027237434537,13.510357502045137,61.345399998974976,0,2026-09-10 04:10:01
2026-09-10 00:11:00,CNC-03,H,299.54858764982635,312.65094599809095,2641.6789867706784,19.86401567592727,187.0752989556646,3.651840400536602,9.65569024050079,55.748692508522545,0,2026-09-10 04:10:01
2026-09-09 17:41:00,CNC-03,H,299.3221131402894,313.94499977114486,1966.697099529871,36.27888352006236,222.87315129102612,3.215902305202698,13.519673864653496,53.210816609328525,0,2026-09-10 04:10:01
2026-09-09 05:27:00,CNC-03,H,296.01832487037916,310.3859753195279,2114.485391961783,33.62694518876006,113.61152932085642,2.801883756815894,13.411529389566782,56.163674189954,0,2026-09-10 04:10:01
2026-09-09 13:15:00,CNC-02,M,297.1046897451334,311.37130670994543,1256.5934142796498,55.69284812116066,125.4514153584304,2.0927059951003164,13.035660599417481,55.98888875331872,0,2026-09-10 04:10:01
2026-09-09 06:58:00,CNC-01,L,296.1427291550819,309.8677481541315,1923.743116643075,35.633145099208015,12.57884742390889,2.558413527808527,12.732587024095892,57.04811255832904,0,2026-09-10 04:10:01
2026-09-09 12:42:00,CNC-02,M,296.74117039358396,310.7197047199107,1353.7906875155834,51.31811008629468,73.07651659557055,1.990015021428591,12.88165821623179,59.83091564490138,0,2026-09-10 04:10:01
2026-09-09 16:41:00,CNC-01,L,305.0377896896742,313.37360417414186,1957.0650724242041,39.29287953927649,71.0119802747669,2.6193346302110037,14.413127538345273,43.51694268253952,0,2026-09-10 04:10:01
2026-09-09 10:15:00,CNC-01,L,296.4063875113373,310.69575193851944,1448.5220015333855,49.088780174121965,114.3598898724601,2.2353232138772694,13.2636399810471,55.08783168580339,0,2026-09-10 04:10:01
2026-09-09 19:27:00,CNC-02,M,298.85972483292227,313.1218291004778,2360.652650336682,26.846944557731106,191.49293812648767,3.4236965878237893,12.178767429293545,55.07155983371083,0,2026-09-10 04:10:01
2026-09-09 19:02:00,CNC-03,H,299.46785778100354,313.2066787635298,2137.6924945139253,32.26725181959456,90.6335329401119,2.7488272602425745,13.170722224306175,48.47594968975635,0,2026-09-10 04:10:01
2026-09-10 02:55:00,CNC-02,M,23.1423753690558,35.10240439063023,2583.568579500557,17.177517921087656,0.0,3.083421638271706,8.462400099437817,53.44837056087955,0,2026-09-10 04:10:01
2026-09-09 05:01:00,CNC-03,H,296.67532205823653,310.53193127776507,2312.656798989818,29.351899148557063,80.39383497193379,2.9239877522081867,12.553488670370621,59.42394037856936,0,2026-09-10 04:10:01
2026-09-09 08:44:00,CNC-02,M,296.16715845736354,310.60152562292484,1664.0869849220949,44.014154681689845,130.49748777706338,24.594518072089585,13.495427329037637,60.293575738692155,0,2026-09-10 04:10:01
2026-09-09 20:38:00,CNC-02,M,299.0021988260564,312.06573338606654,2484.191166260022,21.71626760536241,61.46191487318058,3.0743431519455027,9.997261443724,52.74677287327657,0,2026-09-10 04:10:01
2026-09-09 22:27:00,CNC-02,M,298.8434001763814,311.92607876221365,2732.639227944076,17.018545721255702,183.01300944697047,3.734748264370647,8.652189403033468,53.00184452013277,0,2026-09-10 04:10:01
2026-09-09 05:28:00,CNC-03,H,296.34500911701815,310.94310671260854,1999.3716427423108,36.96484114733768,114.94978699452962,2.669566772215058,13.726072967728586,62.734334380425096,0,2026-09-10 04:10:01
2026-09-09 07:39:00,CNC-01,L,296.2281405710095,310.7887547711098,1640.8189231923668,45.50569975828105,71.33143977131316,2.3994336660841387,14.154652913397337,60.60789446334857,0,2026-09-10 04:10:01
2026-09-10 00:09:00,CNC-03,H,299.4693614670049,312.6841540166406,2696.8145981213106,19.555528548778504,184.9243959425229,3.7134917134613885,9.934043371545506,47.91581544805591,0,2026-09-10 04:10:01
2026-09-09 09:10:00,CNC-01,L,296.6260952598893,310.3147573320642,1423.2892766694035,48.17213306176952,13.630187717821999,2.107342404548385,12.552889771416089,59.039981050793045,0,2026-09-10 04:10:01
2026-09-09 10:08:00,CNC-02,M,296.00457760426775,310.05478808311284,1574.746561084692,46.468629285231614,40.53903451516567,2.212654788440088,13.76305537195241,62.52976403655556,0,2026-09-10 04:10:01
2026-09-09 18:01:00,CNC-03,H,299.7324362002814,312.79183543266004,2083.1583471720996,29.315937188137895,12.031801352227804,2.6527525217355,11.408265928179883,52.43565153181062,0,2026-09-10 04:10:01
2026-09-10 03:18:00,CNC-02,M,295.91318559131486,308.4900852507768,2444.4296964491846,19.593028377187736,26.555754254121346,2.9857670807505596,9.006890950958349,61.10250370683319,0,2026-09-10 04:10:01
2026-09-10 03:20:00,CNC-02,M,295.726732465172,308.456428940521,2393.9656486615427,21.127749509805476,28.86993887270091,2.9218192453418026,9.702132346443964,58.09445728152367,0,2026-09-10 04:10:01
2026-09-09 21:12:00,CNC-02,M,298.8847755058794,312.0237635478764,2723.4204498633885,19.76032402916157,100.16484659809542,3.3009518335658967,9.96614747284053,49.836662543695994,0,2026-09-10 04:10:01
2026-09-09 20:28:39,CNC-03,H,299.73190676413833,313.8215027031443,2425.5728762139993,26.254215023116263,194.78684100460168,3.4700457036536783,12.02041107799802,48.04689145963463,0,2026-09-10 04:10:01
2026-09-09 14:18:00,CNC-02,M,297.66548219668573,,1488.6967827732742,54.234864920816364,224.14633644141722,2.96480820988195,15.32277310907668,51.962550460504055,1,2026-09-10 04:10:01
2026-09-09 18:03:32,CNC-01,L,300.1035249154818,314.3323888451373,2069.1631180861395,32.413405121088175,183.77608235483038,3.2587743196736776,12.424587122687559,54.614596928019346,0,2026-09-10 04:10:01
2026-09-10 01:28:00,CNC-03,H,298.71610661014637,310.3855401254748,2795.359755292102,14.871190981909018,0.0,3.3328744679567954,7.65903611717439,49.81664292269469,0,2026-09-10 04:10:01
2026-09-09 21:05:00,CNC-02,M,298.9719111760666,312.2931889427797,2451.993140599254,21.15196264068721,92.29741435445668,3.0612805141855937,9.379054535539758,50.98150229765775,0,2026-09-10 04:10:01
2026-09-09 09:12:00,CNC-02,M,296.2868899203266,311.16490882089664,1398.5394058281884,52.67490139895386,172.99194507462187,2.4542162095910256,14.089769089297976,58.71495626659989,0,2026-09-10 04:10:01
2026-09-09 08:38:00,CNC-03,H,295.57027686423027,310.20473762081275,1608.9703889349887,46.093519027467416,157.67486384554255,2.457299339844172,13.93878837482674,57.697699085173,0,2026-09-10 04:10:01
2026-09-09 16:44:00,CNC-02,M,298.7481911656973,313.58302324108536,1662.9889618313507,43.540956716504745,195.26280896250978,2.870567174094709,13.476566999074574,51.845084256643894,0,2026-09-10 04:10:01
2026-09-09 09:06:00,CNC-02,M,296.04875173846784,310.4743504083486,1471.8616595276346,46.92554953548684,163.84381296611352,2.5222636087240455,12.899574130498173,55.56391594429127,0,2026-09-10 04:10:01
2026-09-09 19:32:00,CNC-01,L,300.5253933287673,313.6479347171089,2285.993216495038,25.270902497099904,64.86147606741116,2.810197107444533,10.714270138748587,49.16879591359196,0,2026-09-10 04:10:01
2026-09-09 14:03:00,CNC-03,H,,311.51359274156533,1508.2982092294192,45.64330444744007,175.21902162159236,2.379458445758568,12.962151952040545,43.36760602795625,0,2026-09-10 04:10:01
2026-09-09 07:48:00,CNC-02,M,301.6879764296412,310.07072193241044,1676.5605039769582,43.2215960580937,47.60819351207937,2.3103178177842367,13.438252555055643,46.208657900322535,0,2026-09-10 04:10:01
2026-09-09 12:31:00,CNC-01,L,297.3069711653394,311.6499600511798,1421.0302076662874,50.53685598012742,101.46248031147908,2.095903676073193,13.328501089960671,56.49494715412443,0,2026-09-10 04:10:01
2026-09-09 09:17:00,CNC-02,M,295.94568398690296,310.2503416148393,1419.4895903372935,48.74725952986536,180.62439798506963,2.568183143127039,12.653010116589439,61.478546899016024,0,2026-09-10 04:10:01
2026-09-09 12:32:00,CNC-02,M,296.53322880580964,310.79606012110054,1357.0025851054052,52.72400784179659,57.19567080585069,2.1456320256390886,13.389464600892932,61.201325130391346,0,2026-09-10 04:10:01
2026-09-09 22:31:00,CNC-02,M,298.61481233298946,311.4639508053502,2712.4265233491224,16.815195106510437,187.37628856527328,3.744033618516369,8.810418704822602,52.84593038154187,0,2026-09-10 04:10:01
2026-09-09 19:09:00,CNC-03,H,299.9110620998418,314.64178982265224,2231.68648882096,34.55752365206805,99.40536326644953,2.8075627700430457,14.321459174482726,51.11241037146144,0,2026-09-10 04:10:01
2026-09-09 21:02:00,CNC-02,M,298.9261603755544,312.1710232831338,2485.1585338517584,22.610743336671767,88.90972067900684,3.1727490544247035,10.464670554435228,48.484518022803805,0,2026-09-10 04:10:01
2026-09-09 05:02:00,CNC-03,H,296.6295089323323,309.8817840219752,2191.4339073954247,26.94788928363082,81.63377732025032,2.7281065869378196,11.289494341301037,57.847877184200975,0,2026-09-10 04:10:01
2026-09-10 01:48:00,CNC-02,M,296.97583704629113,310.3126457543962,2559.4108541573837,19.7159682293001,0.0,3.6692203440192666,9.671290374895271,52.489225822741915,0,2026-09-10 04:10:01
2026-09-09 04:35:00,CNC-02,M,296.67289951145426,309.80596466270566,2245.86036244814,26.22834084441605,36.18703526055924,2.9117526502125224,11.10937638239326,59.62715201474707,0,2026-09-10 04:10:01
2026-09-10 02:47:00,CNC-02,M,23.380793456016818,37.19558053794259,2454.8909821569937,22.019009955305158,239.97863475371565,4.083332822317546,10.143907530975982,56.090033633647785,0,2026-09-10 04:10:01
2026-09-09 05:51:00,CNC-03,H,296.1361899157608,310.9720586842211,1992.7257815599094,38.033974082615096,144.93452208015094,2.851582495396833,14.155057787354306,58.79053723658412,0,2026-09-10 04:10:01
2026-09-09 08:05:33,CNC-03,H,295.71529909598956,310.16162379098427,1634.2485261387721,45.36019495792208,109.86086114060616,2.3466312200703623,13.761227817832316,59.10798886024204,0,2026-09-10 04:10:01
2026-09-09 08:16:00,CNC-02,M,301.7487827126496,309.88097339912065,1633.2644936795048,43.959536581781904,88.63696226937559,2.3678314623455172,13.520683365132552,46.05883396573909,0,2026-09-10 04:10:01
2026-09-09 11:44:00,CNC-03,H,296.67612753703486,311.936956184341,1449.701024764649,53.736190172039166,224.90705710211563,2.8509722777579936,14.460604279196435,59.022123034588255,1,2026-09-10 04:10:01
2026-09-10 02:14:00,CNC-02,M,23.637016609792227,37.80784889164494,2651.036594555578,22.444330004255782,202.85852234135146,4.042767860433738,11.14255571201266,54.9849216224234,0,2026-09-10 04:10:01
2026-09-10 03:10:00,CNC-01,L,24.93177036955285,37.887641428412905,2437.3521546096945,22.76745103278243,103.30894786765914,3.0220633123719387,10.51264065619686,56.73480124265801,0,2026-09-10 04:10:01
2026-09-09 11:58:00,CNC-02,M,296.38264905702624,309.92977018913956,1343.0852377373524,48.76568847235124,3.190070267942211,2.0321470039966196,12.299168375094643,56.38489166669961,0,2026-09-10 04:10:01
2026-09-09 22:39:00,CNC-03,H,299.83581195463444,312.35497964118304,2614.152441181758,18.48892749740239,90.38992203887386,3.2546567038455296,8.781059869000508,48.75003488695652,0,2026-09-10 04:10:01
2026-09-09 20:49:00,CNC-02,M,299.047621172661,311.83869675798513,2596.855233966782,19.49631028153054,74.14414485741476,3.1252477691636837,9.524103367404855,53.7552345950808,0,2026-09-10 04:10:01
2026-09-10 03:27:00,CNC-02,M,295.9616874878747,309.287369900549,2457.430552753546,22.537655706584417,37.08299080625416,2.9516132907304606,10.424236302012327,55.002249298116226,0,2026-09-10 04:10:01
2026-09-09 11:17:00,CNC-01,L,296.49291152224373,311.70428982931446,1506.2943511707917,50.99878829898881,212.354016240728,3.172105450140186,14.11622108326662,58.11761046262907,0,2026-09-10 04:10:01
2026-09-09 17:51:00,CNC-01,L,299.80968756299745,314.2215874158968,1905.0150260538408,36.41597128388957,167.7050313852457,2.9183789633980997,13.049031532810991,53.328937692160565,0,2026-09-10 04:10:01
2026-09-10 02:28:00,CNC-01,L,25.274556411950755,37.62038345606493,2675.7840806386885,18.1039731261992,55.85496909115007,3.2139753477110045,9.054590768145172,53.052915987534135,0,2026-09-10 04:10:01
2026-09-09 07:13:00,CNC-02,M,301.30659932929103,310.9804333445444,1910.7324811519827,43.11602627360048,246.04868522290138,3.678196890816677,15.515949676399067,47.42780914779527,0,2026-09-10 04:10:01
2026-09-09 19:01:00,CNC-03,H,299.617839385122,313.47123230831363,2163.339604591827,30.574246564696963,89.33382449689266,2.7998407740713676,12.327513492982428,49.66666164676298,0,2026-09-10 04:10:01
2026-09-09 05:14:00,CNC-02,M,296.1882641620187,310.290771412004,2152.7726242174485,31.428564173992996,85.4002517665261,2.744208242614117,12.807007378803457,57.69177258183022,0,2026-09-10 04:10:01
2026-09-09 05:16:00,CNC-01,L,296.5575678112258,311.0552547324974,2132.00253853459,34.9430151706579,103.72984886612207,2.8286351402194008,14.05968228098327,55.50798178081463,0,2026-09-10 04:10:01
2026-09-09 14:02:00,CNC-03,H,303.4281680526131,312.3038429439956,1456.9347715709557,51.27157060331347,173.6824023503853,2.471289046358464,13.979226291362346,46.3974294966312,0,2026-09-10 04:10:01
2026-09-09 12:31:00,CNC-02,M,296.48961880314613,310.50304891648295,1507.3203062015139,45.028997058664345,55.59567080585069,2.073256122441486,12.460429217492857,60.10052412524292,0,2026-09-10 04:10:01
2026-09-10 00:30:00,CNC-01,L,299.17615374658834,311.90953011504564,2609.3771967151356,18.132553292238885,166.42458669489147,3.604379910236476,8.965186188668095,51.07214747629219,0,2026-09-10 04:10:01
2026-09-10 03:57:00,CNC-02,M,295.5765274199173,308.73509810442334,2371.92710519478,21.99698064594167,72.35993712207093,2.8814413017824236,9.910641215995678,55.88176141997906,0,2026-09-10 04:10:01
2026-09-10 02:50:00,CNC-01,L,25.135244330386342,37.9979909523521,2519.9211746270153,21.32918288952983,80.46645659491445,3.192716835815897,10.095280761059865,54.39356944347078,0,2026-09-10 04:10:01
2026-09-10 02:25:00,CNC-03,H,25.07417312616974,38.493744611334364,2522.904715020854,25.437052453764878,62.55936381843426,3.0836243965152152,12.043783870841162,57.02180339403024,0,2026-09-10 04:10:01
2026-09-10 02:04:00,CNC-01,L,298.5909538446818,310.5125906916597,2636.7714950812715,17.298988236525485,29.519677708680902,3.1633979363761893,8.38403736379291,52.953167679002114,0,2026-09-10 04:10:01
2026-09-10 02:41:00,CNC-01,L,25.100786536021474,37.91846308958071,2519.449044127431,22.017027160953877,70.26353306967717,2.9845991101189155,10.322559282632007,55.50471049927864,0,2026-09-10 04:10:01
2026-09-09 13:53:00,CNC-02,M,297.2988253504578,312.00486427617943,1349.4708909429812,54.110302919006486,185.215920310248,2.4054124550366494,13.916823721009447,58.48117629290287,0,2026-09-10 04:10:01
2026-09-09 22:12:00,CNC-03,H,299.70990433670227,310.5790610780453,2702.938665285071,11.277409825385458,59.90617661974789,3.241430832841199,5.764109519952285,53.70664696068303,1,2026-09-10 04:10:01
2026-09-09 09:08:00,CNC-03,H,295.7956192844877,310.84760074567197,1604.7904584451,48.19304585819652,203.36879646595324,2.8045363038911253,14.429981875049565,59.15730075110109,0,2026-09-10 04:10:01
2026-09-10 00:13:00,CNC-02,M,297.84990756485837,309.8439805703049,2756.9719248654606,14.419006356253812,0.0,3.2860089429413066,7.302591622644388,53.812948490182876,0,2026-09-10 04:10:01
2026-09-10 02:54:00,CNC-03,H,24.665694292816,37.341924194001194,2542.7852631714986,19.53087628953855,95.0433933316251,3.0610229640524764,9.441403750191496,56.02939131034637,0,2026-09-10 04:10:01
2026-09-09 19:11:00,CNC-02,M,298.9676952254097,313.1954378580366,2292.276479796171,27.711245097561683,171.76247107112167,32.04420130179641,11.920124523380922,52.342530372566735,0,2026-09-10 04:10:01
2026-09-09 13:23:00,CNC-01,L,297.66946132104164,312.02691366518906,1330.8570725930829,52.348099769918065,184.00438061146224,2.5620889689498325,12.82701209230285,51.47519608423791,0,2026-09-10 04:10:01
2026-09-09 21:43:00,CNC-02,M,298.65424200028906,312.292813307731,2455.070287804533,22.63389577517367,134.88538458332826,3.1228432634834062,10.3304070430085,52.95568711306217,0,2026-09-10 04:10:01
2026-09-10 02:33:00,CNC-02,M,23.111717925834398,37.79976199810932,2542.31652793336,26.26053731339254,224.13452125024406,3.9449500677986027,12.478545314593132,,0,2026-09-10 04:10:01
2026-09-09 08:26:00,CNC-03,H,295.4778227549389,309.92818835509667,1703.6324390805798,41.88887328684586,139.58140994446498,2.5176303609871336,13.259373282247617,58.29566370852387,0,2026-09-10 04:10:01
2026-09-09 17:20:00,CNC-02,M,298.616718655526,313.15943429536065,2066.781424830017,37.357678436854854,26.342619553122987,2.624122688468007,14.462876169603323,60.96744070579033,0,2026-09-10 04:10:01
2026-09-09 05:40:00,CNC-02,M,296.40305112425824,311.5633435395065,2186.976911029161,324.5766163524713,118.91894743873968,2.8919443187683704,15.384572276766859,1955.1219006077426,0,2026-09-10 04:10:01
2026-09-09 08:49:00,CNC-03,H,295.7495347152106,310.40014961291604,1645.193494606865,45.78685039531773,174.3559038466685,2.6716744827319316,14.056310362299055,57.017698839733235,0,2026-09-10 04:10:01
2026-09-09 08:00:00,CNC-01,L,296.25526315856195,310.91211247565934,1663.848160216364,45.6985870066155,101.91748147306187,2.4494628454726333,14.20491097788829,57.97416982397132,0,2026-09-10 04:10:01
2026-09-10 01:34:00,CNC-01,L,298.50602559550964,310.79798529566347,2798.782070135807,13.182642237847006,235.2354014001877,4.510436487709338,6.963654391147604,51.009380182611174,0,2026-09-10 04:10:01
2026-09-09 20:36:00,CNC-01,L,300.4497302720769,313.4616633848326,2587.6771102913553,19.69992862052522,141.0046618681064,3.458774384000006,9.39515873475572,51.686564006390185,0,2026-09-10 04:10:01
2026-09-09 23:26:00,CNC-01,L,299.4707297030622,312.1827010625153,2577.214048409238,18.69728209235412,98.17026252620288,3.188560256836854,9.216884588724808,52.23792331765737,0,2026-09-10 04:10:01
2026-09-09 16:57:00,CNC-02,M,298.77428389586765,313.86088254510014,1822.9902668065233,40.27637695984848,213.8012984761491,3.293796058983303,13.725117052909823,52.918509346878004,0,2026-09-10 04:10:01
2026-09-09 22:16:00,CNC-01,L,299.8393390370675,312.3640363390989,2532.6434007675525,20.34755598666281,22.759986187777727,3.024077892815074,9.937710135715236,51.45680811490532,0,2026-09-10 04:10:01
2026-09-10 01:59:00,CNC-01,L,298.573323055932,309.8785863508846,2740.9721488225073,13.759092643577446,24.048813741880995,3.3482257017328183,7.03778025576349,55.75506928652974,0,2026-09-10 04:10:01
2026-09-09 10:04:00,CNC-02,M,296.0620644997676,310.0685419883312,1462.2982106585503,49.898980274133194,34.248512228793004,20.96447080572904,13.77028590178487,59.535584989424414,0,2026-09-10 04:10:01
2026-09-09 04:52:00,CNC-03,H,296.5431792025003,310.3500980242651,2205.01945097728,30.21403760795419,69.25065329666238,2.8538842247617793,12.40863626775898,57.78905017318725,0,2026-09-10 04:10:01
2026-09-09 23:37:00,CNC-02,M,298.05744499857974,310.2010641847797,2799.516592102182,15.46614337365725,33.94703790021124,3.328535347947786,7.964254361153637,56.31007936004965,0,2026-09-10 04:10:01
2026-09-09 13:04:00,CNC-02,M,296.8169915063472,311.1142534966595,1395.747240183978,50.4185071664954,108.01428092592131,2.207832347013553,13.545595377772159,54.88292218823197,0,2026-09-10 04:10:01
2026-09-09 12:45:00,CNC-03,H,297.2059033966527,311.49423990726325,1582.8293173133754,47.90589905264924,52.413708775544535,2.180825504515166,14.346171865331414,56.77149934158235,0,2026-09-10 04:10:01
2026-09-09 15:51:00,CNC-03,H,25.64550640776389,39.96522591917744,1570.5147498078566,47.637623320065586,67.31985226302209,2.31564486097572,13.978608169282117,50.49850278223,0,2026-09-10 04:10:01
2026-09-09 10:03:00,CNC-02,M,295.8030382188876,309.44482329813104,1421.5201714602595,47.86637570160035,32.67752704039034,2.0981160418207803,12.851755899625191,56.90803928060684,0,2026-09-10 04:10:01
2026-09-10 03:34:00,CNC-03,H,297.5041671869247,310.69380101331194,2414.959852430283,22.817554603950633,141.16196382164821,3.1487499132998398,10.221013375271527,57.70119454952427,0,2026-09-10 04:10:01
2026-09-09 13:24:00,CNC-01,L,297.8445067874646,312.7672903201515,1360.3310677851423,54.17563315219139,185.60438061146223,2.6230538654817726,13.699846130958264,58.29825144329389,0,2026-09-10 04:10:01
2026-09-09 22:21:00,CNC-01,L,299.9567699910516,312.5194313933735,2531.669248807804,19.77562664509314,28.288918625720385,3.1587311773124727,9.646040937216728,54.16493814106117,0,2026-09-10 04:10:01
2026-09-10 03:53:00,CNC-02,M,295.90288594580835,310.2375840460119,2386.3994174167574,27.476928835650963,67.49735146580245,2.9193101612249217,12.333051490048227,59.84044107513979,0,2026-09-10 04:10:01
2026-09-09 12:23:00,CNC-01,L,296.9310482334061,311.41349493864004,1475.1219366023395,52.208640561557644,88.73811456212685,2.1926248528302876,14.309793211413893,53.80911034963049,0,2026-09-10 04:10:01
2026-09-09 14:05:00,CNC-01,L,297.79148375312064,311.6202697698619,1344.7959325037525,51.150867589608076,37.54215239962479,2.0712664374323273,12.891051548600068,56.98670683806334,0,2026-09-10 04:10:01
2026-09-09 15:57:00,CNC-02,M,25.551906612137827,40.42866517138964,1466.5337209037773,52.15822108068503,127.8663031017197,2.27579776325691,14.010450292543734,53.0118660644203,0,2026-09-10 04:10:01
2026-09-09 11:42:00,CNC-02,M,295.91201486853015,311.4297868478163,1377.0697161730106,56.631117430571294,189.04606256121548,2.5530513056953565,14.466009275437008,57.66508577678994,0,2026-09-10 04:10:01
2026-09-09 15:16:00,CNC-03,H,25.360493025926644,38.864895444432136,1448.8829380450309,46.85148168310261,15.217537373730044,2.216110303794692,12.845642435974371,52.06365792996763,0,2026-09-10 04:10:01
2026-09-09 06:30:00,CNC-03,H,296.11015774034416,310.8652772292828,2039.753680069278,35.05259037080688,197.3053046729817,3.182787370144718,13.524262095509133,56.89477416108579,0,2026-09-10 04:10:01
2026-09-09 17:36:00,CNC-03,H,299.2706866334428,314.26026357603797,1898.903365626159,38.293329252472915,216.20624604701695,3.129275131287047,13.790085187622832,51.66015870912392,0,2026-09-10 04:10:01
2026-09-10 01:50:00,CNC-03,H,298.41924654049654,310.1225968672911,2563.6208201671275,16.008669569958418,23.96045757636088,3.115239502039259,7.605796107384717,55.17411615675658,0,2026-09-10 04:10:01
2026-09-09 23:43:00,CNC-01,L,299.33268218328027,311.20840766632296,2662.6938231655063,15.038421843528738,116.24856096876506,3.3940941260456974,7.336026876140709,54.80064339434273,0,2026-09-10 04:10:01
2026-09-09 07:36:00,CNC-01,L,296.1481328892032,310.0431071821237,1689.9018469848872,41.423465693330904,66.99423781567651,2.3724754388535483,13.110343893349015,62.52693781425555,0,2026-09-10 04:10:01
2026-09-09 16:23:00,CNC-03,H,299.03510801939706,312.8367645720274,1597.4101796647071,40.52666443066242,114.09961493338999,2.2790414556728322,12.08708221191498,53.32996294937082,0,2026-09-10 04:10:01
2026-09-09 09:53:00,CNC-02,M,296.2882754458798,309.8355350942564,1426.0815176009896,48.16283317224797,17.10197979858022,2.1066675376786033,12.624364367169054,58.021734299970966,0,2026-09-10 04:10:01
2026-09-10 03:47:00,CNC-03,H,297.2240578859627,311.49862570444975,,28.59158451298513,156.36028365900356,3.165139371909027,13.172583760204217,55.216489178140904,0,2026-09-10 04:10:01
2026-09-09 07:22:00,CNC-02,M,301.20599924729686,308.8923741583577,1815.5984602021704,37.43933589253404,9.896718480109161,2.3084939721580824,12.80779324740221,51.706748356958705,0,2026-09-10 04:10:01
2026-09-10 03:43:00,CNC-02,M,295.7285601425801,309.44973473033394,2501.7351041476168,24.61590657457023,55.65716857024078,3.1471581987962147,11.506978072399347,62.11623789762799,0,2026-09-10 04:10:01
2026-09-09 04:52:00,CNC-02,M,296.59847455476137,310.1679836648592,2166.8657272999562,30.853651158409775,57.43120665280099,2.7980618759794074,12.449598197923718,59.79960443373395,0,2026-09-10 04:10:01
2026-09-09 14:08:00,CNC-03,H,303.65459708873794,312.63515435817027,1658.3993338236107,46.03254654687842,182.93517710625935,2.6267328413843347,,41.83974831738606,0,2026-09-10 04:10:01
2026-09-09 05:37:00,CNC-02,M,296.3994290166651,309.9748940632986,2179.5368207519955,28.103997047875254,0.0,2.9088449881818765,11.495588075722088,55.39043470397727,0,2026-09-10 04:10:01
2026-09-09 16:01:00,CNC-03,H,25.593700344696458,39.71204122559067,1877.393170678624,38.803332588802654,82.107856335165,2.5649069092559422,13.739696561324955,50.455962598080255,0,2026-09-10 04:10:01
2026-09-10 01:33:00,CNC-03,H,298.47466097983755,309.9889733780551,2649.0968996442366,15.076009043064321,5.381421188247741,31.207800616866827,7.097597784410132,50.629481690863216,0,2026-09-10 04:10:01
2026-09-09 14:20:00,CNC-03,H,297.92695447297194,312.4664318870216,1367.1431493656175,51.32158604777273,201.6462812133741,2.498423080100202,13.026080538778526,50.60588668696932,0,2026-09-10 04:10:01
2026-09-09 07:31:00,CNC-02,M,301.5167643479088,309.3700745207625,1698.092961488334,40.99123145932612,22.837715755477657,2.3850733252711995,13.206653731866215,49.82966009979657,0,2026-09-10 04:10:01
2026-09-09 10:26:32,CNC-02,M,296.1393408766269,310.1061594855574,1433.4744094779999,46.43083198278106,68.79446325106892,2.1386792318833496,12.82984646051566,60.716570336641176,0,2026-09-10 04:10:01
2026-09-09 11:37:00,CNC-01,L,296.449067361709,310.3474226888267,1420.4843776937853,51.46150997991451,15.803377940084166,2.074039355530419,13.503338118390978,58.75783261850548,0,2026-09-10 04:10:01
2026-09-09 05:26:00,CNC-03,H,296.42396742348757,310.42700100252506,2127.144973644766,31.652263895828675,112.32595091068276,2.8254005507845137,12.493327474980287,52.92783929218166,0,2026-09-10 04:10:01
2026-09-09 13:06:00,CNC-03,H,302.84784343724925,311.13787653375186,1365.4776854558304,54.43983013467585,85.56678286217483,2.1460216795150537,13.94478612126822,43.977977372299215,1,2026-09-10 04:10:01
2026-09-09 10:12:00,CNC-02,M,296.30440948067184,310.3120443819728,1437.1591644628043,47.76089269915815,46.788121884877796,2.127753399514296,12.849996456396257,57.37786570757558,0,2026-09-10 04:10:01
2026-09-09 23:16:00,CNC-02,M,298.2498954833473,310.584156745901,2680.850268584836,17.165773876937,11.643335854056712,3.26593153811418,8.630793686437771,56.534861800394424,0,2026-09-10 04:10:01
2026-09-09 06:32:00,CNC-01,L,296.8200261369129,311.0758823647592,1973.7615440453635,0.0,203.82868185144258,3.3591475508288067,12.571583001943969,56.83384892850489,0,2026-09-10 04:10:01
2026-09-09 05:41:00,CNC-03,H,296.22069254219195,310.56045899420263,1948.6839510570474,37.63973581515771,131.87488753052847,2.672696546221723,13.71176800212859,59.491512351587,0,2026-09-10 04:10:01
2026-09-10 02:52:00,CNC-03,H,24.49956082930538,36.97579947737262,2603.899899580545,18.552236198330657,92.76663970009548,3.211459538203271,8.91485985664624,56.81724316700865,0,2026-09-10 04:10:01
2026-09-09 19:02:00,CNC-01,L,300.57737883627084,314.1353309000433,2268.2442179910063,28.07402421334539,27.88361933203405,2.7860887331911606,12.073452476320004,49.46877753581918,0,2026-09-10 04:10:01
2026-09-09 07:32:00,CNC-02,M,301.185359725042,309.32943538488,1749.760845051248,42.588183363842205,24.29834137094178,2.2836048859825366,14.043828199366883,48.41655794649581,0,2026-09-10 04:10:01
2026-09-09 23:32:00,CNC-01,L,299.35978449970185,311.86815541104914,,17.94962921447489,104.49918146729287,3.441326134554001,9.14416960530258,47.974600733933826,0,2026-09-10 04:10:01
2026-09-09 11:45:00,CNC-03,H,296.70092453015656,312.16664047364225,1492.5092157866814,54.611810463631755,226.48714606740708,2.976793086184573,15.193620794413691,57.49083610385376,0,2026-09-10 04:10:01
2026-09-09 16:16:00,CNC-03,H,,,1800.9076111621746,35.08276565066559,103.96751908687237,2.3766916703673746,11.928712497896814,52.32346364516529,0,2026-09-10 04:10:01
2026-09-09 12:03:00,CNC-01,L,296.87038325489556,310.5534831448582,1373.263135808247,47.64590811823004,57.05823994224746,1.9583389580409385,12.260234047252846,56.28650545714531,0,2026-09-10 04:10:01
2026-09-09 05:05:00,CNC-02,M,296.4299188447638,309.6181953572626,2266.212122313351,26.44707951545812,73.92813494179002,2.7457835188396613,11.283656642574456,59.54513619422605,0,2026-09-10 04:10:01
2026-09-09 13:47:00,CNC-02,M,297.2970677149984,311.9167928285295,1371.3658506442318,51.14157217351301,175.71921910329135,2.3000087316186124,13.139573938520313,56.42685895600356,0,2026-09-10 04:10:01
2026-09-09 11:55:00,CNC-01,L,296.8145371018929,310.66772834422176,1427.139409361909,47.894212970218945,44.35240779782531,2.1708415597075685,12.846010625179689,57.380773543302425,0,2026-09-10 04:10:01
2026-09-09 11:22:00,CNC-02,M,296.17222365913017,310.9501304029695,1379.7473601670831,54.149372149647135,157.25480489698276,2.4296776467390546,14.179277733417358,57.95828237706751,0,2026-09-10 04:10:01
2026-09-09 06:08:00,CNC-01,L,296.37259238533136,311.5313380522368,2036.9197429937503,38.12098600679923,171.37648707272848,3.1375336205682722,14.562566914975092,57.646769615715584,0,2026-09-10 04:10:01
2026-09-09 23:37:00,CNC-03,H,299.4742676857374,311.6796969307978,2778.1062299109444,14.736486070508175,151.01613369026876,3.450698300373465,7.633564257344354,49.71916687386159,0,2026-09-10 04:10:01
2026-09-09 07:07:00,CNC-01,L,296.41020164996246,309.8820315741879,1669.360221065799,39.734633735171826,25.29641608848112,2.2558389760183934,12.381072220139691,55.91968292989455,0,2026-09-10 04:10:01
2026-09-09 20:35:00,CNC-03,H,299.7605989003818,314.0845539045377,2334.0127837812856,28.153890258950177,202.91063629373903,3.5278589241102973,12.194103705012912,51.058158911304915,0,2026-09-10 04:10:01
2026-09-09 06:16:00,CNC-03,H,295.88174909533717,311.03213835668817,1965.849407634882,39.995467632624845,178.31338298977425,2.98326678701298,14.534517575706372,61.096481805581334,0,2026-09-10 04:10:01
2026-09-09 19:33:00,CNC-02,M,298.93388846251315,313.4472201571798,2237.9633843302845,29.91123461596488,198.71419498528718,3.424327474090353,12.657812231231182,57.370561744736875,0,2026-09-10 04:10:01
2026-09-09 11:59:00,CNC-01,L,296.6804210627769,310.6936472954087,1506.7921181303766,47.96668689768051,50.658239942247455,2.091068669767179,13.50746330348131,60.0832011479887,0,2026-09-10 04:10:01
2026-09-10 04:01:00,CNC-02,M,295.6679698433954,308.6365409731891,2374.701477717265,21.406108668935055,77.09389915470224,2.9561041453839416,9.68043198186013,59.385260800834665,0,2026-09-10 04:10:01
2026-09-10 00:30:00,CNC-03,H,299.1652073766926,312.71481322611993,2668.856863136878,21.905627501779573,207.27958781283635,3.6507196282048215,10.912006838202618,53.4899623454572,0,2026-09-10 04:10:01
2026-09-09 23:53:00,CNC-01,L,299.37138763030043,310.98724500329394,2721.9564664347345,14.258262214272271,126.81506131729071,3.326919484284793,7.4187367860427305,,0,2026-09-10 04:10:01
2026-09-09 16:26:00,CNC-01,L,304.79953158225186,312.1321468340885,1758.322278059409,36.105623219734284,1732.5877487400742,2.4811276270920013,11.893949871139752,41.50628339415242,0,2026-09-10 04:10:01
2026-09-09 07:37:00,CNC-01,L,296.18977561051463,310.5151312292109,1881.6841727622339,39.72934280673333,68.41149320310669,2.490738718025033,14.048039902410437,57.13979715034316,0,2026-09-10 04:10:01
2026-09-09 21:01:00,CNC-03,H,300.03415129128166,313.67271341352944,2755.5936177681756,20.463762488075652,232.48532293899635,4.095334979667632,10.553101748724194,54.45473762037455,0,2026-09-10 04:10:01
2026-09-09 23:56:00,CNC-02,M,297.82535700580485,309.38176621466044,2664.821098922622,12.935182598358338,54.09887247239621,3.1999897199964535,6.691803472638936,55.327276968023256,0,2026-09-10 04:10:01
2026-09-09 11:31:00,CNC-01,L,296.1771657082954,309.89845159821493,1418.3725187195153,49.983492724547524,6.301192923216771,2.0705272468903733,13.630266136938845,56.771729818447874,0,2026-09-10 04:10:01
2026-09-09 22:07:00,CNC-01,L,300.28678293038405,312.5863295284558,2598.1817710303594,18.303447083166578,13.05981815487964,3.0911447555680067,8.685125174653178,50.98828827324827,0,2026-09-10 04:10:01
2026-09-09 22:49:00,CNC-02,M,298.70030167417445,313.0668558578079,2696.7191046927733,23.672518312622053,206.8887352865222,4.05841055549869,11.862329285541707,55.72648836190071,0,2026-09-10 04:10:01
2026-09-10 00:21:00,CNC-02,M,297.72480826620813,309.4362577457873,,12.771601572089022,80.72568757681258,3.216247341121113,6.467403341402075,57.552932294110015,0,2026-09-10 04:10:01
2026-09-09 22:34:00,CNC-02,M,298.83248573285164,312.76244359697654,2460.563548437071,23.7502862165069,190.6946168212855,3.5712232981730474,11.130183859178786,53.78870985931756,0,2026-09-10 04:10:01
2026-09-09 23:02:00,CNC-03,H,299.49426678840223,311.6646692490761,2668.2489455415352,16.522327156723037,113.79255282235366,3.137387020457491,8.053998155370076,54.51195542842989,0,2026-09-10 04:10:01
2026-09-09 15:04:00,CNC-02,M,24.933620912352637,39.133653478657436,1658.533578251704,42.922068550885015,48.86671795952857,2.2710737295134296,13.496886154708914,54.14343181507261,0,2026-09-10 04:10:01
2026-09-09 06:50:00,CNC-03,H,295.8086855945801,308.694535579599,2007.861548380099,30.750036578683403,1.3545894424300895,2.482626395134557,11.697507642339904,62.50910578399529,0,2026-09-10 04:10:01
2026-09-09 08:00:00,CNC-03,H,295.4037544851773,309.00791052530377,1854.3588164268238,34.27803538336547,101.01701303820363,2.4837010680245464,11.913317922926309,61.216835017247185,0,2026-09-10 04:10:01
2026-09-09 08:52:00,CNC-03,H,295.8726081605471,310.94931096939,1550.1192045895382,49.124030924256566,178.94310923731277,2.5092839395665614,14.131092424032952,60.364969857060004,0,2026-09-10 04:10:01
2026-09-09 20:28:00,CNC-01,L,300.50783916396387,313.1211008719625,2492.384711825503,19.860477938399683,131.67625998332866,,9.382548111891072,53.71102794575103,0,2026-09-10 04:10:01
2026-09-10 01:49:00,CNC-02,M,296.84020034214285,309.10813037810135,2808.5265262651733,13.307409186714485,175.2966671556826,3.73882111526109,7.015145933229355,55.30572870027256,0,2026-09-10 04:10:01
2026-09-09 13:06:00,CNC-01,L,297.3745829032019,312.0687377080155,1467.494027578598,50.69526695263839,157.05967076044078,2.447264586246519,13.94878477386631,53.178291207484236,0,2026-09-10 04:10:01
2026-09-09 17:24:00,CNC-01,L,299.82011962992647,314.38492538851415,1777.4763296272977,41.32848905266618,131.0830975823947,2.584913817242095,13.902281218637516,51.11278935462566,0,2026-09-10 04:10:01
2026-09-10 00:12:00,CNC-02,M,297.7898667309518,310.6848648124512,2627.712978783903,19.289324883661006,71.18188272504149,3.1290414549098475,9.355184346902927,49.0887696489373,0,2026-09-10 04:10:01
2026-09-10 01:11:00,CNC-03,H,298.8354484408621,312.7553152808841,2455.8362197807974,24.847812209296432,251.29631679561825,4.012768141822187,11.572791426596286,48.016726819475075,0,2026-09-10 04:10:01
2026-09-09 12:54:00,CNC-02,M,296.8709070278814,311.9493030810967,1434.5747049065594,56.79233441853205,92.15984569793925,2.2122913988031447,15.351757430979228,61.58461356990591,0,2026-09-10 04:10:01
2026-09-09 23:24:00,CNC-01,L,299.6015732006169,311.1412859331593,2735.1395740216863,13.346163440341156,96.00182083614848,3.382561831565246,6.781897167838548,48.65300737682233,0,2026-09-10 04:10:01
2026-09-09 06:59:00,CNC-03,H,295.49248162234727,308.72873281693495,1758.891158843434,34.60791451068423,13.739443891550042,2.383846193298331,11.164423661931922,59.439370373621884,0,2026-09-10 04:10:01
2026-09-09 20:51:04,CNC-03,H,299.6807016473349,314.3055813005513,2535.982402457983,26.850522136945845,222.322170761998,3.797730255369301,12.834249038606451,47.61826654054158,0,2026-09-10 04:10:01
2026-09-09 09:00:00,CNC-02,M,296.12869466019856,310.33346130019055,1614.6781244602644,43.27341904534501,154.6615553997411,2.548954173955841,13.001757719400647,55.604129163568984,0,2026-09-10 04:10:01
2026-09-09 06:22:00,CNC-01,L,296.25798761010003,310.5713397391546,1866.5473282471764,37.538083350519635,190.2387190030132,3.2309558617384617,13.159360673320414,56.83937459856779,0,2026-09-10 04:10:01
2026-09-10 01:01:00,CNC-03,H,298.90112543212103,312.25587983500725,2567.8744617996763,20.030206700394384,240.53359183179307,4.093448660086173,9.890979052619114,54.75480763811195,0,2026-09-10 04:10:01
2026-09-10 02:36:00,CNC-02,M,23.206721587376705,37.42878602165371,2550.803057456568,24.648760390643595,227.54194273880134,3.9525488618847238,11.891325282002276,60.08503984589789,0,2026-09-10 04:10:01
2026-09-09 12:40:00,CNC-02,M,296.68423189711643,310.8967797169669,1445.9833044343638,49.00134863652881,69.893130213522,2.0918098305816577,13.091638544357231,55.18486560417515,0,2026-09-10 04:10:01
2026-09-10 01:53:00,CNC-01,L,298.73810907550956,310.08866924272206,2647.9933883885037,13.711403134585096,17.522591106004466,3.20464986199382,6.897699730350921,53.257604438341765,0,2026-09-10 04:10:01
2026-09-09 06:25:00,CNC-02,M,296.20981297607767,311.1639881701827,1904.4668954426986,41.07347789510689,179.20422666316531,3.0861639558638636,14.457017062117773,56.10585218957655,0,2026-09-10 04:10:01
2026-09-09 05:41:00,CNC-01,L,297.00814405482083,310.6949296599946,2088.805878875816,30.641070196450517,135.7844673429446,2.958473210926795,11.879833845049928,57.22694419376761,0,2026-09-10 04:10:01
2026-09-10 00:13:00,CNC-03,H,299.0320842986583,311.0995644907684,2772.9858434139064,13.589193898499069,189.15129499164894,3.691547488553874,7.229910629864422,51.57382944372456,0,2026-09-10 04:10:01
2026-09-09 23:15:00,CNC-03,H,299.5291846232966,312.78901799350075,2551.931124418302,21.481257556086902,127.65693491036387,3.2973227081081125,10.184899101277999,54.686818768565686,0,2026-09-10 04:10:01
2026-09-10 01:14:00,CNC-03,H,298.8251237656925,312.25630517374077,2602.1687822683703,19.54887379067764,254.50391327898646,4.32664148443831,9.534532383723114,57.30607995994066,0,2026-09-10 04:10:01
2026-09-09 12:45:00,CNC-01,L,297.21683556575783,311.6024191463793,1387.5959523632655,49.854874168832545,123.76621160501797,2.245699790177481,12.72853420159855,56.790407238500855,0,2026-09-10 04:10:01
2026-09-09 15:43:46,CNC-03,H,25.49722977562851,39.821359744115284,1605.0420415729948,47.59836227705075,57.03626471703724,42.65141531590716,14.39221834434203,54.455503812570306,0,2026-09-10 04:10:01
2026-09-09 18:00:00,CNC-01,L,300.3124037170021,315.90506567277146,2008.107074287999,41.47406927056449,179.79391151318976,3.1423894226597664,,49.33719527042944,0,2026-09-10 04:10:01
2026-09-09 23:05:00,CNC-02,M,298.64846272446016,310.42787625595463,2611.2482666902324,14.82897880850743,0.0,3.141261653986274,7.1226902336234215,54.33384155381749,0,2026-09-10 04:10:01
2026-09-09 04:13:00,CNC-03,H,296.80316090723204,310.02516511277133,2504.5141250048514,23.385469859909712,21.306385982724667,2.978585692599639,11.079663152560585,55.49893388417098,0,2026-09-10 04:10:01
2026-09-09 11:47:00,CNC-01,L,296.492443029237,310.92260890145076,1467.045833921429,54.13239843927243,31.700211471276646,2.088837975096193,15.108085892335314,57.13487937260762,0,2026-09-10 04:10:01
2026-09-09 12:07:00,CNC-03,H,297.2917524912941,312.54058795509036,1343.597698226385,55.553431576508295,261.5064114678953,3.2226852912111164,13.80782687329973,56.155736567287306,1,2026-09-10 04:10:01
2026-09-10 03:28:00,CNC-01,L,298.07535279415174,311.71454609711355,2443.0864605521288,25.898897763741964,124.44535437292772,31.272396701900842,11.759085884992462,51.77209796125131,0,2026-09-10 04:10:01
2026-09-09 18:56:00,CNC-03,H,299.6189503770238,313.85990145963854,2200.314542007585,31.43694519549076,83.04845599182492,2.888955831643019,13.030608623662706,50.27786090406373,0,2026-09-10 04:10:01
2026-09-09 07:00:00,CNC-01,L,296.23358287616867,309.5694071652899,1912.8652682604843,31.717925447672226,15.402865954842452,25.656341235747547,11.509120961064827,56.258102952209654,0,2026-09-10 04:10:01
2026-09-09 18:57:00,CNC-01,L,300.29118306801195,313.51522118091617,2215.6936454340353,27.268675955415134,21.56976358180524,2.783702386077019,11.46403569267323,47.15994514741073,0,2026-09-10 04:10:01
2026-09-09 14:41:00,CNC-02,M,297.6771472712668,311.86579076379365,1560.9945878248166,46.08787482558124,13.927221952347011,2.1079387781925094,13.404832615146171,52.74739017354626,0,2026-09-10 04:10:01
2026-09-10 00:22:00,CNC-02,M,297.5495281441084,309.6133547477045,2716.091893111406,14.936438927799287,81.77952235586632,3.3867339197732953,7.273585800391614,59.24491534760848,0,2026-09-10 04:10:01
2026-09-09 07:42:00,CNC-01,L,296.2774628127368,310.77210017217664,1801.35070691464,41.63506288114543,75.69946168526741,2.502594266504934,13.654556172009972,58.86625300947944,0,2026-09-10 04:10:01
2026-09-09 16:28:00,CNC-03,H,298.9434317606518,313.53488070533587,1759.0487729853685,41.93432044822783,121.25835143009343,2.552512514043478,13.968466304445764,50.36104401990728,0,2026-09-10 04:10:01
2026-09-10 01:40:00,CNC-02,M,297.2282346564075,309.9303342780266,2654.011340842874,16.398875993475396,165.6648479411432,3.5183194571228023,8.362043555844002,56.335633484904186,0,2026-09-10 04:10:01
2026-09-09 22:47:00,CNC-03,H,299.7015406217338,312.03759637595476,2781.2774981311013,16.49962157830621,97.87467135377982,3.4052357885570146,8.365073069468297,50.092765398278715,0,2026-09-10 04:10:01
2026-09-09 19:26:00,CNC-03,H,299.5235046793315,313.2408233682139,0.0,27.113969531960542,120.5063047808978,2.9472362274192414,11.370130247161857,52.5772461272112,0,2026-09-10 04:10:01
2026-09-09 07:54:00,CNC-02,M,301.2994491035662,309.6129017681205,1695.0111686216949,44.116483127276275,56.37789171262915,2.515674523837459,14.080238309598347,45.77037615972131,0,2026-09-10 04:10:01
2026-09-09 23:06:00,CNC-01,L,299.6578736096682,311.4458537977509,2618.7668090002735,14.092538311422189,76.77310743135938,3.267787822027694,7.0369183000488755,52.815980219289855,0,2026-09-10 04:10:01
2026-09-09 12:02:00,CNC-01,L,296.57386257677973,310.5880003192472,1331.3973831448495,53.442940286349895,55.45823994224746,1.9474864563939902,13.426500741010791,55.297991190586075,0,2026-09-10 04:10:01
2026-09-09 20:43:00,CNC-03,H,299.93996053180155,313.9694878942741,2502.580258463487,25.784463181447112,212.1798488333975,3.694652525086549,12.117995359147313,53.06533242218305,0,2026-09-10 04:10:01
2026-09-09 16:08:00,CNC-03,H,298.9304630273107,313.0854018351059,1823.9274815765104,40.328064503462,92.2575130759156,2.4957325088264435,13.658096088282651,55.190472633429806,0,2026-09-10 04:10:01
2026-09-09 04:37:00,CNC-03,H,296.8197228909441,309.7897442090768,2104.0276742459555,27.626060322255533,50.557087028630534,2.6312349128007817,11.069031161035683,59.27572802836451,0,2026-09-10 04:10:01
2026-09-09 22:25:00,CNC-02,M,298.89528713366377,312.94083112636986,2524.050358226877,23.74784412303456,180.84449224023206,3.6546952948126403,11.153063645954079,53.46825848082419,0,2026-09-10 04:10:01
2026-09-09 07:15:00,CNC-02,M,301.62383420691276,309.312346055279,1763.574852179209,38.68490657357029,0.0,2.391676353308513,12.760812514223618,45.7412480805261,0,2026-09-10 04:10:01
2026-09-09 06:15:00,CNC-02,M,295.9645213725257,310.7021785549947,1938.421694763375,38.56888734370897,165.54784375578652,2.9193163049267863,13.796029656511482,57.38986553006253,0,2026-09-10 04:10:01
2026-09-09 22:13:00,CNC-01,L,300.1998941398688,310.87582754623156,2701.0223167851786,11.143143816307958,19.487263440385203,3.2778622091631684,5.545971844201884,51.64940220020831,1,2026-09-10 04:10:01
2026-09-09 05:49:00,CNC-01,L,296.4821239491567,310.59137483914265,1963.2209633026434,35.055907580708386,146.28743847817728,2.8917797991984178,12.72618498772823,53.822679672948,0,2026-09-10 04:10:01
2026-09-09 04:15:00,CNC-03,H,296.75794858099067,309.76913344924566,2374.6614215262284,24.465222641298343,23.71112650820193,2.9575326668281305,11.030781589498595,58.80736736873934,0,2026-09-10 04:10:01
2026-09-09 07:41:00,CNC-02,M,301.08506506977903,308.8618041446115,1525.1305793332513,43.389711266751625,37.37078700925835,2.2207154027362552,12.094377829562683,49.86052534847976,0,2026-09-10 04:10:01
2026-09-09 16:20:00,CNC-03,H,299.174845803125,313.6801426362274,1841.9633523926636,39.561790411298354,109.69336596432136,2.5989667571649453,13.566249373617135,51.19553958323403,0,2026-09-10 04:10:01
2026-09-09 16:43:00,CNC-02,M,298.7273963547357,313.8691487503469,1752.5617902965805,44.91032501920616,193.81490888880592,2.9345641054783216,14.781492468950294,52.92224990938053,0,2026-09-10 04:10:01
2026-09-09 23:24:00,CNC-03,H,299.60719266837884,312.0966891846882,2681.269754752182,17.12309498322381,137.19568692053616,3.449077449555022,8.60651801991144,49.23611791550249,0,2026-09-10 04:10:01
2026-09-09 20:44:00,CNC-01,L,300.36749641237265,314.0788597267051,2566.0685667715593,24.04068208623471,150.27628761182498,3.421411738139361,11.315250944983388,52.77172981059056,0,2026-09-10 04:10:01
2026-09-09 10:20:00,CNC-01,L,296.4801263854052,310.38243904485233,1384.8683444369985,48.073985169013575,122.19787471465759,2.311245409077582,12.541618939207442,54.50389955370989,0,2026-09-10 04:10:01
2026-09-10 02:24:00,CNC-01,L,25.351911643311155,38.16246097655693,2481.253383035308,23.589483127882783,51.39279638712075,2.944128133248088,10.814684477787639,52.43844942754875,0,2026-09-10 04:10:01
2026-09-09 20:17:00,CNC-02,M,299.0830557229922,311.44390859706834,2464.4480153600466,18.73380256637465,36.96429637068205,3.0403028846506164,8.451320026715122,55.79700754159747,0,2026-09-10 04:10:01
2026-09-09 12:23:00,CNC-03,H,296.97465874779465,311.5387928691616,1494.461266269264,53.02866354959207,17.537525850283867,2.038315743929693,14.931347414749759,56.52556587345444,0,2026-09-10 04:10:01
2026-09-09 09:01:00,CNC-01,L,296.4563013699612,310.2525842434392,1535.081239027476,44.38237741772161,0.0,2.1691435297254675,12.947049151611562,58.149186883710925,0,2026-09-10 04:10:01
2026-09-09 23:36:00,CNC-01,L,299.16559015834656,312.3289142909992,2583.4375501393447,21.54834706740659,108.79600714801295,3.2914252438521556,10.364451367958544,54.01357724525092,0,2026-09-10 04:10:01
2026-09-09 09:53:00,CNC-01,L,296.39922220082104,310.9132478243842,1588.195042989925,46.69195183923811,79.81742891974959,2.2632451522139796,13.847162140077003,58.98895231612749,0,2026-09-10 04:10:01
2026-09-09 06:09:30,CNC-01,L,296.4357619633743,311.1784863005748,2059.255264627956,35.756977665790394,175.39446906985887,,13.820210824074696,58.95405927800098,0,2026-09-10 04:10:01
2026-09-09 08:28:00,CNC-02,M,301.3166873014152,310.1244740765769,1577.1148412735777,48.714442352601694,106.41631861698637,2.3543778257978016,14.29610643097532,51.6487352671092,0,2026-09-10 04:10:01
2026-09-09 17:18:00,CNC-03,H,299.2611158571224,314.0000007897325,1986.5663334469455,36.269271117188374,191.68620362615962,2.959367331583108,13.258118203497231,50.58843152179511,0,2026-09-10 04:10:01
2026-09-09 23:58:00,CNC-01,L,299.16385279582795,311.3354008344068,2792.751489679848,15.560058910185255,132.13871013414385,3.548275476028522,7.855076202132562,54.56087250010805,0,2026-09-10 04:10:01
2026-09-09 05:29:00,CNC-01,L,,310.7140003842793,1997.420157313288,34.72674560846468,120.31630046731647,2.7634230536729247,12.984908021939434,57.16404489148848,0,2026-09-10 04:10:01
2026-09-09 08:13:00,CNC-03,H,295.29664734261536,309.8897127754291,1566.3268938851702,47.54522818937379,120.19874264320126,2.3773835306110027,13.922555166723699,59.725869600777116,0,2026-09-10 04:10:01
2026-09-09 13:28:00,CNC-01,L,297.6000637209015,312.4962998391928,1442.3078549832403,51.40967149107088,191.896515931517,2.7074552166963333,14.332482136682374,60.40370269017498,0,2026-09-10 04:10:01
2026-09-09 06:40:00,CNC-03,H,295.80923023125376,310.63306414201327,2053.8603679796943,35.20980514815015,211.06276325738506,3.444423259638097,13.421867500067606,65.25725119389863,0,2026-09-10 04:10:01
2026-09-09 18:04:00,CNC-01,L,300.01671041821567,314.72947985849856,2175.6526004766356,33.66778603897417,185.0931945650768,3.3909211932067254,13.75523323116527,49.95927812614623,0,2026-09-10 04:10:01
2026-09-10 00:42:00,CNC-03,H,298.9741921339032,312.1467813732859,2799.5621689592213,17.52877100516502,219.97420959034176,3.959939479019517,8.953400181546092,49.76359479271122,0,2026-09-10 04:10:01
2026-09-09 07:00:00,CNC-03,H,295.78621404179387,309.3344757876207,1872.7019513158648,34.903620786705964,15.149581822069297,2.4796185317803023,12.59151758801736,57.7041341227945,0,2026-09-10 04:10:01
2026-09-09 04:55:00,CNC-03,H,296.6158216771327,310.0584434052759,2117.166997625713,30.278981555271713,72.99134399807635,2.7756395730325476,11.82451168067626,58.16696339657854,0,2026-09-10 04:10:01
2026-09-09 09:02:00,CNC-02,M,296.1282973640054,310.4650674687659,1429.738811253328,48.01343399880071,157.78307943048395,2.421241681679721,12.92752042528594,56.34768954735392,0,2026-09-10 04:10:01
2026-09-09 22:42:00,CNC-01,L,299.8187265410923,311.026830546637,2761.0120117893216,12.44160648170461,51.042422598015435,3.3782523540534335,6.375536272642926,51.787423790434076,0,2026-09-10 04:10:01
2026-09-09 15:47:00,CNC-01,L,25.76163161229607,41.34637060192739,1734.122609038797,47.34684156880317,192.67580779296694,3.02570537361809,15.542252843525969,54.033191810358524,0,2026-09-10 04:10:01
2026-09-09 19:54:00,CNC-03,H,299.8814003449033,313.0356906184346,2448.2127267869955,21.83995449782157,154.66829949339015,3.3250924730614524,10.262704934222104,1794.7575891569882,0,2026-09-10 04:10:01
2026-09-10 03:42:00,CNC-02,M,295.58389138582726,309.18556897583414,2319.930343341109,26.132413537585034,54.47081602287771,2.9423510568021913,11.304619420293413,53.42690322941669,0,2026-09-10 04:10:01
2026-09-09 04:40:00,CNC-01,L,296.8720549261434,0.0,2318.4866693464182,25.56890452228912,58.09033386606947,2.8668570100807615,11.21426491764755,58.32428260361481,0,2026-09-10 04:10:01
2026-09-10 01:03:00,CNC-03,H,298.93402235174943,311.9400464011966,2752.34125407645,16.792917266176868,242.65437676615542,4.2616137913060985,8.5507827746282,54.71026972060345,0,2026-09-10 04:10:01
2026-09-09 20:40:00,CNC-03,H,299.6116302025378,313.40574621208793,2417.6682301230417,24.89235828908337,208.78416596251395,3.6068199997552925,10.908457619699355,48.225281315375085,0,2026-09-10 04:10:01
2026-09-10 01:06:00,CNC-01,L,298.7808698218048,312.0262788510612,2655.0212278413437,19.31383514232676,205.15081263192974,4.007827248545012,9.606731375615269,49.31385998925636,0,2026-09-10 04:10:01
2026-09-09 18:54:00,CNC-03,H,299.54124264689625,312.6138110226313,2215.7646693161996,26.210255088637,80.50576989608564,2.837585596319659,10.973613559554469,47.158123468719964,0,2026-09-10 04:10:01
2026-09-10 01:22:00,CNC-01,L,298.5287402710487,311.8818684534841,2759.57198857202,18.197818192479797,222.25647809992617,4.3274679180684235,9.169078500097973,57.821169216238616,0,2026-09-10 04:10:01
2026-09-09 04:41:00,CNC-03,H,296.8021840980627,309.25195544009847,2237.664140127511,23.49831266321332,55.494422062610205,2.906350449189825,10.006833816413605,59.77391629688669,0,2026-09-10 04:10:01
2026-09-09 15:50:00,CNC-03,H,25.47821545001534,40.06354790161572,1601.3095021138415,47.66722076133805,65.81112304037148,2.326231747411125,13.96007596746692,53.66309390084998,0,2026-09-10 04:10:01
2026-09-09 04:59:00,CNC-03,H,5164.197666496663,309.8155460349938,2226.7007089867207,26.86307358763817,77.94194756888332,2.9442878256108704,11.139755292247095,58.1804992889098,0,2026-09-10 04:10:01
2026-09-09 22:33:00,CNC-02,M,298.66081111294005,312.83978655342094,2571.7773672198396,23.808258961208765,189.54831932952516,3.709903656883579,11.322469292924062,51.381883292267155,0,2026-09-10 04:10:01
2026-09-09 22:05:00,CNC-03,H,299.7202967989833,311.3159398380792,2585.7139731195325,15.001942102171341,52.32491468679049,3.161541331990266,7.509835293275539,52.795139457779264,0,2026-09-10 04:10:01
2026-09-09 23:44:00,CNC-02,M,298.04192415268466,309.0161067098492,2819.934175233131,10.554497295265772,41.377894164754935,3.3168698739265423,5.435848997398573,53.981877066385934,1,2026-09-10 04:10:01
2026-09-09 10:13:00,CNC-01,L,296.2723397056638,310.9215162752546,1406.193224291953,54.333392556459934,111.2113437775257,2.158269876677074,14.183019404939785,58.48116100299832,0,2026-09-10 04:10:01
2026-09-09 16:53:00,CNC-02,M,298.85291550356226,313.90708432115986,1707.7353127107108,42.28204383083548,208.0905324611704,3.1043006541428664,13.555568428147643,52.062334804335265,0,2026-09-10 04:10:01
2026-09-09 13:23:16,CNC-03,H,302.97245813980413,311.191163079054,1390.1138793985579,52.53844937189906,112.50884548214421,2.11442357355582,13.482560964425822,44.78032956304615,0,2026-09-10 04:10:01
2026-09-09 16:54:00,CNC-03,H,299.2687751884875,313.8685231317292,1808.382135232445,41.288427079891505,5542.907670039942,2.6089664992244854,14.024334963937147,52.64435265059399,0,2026-09-10 04:10:01
2026-09-10 01:01:00,CNC-01,L,298.80943113114876,311.24741855365176,2687.8793122703933,16.253188793390095,199.62506052645188,4.063477871851774,8.275555667876326,51.13917275392137,0,2026-09-10 04:10:01
2026-09-09 09:00:00,CNC-01,L,296.18862557191363,311.1730080066625,1420.397334699405,54.695670051115385,191.46765008686995,2.7001609387193723,14.450520743484736,61.6681729563858,0,2026-09-10 04:10:01
2026-09-09 04:21:00,CNC-01,L,297.02571711338624,310.18333487390134,2405.7619696774664,25.3578633039026,34.758536380526486,3.001464759953491,11.27906205558813,58.79682701581951,0,2026-09-10 04:10:01
2026-09-09 08:53:00,CNC-01,L,296.43744432749867,311.12160233583194,1507.3807132657478,49.353126686992844,180.87555230663557,2.6299075124949023,13.960784978661522,59.656771339228136,0,2026-09-10 04:10:01
2026-09-09 20:58:00,CNC-02,M,298.85335499385735,312.61624938533856,,25.661730997732555,84.37440068198026,3.090446235012728,11.951188820120489,50.14270569035691,0,2026-09-10 04:10:01
2026-09-09 23:02:00,CNC-01,L,299.65058875349393,311.63290138734317,2795.34550067558,15.096197130695746,72.51841377881445,3.2158326670844124,7.977756968002324,50.097196843964575,0,2026-09-10 04:10:01
2026-09-09 05:28:22,CNC-02,M,296.41163622571395,310.19281429973796,2162.6082119872462,30.059969731430236,102.03102619511796,2.7199888178264073,11.984562553662247,53.66979050747522,0,2026-09-10 04:10:01
2026-09-09 17:46:00,CNC-02,M,298.7439936114791,312.69138811930145,2193.4468316530547,31.69812815513905,61.66655592419683,2.789670153110433,12.839148870797725,53.623936646947605,0,2026-09-10 04:10:01
2026-09-09 14:43:00,CNC-03,H,298.4500708541088,314.1548616917418,1471.2216237682833,56.25169182268868,237.30309992411108,3.050661153512055,15.497260036737819,54.51938108248204,1,2026-09-10 04:10:01
2026-09-09 10:26:00,CNC-01,L,296.28660481385276,310.3319497048382,1373.41501456382,51.296093927775004,131.64957664003194,2.2251951223682713,13.125771335703002,59.21511008812437,0,2026-09-10 04:10:01
2026-09-09 22:05:00,CNC-01,L,300.2003908757624,311.1251839038264,2673.8701861666646,10.92144091598545,10.86393729586727,3.3306682448808504,5.4801016199925865,47.82112040293621,1,2026-09-10 04:10:01
2026-09-10 03:19:00,CNC-01,L,298.1009190074004,310.4450744419644,2454.406964463141,18.850707813870343,113.94276625212231,3.2287737703274373,8.555967561995066,56.443611576957196,0,2026-09-10 04:10:01
2026-09-09 13:55:00,CNC-01,L,297.5592105952485,311.3749239896057,1310.407083876071,52.408251304632536,21.96315906542941,1.99227449201623,12.571824812377217,58.245998720508176,0,2026-09-10 04:10:01
2026-09-09 06:18:00,CNC-02,M,295.83084938986724,310.7672826310147,1948.1188172915276,37.58762086362864,169.60864936865315,2.9365130741072463,13.82106987629161,58.90662775190997,0,2026-09-10 04:10:01
2026-09-10 00:09:00,CNC-02,M,297.6239981808759,309.26866490391217,2669.979238024651,13.28782648187825,68.02250199359656,3.0899156682728246,6.751036943654559,57.10558801011791,0,2026-09-10 04:10:01
2026-09-09 07:32:00,CNC-03,H,295.52176326725055,309.68920235055117,1925.014535433942,39.89815338404871,60.36866607969785,26.14987292108977,14.580893266726314,61.12633500737213,0,2026-09-10 04:10:01
2026-09-10 04:03:00,CNC-02,M,295.5265960441173,308.03031184086257,2408.697214724952,18.67460735292316,79.42440704601668,3.1049026171899974,8.29064635268551,60.63717137351631,0,2026-09-10 04:10:01
2026-09-10 01:13:00,CNC-02,M,297.4565141805495,310.15841341024594,2744.41148188194,16.243958877495945,136.22272677813464,3.4406240300764237,8.360738459112786,58.73260460726867,0,2026-09-10 04:10:01
2026-09-09 05:16:00,CNC-03,H,296.3018677753955,310.0232342286411,2188.3833169349496,30.146653350427815,99.44747294364385,2.8217895052500928,12.301618190866574,56.76884503770715,0,2026-09-10 04:10:01
2026-09-09 16:19:00,CNC-03,H,298.847648476156,312.9221639982306,1762.3421767826808,39.307828903089444,108.28627706689305,24.868910711106615,13.071899107569585,50.90770230723438,0,2026-09-10 04:10:01
2026-09-09 15:49:00,CNC-01,L,25.803176802267217,40.55648208446246,1729.9845875001274,41.65877500811196,195.57471006310158,30.431568720954154,13.658807759167143,50.93369369317669,0,2026-09-10 04:10:01
2026-09-10 01:03:00,CNC-02,M,297.3135922028061,309.39682033836,2832.0259324702297,13.49043220287723,125.44546180442286,3.476436145802615,7.0557099723696295,59.850803061432195,0,2026-09-10 04:10:01
2026-09-09 23:36:00,CNC-03,H,299.33149349031197,312.195688974885,2754.654008055515,18.616389204492293,149.96113765978632,3.4858829827526234,9.69636428536383,52.00865629144123,0,2026-09-10 04:10:01
2026-09-09 04:43:00,CNC-01,L,296.83683400103234,309.96143756926955,2275.766600474959,27.38514221908338,61.90391321671752,2.826731708404275,11.666648864468868,58.380897509213284,0,2026-09-10 04:10:01
2026-09-10 00:55:00,CNC-02,M,297.17461627448273,310.34165782520864,2764.534936566936,18.09180116491269,116.96200688669315,3.439224963868799,9.710869455534842,55.83571386153491,0,2026-09-10 04:10:01
2026-09-09 18:51:00,CNC-02,M,299.0156989529818,313.6366743208907,2356.028736105196,29.027518614847533,146.7185865312055,3.169614118561883,12.883260891242934,52.1304558771205,0,2026-09-10 04:10:01
2026-09-09 11:33:55,CNC-03,H,296.75993338998825,311.8078651651226,1402.455079175147,52.89338542592833,207.45590412470906,2.581954819389281,13.863148191472181,56.85239331439493,0,2026-09-10 04:10:01
2026-09-09 16:36:00,CNC-02,M,298.5649243887462,314.1152933934456,1872.8084390605668,43.20555240592696,183.8051420082653,3.006231093552645,15.167063966113497,55.00695415054862,0,2026-09-10 04:10:01
2026-09-09 08:45:00,CNC-02,M,295.7663460565122,310.33407840918056,1521.8512772044066,47.63987876262417,132.01612866675003,2.3952552857208786,13.503011675775081,61.04591106075843,0,2026-09-10 04:10:01
2026-09-09 14:22:00,CNC-02,M,297.6463515569966,312.5435379953876,1442.3102432772544,50.43433148977462,230.41388458021035,3.0490482649094686,13.65655404582444,57.07478900798248,0,2026-09-10 04:10:01
2026-09-09 11:59:00,CNC-03,H,296.7861878854602,311.82746648760207,1357.2846748223697,54.52092599186433,248.81321979133767,3.070436398714367,13.798431740323636,60.06373347550917,1,2026-09-10 04:10:01
2026-09-09 07:28:00,CNC-03,H,295.60807406892235,309.79636282285816,1802.2453725337584,41.117692445530786,54.58865376736418,2.5238863134739438,14.038693723494523,63.7102709478078,0,2026-09-10 04:10:01
2026-09-09 19:01:00,CNC-01,L,300.5853208551993,313.83280597788763,2233.3916925313847,27.592105040096293,26.630195988106404,2.8251637425191785,11.59063753700379,57.26207341819096,0,2026-09-10 04:10:01
2026-09-09 13:56:00,CNC-03,H,303.71977358454336,311.99552755366113,1440.5960005880895,,164.25583236501157,2.388128299067473,13.106290234861403,45.1074122243913,0,2026-09-10 04:10:01
2026-09-09 23:10:00,CNC-01,L,299.9028574245624,312.1244712009871,2722.183659607386,16.623931151744273,81.07720073339871,3.484472094673512,8.370874450170676,51.083502365846776,0,2026-09-10 04:10:01
2026-09-09 12:39:00,CNC-03,H,297.3185846328088,311.14521669210495,1342.2070257728112,52.66230701440699,42.907484307006605,2.0550583997454566,13.015598234250865,56.09938603676657,0,2026-09-10 04:10:01
2026-09-09 07:47:00,CNC-03,H,295.4049552592039,310.094838232936,1820.4469443002035,42.517037072340024,82.18208661083078,2.589660317067,14.473833010279726,60.08814203967596,0,2026-09-10 04:10:01
2026-09-09 18:51:00,CNC-03,H,299.6008983140086,313.1488986287367,2201.216800841893,28.72956616794749,76.66168325005245,2.71199287791084,11.885245195245087,50.53297745212897,0,2026-09-10 04:10:01
2026-09-10 01:14:00,CNC-01,L,298.798319561321,311.5173787041713,2725.633927021895,16.476405108250034,213.6505282518316,4.139092331832047,8.372462641165045,51.587700607509824,0,2026-09-10 04:10:01
2026-09-09 16:13:00,CNC-02,M,298.807864716297,313.1784387537138,1646.280075923252,41.98959088123116,151.1028186045422,2.564457997397178,13.047519049392198,56.375785741400875,0,2026-09-10 04:10:01
2026-09-10 00:55:00,CNC-01,L,298.8342031349991,313.0365212422472,2536.665114057738,24.505590288006523,193.25959854129016,3.7279402440115876,11.845154917570882,51.77623815926379,0,2026-09-10 04:10:01
2026-09-09 10:28:00,CNC-03,H,296.1962590806909,310.3064554575559,1353.8221430442627,51.31621943470337,104.55545148937102,2.115699627829113,12.962575764247807,56.015711001020215,0,2026-09-10 04:10:01
2026-09-09 08:40:00,CNC-02,M,5159.244191231427,310.5158483784695,1659.230457843721,41.04286582547646,124.44840368025758,2.457510083577084,13.15283370170188,56.0678889526972,0,2026-09-10 04:10:01
2026-09-10 00:01:00,CNC-02,M,297.95409164117143,311.6590508000706,2623.3164028769447,23.19465182850094,59.48738710786021,3.2200980900168568,11.78343918211149,55.79163980507489,0,2026-09-10 04:10:01
2026-09-09 23:59:00,CNC-02,M,297.8985157062315,310.4551854786898,2676.5805374770116,17.10564848911036,57.262079256622144,3.192654479414669,8.3615565768675,55.323843925175645,0,2026-09-10 04:10:01
2026-09-09 13:54:00,CNC-01,L,297.5720523310775,311.4042826136235,1590.1525329911856,45.76772237764658,0.0,2.1314252413912556,13.710337928566844,56.640188377947034,0,2026-09-10 04:10:01
2026-09-09 11:14:00,CNC-03,H,296.4226613914972,310.7495941992677,1347.461745253787,52.60287613682807,177.30595593561233,2.472519430907614,13.357545503028946,57.44939214048641,0,2026-09-10 04:10:01
2026-09-10 03:36:43,CNC-01,L,297.72837328233055,311.63254774576166,,27.097604810969443,134.9447309576008,3.202435051540972,12.101443359189735,58.21198222275169,0,2026-09-10 04:10:01
2026-09-09 08:43:00,CNC-02,M,296.4020408817672,311.0283041289167,1584.0843775946814,45.65063263334116,129.0248613818133,2.3860508217409433,13.600171746828023,56.417197141467746,0,2026-09-10 04:10:01
2026-09-09 16:46:00,CNC-01,L,304.9069512986755,312.85850748417823,1810.0977711697938,39.51817231243052,78.16876189344403,2.4730504489044725,13.395194529318067,42.298748398717066,0,2026-09-10 04:10:01
2026-09-10 00:37:00,CNC-02,M,297.99304317562684,310.2137069549753,2768.027886545624,14.118213646754842,97.88620946099496,31.97700730116317,7.4946861243475515,54.76198592953455,0,2026-09-10 04:10:01
2026-09-09 22:20:00,CNC-02,M,298.5142360629226,311.55720715406363,2651.6668354192316,17.043091359370425,175.37139545606934,3.704698366294456,8.492843817690325,52.90229276370846,0,2026-09-10 04:10:01
2026-09-09 17:17:00,CNC-03,H,299.18227577777816,313.19424664386554,1941.915544070675,33.72301061556492,190.34686492289845,3.0141841267295626,12.09517870329988,54.03963938071589,0,2026-09-10 04:10:01
2026-09-10 02:14:00,CNC-03,H,25.314511132989537,37.692114153849786,2559.4993417951277,18.731078324592335,50.09571764629601,3.097549464875231,8.921494141090232,52.59347954974967,0,2026-09-10 04:10:01
2026-09-10 02:01:00,CNC-03,H,298.2113856203905,310.1607419531587,2701.4919956606905,16.44493986974755,35.89831302329616,3.2597539190878004,8.237208474293926,54.77672068615861,0,2026-09-10 04:10:01
2026-09-09 13:02:00,CNC-02,M,296.6344829421829,310.66887732306435,1302.05155184544,52.174242469236574,104.86650177103137,2.1210036752253716,12.863821978920232,54.30838292910549,0,2026-09-10 04:10:01
2026-09-09 12:33:00,CNC-03,H,297.0538057564447,310.61334109851765,1403.9463422378828,47.13274190566904,33.442532084799836,2.0313638803781764,12.486697138620784,63.7715069505108,0,2026-09-10 04:10:01
2026-09-09 08:05:00,CNC-01,L,296.5222008628903,311.1022367418466,1607.5684805399808,46.13363095024501,109.35622577445461,2.3769732810130773,13.825103555281215,60.17332533555446,0,2026-09-10 04:10:01
2026-09-09 05:12:00,CNC-01,L,296.79446861453505,310.978615465644,1969.2670490805829,,98.66375904288057,2.697664488989673,13.209131257917434,58.19516424683653,0,2026-09-10 04:10:01
2026-09-09 04:10:00,CNC-01,L,297.2467684853706,310.59706329894766,2320.947641362189,28.23600505975466,21.351317424039408,2.830701114702292,12.324935658961678,54.05547576259424,0,2026-09-10 04:10:01
2026-09-09 04:47:00,CNC-01,L,296.5445694883516,309.9933291981781,2241.1363346196986,28.139244899021755,66.89516690786834,2.846844470049903,11.94843689717084,56.19579289710723,0,2026-09-10 04:10:01
2026-09-09 22:38:00,CNC-02,M,298.7572304873463,311.58433633172103,2633.275014095002,16.399719066415976,195.00487407926332,3.7900155071416926,8.112909480527552,51.92534941072027,0,2026-09-10 04:10:01
2026-09-09 19:57:00,CNC-01,L,300.70993900665843,313.21527622726285,2375.4468804774415,20.492185751905314,95.1453515569474,3.0857309905701094,9.127944255556761,44.85234171752936,0,2026-09-10 04:10:01
2026-09-09 08:33:00,CNC-02,M,295.94219635190126,310.9017830262388,1674.7550034877074,47.13442861232724,113.88264188525383,2.436314914224464,15.16972213499627,56.53148756182366,0,2026-09-10 04:10:01
2026-09-09 22:45:00,CNC-03,H,299.5877690071715,311.5401536461865,2775.525474379339,14.517621149307805,95.7328127943253,3.3951741304737557,7.745442697656433,50.67817393541134,0,2026-09-10 04:10:01
2026-09-09 16:32:00,CNC-01,L,304.9526773676386,313.20551171260297,1774.6486759764202,42.166080868267905,58.1350750081858,2.41056869597372,14.068110044855109,43.97930848158768,0,2026-09-10 04:10:01
2026-09-09 06:10:00,CNC-01,L,296.3205195179663,310.63933319490985,2028.2780234105924,34.40877014237998,174.05308675433596,3.1316596702292294,13.010494913125582,54.95649474978574,0,2026-09-10 04:10:01
2026-09-09 16:18:00,CNC-03,H,298.8303386455264,313.5506441404365,1684.2084945633117,44.3099576067786,106.87486570761465,2.380942209421328,14.020770807974777,54.37863040263856,0,2026-09-10 04:10:01
2026-09-09 06:56:00,CNC-03,H,295.73344583196894,309.1499788287936,1802.7075580152182,37.57614617743553,9.516302806556467,2.483415976915804,12.733866448780274,60.954355614931046,0,2026-09-10 04:10:01
2026-09-09 05:19:00,CNC-01,L,296.49149323205836,310.3902079195147,2276.059383150519,27.913581291501973,107.50807695809196,2.947436493563406,11.826197421853205,57.56193330905273,0,2026-09-10 04:10:01
2026-09-09 22:01:00,CNC-02,M,298.9180604812009,312.6058167008408,2622.42368286658,22.123549971462563,154.63941785588221,3.4260785855035207,11.11563929898534,50.21369958881469,0,2026-09-10 04:10:01
2026-09-09 19:30:00,CNC-02,M,299.2766547568136,313.9198834713072,2471.2813249633546,27.577748218829143,195.06024401443446,3.569363111395434,12.73191140534622,55.568277736274325,0,2026-09-10 04:10:01
2026-09-09 14:53:00,CNC-02,M,297.8917192313545,312.08275885909205,1633.332283903053,42.65857982478384,32.115413660059204,2.175242267896755,12.85871422834775,55.914199127880664,0,2026-09-10 04:10:01
2026-09-10 02:26:00,CNC-02,M,23.27518011702034,37.15547047470824,2532.4441585762843,22.983377316464196,216.3357861953398,3.8457800031154528,10.91250123546535,56.89451839471012,0,2026-09-10 04:10:01
2026-09-09 17:41:00,CNC-02,M,298.82400776229196,312.58525856458465,1959.7165455804627,33.61682490948773,54.94741726345482,25.30934576141815,12.321255287596058,51.247567105843856,0,2026-09-10 04:10:01
2026-09-09 10:36:00,CNC-02,M,295.9412319621483,309.54267561721826,1357.1309127374723,48.12209134398568,84.65258014190096,2.1307823271482667,12.064339376316688,55.489732859643006,0,2026-09-10 04:10:01
2026-09-09 19:28:00,CNC-02,M,299.0145205376777,313.2763343386007,2202.4936593002935,29.319577849895623,192.7316068567092,3.3232238468755084,12.242569646058534,50.2278347076152,0,2026-09-10 04:10:01
2026-09-10 01:12:00,CNC-02,M,297.51053464279596,309.8209166615822,2628.314852295675,15.003168219271348,135.19272677813464,3.418680672870109,7.425571587973903,57.53122843363791,0,2026-09-10 04:10:01
2026-09-09 08:11:00,CNC-02,M,301.45198532146725,309.55704965505083,1669.0687146723646,40.06482033897127,81.26614748649051,2.3768295888307027,12.59633807726583,50.85067520046514,0,2026-09-10 04:10:01
2026-09-09 05:59:00,CNC-01,L,296.25605576909794,310.6007995022325,2208.592767314234,31.019562077376747,159.39553700529387,3.2332737016445385,12.844889655405462,56.625777012051955,0,2026-09-10 04:10:01
2026-09-09 07:41:28,CNC-02,M,301.1382694243122,309.4620748319859,1785.572624981765,40.19811020217371,38.80967721272921,2.4014264673229038,13.40494792086816,48.14920388695057,0,2026-09-10 04:10:01
2026-09-09 10:30:00,CNC-02,M,296.190510131207,310.9243778944305,1403.584602087167,53.87721143941227,75.14102117037224,2.05044269798837,13.842023658773718,58.257826909877835,0,2026-09-10 04:10:01
2026-09-09 17:02:00,CNC-03,H,299.1045128670803,313.5382191149891,1917.5698549217846,37.67442736618075,169.501087728423,2.9248777054133277,13.305841840158035,55.02789883541663,0,2026-09-10 04:10:01
2026-09-09 06:16:00,CNC-01,L,0.0,311.2613389335262,2078.149939306076,35.53804165091598,182.1377425605989,3.3110922265163185,13.832432298366557,55.468372999657596,0,2026-09-10 04:10:01
2026-09-09 11:27:00,CNC-03,H,296.69937625511966,311.5741166452924,1397.9960910463872,53.860966885180495,197.9005751839116,2.6664536485409798,14.291920079984099,59.02341550085052,0,2026-09-10 04:10:01
2026-09-09 18:59:00,CNC-02,M,298.8643250444289,312.5498624727061,2187.596654342549,26.868247171419664,,3.126469225568729,10.933432968143054,55.92378535024989,0,2026-09-10 04:10:01
2026-09-09 12:34:00,CNC-02,M,296.51657647421933,310.7002592269416,1368.7689855494416,51.64614963094272,60.389225049584084,2.0913145023950275,13.337027495936123,59.57407918668804,0,2026-09-10 04:10:01
2026-09-10 02:58:00,CNC-01,L,25.03186248980768,38.35338676433827,2472.2660765761893,23.10185999800144,89.57585729930003,30.474733114875825,10.477103015179683,53.314011053128965,0,2026-09-10 04:10:01
2026-09-09 16:46:00,CNC-03,H,299.63425452423627,314.49928554440123,1831.8873228326058,41.13225857147047,147.04805714113758,2.62462735610404,14.218384060376088,51.2431621514398,0,2026-09-10 04:10:01
2026-09-09 21:44:00,CNC-03,H,299.8804122812517,312.4694124347243,2639.8805425465794,19.898064166091125,29.12222296643707,3.1533146471879507,9.916916381907015,50.53938132462275,0,2026-09-10 04:10:01
2026-09-09 07:58:00,CNC-03,H,295.74774012612784,310.60659512413537,1673.283855781409,47.561294401623805,98.16630681907215,2.391705353816314,14.640269568431691,63.130690092821816,0,2026-09-10 04:10:01
2026-09-09 09:30:00,CNC-02,M,0.0,311.0321205913442,1505.8287240992058,50.930028901566516,200.72924486886333,2.770522421600883,14.300940223273777,58.873560543282935,0,2026-09-10 04:10:01
2026-09-09 14:59:00,CNC-01,L,25.368365497935258,39.866838383510355,1462.3507358769407,49.992778455832266,120.58546023685099,2.173202419056306,13.456755831230042,56.99002212692339,0,2026-09-10 04:10:01
2026-09-10 02:53:00,CNC-02,M,23.14455101483526,37.215642804037714,2570.6940610531788,22.93547172486054,246.71125192174657,4.432394475080584,11.436235610489419,57.93401267379371,0,2026-09-10 04:10:01
2026-09-09 17:24:00,CNC-03,H,299.3410497260991,314.02449883597563,1822.923579898991,40.15459877422176,199.92540004291664,2.899075601225821,13.798738065592527,53.32439883002969,0,2026-09-10 04:10:01
2026-09-10 01:44:00,CNC-01,L,298.4893799697108,310.5637474351336,2623.6554278480803,18.00824822840786,7.551115156315922,3.146293914144375,8.80072374429877,54.98052624970173,0,2026-09-10 04:10:01
2026-09-09 10:25:00,CNC-02,M,296.22288696377586,310.48404600155976,1377.302578763619,50.36782751470095,67.22787700005277,2.073163676213504,,57.3022594978652,0,2026-09-10 04:10:01
2026-09-09 23:10:00,CNC-03,H,299.5240254356128,311.1992230158038,2852.3746736647854,12.761775901537117,122.36326583827612,3.5051108520684533,6.654240377344565,52.06659619816582,0,2026-09-10 04:10:01
2026-09-10 03:48:00,CNC-03,H,297.24044772753,311.63173565047543,2304.2502070189066,31.169114440027958,157.58818932403923,30.400847072011764,13.511296741708339,52.267907148893286,0,2026-09-10 04:10:01
2026-09-09 16:02:00,CNC-01,L,25.87792047267095,39.82573387419774,1637.6322785661844,44.17538568166974,14.646266956983657,2.244616980590531,13.460927655744731,52.245157729633185,0,2026-09-10 04:10:01
2026-09-10 01:42:00,CNC-02,M,297.1532869817418,309.9833540943886,2712.536267297217,16.852215995856906,167.8087285287482,3.5135504419201733,8.421701844920412,59.20477709735095,0,2026-09-10 04:10:01
2026-09-09 10:29:00,CNC-02,M,296.4362258547828,310.50226377115445,1412.24697213768,48.314703197129674,73.54102117037225,2.1358471587368624,12.853998516503689,58.667878591520335,0,2026-09-10 04:10:01
2026-09-10 01:49:00,CNC-01,L,298.8060912114032,310.9690426155969,2455.7085671836116,20.1096503153435,13.173362184740029,3.060744984329035,9.081676647540977,53.61313152218548,0,2026-09-10 04:10:01
2026-09-09 12:49:00,CNC-01,L,297.16378013185135,311.2237265359319,1326.0462377104554,50.96216542340911,130.16621160501796,2.1742659567254456,12.69220728946655,56.52964035934558,0,2026-09-10 04:10:01
2026-09-09 09:52:00,CNC-01,L,296.3469302974034,310.41115471316544,1478.8019781993555,47.490479431031815,78.29481121395274,2.1767408513296185,12.987263312823309,56.87372429459466,0,2026-09-10 04:10:01
2026-09-09 14:48:27,CNC-01,L,298.44649871246423,313.3049086776185,1621.842379175187,47.63225889165357,105.39110695472979,2.284451421988411,14.797455067684378,56.713800342541454,0,2026-09-10 04:10:01
2026-09-09 08:58:00,CNC-02,M,296.03508140850585,310.94881376861093,1690.5889725451245,45.01930718346942,151.63981488584525,2.586007548889964,14.16298502233782,54.59519888274444,0,2026-09-10 04:10:01
2026-09-09 20:48:00,CNC-02,M,298.90063220446115,311.8850523867473,2275.7347411631736,24.903326635678365,73.00914193080166,2.898507694993199,10.575717836248474,52.80200786485459,0,2026-09-10 04:10:01
2026-09-09 05:51:00,CNC-02,M,296.1069845923785,310.00069672956226,2140.895773223564,31.824737911285897,133.48715934955408,2.8998695142732673,12.71345129599154,56.570174895785655,0,2026-09-10 04:10:01
2026-09-09 17:09:00,CNC-03,H,299.2761174850704,314.03958810523017,1923.5021394787689,37.72642093700915,,2.8907321823524943,13.29676018338073,53.22553903010531,0,2026-09-10 04:10:01
2026-09-09 15:15:00,CNC-02,M,24.72757705395719,39.466043146828724,1613.8320118685156,47.65621573893789,65.26963810138625,2.3112915583347227,14.582425688815535,54.94824952677775,0,2026-09-10 04:10:01
2026-09-09 06:44:00,CNC-02,M,296.0044290645562,311.1323010447963,1994.600196669606,37.23480291032129,205.27006660692706,3.2520074836806514,13.838026123143418,58.508972032374245,0,2026-09-10 04:10:01
2026-09-10 01:25:00,CNC-02,M,297.1226474410426,310.00961678624276,2670.741167245618,18.15211478341084,149.25873446725464,3.374821073676211,8.89736555895,57.14544481301897,0,2026-09-10 04:10:01
2026-09-09 14:30:00,CNC-03,H,298.23745783626464,313.58349955360165,1552.8128812850937,52.19801730471331,217.13083495328965,2.7755742919059707,15.210485450302183,52.976600138901745,0,2026-09-10 04:10:01
2026-09-09 08:30:00,CNC-02,M,295.99692979374913,309.98103868705834,1547.9097519325653,42.26667456105216,109.45608507661406,2.1885166289025304,12.223635616715242,57.70644940847703,0,2026-09-10 04:10:01
2026-09-09 10:36:00,CNC-01,L,296.4450021083973,311.12631698481175,1373.6048544808586,53.2890163910407,147.5524455435305,2.3199096678314297,13.411626614270736,55.01264696969892,0,2026-09-10 04:10:01
2026-09-09 10:14:00,CNC-02,M,295.975143512997,309.59170885960765,1358.094473262302,48.128527413907,49.90972990007224,2.019144283016626,11.875450835435748,54.01236845521149,0,2026-09-10 04:10:01
2026-09-09 06:17:00,CNC-02,M,296.17778634201784,310.3998935433667,2053.8070989843714,34.145544876878226,168.23728653173507,3.0591853959292523,12.934282212498433,56.53327102453258,0,2026-09-10 04:10:01
2026-09-09 09:51:00,CNC-03,H,295.9928166668898,310.1198882819831,1446.0855003139038,50.262888501972526,46.63079400387732,2.13174400585442,13.531825749660973,55.80808568564487,0,2026-09-10 04:10:01
2026-09-09 21:10:00,CNC-02,M,298.6080073978439,311.21097963636015,2527.643203333789,17.573975703091644,97.91474939686732,3.0509696168283176,8.285825066137749,54.59720414969985,0,2026-09-10 04:10:01
2026-09-10 03:11:00,CNC-01,L,24.97868281950639,37.72036095424846,2513.718999725314,19.771590558654175,104.44869001451164,3.180838353591888,9.427623243072249,55.12499383800606,0,2026-09-10 04:10:01
2026-09-10 01:57:07,CNC-03,H,298.1849633091466,311.0449202950845,2518.6474114555012,21.613947864219604,32.63107930481592,3.0966890401020812,10.479240778535232,58.76398939070832,0,2026-09-10 04:10:01
2026-09-09 23:53:00,CNC-02,M,5188.256853611197,310.0195305761562,2664.1028394981727,16.10572100624934,50.90686151695672,3.139126261386633,8.106942357324122,51.54351035380139,0,2026-09-10 04:10:01
2026-09-09 23:58:00,CNC-02,M,298.2983887925639,310.1770097988675,2690.260627818806,14.018512201474133,56.201667293627686,3.2510861245340443,7.021439301345528,55.90354850528454,0,2026-09-10 04:10:01
2026-09-10 01:52:00,CNC-02,M,296.96360478317865,309.7456907455496,2804.444339029062,16.849511932093016,178.51580211149914,3.705675497998233,8.718973136113453,56.8461515322748,0,2026-09-10 04:10:01
2026-09-09 15:20:00,CNC-03,H,25.37977295804967,38.86249307656692,1439.2272127417277,44.5122223161193,21.30285086236484,2.0648436993760764,12.028926160319436,57.24199699097236,0,2026-09-10 04:10:01
2026-09-10 00:56:00,CNC-03,H,299.1010087907265,312.4205327516329,2650.758012446901,20.612504350457012,235.01558391008444,4.091990863874311,10.25197011131548,54.09762002479039,0,2026-09-10 04:10:01
2026-09-09 12:57:00,CNC-01,L,297.44886365650257,311.8651078179626,1522.5660657598514,48.910828550032434,142.8095993504095,2.3409383472677145,14.08693674291826,54.36828580091064,0,2026-09-10 04:10:01
2026-09-09 22:17:00,CNC-03,H,299.81257857895275,312.5796665142664,2685.8072039921926,20.27039739446331,65.30347896381598,3.1539850088757455,10.136161733822357,45.017610044665716,0,2026-09-10 04:10:01
2026-09-09 04:46:00,CNC-01,L,296.84608839778366,311.0177573188773,2114.8935470072433,33.76058794816819,65.67312980805124,2.7171439953545655,13.406510008068448,55.82028119177937,0,2026-09-10 04:10:01
2026-09-09 17:13:03,CNC-03,H,299.452582740663,314.3330933686421,1903.630128978316,38.49697922271346,184.7397313011689,2.9136715557255037,13.633604317504341,53.7486128528626,0,2026-09-10 04:10:01
2026-09-09 11:21:00,CNC-01,L,296.4801245272407,311.88309829456495,1453.9816703555036,55.03541603928447,218.66488381200372,3.1964694225132693,14.814061628377692,55.98909261221405,1,2026-09-10 04:10:01
2026-09-09 17:22:00,CNC-02,M,298.72822901412155,313.094605008947,1803.685438623037,39.66154197379979,29.12507728987258,2.416595735196339,13.34349947365584,50.071295883298504,0,2026-09-10 04:10:01
2026-09-09 05:15:00,CNC-02,M,296.3975836420511,310.1493704125274,2254.6259548170888,28.409665750721373,86.65236136269775,2.8887973523647794,12.268058166667945,57.71205727202716,0,2026-09-10 04:10:01
2026-09-09 20:46:00,CNC-03,H,299.42762020741,313.29544016057673,2508.713437739074,24.458338352779204,215.52090575466752,3.721185546739681,11.476447472300455,52.0285635882218,0,2026-09-10 04:10:01
2026-09-09 08:31:00,CNC-02,M,296.39906384549755,310.99999893040865,1821.3694389173825,41.640003784045994,110.90889929649975,2.5754658273487387,14.336443180737884,53.97901247983503,0,2026-09-10 04:10:01
2026-09-09 07:06:00,CNC-02,M,301.2394255510843,310.4513954904845,1874.557580993458,41.506529790774884,236.13875904593257,3.4479127019626614,14.689033080490672,50.839308576353886,0,2026-09-10 04:10:01
2026-09-09 17:43:00,CNC-02,M,299.01306210968573,313.46093696333645,1959.059491824592,38.88093658586454,57.64958944629068,2.6624059157962257,14.483897901534355,46.02738247384844,0,2026-09-10 04:10:01
2026-09-09 12:02:00,CNC-02,M,296.5274943559066,310.03826560785063,1366.8088675248148,48.730718148259264,9.55500256250744,2.0842615626231646,12.382103180461606,57.53012499432125,0,2026-09-10 04:10:01
2026-09-09 19:48:22,CNC-02,M,299.1150922368056,311.77370752919404,2340.083873409312,22.056122083005548,2.416815035449477,2.9180320678245395,9.794171354729148,53.16834116068142,0,2026-09-10 04:10:01
2026-09-09 20:36:00,CNC-03,H,299.65180081650124,312.860586015545,2499.5248842420656,20.712905342058963,204.05498737773,3.6817539892809803,9.67124432671438,51.45393256073003,0,2026-09-10 04:10:01
2026-09-09 05:26:00,CNC-01,L,296.7347845903832,310.5021879858732,2234.3589032403893,29.33687038681115,116.45198615520341,2.9598614519567064,12.566095348089547,60.704036130789085,0,2026-09-10 04:10:01
2026-09-10 01:52:00,CNC-03,H,298.2936784436294,309.1007880061916,2734.691553061096,11.221529139453411,26.11160722610586,3.176468854004311,5.7634232105190675,52.10765642041457,1,2026-09-10 04:10:01
2026-09-09 19:51:00,CNC-03,H,299.69491606877676,313.29861333004766,2263.5738179981477,27.595038283910142,151.10272992061311,3.104210430823373,11.680516008857593,51.80685591469225,0,2026-09-10 04:10:01
2026-09-09 11:45:00,CNC-02,M,296.043744575227,311.0246999964123,1420.5718067814885,52.72598689366716,193.7764105337318,2.7134461705180097,14.152065859592664,56.754489597201605,0,2026-09-10 04:10:01
2026-09-10 03:55:42,CNC-01,L,298.36061833400703,312.99765862180715,2442.6830180810657,29.208191629990893,156.32778075702328,3.2870299229221343,13.183740951310094,51.79442425717403,0,2026-09-10 04:10:01
2026-09-09 10:05:00,CNC-02,M,295.89828940128734,310.0613293344816,1379.868022909588,50.78557008053699,35.848512228793005,1.9712771079112752,13.112300303426636,,0,2026-09-10 04:10:01
2026-09-09 19:27:00,CNC-03,H,299.77632100107195,313.4446687125836,2159.7913874202095,28.44906937528437,121.77736352979822,2.9271449479977725,11.44516385293182,52.38219652075742,0,2026-09-10 04:10:01
2026-09-09 06:11:00,CNC-02,M,296.13841391023925,310.75043221484685,2096.591022848378,34.30205637460175,160.17464657158303,3.0546388795237376,13.586621243864702,54.98240499074714,0,2026-09-10 04:10:01
2026-09-09 16:42:00,CNC-03,H,299.2988071397998,314.08748033430777,1753.8156638549196,43.19094985310256,141.32780646699177,48.87964814459883,14.125396329290488,48.43588253666161,0,2026-09-10 04:10:01
2026-09-09 18:49:00,CNC-03,H,299.84938678231146,313.720443745087,2192.6544110047716,32.07005538744288,74.11415705513109,2.717775063871826,13.299142146029403,52.706075470312825,0,2026-09-10 04:10:01
2026-09-09 11:15:00,CNC-03,H,296.5660433059088,311.0911817056928,1316.5299832592161,55.23645867785927,0.0,2.3488016520225896,,54.50394229718919,0,2026-09-10 04:10:01
2026-09-09 08:20:00,CNC-02,M,301.5718812972151,310.5416629149874,1728.4598992416609,45.553506230846914,94.55779251935506,23.849365366943694,14.846430087793316,48.09810207160474,0,2026-09-10 04:10:01
2026-09-09 08:59:00,CNC-02,M,296.2421623576377,311.09565919274417,1502.1447531164945,49.762266159268144,153.15710797685398,2.5073429749396237,13.842149579836386,59.30224436824741,0,2026-09-10 04:10:01
2026-09-10 00:49:00,CNC-03,H,298.9328147139648,312.8556206609145,2637.721809317479,22.88975493673363,227.4263582870708,4.069938634827431,11.11734467178234,56.59467393054657,0,2026-09-10 04:10:01
2026-09-10 01:42:00,CNC-01,L,298.6481922848763,310.6963399080481,2631.4807408525903,18.11822470606036,5.4077386079469525,3.21949349143821,8.932644403917525,56.22137966830156,0,2026-09-10 04:10:01
2026-09-10 02:17:00,CNC-03,H,25.231188781892,37.431640661222616,2511.9225215325296,18.544170737406834,53.50409869899405,3.2123010647072077,8.7154282872657,56.94576906761247,0,2026-09-10 04:10:01
2026-09-09 04:36:00,CNC-03,H,296.864057187098,310.241414849938,2088.839467363582,29.315494547023267,49.28279716566368,2.775571446186566,11.534590526176585,55.32138808838968,0,2026-09-10 04:10:01
2026-09-09 08:07:00,CNC-02,M,301.39287225060065,309.6056035395359,1661.0178682198425,42.351528698106996,75.42956210738721,2.246556333457132,13.253562403418838,48.82873108979227,0,2026-09-10 04:10:01
2026-09-09 23:41:00,CNC-03,H,299.20361265250733,312.01355568116765,2605.5561221161797,19.511216707927108,155.37197876569545,3.419113124948212,9.226178472163843,50.54290601353995,0,2026-09-10 04:10:01
2026-09-09 14:14:00,CNC-01,L,297.97051014845266,311.70766748275423,1526.1121324485564,44.298028011453255,51.586105445399454,2.1383457566958595,12.629338687765145,52.16177203374884,0,2026-09-10 04:10:01
2026-09-09 10:15:00,CNC-02,M,296.17955474807064,310.30061127937086,1575.6543081963857,46.32879456531901,51.411810779097934,2.150131306399885,13.722996936553537,56.329012386651684,0,2026-09-10 04:10:01
2026-09-09 15:25:00,CNC-03,H,25.342633410640587,38.95184977666372,1462.473547109347,45.80753147773699,28.770392185594776,2.0778566978246396,12.58609545127781,56.739513800662856,0,2026-09-10 04:10:01
2026-09-09 08:18:00,CNC-03,H,295.46066012295887,310.22802242007,1632.215985180776,46.59144238581554,127.70389638434848,23.30345262035958,14.462114986042641,61.326001183300555,0,2026-09-10 04:10:01
2026-09-09 07:42:00,CNC-03,H,295.7591472260454,309.8702005912575,1758.5020421972927,39.01165054966232,74.85775111346635,2.409679901953198,12.583237561613132,61.09568257382526,0,2026-09-10 04:10:01
2026-09-09 04:35:00,CNC-03,H,296.85898777727266,309.178560733709,2180.40425807167,23.096618781854133,48.02990914244673,2.7785975776325174,9.477538084388943,55.93790665690512,0,2026-09-10 04:10:01
2026-09-09 14:15:00,CNC-02,M,297.39094503317045,312.4792328371979,1546.9355144817262,49.54403757686559,219.51084877363058,2.9649731145688714,14.364706398074611,56.71099373638616,0,2026-09-10 04:10:01
2026-09-10 00:22:00,CNC-03,H,299.2226142123057,311.7749317940799,2599.2022326537253,17.580935919075085,198.73415208546984,3.562877631559753,8.339698490360338,56.96554565195457,0,2026-09-10 04:10:01
2026-09-09 07:59:00,CNC-01,L,296.2558935226248,310.6786058352874,1634.847685302565,46.72239649111839,100.44559021091833,2.4785212941261245,14.169948986559316,59.168436153520155,0,2026-09-10 04:10:01
2026-09-09 13:57:00,CNC-01,L,297.92859192052066,311.8494742191053,1531.9797100371663,47.18225866079441,25.044579313583217,2.1596569762201256,13.600659384642706,56.612452105069075,0,2026-09-10 04:10:01
2026-09-09 09:21:00,CNC-02,M,296.33821097604954,311.11345069362557,1435.6890708468634,49.25020212084133,186.75755469558854,2.581425587468368,13.286013595411793,59.58971052983931,0,2026-09-10 04:10:01
2026-09-10 00:19:00,CNC-02,M,297.6887655267556,309.30853036681776,2752.9695641111293,11.499008954970343,78.6426656459599,3.3404764319627294,5.991376154419103,51.17850646502398,1,2026-09-10 04:10:01
2026-09-09 18:05:00,CNC-03,H,299.67066915246227,313.17704634204836,2033.2778526666764,32.85849215866675,17.31905360344327,2.66751776416178,12.244857533032956,50.02790207794475,0,2026-09-10 04:10:01
2026-09-09 22:19:00,CNC-02,M,298.4373115676683,312.1929231577227,2696.2940766398106,21.817284078799503,174.29886773774345,3.59543137693522,11.015818051883292,55.33090398642256,0,2026-09-10 04:10:01
2026-09-09 06:52:00,CNC-02,M,301.42173992277344,311.012313625321,1870.7615296576353,42.82753775869538,216.46249594938917,3.3297000414765763,14.981958343730502,51.16287546854021,0,2026-09-10 04:10:01
2026-09-09 10:15:00,CNC-03,H,295.89262004009015,309.83157346535256,1360.6462110296666,50.61688984072207,84.21810507855383,2.0763320122415125,12.914715300718834,59.64786372457064,0,2026-09-10 04:10:01
2026-09-10 03:03:00,CNC-01,L,24.940498914873388,37.85088079269059,,20.072856818458742,95.26909534257328,3.2789317146261703,9.920525292846927,52.00528268099112,0,2026-09-10 04:10:01
2026-09-09 15:13:00,CNC-01,L,25.594640613926742,39.92400403020446,1307.4414089568766,53.84017454748326,141.96995924112676,2.280220155888669,13.166458177219976,52.67787150082097,0,2026-09-10 04:10:01
2026-09-09 15:23:00,CNC-01,L,25.59154920267798,40.62887936140123,1725.0377417063603,46.36058491512229,156.92672100486246,2.768225572214874,14.86097229919782,56.37232473239579,0,2026-09-10 04:10:01
2026-09-09 06:46:00,CNC-01,L,296.38889773493605,311.81625569727987,1750.9113501690874,46.7093678916935,223.1339017353889,3.4197385785234786,15.375058223997389,55.84793184625984,0,2026-09-10 04:10:01
2026-09-09 09:13:00,CNC-03,H,295.76403781808983,310.7975744822684,1605.9088382430805,47.49161862929419,210.88085196318988,2.8885411857864467,14.138946900471536,59.088283866028796,0,2026-09-10 04:10:01
2026-09-09 17:36:00,CNC-01,L,300.1867584844643,314.96492140860465,1999.4852231097389,37.38582384735243,147.51762094313983,2.898885699603497,13.714522445016868,50.38472722978321,0,2026-09-10 04:10:01
2026-09-09 08:26:00,CNC-02,M,302.02447200137436,310.71851332376065,1647.2946682637753,46.611371985766816,103.43991389514925,,13.966570778907476,43.417175421848796,0,2026-09-10 04:10:01
2026-09-09 05:57:00,CNC-01,L,296.4403310826178,311.2238912976476,2156.419397282358,35.4377290649673,156.82238480350307,2.962491204076692,14.473457901830049,61.869539020524755,0,2026-09-10 04:10:01
2026-09-09 04:47:00,CNC-03,H,296.7340364243996,309.72280746752267,2259.191034468985,24.81693002507096,62.977413423795326,2.83681778371496,10.24737732192196,56.820921738793324,0,2026-09-10 04:10:01
2026-09-09 17:52:00,CNC-03,H,299.7458132170707,312.8422078133055,1953.7029829195449,31.7926823785581,0.0,2.5509729754273387,11.45973094717448,50.933833056505634,0,2026-09-10 04:10:01
2026-09-09 09:30:00,CNC-01,L,296.3469613078737,310.4814855643946,1575.9309965670068,46.865815935164925,44.27469511013294,2.1685049632314155,13.95640310923994,57.06850305322254,0,2026-09-10 04:10:01
2026-09-09 05:24:00,CNC-03,H,296.24633058513064,309.9676897582071,2108.0283275570837,29.846045660055836,109.73063260250751,2.70292011815962,11.552502345615238,58.663943361385115,0,2026-09-10 04:10:01
2026-09-09 17:28:00,CNC-01,L,299.7734940121952,314.07728114182856,2042.1486803698272,34.2335719283607,136.52509833475884,2.9275096112823102,13.240452928947567,52.13685574924846,0,2026-09-10 04:10:01
2026-09-09 20:54:00,CNC-03,H,299.85304170224043,314.15679160691764,2632.3181378661243,23.861848318895234,224.63074134052772,3.8962635173911577,12.057713095536993,56.46764255935506,0,2026-09-10 04:10:01
2026-09-09 19:13:00,CNC-03,H,299.8816197354816,314.36524306081117,2197.050595147779,34.68299799476843,104.43046569160211,2.727284970347749,14.41253123437215,48.3141707780352,0,2026-09-10 04:10:01
2026-09-09 18:49:00,CNC-01,L,300.6809982834891,313.6651818280623,2181.919999322912,28.226048470782697,11.562608016834647,2.8118326868536796,11.285148396623635,49.88032397970027,0,2026-09-10 04:10:01
2026-09-09 08:19:00,CNC-02,M,301.8100849225845,309.623159183754,1489.9720526291276,44.49753379936197,93.11741991187807,2.1540842616948614,12.360465446954276,42.321552391982536,0,2026-09-10 04:10:01
2026-09-09 21:45:00,CNC-02,M,298.60839658421946,312.15430063271157,2576.5374054125837,23.04108623195924,137.1084660191979,3.2968960455599006,11.136169171858214,51.60439433889847,0,2026-09-10 04:10:01
2026-09-09 11:34:00,CNC-01,L,296.4828596065007,309.74888099382423,1346.4372258481517,48.059208018258985,11.014752533855214,2.025361119002528,12.30445772844149,57.495623169888454,0,2026-09-10 04:10:01
2026-09-09 14:04:00,CNC-03,H,303.7771067058479,312.6046970482328,1433.2903477266675,52.64368816838687,176.78310745883917,2.414969935236979,14.089068286528615,48.637751841602146,0,2026-09-10 04:10:01
2026-09-09 05:32:00,CNC-02,M,296.22430854616107,310.4523770980555,2135.463993501981,33.229020233679435,108.53732641280754,2.83917010056146,13.322495199360317,59.018185855698995,0,2026-09-10 04:10:01
2026-09-09 08:57:00,CNC-02,M,296.328988834493,310.398348730817,1510.3896738403664,43.83947097249541,150.16039756309215,2.4713791280277517,12.60406199370072,58.67235481674026,0,2026-09-10 04:10:01
2026-09-09 09:56:00,CNC-03,H,295.98160261982997,310.0430948374714,1490.27831342981,45.86780844455682,54.3621483001196,2.2220469988696516,13.153106248350387,62.83920241724263,0,2026-09-10 04:10:01
2026-09-09 12:52:00,CNC-01,L,297.41669316077395,311.5149032336008,1370.8583746217555,51.11672498230584,134.90815218529417,2.228887537865776,13.078510975481484,57.92519717828287,0,2026-09-10 04:10:01
2026-09-09 04:22:00,CNC-02,M,296.82372727778875,309.8499855179381,2319.2165800668085,25.00591585293942,20.20469591846479,2.792994791979039,11.224135087320935,56.03410188311945,0,2026-09-10 04:10:01
2026-09-10 01:02:00,CNC-02,M,297.6314341071384,309.8567668319604,2633.180897006062,15.433528380471321,124.41546180442286,3.338813679563832,7.700566851138907,51.413172394698705,0,2026-09-10 04:10:01
2026-09-09 12:11:00,CNC-02,M,296.3389353719522,309.959103556729,1354.5626220211,47.514309870335,23.905600639214374,2.0470038330599087,11.900046104506838,57.06644052391019,0,2026-09-10 04:10:01
2026-09-10 02:43:00,CNC-03,H,,36.35294858983593,2581.5751734789274,16.072767866058634,82.64305015424793,3.218053952163931,7.420767967991229,54.556132529790965,0,2026-09-10 04:10:01
2026-09-09 13:11:00,CNC-02,M,296.95834542646537,311.6621806705743,1374.7879908785364,53.87722919430263,119.05805693497959,2.258022331015705,13.663716284987744,59.166560178904895,0,2026-09-10 04:10:01
2026-09-10 02:27:00,CNC-01,L,25.03301114637179,38.0682863331873,2402.553840642593,23.391566701198503,54.79652997194056,2.9494446990358005,10.35508989619887,53.26048108937569,0,2026-09-10 04:10:01
2026-09-09 12:12:00,CNC-03,H,297.0798676084705,310.3591716464273,1326.9825449633065,48.820102121175054,0.0,2.0467983539583443,12.202454092960812,57.40165160147454,0,2026-09-10 04:10:01
2026-09-09 13:07:00,CNC-01,L,297.4066407604883,312.08722659135077,1317.9140810782922,55.532550940838696,158.65967076044078,2.4369372270323533,13.807457966393772,56.23909646168015,0,2026-09-10 04:10:01
2026-09-10 03:25:00,CNC-01,L,298.09283632946335,311.59841695154074,2404.80910013406,25.948525563440054,120.93405329302269,3.1798687048784773,11.286833663716275,53.951575571304716,0,2026-09-10 04:10:01
2026-09-09 07:29:00,CNC-01,L,296.565184308513,310.76101963808526,1605.2309555784966,44.140362147734436,56.90504604662147,2.287333666378613,13.152337658024832,52.210708268247274,0,2026-09-10 04:10:01
2026-09-09 21:08:00,CNC-02,M,299.00094304927217,312.652578733965,2487.9139086533464,24.138538746916446,95.70773165896348,3.1238091418031844,11.326305689708963,54.7097502925826,0,2026-09-10 04:10:01
2026-09-09 15:20:00,CNC-02,M,24.767727032158746,39.155574975604736,1464.0231463236098,50.30736668225193,72.86635169354435,2.238339561026974,13.904549790927762,54.11272853904082,0,2026-09-10 04:10:01
2026-09-09 11:31:00,CNC-03,H,296.5972209378366,311.7910435614833,1428.76394535992,54.17760080139115,204.2596862845956,2.683859944926814,14.488998411994988,54.643498680465015,0,2026-09-10 04:10:01
2026-09-09 17:26:43,CNC-02,M,298.73376352198784,312.17285883503865,1975.4649998396694,32.75172772344815,35.93723464531928,2.550324323634609,12.012935951282232,55.10851768093987,0,2026-09-10 04:10:01
2026-09-09 08:28:00,CNC-01,L,296.3216339580284,311.30139303074833,1660.6435165332546,45.76525715776261,143.21137350704163,2.6810032553152525,14.439390800088924,60.718083025243835,0,2026-09-10 04:10:01
2026-09-09 22:17:05,CNC-01,L,299.9725283616179,311.66051002737436,2508.633505767506,16.264219952648645,24.92596226315141,30.63063347263875,7.6782003600540865,51.89836877077271,0,2026-09-10 04:10:01
2026-09-09 19:46:19,CNC-01,L,300.5126953168874,313.6880867218847,2341.468223287587,24.957214233752648,82.00102456652068,2.909915788493969,10.909757883613212,50.99160017061761,0,2026-09-10 04:10:01
2026-09-09 19:48:00,CNC-01,L,,313.88889041180136,2425.2842806169683,24.678859169176846,84.41179979306031,3.0947475549034937,11.272655200382774,55.659095639589836,0,2026-09-10 04:10:01
2026-09-09 19:38:00,CNC-02,M,299.2335069770378,313.73348336445025,2207.410431265003,30.23718151166275,204.9670375279365,3.4784148176161493,0.0,47.33399516686538,0,2026-09-10 04:10:01
2026-09-09 10:12:00,CNC-03,H,295.75821681013815,309.68163775569866,1551.0204381731182,45.21735814326839,79.49225516623392,2.1381886619409376,13.374940264201388,61.93805121641718,0,2026-09-10 04:10:01
2026-09-10 01:29:00,CNC-01,L,298.60713731426415,311.94187624517133,2687.2423413168826,18.755714935551755,229.7832941629868,4.387069290944522,9.380121161840716,55.93187703785987,0,2026-09-10 04:10:01
2026-09-09 04:30:00,CNC-02,M,296.81284523462347,310.30345095022005,2180.243369030701,29.076575571700445,29.98533437180324,2.693367896194115,12.094037174014739,54.65154482088637,0,2026-09-10 04:10:01
2026-09-09 06:39:00,CNC-01,L,5166.381329238775,311.6420449073694,1898.5801457438542,39.217311145951925,213.38345079049614,3.4443068147498614,13.780591142854957,54.63206035886859,0,2026-09-10 04:10:01
2026-09-09 11:27:00,CNC-02,M,296.2390636432702,311.0161516801222,1359.2695236869995,53.93117127694567,165.20526326580418,2.393846246786719,13.699464570036819,58.100845816903195,0,2026-09-10 04:10:01
2026-09-10 04:03:00,CNC-03,H,297.16640849419286,310.7319663450146,2441.3803396447133,24.531896372473128,175.4539638387306,3.326909421236057,11.009781504580909,58.43227623663913,0,2026-09-10 04:10:01
2026-09-09 20:37:00,CNC-03,H,299.7288103258221,313.30080027378926,2500.9366856117326,23.51209617478503,205.21009333285713,3.660865957611992,11.09290499512438,53.54186011236795,0,2026-09-10 04:10:01
2026-09-10 00:23:00,CNC-03,H,299.2959651539654,312.6772758901283,2638.0968229555465,20.631005015419326,199.8386987967339,36.27650618225961,10.043379457373131,56.3488722480027,0,2026-09-10 04:10:01
2026-09-09 05:54:00,CNC-02,M,296.2356673186829,311.2954004784383,2096.059455950126,37.70557200722604,137.42671706093836,2.8356146533889786,14.798096922599804,55.82503001159252,0,2026-09-10 04:10:01
2026-09-09 15:05:00,CNC-02,M,24.619768976345938,38.63765326182414,1516.7919031822034,47.039888719007074,50.39277485549782,2.2243269359198736,13.37265783857034,53.819214456197116,0,2026-09-10 04:10:01
2026-09-10 02:27:00,CNC-03,H,24.873644859740466,37.22625300683984,2700.0293014181752,17.350057207882543,64.71612411762266,3.2149400516657987,8.833212365181607,53.54758088953637,0,2026-09-10 04:10:01
2026-09-09 05:36:00,CNC-01,L,296.32503057758277,310.5320241723166,2053.1508732023653,32.292735130008545,129.36404672227613,2.834587390844205,12.402229893785508,56.33113021441925,0,2026-09-10 04:10:01
2026-09-10 00:03:00,CNC-01,L,299.2463833068529,311.2831215268399,2705.897652256363,14.750010345815538,137.4421439053031,3.5420004307658988,7.56678053719036,52.25655250728145,0,2026-09-10 04:10:01
2026-09-09 11:26:00,CNC-03,H,296.4523796968558,311.24213525062316,1335.565799975748,55.80410699554171,196.3005751839116,2.543340670671811,14.238722014260556,57.32430981210154,0,2026-09-10 04:10:01
2026-09-10 02:19:00,CNC-01,L,,37.096664043122985,2705.3616340379294,15.643910044103231,45.84291673272756,3.15916485108051,7.734161855608401,52.84303860119086,0,2026-09-10 04:10:01
2026-09-09 16:13:00,CNC-03,H,298.7664657653004,312.90579487875067,1719.0640846227425,42.30268422382308,99.58588224049788,2.378829352578546,13.799037154268861,60.18225762785016,0,2026-09-10 04:10:01
